incident_name,incident_date_last_update,incident_date_created,incident_administrative_unit,incident_county,incident_location,incident_acres_burned,incident_longitude,incident_latitude,incident_id,incident_url,incident_date_extinguished,incident_dateonly_extinguished,incident_dateonly_created
 Bridge Fire,2018-01-09T13:46:00Z,2017-10-31T11:22:00Z, Shasta-Trinity National Forest ,Shasta,"I-5 and Turntable Bay, 7 miles NE of Shasta Lake ",37,-122.309,40.774,2ca11d45-8139-4c16-8af0-880d99b21e82,https://www.fire.ca.gov/incidents/2017/10/31/bridge-fire/,2018-01-09T13:46:00Z,1/9/2018,10/31/2017
Pala Fire,2020-09-16T14:07:35Z,2009-05-24T14:56:00Z,CAL FIRE San Diego Unit,San Diego,"Hwy 76 and Pala Temecula, northwest of Pala",122,1,1,8f61f461-552d-4538-b186-35ab030da416,https://www.fire.ca.gov/incidents/2009/5/24/pala-fire/,2009-05-25T00:00:00Z,5/25/2009,5/24/2009
River Fire,2022-10-24T11:39:23Z,2013-02-24T08:16:00Z,CAL FIRE San Bernardino Unit,Inyo,"south of Narrow Gauge Rd & north of Hwy 136, east of Lone Pine",407,-118.01651,36.602575,094719ba-a47b-4abb-9ec5-a506b2b9fd23,https://www.fire.ca.gov/incidents/2013/2/24/river-fire/,2013-02-28T20:00:00Z,2/28/2013,2/24/2013
Fawnskin Fire,2013-04-22T09:00:00Z,2013-04-20T17:30:00Z,San Bernardino National Forest,San Bernardino,"west of Delamar Mountain, north of the community of Fawnskin, northside of Big Bear Lake",30,-116.941311,34.288877,58f89ff8-bd3e-4355-b1c0-8fa05c747d3f,https://www.fire.ca.gov/incidents/2013/4/20/fawnskin-fire/,2013-04-22T09:00:00Z,4/22/2013,4/20/2013
Gold Fire,2013-05-01T07:00:00Z,2013-04-30T12:59:00Z,CAL FIRE Madera-Mariposa-Merced Unit,Madera,Between Road 210 and Road 200 near Fine Gold Creek in the community of O,274,-119.635004,37.116295,357ffc13-bef9-48eb-810f-c5de851972eb,https://www.fire.ca.gov/incidents/2013/4/30/gold-fire/,2013-05-01T07:00:00Z,5/1/2013,4/30/2013
Panther Fire,2022-10-24T11:40:03Z,2013-05-01T09:12:00Z,CAL FIRE Butte Unit,Tehama,"140K3 Line, 8 miles northwest of Butte Meadows",6896,-121.595555,40.190062,53122f0f-fefc-4dbf-b2d8-566b42ced66d,https://www.fire.ca.gov/incidents/2013/5/1/panther-fire/,2013-05-09T09:00:00Z,5/9/2013,5/1/2013
Silverado Fire,2013-05-01T17:15:00Z,2013-04-30T23:44:00Z,CAL FIRE Sonoma-Lake-Napa Unit,Napa,"7300 block of Silverado Trail, north of Napa",75,-122.350844,38.441792,d8d1c943-7b5d-4885-9043-f41075d6eded,https://www.fire.ca.gov/incidents/2013/4/30/silverado-fire/,2013-05-01T17:15:00Z,5/1/2013,4/30/2013
Yellow Fire,2013-05-03T06:15:00Z,2013-05-01T02:01:00Z,CAL FIRE Sonoma-Lake-Napa Unit,Sonoma,"Hwy 128 & Yellow Jacket Ranch Rd in Knights Valley, northwest of Calistoga",125,-122.655616,38.638828,64e4f81e-d872-44c4-ba8d-111fa77124ba,https://www.fire.ca.gov/incidents/2013/5/1/yellow-fire/,2013-05-03T06:15:00Z,5/3/2013,5/1/2013
Summit Fire,2022-10-24T11:40:42Z,2013-05-01T12:38:00Z,CAL FIRE/Riverside County Fire ,Riverside,Mias Canyon and Bluff Road in Banning,2956,-116.941311,34.288877,a1b14be5-a8cf-4e40-8588-96becf4c5879,https://www.fire.ca.gov/incidents/2013/5/1/summit-fire/,2013-05-04T18:30:00Z,5/4/2013,5/1/2013
Tres Pinos Fire,2013-05-03T18:45:00Z,2013-05-03T11:42:00Z,CAL FIRE San Benito-Monterey ,San Benito,"Highway 25 and Horizon Rd, Community of Tres ",354,-120.937494,37.160346,ca68f3c4-4906-4952-b794-4531d7da8369,https://www.fire.ca.gov/incidents/2013/5/3/tres-pinos-fire/,2013-05-03T18:45:00Z,5/3/2013,5/3/2013
306 Fire,2013-05-05T18:00:00Z,2013-05-01T19:00:00Z,CAL FIRE Tehama-Glenn Unit,Glenn,2 miles south of the community of Elk Creek,217,-122.560862,39.514139,5649e78d-7c26-4698-89a0-b0fa9a35cf78,https://www.fire.ca.gov/incidents/2013/5/1/306-fire/,2013-05-05T18:00:00Z,5/5/2013,5/1/2013
Lytle Fire,2013-05-15T08:15:00Z,2013-05-13T13:30:00Z,"USFS San Bernardino National Forest, CAL FIRE San Bernardino Unit",San Bernardino,"I-15 at Sierra Ave, near Lytle Creek",75,-117.4408,34.1834,e2c4b308-9a2d-483b-8434-999bef9adc7c,https://www.fire.ca.gov/incidents/2013/5/13/lytle-fire/,2013-05-15T08:15:00Z,5/15/2013,5/13/2013
Gorgonio Fire,2022-10-24T11:40:58Z,2013-05-04T11:43:00Z,CAL FIRE/Riverside County Fire,Riverside,"Highway 243, south of Banning and north of Pine Cove",650,-116.855019,33.894055,958ce6d2-97f9-4848-8620-d14ab87f329d,https://www.fire.ca.gov/incidents/2013/5/4/gorgonio-fire/,2013-05-05T18:45:00Z,5/5/2013,5/4/2013
Grand Fire,2013-05-21T19:45:00Z,2013-05-15T12:50:00Z,CAL FIRE / USFS Los Padres National Forest,"Kern, Ventura","South of Frazier Mountain Park Rd, South of Frazier Park",4346,-118.9411,34.7861,e0d038e9-0926-4c05-8317-ec7075a04b12,https://www.fire.ca.gov/incidents/2013/5/15/grand-fire/,2013-05-21T19:45:00Z,5/21/2013,5/15/2013
54 Fire,2013-05-17T08:30:00Z,2013-05-16T13:48:00Z,CAL FIRE Riverside Unit,Riverside,"Avenue 54 and Tyler Street, near the community of Coachella",40,-116.161201,33.655638,e215290f-d0b4-48fd-be32-f599959347b1,https://www.fire.ca.gov/incidents/2013/5/16/54-fire/,2013-05-17T08:30:00Z,5/17/2013,5/16/2013
Lake Fire,2013-05-18T19:00:00Z,2013-05-17T13:23:00Z,CAL FIRE/Los Angeles County ,Los Angeles,I-5 Southbound at Lake Hughes Road,712,-118.610044,34.49149,39af7eac-c188-411f-8c8a-d165c5fca4a9,https://www.fire.ca.gov/incidents/2013/5/17/lake-fire/,2013-05-18T19:00:00Z,5/18/2013,5/17/2013
Lilly 2 Fire,2013-05-20T19:10:00Z,2013-05-19T15:07:00Z,CAL FIRE Madera-Mariposa-Merced Unit,Madera,Off Road 400 & Sandy Beach Dr. in Yosemite Lakes,91,-119.7917,37.1927,2b765a08-c770-4b19-baa8-00dffe3fa838,https://www.fire.ca.gov/incidents/2013/5/19/lilly-2-fire/,2013-05-20T19:10:00Z,5/20/2013,5/19/2013
Cottontail Fire,2013-05-20T19:10:00Z,2013-05-20T15:45:00Z,CAL FIRE San Luis Obispo Unit,San Luis Obispo,Cayucos Creek Rd & Thunder Canyon Rd north of Cayucos,35,-120.91375,35.49864,f17c523c-bf01-4245-899b-7c2331096dae,https://www.fire.ca.gov/incidents/2013/5/20/cottontail-fire/,2013-05-20T19:10:00Z,5/20/2013,5/20/2013
Cherry Fire,2013-05-20T18:50:00Z,2013-05-20T13:47:00Z,CAL FIRE Riverside Unit,Riverside,Off Sunset Ave & Mesa St in Banning,25,-116.907213,33.96201,a60e315c-23d5-4ba4-869c-5c1e22a25e7a,https://www.fire.ca.gov/incidents/2013/5/20/cherry-fire/,2013-05-20T18:50:00Z,5/20/2013,5/20/2013
Water Fire,2013-05-21T19:30:00Z,2013-05-21T14:16:00Z,CAL FIRE/Riverside County Fire ,Riverside,Off Whitewater Canyon Road in Whitewater,90,-116.6534,33.9582,13850faa-5bab-4fd7-bac3-433ce9250c4d,https://www.fire.ca.gov/incidents/2013/5/21/water-fire/,2013-05-21T19:30:00Z,5/21/2013,5/21/2013
Shelton Fire,2013-05-30T13:25:00Z,2013-05-30T11:20:00Z,CAL FIRE Tuolumne-Calaveras Unit ,San Joaquin,off North Shelton Rd in the Linden Peters area,303,-120.90325,38.04993,0b51d59b-457d-4a62-b066-55c2b8d400e2,https://www.fire.ca.gov/incidents/2013/5/30/shelton-fire/,2013-05-30T13:25:00Z,5/30/2013,5/30/2013
Border Fire,2013-05-23T08:30:00Z,2013-05-22T16:14:00Z,CAL FIRE San Diego Unit,San Diego,Off Alta Rd in the Otay Mesa area,100,-116.900368,32.564465,e077e091-f890-477c-b948-eb23774b432e,https://www.fire.ca.gov/incidents/2013/5/22/border-fire/,2013-05-23T08:30:00Z,5/23/2013,5/22/2013
San Felipe Fire,2022-10-24T11:41:15Z,2013-05-23T12:20:00Z,CAL FIRE San Diego Unit,San Diego,"San Felipe Road, north of Highway 78, East of Julian",2650,-116.52579,33.12111,859479e3-918c-42c6-bb74-5fdc17930a16,https://www.fire.ca.gov/incidents/2013/5/23/san-felipe-fire/,2013-05-26T17:45:00Z,5/26/2013,5/23/2013
Homestead Fire,2013-05-25T18:45:00Z,2013-05-25T17:35:00Z,CAL FIRE San Luis Obispo Unit,San Luis Obispo,"Homestead Rd & Hwy 41, northeast of Atascadero ",50,-120.6368,35.5123,5b5ce06d-7ea9-4d28-b564-715fd0d04f3f,https://www.fire.ca.gov/incidents/2013/5/25/homestead-fire/,2013-05-25T18:45:00Z,5/25/2013,5/25/2013
Smiley Fire,2013-05-25T23:00:00Z,2013-05-25T14:59:00Z,CAL FIRE/Riverside County Fire,Riverside,"Off Smiley Blvd & Vista Suelto Rd, north of Moreno Valley",124,-117.187934,33.963591,9795afee-7e60-4ab3-b5c3-7df67f91c5f9,https://www.fire.ca.gov/incidents/2013/5/25/smiley-fire/,2013-05-25T23:00:00Z,5/25/2013,5/25/2013
General Fire,2022-10-24T11:41:51Z,2013-05-26T12:04:00Z,CAL FIRE San Diego Unit,San Diego,"Banner Grade area, south of Hwy 78 & east of Hwy 79, southeast of Julian",2500,-116.5209,33.04458,07a5397c-a665-4f84-9a82-5f689cb2c8f3,https://www.fire.ca.gov/incidents/2013/5/26/general-fire/,2013-05-31T06:15:00Z,5/31/2013,5/26/2013
White Fire,2013-05-30T19:30:00Z,2013-05-27T14:45:00Z,USFS Los Padres National Forest,Santa Barbara,"Southeast of Lake Cachuma, approx. 12 miles southeast of Santa Ynez",1984,-119.82429,34.55048,abc61995-8bea-4be1-aa49-ee378ab3baaa,https://www.fire.ca.gov/incidents/2013/5/27/white-fire/,2013-05-30T19:30:00Z,5/30/2013,5/27/2013
Magic Fire,2013-05-29T15:30:00Z,2013-05-28T11:30:00Z,Los Angeles County Fire Department,Los Angeles,off Magic Mtn Parkway in Valencia,149,-118.58688,34.419284,794412f2-1ba2-4217-ac38-49272a96fb6f,https://www.fire.ca.gov/incidents/2013/5/28/magic-fire/,2013-05-29T15:30:00Z,5/29/2013,5/28/2013
Olive Fire,2013-05-29T10:30:00Z,2013-05-28T15:24:00Z,Santa Barbara County Fire,Santa Barbara,"Hwy 246 and Meadowvale, East of Solvang ",170,-120.074655,34.611824,cb5f34a0-177e-445d-9349-dd94063a01d0,https://www.fire.ca.gov/incidents/2013/5/28/olive-fire/,2013-05-29T10:30:00Z,5/29/2013,5/28/2013
Branch Fire,2013-06-03T18:30:00Z,2013-06-01T17:27:00Z,Los Padres National Forest,San Luis Obispo,"west of the Carrizo Plain, Los Padres National Forest",500,-120.05131,35.15832,213dc89e-9f29-4480-91a6-aec5fb694999,https://www.fire.ca.gov/incidents/2013/6/1/branch-fire/,2013-06-03T18:30:00Z,6/3/2013,6/1/2013
Murphy Fire,2013-06-02T16:55:00Z,2013-06-02T13:30:00Z,CAL FIRE Tuolumne-Calaveras Unit,Tuolumne,off Lime Kiln Rd,100,-120.33313,37.91529,98bfbb7c-8446-4e2e-a268-7e961353723c,https://www.fire.ca.gov/incidents/2013/6/2/murphy-fire/,2013-06-02T16:55:00Z,6/2/2013,6/2/2013
Lone Fire,2013-06-03T20:00:00Z,2013-06-03T13:49:00Z,CAL FIRE Butte Unit,Butte,Palermo Road and Lone Tree Road near Palermo,298,-121.576804,39.434183,1a5192f1-bc99-4130-8683-381e0534b76a,https://www.fire.ca.gov/incidents/2013/6/3/lone-fire/,2013-06-03T20:00:00Z,6/3/2013,6/3/2013
Hathaway Fire,2013-06-09T16:45:00Z,2013-06-09T12:30:00Z,USFS San Bernardino National Forest,Riverside,"Hathaway Canyon area, northeast of Banning",0,-116.84137,33.99647,befb9d5c-c0ea-48b8-8589-2586be0275af,https://www.fire.ca.gov/incidents/2013/6/9/hathaway-fire/,2013-06-09T16:45:00Z,6/9/2013,6/9/2013
Sonoma-Lake-Napa Unit Lightning Fires,2013-06-14T15:45:00Z,2013-06-10T00:46:00Z,CAL FIRE Sonoma-Lake-Napa Unit,"Sonoma, Solano, Lake, Colusa","throughout Sonoma, Solano, Lake & Colusa Counties",28,-122.0437,38.4229,5ce45b6c-81b5-422c-9078-8c68dd872c8a,https://www.fire.ca.gov/incidents/2013/6/10/sonoma-lake-napa-unit-lightning-fires/,2013-06-14T15:45:00Z,6/14/2013,6/10/2013
152 Fire,2013-06-05T08:30:00Z,2013-06-04T15:42:00Z,CAL FIRE Madera-Mariposa-Merced Unit,Merced,Hwy 152 in San Luis Creek Reservoir,124,-121.006939,37.03776,f9e85371-fc46-4f54-822c-7dcdaadde551,https://www.fire.ca.gov/incidents/2013/6/4/152-fire/,2013-06-05T08:30:00Z,6/5/2013,6/4/2013
Lake Fire,2013-06-06T07:00:00Z,2013-06-05T16:05:00Z,CAL FIRE Sonoma-Lake-Napa Unit,Lake,Lakeshore Drive and Patterson Drive in Clearlake Oaks,30,-122.703193,38.99233,dcb21e64-9d38-47c2-848b-e8e0dea5c2de,https://www.fire.ca.gov/incidents/2013/6/5/lake-fire/,2013-06-06T07:00:00Z,6/6/2013,6/5/2013
Powerhouse Fire,2013-06-08T18:30:00Z,2013-05-30T15:28:00Z,USFS Angeles National Forest/Los Angeles County/CAL FIRE,Los Angeles,Angeles National Forest,30274,-118.423176,34.585595,bf37805e-1cc2-4208-9972-753e47874c87,https://www.fire.ca.gov/incidents/2013/5/30/powerhouse-fire/,2013-06-08T18:30:00Z,6/8/2013,5/30/2013
Vasco Fire,2013-06-08T13:25:00Z,2013-06-08T10:16:00Z,CAL FIRE Santa Clara Unit,Alameda,"off Vasco Road & North Vasco Road, north of Livermore",240,-121.737213,37.775057,2ad509e4-99f1-4e1a-81eb-839f772f9c45,https://www.fire.ca.gov/incidents/2013/6/8/vasco-fire/,2013-06-08T13:25:00Z,6/8/2013,6/8/2013
Viper Fire,2013-06-08T19:00:00Z,2013-06-08T15:37:00Z,CAL FIRE/Riverside County Fire,Riverside,"off San Timoteo Canyon Rd and Viper Rd, north of Moreno Valley",42,-117.1265,33.96936,e9505435-e861-4f33-9069-b0040fb2a135,https://www.fire.ca.gov/incidents/2013/6/8/viper-fire/,2013-06-08T19:00:00Z,6/8/2013,6/8/2013
Roadrunner Fire,2013-06-13T09:45:00Z,2013-06-12T16:43:00Z,CAL FIRE Amador-El Dorado Unit,Amador,"Roadrunner Drive, south of Ione",96,-120.966016,38.27783,bf59bc5b-1398-4ae5-adef-6f61b9ee1b90,https://www.fire.ca.gov/incidents/2013/6/12/roadrunner-fire/,2013-06-13T09:45:00Z,6/13/2013,6/12/2013
Revis Fire,2013-06-14T16:30:00Z,2013-06-12T16:40:00Z,CAL FIRE Madera-Mariposa-Merced Unit,Madera,Off Revis Road & Yosemite Springs Parkway in Yosemite Lake Parks area in Coarsegold,75,-119.75636,37.169379,7055a440-5d4c-4f58-bac9-2954ff6698a5,https://www.fire.ca.gov/incidents/2013/6/12/revis-fire/,2013-06-14T16:30:00Z,6/14/2013,6/12/2013
Clinton Fire,2013-06-13T21:30:00Z,2013-06-13T11:54:00Z,CAL FIRE/Fresno County Fire,Fresno,"Clinton and Highland, East of Fresno",108,-119.628389,36.772425,a2cfda2a-21c1-4e45-90b5-37d931b4a926,https://www.fire.ca.gov/incidents/2013/6/13/clinton-fire/,2013-06-13T21:30:00Z,6/13/2013,6/13/2013
Carstens Fire,2013-06-26T11:15:00Z,2013-06-16T14:12:00Z,CAL FIRE Madera-Mariposa-Merced Unit / Sierra National Forest ,Mariposa,"Off Carstens Road, east of 140 in the Midpines area.",1708,-119.91071,37.58202,bb2eb175-43a3-4a5c-bff6-e3669e52c1d1,https://www.fire.ca.gov/incidents/2013/6/16/carstens-fire/,2013-06-26T11:15:00Z,6/26/2013,6/16/2013
PFE Fire,2013-06-13T14:15:00Z,2013-06-13T11:28:00Z,CAL FIRE/Placer County Fire,Placer,"PFE Road and Watt Avenue, West Roseville",237,-121.380862,38.729297,fe47b1c2-b9c0-44be-8d10-f270056db35c,https://www.fire.ca.gov/incidents/2013/6/13/pfe-fire/,2013-06-13T14:15:00Z,6/13/2013,6/13/2013
Michelle Fire,2013-06-13T21:30:00Z,2013-06-13T15:54:00Z,CAL FIRE/Fresno County Fire,Fresno,"off McKinley Ave & Academy Ave, north of Sanger ",35,-119.558244,36.763367,953f17a1-2034-467b-b48c-28da1a9af60e,https://www.fire.ca.gov/incidents/2013/6/13/michelle-fire/,2013-06-13T21:30:00Z,6/13/2013,6/13/2013
Palmyrita Fire,2013-06-15T08:00:00Z,2013-06-14T13:47:00Z,CAL FIRE/Riverside County Fire,Riverside,"Highgrove Pass Rd and Pigeon Pass Rd, Community of Highgrove",40,-117.302057,34.001745,2d1f0c40-92e7-4540-991b-d353ed68ec6c,https://www.fire.ca.gov/incidents/2013/6/14/palmyrita-fire/,2013-06-15T08:00:00Z,6/15/2013,6/14/2013
Rolling Fire,2022-10-24T11:42:08Z,2013-06-16T18:17:00Z,CAL FIRE Madera-Mariposa-Merced Unit,Madera,"off Hwy 41 & Road 145, northwest of Friant ",480,-119.78106,37.015575,05d0fed7-8502-4a6f-9c5c-b9cee0e75408,https://www.fire.ca.gov/incidents/2013/6/16/rolling-fire/,2013-06-18T19:30:00Z,6/18/2013,6/16/2013
California Fire,2013-06-18T22:30:00Z,2013-06-18T15:18:00Z,CAL FIRE Sanoma-Lake-Napa Unit,Solano,"Off Lake Herman Rd, west of Hwy 680 in Benicia",124,-122.13802,38.08744,2b403f03-fe84-450a-90b7-befb8acc7e70,https://www.fire.ca.gov/incidents/2013/6/18/california-fire/,2013-06-18T22:30:00Z,6/18/2013,6/18/2013
Sierra Fire,2013-06-19T08:45:00Z,2013-06-17T14:41:00Z,CAL FIRE/Fresno County Fire,Fresno,"Black Mountain Road at Lodge Road near Sierra High School, southeast of Auberry",46,-119.463757,37.03087,15e7e15d-f707-473e-b0f3-6534cfd845b7,https://www.fire.ca.gov/incidents/2013/6/17/sierra-fire/,2013-06-19T08:45:00Z,6/19/2013,6/17/2013
George Fire,2013-06-25T17:15:00Z,2013-06-25T13:36:00Z,CAL FIRE/Fresno County Fire,Fresno,off Bronco Lane in Squaw Valley,150,-119.2248,36.7218,23ec2f69-da30-4983-80c2-1f04bfea6f9a,https://www.fire.ca.gov/incidents/2013/6/25/george-fire/,2013-06-25T17:15:00Z,6/25/2013,6/25/2013
Mount Fire,2013-06-20T13:15:00Z,2013-06-20T14:29:00Z,CAL FIRE Sanoma-Lake-Napa Unit,Lake,"Off Konocti Rd & Oak Hills Ln, east of Kelseyville",25,-122.81796,38.98058,d489b45e-dcba-4eaa-8bb5-6a23255562da,https://www.fire.ca.gov/incidents/2013/6/20/mount-fire/,2013-06-20T13:15:00Z,6/20/2013,6/20/2013
Mills Fire,2022-10-24T11:35:12Z,2013-06-28T14:30:00Z,CAL FIRE San Bernardino Unit/ City of Redlands/San Bernardino Sheriff,San Bernardino,"south of Highway 38 & Bryant Street, northwest of Yucaipa ",534,-117.048397,34.071556,6011819c-19ac-46c2-aa48-0ee8be0e48c0,https://www.fire.ca.gov/incidents/2013/6/28/mills-fire/,2013-07-01T06:00:00Z,7/1/2013,6/28/2013
Concord Fire,2013-07-01T18:30:00Z,2013-07-01T15:41:00Z,CAL FIRE Santa Clara Unit,Contra Costa,off Concord Ave & Vineyard Parkway in Brentwood,274,-121.74367,39.90465,95399a9c-8b3e-4413-9f56-5ed57d3d81b3,https://www.fire.ca.gov/incidents/2013/7/1/concord-fire/,2013-07-01T18:30:00Z,7/1/2013,7/1/2013
Freeman Fire,2013-06-29T18:30:00Z,2013-06-29T14:09:00Z,CAL FIRE San Benito-Monterey Unit ,Monterey,"off Hwy 198, 10 miles east of King City",105,-120.8973,36.1531,58317b8d-7f4d-466f-b2c7-035c25fb00f0,https://www.fire.ca.gov/incidents/2013/6/29/freeman-fire/,2013-06-29T18:30:00Z,6/29/2013,6/29/2013
Kirker Fire,2022-10-24T11:37:51Z,2013-07-01T13:19:00Z,CAL FIRE Santa Clara Unit,Contra Costa,Kirker Pass Road south of Pittsburg,492,-121.91453,37.96866,522114fe-ada8-49a9-9bb2-5891103ff0ca,https://www.fire.ca.gov/incidents/2013/7/1/kirker-fire/,2013-07-01T18:40:00Z,7/1/2013,7/1/2013
Fox Fire (formally 3-7 Fire),2013-07-05T18:30:00Z,2013-07-03T22:56:00Z,CAL FIRE Lassen-Modoc Unit,Modoc,5 miles northwest of Aiden,502,-121.035,41.2415,8b51033d-abc6-4ea4-8983-990ad4e1c45e,https://www.fire.ca.gov/incidents/2013/7/3/fox-fire-formally-3-7-fire/,2013-07-05T18:30:00Z,7/5/2013,7/3/2013
Vina Fire,2013-07-04T10:30:00Z,2013-07-04T07:30:00Z,CAL FIRE Tehama-Glenn Unit,Tehama,"Tehama-Vina Rd and Sherman Rd, Los Molinos",200,-122.079871,40.012398,c94959d7-eb88-4724-8feb-ba0662afca10,https://www.fire.ca.gov/incidents/2013/7/4/vina-fire/,2013-07-04T10:30:00Z,7/4/2013,7/4/2013
Grant Fire,2013-07-04T11:30:00Z,2013-07-04T10:00:00Z,CAL FIRE Santa Clara Unit,Alameda,"off Grant Ln Rd & I-580 in the Altamont Pass, 5 miles west of Tracy",50,-121.5869,37.7393,07fb8b11-f39b-4cd0-8a27-2d4fef7fe680,https://www.fire.ca.gov/incidents/2013/7/4/grant-fire/,2013-07-04T11:30:00Z,7/4/2013,7/4/2013
Fallon Fire,2013-07-06T14:30:00Z,2013-07-06T13:09:00Z,CAL FIRE Santa Clara Unit / Alameda County Fire,Alameda,off Fallon Rd & Camino Tassajara near Dublin ,38,-121.86216,37.74241,4c04a4e5-f580-4e62-bb53-2575c72d29dc,https://www.fire.ca.gov/incidents/2013/7/6/fallon-fire/,2013-07-06T14:30:00Z,7/6/2013,7/6/2013
Chariot Fire,2013-07-15T06:15:00Z,2013-07-06T12:55:00Z,CAL FIRE San Diego Unit / Cleveland National Forest,San Diego,"off Sunrise Hwy, 9 miles southeast of Julian",7055,-116.47381,32.95435,ee19b2ec-a96a-4738-994e-fb3ea016e053,https://www.fire.ca.gov/incidents/2013/7/6/chariot-fire/,2013-07-15T06:15:00Z,7/15/2013,7/6/2013
Adelaida Fire,2013-07-07T22:00:00Z,2013-07-07T13:16:00Z,CAL FIRE San Luis Obispo,San Luis Obispo,"off Adelaida Rd & Vineyard Dr, west of Paso Robles",85,-120.83417,35.62743,a97d2b3a-3a53-424f-852c-5f1b8d199cc3,https://www.fire.ca.gov/incidents/2013/7/7/adelaida-fire/,2013-07-07T22:00:00Z,7/7/2013,7/7/2013
McGanney Fire,2013-07-08T17:30:00Z,2013-07-08T09:59:00Z,CAL FIRE Nevada-Placer-Yuba Unit,Yuba,"off Highway 20 and McGanney Lane, west of Smartsville",73,-121.31634,39.206,397ed8e6-6088-4e03-9316-8f50c65a83be,https://www.fire.ca.gov/incidents/2013/7/8/mcganney-fire/,2013-07-08T17:30:00Z,7/8/2013,7/8/2013
Fiddler Fire,2013-07-09T15:00:00Z,2013-07-09T11:59:00Z,CAL FIRE Shasta-Trinity Unit,Shasta,off Fiddler,43,-122.7338,40.373,3f64fc8a-8870-4e64-b60a-3e13c8532acd,https://www.fire.ca.gov/incidents/2013/7/9/fiddler-fire/,2013-07-09T15:00:00Z,7/9/2013,7/9/2013
Kyburz Fire,2013-07-11T18:30:00Z,2013-07-08T12:45:00Z,Eldorado National Forest,El Dorado,"Off Hwy 50 at 30 Mile Tract, Kyburz",572,-120.298,38.774,d778a3f0-2d23-43c1-b9bc-1ea33898fab2,https://www.fire.ca.gov/incidents/2013/7/8/kyburz-fire/,2013-07-11T18:30:00Z,7/11/2013,7/8/2013
Uvas Fire,2013-07-12T17:45:00Z,2013-07-12T13:09:00Z,CAL FIRE Santa Clara Unit,Santa Clara,"Uvas Road and Casa Loma Road, near Calero County Park,  west of Morgan Hill",50,-121.7804,37.1438,e779a754-29fd-472f-8d29-46cfee32d3c2,https://www.fire.ca.gov/incidents/2013/7/12/uvas-fire/,2013-07-12T17:45:00Z,7/12/2013,7/12/2013
Diablo Fire,2013-07-13T21:45:00Z,2013-07-12T15:35:00Z,CAL FIRE Santa Clara Unit,Stanislaus,"off Diablo Grande Parkway, west of I-5, southwest of Patterson",150,-121.1955,37.436,873074c8-4b6d-417b-a78c-1d1430027805,https://www.fire.ca.gov/incidents/2013/7/12/diablo-fire/,2013-07-13T21:45:00Z,7/13/2013,7/12/2013
Mountain Fire,2022-10-24T11:38:10Z,2013-07-15T13:43:00Z,CAL FIRE Riverside Unit / San Bernardino National Forest,Riverside,Hwy 243 & Hwy 74 near Mountain Center,27531,-116.72885,33.7095,a3149fec-4d48-427c-8b2c-59e8b79d59db,https://www.fire.ca.gov/incidents/2013/7/15/mountain-fire/,2013-07-30T18:00:00Z,7/30/2013,7/15/2013
Orleans Complex,2013-08-03T15:00:00Z,2013-08-03T08:00:00Z,Six Rivers National Forest,Humboldt,"10 miles east of Somes Bar, California",0,-123.376,41.333,7d4f107b-66a9-43d2-819d-ec855c2947bf,https://www.fire.ca.gov/incidents/2013/8/3/orleans-complex/,2013-08-03T15:00:00Z,8/3/2013,8/3/2013
Silverwood Fire,2013-07-26T18:15:00Z,2013-07-25T15:09:00Z,San Bernardino County Fire,San Bernardino, Hwy 138 west of Hwy 173,75,-117.352,34.316,ed51bbd2-6f8e-4f46-9073-3673a583fada,https://www.fire.ca.gov/incidents/2013/7/25/silverwood-fire/,2013-07-26T18:15:00Z,7/26/2013,7/25/2013
Flume Fire,2013-07-28T17:50:00Z,2013-07-28T09:43:00Z,CAL FIRE San Diego Unit,San Diego,Barrett Lake Road and Highway 94,25,-116.707335,32.612773,c6cfeed9-55bb-4fdb-8a52-e4d947dba721,https://www.fire.ca.gov/incidents/2013/7/28/flume-fire/,2013-07-28T17:50:00Z,7/28/2013,7/28/2013
Aspen Fire,2013-09-24T20:15:00Z,2013-07-22T22:15:00Z,Sierra National Forest,Fresno,Seven miles north of Big Creek,22992,-119.318,37.279,bee8c339-4f26-4b78-a5b4-a8a0ebdb8786,https://www.fire.ca.gov/incidents/2013/7/22/aspen-fire/,2013-09-24T20:15:00Z,9/24/2013,7/22/2013
Salmon River Complex,2013-08-31T06:45:00Z,2013-07-31T22:00:00Z,Klamath National Forest,Siskiyou,"North Fork of the Salmon River, West of Sawyers Bar, Klamath National Forest",14754,-123.176,41.32,ba76c009-09c9-497c-b923-1ac8cf05c20d,https://www.fire.ca.gov/incidents/2013/7/31/salmon-river-complex/,2013-08-31T06:45:00Z,8/31/2013,7/31/2013
Branch Fire,2013-08-04T14:45:00Z,2013-08-01T16:01:00Z,CAL FIRE Butte Unit,Butte,Near Rocky Peak - North Fork Lake Oroville near Cherokee,92,-121.50354,39.6612,0b51d3d5-bb3a-426d-9c12-c1878a01d7cf,https://www.fire.ca.gov/incidents/2013/8/1/branch-fire/,2013-08-04T14:45:00Z,8/4/2013,8/1/2013
Redlands Fire,2013-07-17T07:45:00Z,2013-07-16T17:48:00Z,CAL FIRE / Riverside County Fire,Riverside,"Redlands Boulevard and San Timoteo Canyon Road, north of Moreno Valley",150,-117.164997,33.990128,d48a839f-d8da-44d7-9b35-b9f61aa28c61,https://www.fire.ca.gov/incidents/2013/7/16/redlands-fire/,2013-07-17T07:45:00Z,7/17/2013,7/16/2013
Relay Fire,2013-08-04T18:00:00Z,2013-08-04T16:29:00Z,CAL FIRE/Riverside County  Fire,Riverside,"near Mt. David, south of Beaumont",60,-116.99895,33.91027,0658b1f8-5323-4152-b6d1-b208736587db,https://www.fire.ca.gov/incidents/2013/8/4/relay-fire/,2013-08-04T18:00:00Z,8/4/2013,8/4/2013
Water Fire,2013-07-25T18:30:00Z,2013-07-23T09:15:00Z,Kern County Fire,Kern,West side of Interstate 5 at Tejon Ranch,612,-118.93388,34.90327,86faecab-ed3a-4fce-95cf-89433a825c72,https://www.fire.ca.gov/incidents/2013/7/23/water-fire/,2013-07-25T18:30:00Z,7/25/2013,7/23/2013
Pratt Fire,2013-07-23T16:00:00Z,2013-07-23T13:29:00Z,CAL FIRE Mendocino Unit,Mendocino,"Hwy 175 & Pratt Ranch Road, East of Hopland ",45,-123.067671,38.980846,f1d7f375-8aa3-4cb5-a864-bae9bb90cbd1,https://www.fire.ca.gov/incidents/2013/7/23/pratt-fire/,2013-07-23T16:00:00Z,7/23/2013,7/23/2013
Rancho Fire,2022-10-24T11:42:25Z,2013-07-19T12:00:00Z,CAL FIRE / Kern County Fire / State Parks / US Forest Service,Kern,West side of Interstate 5 in Lebec (Kern County),500,-118.9194,34.882,591a56a5-e9c0-45a0-96bd-34098588c39b,https://www.fire.ca.gov/incidents/2013/7/19/rancho-fire/,2013-07-22T18:45:00Z,7/22/2013,7/19/2013
Paskenta Fire,2013-07-19T15:00:00Z,2013-07-19T13:32:00Z,CAL FIRE Tehama-Glenn Unit,Tehama,West of Corning,195,-122.330879,39.961309,4423899b-6197-4ef5-9f73-bca1763f17e6,https://www.fire.ca.gov/incidents/2013/7/19/paskenta-fire/,2013-07-19T15:00:00Z,7/19/2013,7/19/2013
Lakeville Fire,2013-07-26T17:45:00Z,2013-07-26T13:45:00Z,CAL FIRE Sonoma-Lake-Napa Unit,Sonoma,"Off Lakeville Hwy, 6 miles SE of Petaluma",158,-122.51253,38.17693,c9b5d1ff-c042-4b39-8bac-b10fb6fc6c13,https://www.fire.ca.gov/incidents/2013/7/26/lakeville-fire/,2013-07-26T17:45:00Z,7/26/2013,7/26/2013
50 Fire,2013-07-19T17:15:00Z,2013-07-19T14:12:00Z,CAL FIRE / Sacramento Metropolitan Fire,"El Dorado, Sacramento",South of Hwy 50 at the El Dorado and Sacramento County line,163,-121.08438,38.63987,4630e9ce-88ec-4159-9bc9-25ff5f8216cc,https://www.fire.ca.gov/incidents/2013/7/19/50-fire/,2013-07-19T17:15:00Z,7/19/2013,7/19/2013
Heacock Fire,2013-07-20T19:30:00Z,2013-07-19T16:21:00Z,CAL FIRE / Riverside County Fire,Riverside,Heacock St & Sandy Glade Ave in Moreno Valley,40,-117.2508,33.9634,8fb3a438-3146-4b8d-8f20-bfa8d6610f84,https://www.fire.ca.gov/incidents/2013/7/19/heacock-fire/,2013-07-20T19:30:00Z,7/20/2013,7/19/2013
Gilman Fire,2013-07-19T19:30:00Z,2013-07-19T17:31:00Z,CAL FIRE / Riverside County Fire,Riverside,"Hwy 60 east of Gilman Springs Rd, east of Moreno Valley",15,-117.09306,33.94528,2b300dd5-4474-4b8a-9b4c-3a3014afe27d,https://www.fire.ca.gov/incidents/2013/7/19/gilman-fire/,2013-07-19T19:30:00Z,7/19/2013,7/19/2013
Chuckwagon Fire,2013-07-23T15:10:00Z,2013-07-22T12:34:00Z,CAL FIRE Tuolumne-Calaveras Unit,Calaveras,"near the 4500 block of Chuckwagon Drive, Copperopolis",31,-120.696362,37.965364,68dadbb3-6a63-483a-add9-491a69d9e0ad,https://www.fire.ca.gov/incidents/2013/7/22/chuckwagon-fire/,2013-07-23T15:10:00Z,7/23/2013,7/22/2013
Power Fire,2013-08-14T08:30:00Z,2013-08-05T06:00:00Z,Stanislaus National Forest,Tuolumne,"Near Beardsley Lake, northeast of Sonora",1070,-120.02778,38.25108,1e8441c2-f426-40b4-9f4f-3de9f7e232b9,https://www.fire.ca.gov/incidents/2013/8/5/power-fire/,2013-08-14T08:30:00Z,8/14/2013,8/5/2013
Falls Fire,2013-08-09T18:45:00Z,2013-08-05T10:10:00Z,Cleveland National Forest / CAL FIRE Riverside Unit,Riverside,"Ortega Highway, west of Lake Elsinoire",1383,-117.40288,33.62236,4867ac70-663e-48f4-b9ae-ca0a486234ca,https://www.fire.ca.gov/incidents/2013/8/5/falls-fire/,2013-08-09T18:45:00Z,8/9/2013,8/5/2013
Tram Fire,2013-08-08T09:00:00Z,2013-08-06T13:39:00Z,San Bernardino National Forest,Riverside,Off of Hwy 111 & Tramway Rd in Palm Springs,60,-116.61,38.838,ac568737-dae6-4050-b1f4-62ab1f9ec930,https://www.fire.ca.gov/incidents/2013/8/6/tram-fire/,2013-08-08T09:00:00Z,8/8/2013,8/6/2013
Indian Fire,2013-08-07T18:30:00Z,2013-08-07T12:35:00Z,CAL FIRE Sanoma-Lake-Napa Unit,Lake,"Off Bartlett Springs Road near Indian Valley Reservoir, 10 miles northeast of Clearlake Oaks",38,-122.5906,39.1591,b5b63934-923d-4504-a9b1-75c885477a8d,https://www.fire.ca.gov/incidents/2013/8/7/indian-fire/,2013-08-07T18:30:00Z,8/7/2013,8/7/2013
Silver Fire,2022-10-24T11:38:40Z,2013-08-07T14:05:00Z,CAL FIRE Riverside Unit / San Bernardino National Forest,Riverside,"Poppet Flats Rd near Hwy 243, south of Banning",20292,-116.90427,33.86157,c400203b-a7fd-4bd8-803a-f3c74bc32a2b,https://www.fire.ca.gov/incidents/2013/8/7/silver-fire/,2013-08-12T18:00:00Z,8/12/2013,8/7/2013
Corral Complex,2013-08-12T12:00:00Z,2013-08-10T11:40:00Z,Six Rivers National Forest,Humboldt,Tish Tang Ridge east of Hoopa Valley Reservation,12503,-123.488,41.035,f3dcbca8-f8ed-46d0-8f6e-9c7fc2fb03e6,https://www.fire.ca.gov/incidents/2013/8/10/corral-complex/,2013-08-12T12:00:00Z,8/12/2013,8/10/2013
Cottonwood Fire,2013-08-15T17:00:00Z,2013-08-15T14:40:00Z,CAL FIRE Siskiyou Unit,Siskiyou,"Cottonwood Creek Rd., 2 miles north of Hornbrook",50,-122.578393,41.923323,e16c204e-58d6-4f78-bc97-729b16ef9f83,https://www.fire.ca.gov/incidents/2013/8/15/cottonwood-fire/,2013-08-15T17:00:00Z,8/15/2013,8/15/2013
Union Fire,2013-08-16T17:55:00Z,2013-08-16T13:55:00Z,CAL FIRE Amador-El Dorado Unit,El Dorado,"off Koki Ln and Pleasant Valley Rd, northwest of Diamond Springs",116,-120.839075,38.682378,db009f8f-8b9d-44bb-a3f6-83f319c84d72,https://www.fire.ca.gov/incidents/2013/8/16/union-fire/,2013-08-16T17:55:00Z,8/16/2013,8/16/2013
Sharp Fire,2013-08-13T23:45:00Z,2013-08-08T12:15:00Z,Angeles National Forest,San Bernardino,Sheep canyon just south of Wrightwood,243,-117.62,34.35,62eabea3-40be-497d-94e4-150f011b925f,https://www.fire.ca.gov/incidents/2013/8/8/sharp-fire/,2013-08-13T23:45:00Z,8/13/2013,8/8/2013
Cloverdale Fire,2013-08-14T20:35:00Z,2013-08-14T15:37:00Z,CAL FIRE Shasta-Trinity Unit,Shasta,"Cloverdale Rd. and Dale Rd., Happy Valley, 9 miles SW of Redding",27,-122.48259,40.473356,0537a175-8fe9-4f5f-b56f-77848fa195f4,https://www.fire.ca.gov/incidents/2013/8/14/cloverdale-fire/,2013-08-14T20:35:00Z,8/14/2013,8/14/2013
Swedes Fire,2022-10-24T11:43:04Z,2013-08-16T16:37:00Z,CAL FIRE Butte Unit,Butte,southeast of Oroville,2264,-121.38236,39.446268,0758e1c0-95ea-47e7-b5c1-5f3ea96bc664,https://www.fire.ca.gov/incidents/2013/8/16/swedes-fire/,2013-08-22T18:00:00Z,8/22/2013,8/16/2013
American Fire,2013-08-30T08:00:00Z,2013-08-10T16:30:00Z,Tahoe National Forest,Placer,"Deadwood Ridge, northeast of Foresthill",27440,-120.65,39.12,8213f5c7-34fa-403b-a4bc-da2ace6e6625,https://www.fire.ca.gov/incidents/2013/8/10/american-fire/,2013-08-30T08:00:00Z,8/30/2013,8/10/2013
Coyote Fire,2013-08-12T09:30:00Z,2013-08-09T15:51:00Z,CAL FIRE Lassen-Modoc Unit,Lassen,"Southeast of Coyote Reservoir, 20 miles southeast of Bieber",97,-120.958126,40.88886,2b84c8a2-e2e8-45a2-9221-e8075608c218,https://www.fire.ca.gov/incidents/2013/8/9/coyote-fire/,2013-08-12T09:30:00Z,8/12/2013,8/9/2013
Pierce Fire,2013-08-16T21:00:00Z,2013-08-16T13:31:00Z,CAL FIRE/Riverside County Fire,Riverside,Ave 66 and Pierce Street  ,40,-116.10815,33.570291,f23f8148-6ec4-4885-9729-0dad7c744485,https://www.fire.ca.gov/incidents/2013/8/16/pierce-fire/,2013-08-16T21:00:00Z,8/16/2013,8/16/2013
Double Fire,2013-08-18T18:30:00Z,2013-08-16T17:57:00Z,CAL FIRE Sonoma-Lake-Napa Unit,Lake,"Hwy 20 and Mule Skinner Rd., Clear Lake Oaks",70,-122.491894,39.013682,ae025ba5-8b5d-48de-ad5e-3037de3d18e9,https://www.fire.ca.gov/incidents/2013/8/16/double-fire/,2013-08-18T18:30:00Z,8/18/2013,8/16/2013
Bridges Fire,2013-08-19T07:10:00Z,2013-08-17T10:11:00Z,CAL FIRE Tuolumne-Calaveras Unit,Calaveras,"Parrott's Ferry Road north of the bridge, near Vallecito & New Melones Lake ",46,-120.45233,38.06231,10445e2c-979d-49a2-82c2-c3789bd2449a,https://www.fire.ca.gov/incidents/2013/8/17/bridges-fire/,2013-08-19T07:10:00Z,8/19/2013,8/17/2013
Cleghorn Fire,2013-08-18T20:55:00Z,2013-08-17T17:25:00Z,San Bernardino National Forest,San Bernardino,I-15 Cajon Pass south of Cleghorn Road,110,-117.451,34.287,c7f05927-66a4-403c-9048-aeb42eca0211,https://www.fire.ca.gov/incidents/2013/8/17/cleghorn-fire/,2013-08-18T20:55:00Z,8/18/2013,8/17/2013
Clover Fire,2013-09-15T07:30:00Z,2013-09-09T12:32:00Z,CAL FIRE Shasta-Trinity Unit,Shasta,"Community of Igo, 10 miles southwest of Redding",8073,-122.535496,40.498332,92af9783-eda9-4186-afe9-447f61a92636,https://www.fire.ca.gov/incidents/2013/9/9/clover-fire/,2013-09-15T07:30:00Z,9/15/2013,9/9/2013
Plumas Lightning Complex (Hough),2013-08-25T13:15:00Z,2013-08-18T18:30:00Z,Plumas National Forest,Plumas,Keddie Ridge/North Arm areas of Indian Valley near Taylorsville,513,-120.764666,40.00842,5015b3c2-2bae-4cce-9bf8-f1b25b0ce1e6,https://www.fire.ca.gov/incidents/2013/8/18/plumas-lightning-complex-hough/,2013-08-25T13:15:00Z,8/25/2013,8/18/2013
Shirley Fire,2013-08-24T13:45:00Z,2013-08-18T23:12:00Z,Sequoia National Forest,Kern,Lower Kern River Canyon area off Highway 178,794,-118.588,35.707,5421868e-52ba-4737-8169-325e0aa040e4,https://www.fire.ca.gov/incidents/2013/8/18/shirley-fire/,2013-08-24T13:45:00Z,8/24/2013,8/18/2013
Burney Lightning Series (Warner Fire),2013-08-23T19:15:00Z,2013-08-19T17:48:00Z,CAL FIRE Shasta Unit ,Shasta,Fall River Mills and McAruther area,196,-121.3754,40.5445,f21a41c6-0905-4531-9bdf-2456d0051eed,https://www.fire.ca.gov/incidents/2013/8/19/burney-lightning-series-warner-fire/,2013-08-23T19:15:00Z,8/23/2013,8/19/2013
Sierra Fire,2013-09-30T08:30:00Z,2013-09-24T15:51:00Z,San Bernardino National Forest/CAL FIRE San Bernardino Unit,San Bernardino,in the Cajon Pass west of I-15 near Glen Helen Road,200,-117.417,34.2,f7358513-329f-4dba-8980-4cd3a19b469a,https://www.fire.ca.gov/incidents/2013/9/24/sierra-fire/,2013-09-30T08:30:00Z,9/30/2013,9/24/2013
Deer Fire,2013-08-29T16:45:00Z,2013-08-23T14:15:00Z,CAL FIRE Tehama-Glenn Unit,Tehama,"Near Deer Creek, 12 miles east of Los Molinos. ",11429,-121.85397,40.04263,956dbcf6-db40-4b61-b235-4ede14738f1e,https://www.fire.ca.gov/incidents/2013/8/23/deer-fire/,2013-08-29T16:45:00Z,8/29/2013,8/23/2013
Gobblers Fire,2013-08-20T13:32:00Z,2013-08-20T13:32:00Z,San Bernardino National Forest,San Bernardino,upper end of Lytle Creek,413,-117.598,34.302,b202bd85-c5ef-4bdf-8270-d556f95c3742,https://www.fire.ca.gov/incidents/2013/8/20/gobblers-fire/,2013-08-20T13:32:00Z,8/20/2013,8/20/2013
Fish Fire,2013-09-24T20:15:00Z,2013-08-24T14:31:00Z,Sequoia National Forest,Tulare,Golden Trout Wilderness on the Sequoia National Forest.,2060,-118.444,36.208,a4de6058-c68c-4924-bfb5-dc8ecc3b54c0,https://www.fire.ca.gov/incidents/2013/8/24/fish-fire/,2013-09-24T20:15:00Z,9/24/2013,8/24/2013
Empire Fire,2013-08-24T11:45:00Z,2013-08-24T14:54:00Z,CAL FIRE Amador-El Dorado Unit,El Dorado,off Hwy 193 & Empire Creek Cir near Georgetown,38,-120.84716,38.89555,fea7802f-ba70-450a-9ad1-96e2751293a9,https://www.fire.ca.gov/incidents/2013/8/24/empire-fire/,2013-08-24T11:45:00Z,8/24/2013,8/24/2013
Little Fire,2013-08-30T08:00:00Z,2013-08-24T15:09:00Z,San Bernardino National Forest,San Bernardino,near Thomas Mountain south of Lake Hemet on the San Jacinto Ranger District.,97,-116.706,33.642,b5109726-5e91-4c10-96f8-2a5bb72e5a59,https://www.fire.ca.gov/incidents/2013/8/24/little-fire/,2013-08-30T08:00:00Z,8/30/2013,8/24/2013
Chestnut Fire,2013-09-07T20:00:00Z,2013-09-07T13:55:00Z,CAL FIRE San Mateo-Santa Cruz Unit,San Mateo,"Chestnut Ave and Hillside Blvd, San Bruno Mountain, South San Francisco",41,-122.427285,37.667295,b30ee931-f349-4d21-a38a-d346c516b104,https://www.fire.ca.gov/incidents/2013/9/7/chestnut-fire/,2013-09-07T20:00:00Z,9/7/2013,9/7/2013
Morgan Fire,2013-09-14T17:30:00Z,2013-09-08T13:08:00Z,CAL FIRE Santa-Clara Unit,Contra Costa,"off Morgan Territory Road, Southeast of Clayton",3111,-121.882582,37.90757,e33b2d80-7fec-4470-9e79-440d349b0d95,https://www.fire.ca.gov/incidents/2013/9/8/morgan-fire/,2013-09-14T17:30:00Z,9/14/2013,9/8/2013
Angora Fire,2013-09-24T20:15:00Z,2013-09-08T11:53:00Z,Sequoia National Forest,Tulare,Golden Trout Wilderness,134,-118.459,36.258,d332a628-6290-4e91-b8d0-4dc663b80c38,https://www.fire.ca.gov/incidents/2013/9/8/angora-fire/,2013-09-24T20:15:00Z,9/24/2013,9/8/2013
Liveoak Fire,2013-09-12T08:45:00Z,2013-09-11T16:57:00Z,CAL FIRE San Bernardino Unit,San Bernardino,"Live Oak Canyon Rd, South of I-10 near cities of Redlands and Yucaipa. ",73,-117.106075,34.003151,31f21c59-8a94-4b17-91aa-88ca14817162,https://www.fire.ca.gov/incidents/2013/9/11/liveoak-fire/,2013-09-12T08:45:00Z,9/12/2013,9/11/2013
Madre Fire,2013-09-28T08:00:00Z,2013-09-23T18:00:00Z,Angeles National Forest/Los Angeles County Fire,Los Angeles,San Gabriel Canyon 1/4 mile west of the entrance station,268,-117.908,34.149,eb5a3f2a-0c25-417a-af78-bb0d643247c7,https://www.fire.ca.gov/incidents/2013/9/23/madre-fire/,2013-09-28T08:00:00Z,9/28/2013,9/23/2013
Davis Creek Complex,2013-09-24T20:15:00Z,2013-09-05T15:57:00Z,Modoc National Forest ,Modoc,"Both sides of Davis Creek near Hwy 395, south of Goose Lake ",97,-120.375,41.73325,308ce8d5-67c8-4edb-9e2f-bf6295f98d7e,https://www.fire.ca.gov/incidents/2013/9/5/davis-creek-complex/,2013-09-24T20:15:00Z,9/24/2013,9/5/2013
Tyler Fire,2013-08-31T21:30:00Z,2013-08-31T14:42:00Z,CAL FIRE Nevada-Yuba-Placer Unit,Nevada,"North San Juan Area, Highway 49 and Tyler Foote Road",52,-121.107022,39.333401,1476673c-df55-4c39-b117-d9d067f8a020,https://www.fire.ca.gov/incidents/2013/8/31/tyler-fire/,2013-08-31T21:30:00Z,8/31/2013,8/31/2013
Centerville Fire,2013-09-01T18:00:00Z,2013-08-31T17:23:00Z,CAL FIRE Butte Unit,Butte,"Off Centerville Rd in the Butte Creek Canyon in the community of Centerville, west of Magalia ",80,-121.713938,39.731878,dd374f36-e7cb-4a48-91ee-e8be101e0f88,https://www.fire.ca.gov/incidents/2013/8/31/centerville-fire/,2013-09-01T18:00:00Z,9/1/2013,8/31/2013
Rail Fire,2013-09-05T21:00:00Z,2013-09-07T17:30:00Z,Modoc National Forest,Modoc,"Rail Mountain, 7 miles NW of Canby",68,-120.959,41.569,0875cf4e-9948-45ed-a76d-d74564319b49,https://www.fire.ca.gov/incidents/2013/9/7/rail-fire/,2013-09-05T21:00:00Z,9/5/2013,9/7/2013
Rim Fire,2013-09-06T18:30:00Z,2013-08-17T15:25:00Z,Stanislaus National Forest/Yosemite National Park,Tuolumne,3 miles east of Groveland along Hwy 120,257314,-120.086,37.857,5fb18d4d-213f-4d83-a179-daaf11939e78,https://www.fire.ca.gov/incidents/2013/8/17/rim-fire/,2013-09-06T18:30:00Z,9/6/2013,8/17/2013
Lyon Fire,2013-09-12T18:15:00Z,2013-09-09T13:09:00Z,CAL FIRE San Diego Unit / Cleveland National Forest,San Diego,"Four Corners, Lyons Valley Road, east of Lyons Peak",263,-116.746023,32.710918,f6f6fefa-ac4e-466f-815e-492416e37b98,https://www.fire.ca.gov/incidents/2013/9/9/lyon-fire/,2013-09-12T18:15:00Z,9/12/2013,9/9/2013
Lakeshore Fire,2013-09-15T17:14:00Z,2013-09-15T19:45:00Z,CAL FIRE Sonoma-Lake-Napa Unit,Lake,near the community of Clearlake,30,-122.683,38.9777,51e00abb-53d0-4014-9224-2a853b1d6bcf,https://www.fire.ca.gov/incidents/2013/9/15/lakeshore-fire/,2013-09-15T17:14:00Z,9/15/2013,9/15/2013
Creek Fire,2013-09-24T17:30:00Z,2013-09-24T03:20:00Z,CAL FIRE San Luis Obispo Unit,San Luis Obispo,"off Toro Creek Rd, east of Cayucos",94,-120.8358,35.4393,ac469123-da14-4821-b824-c6cf66138514,https://www.fire.ca.gov/incidents/2013/9/24/creek-fire/,2013-09-24T17:30:00Z,9/24/2013,9/24/2013
Highland Fire,2013-09-29T18:15:00Z,2013-09-28T13:57:00Z,CAL FIRE Mendocino Unit,Mendocino,"off Highland Springs Rd, southeast of Kelseyville",98,-122.966,38.9252,b20a2031-12c9-4e9c-9f44-ac82c26e6c66,https://www.fire.ca.gov/incidents/2013/9/28/highland-fire/,2013-09-29T18:15:00Z,9/29/2013,9/28/2013
Putah Fire,2013-10-04T16:55:00Z,2013-10-03T20:33:00Z,CAL FIRE Sonoma-Lake-Napa Unit,Napa,off Berryessa Knoxville Rd near Lake Berryessa,376,-122.289,38.628,1f94fce5-49a5-4220-bc99-f003ab4d3e60,https://www.fire.ca.gov/incidents/2013/10/3/putah-fire/,2013-10-04T16:55:00Z,10/4/2013,10/3/2013
Crane Fire,2013-10-05T07:45:00Z,2013-10-04T12:25:00Z,CAL FIRE Sonoma-Lake-Napa Unit,Sonoma,"near Crane Creek Regional Park off Pressley Rd, east of Rohnert Park ",159,-122.6503,38.34599,1460f2d9-853b-4901-bed3-ac196e00bb3a,https://www.fire.ca.gov/incidents/2013/10/4/crane-fire/,2013-10-05T07:45:00Z,10/5/2013,10/4/2013
DeLuz Fire,2013-10-09T19:00:00Z,2013-10-05T12:45:00Z,Camp Pendleton Marine Corps Base,San Diego,"On Camp Pendleton, west of Fallbrook",2236,-117.3092,33.341,9fb847ce-44c7-4a11-a733-a6cc82838671,https://www.fire.ca.gov/incidents/2013/10/5/deluz-fire/,2013-10-09T19:00:00Z,10/9/2013,10/5/2013
Summit Fire,2013-10-05T22:00:00Z,2013-10-04T17:37:00Z,CAL FIRE Butte Unit,Butte,off District Center Dr & Fortune Way in Palermo,305,-121.497,39.439,d922e7c8-814a-412b-a40b-53072d0983ea,https://www.fire.ca.gov/incidents/2013/10/4/summit-fire/,2013-10-05T22:00:00Z,10/5/2013,10/4/2013
Baker Fire,2013-10-09T08:00:00Z,2013-10-06T10:52:00Z,Orange County Fire Authority,Orange,"Off Baker Canyon Rd, Silverado Canyon area, east of Irvine",40,-117.6649,33.7655,9a110003-2f4c-4ac7-a3e5-b4e713f8d1fe,https://www.fire.ca.gov/incidents/2013/10/6/baker-fire/,2013-10-09T08:00:00Z,10/9/2013,10/6/2013
Capay Fire,2013-11-04T15:35:00Z,2013-11-04T11:41:00Z,CAL FIRE Sonoma-Lake-Napa Unit,Yolo,"Off County Road 23 & County Road 81, Southwest of Esparto",163,-122.08725,38.67479,0aa08938-eaab-4a60-8891-946197328f94,https://www.fire.ca.gov/incidents/2013/11/4/capay-fire/,2013-11-04T15:35:00Z,11/4/2013,11/4/2013
Dersch Fire,2013-11-07T19:45:00Z,2013-11-07T16:10:00Z,CAL FIRE Shasta-Trinity Unit,Shasta,"Off Dersch Rd and Hyrax, Millville",33,-122.140914,40.483662,29a2efda-c28f-4a41-9c6d-8cb8f763d464,https://www.fire.ca.gov/incidents/2013/11/7/dersch-fire/,2013-11-07T19:45:00Z,11/7/2013,11/7/2013
Toro Fire,2013-11-09T17:00:00Z,2013-11-08T10:30:00Z,CAL FIRE San Luis Obispo Unit,San Luis Obispo,"Toro Creek Rd. and Hwy 41 West, Morro Bay",51,-120.751555,35.457978,587c03e3-4831-47c1-8c03-c08176e91b11,https://www.fire.ca.gov/incidents/2013/11/8/toro-fire/,2013-11-09T17:00:00Z,11/9/2013,11/8/2013
Cantwell Fire,2013-11-10T18:30:00Z,2013-11-08T13:42:00Z,CAL FIRE Sonoma-Lake-Napa Unit,Lake,"South of Morgan Valley Rd and East of Hwy 29, Community of Lower Lake",120,-122.567525,38.882214,20ba8b6b-78d4-46a7-995b-d8fa38cbf3b8,https://www.fire.ca.gov/incidents/2013/11/8/cantwell-fire/,2013-11-10T18:30:00Z,11/10/2013,11/8/2013
Silverado Fire,2013-11-23T18:30:00Z,2013-11-21T21:39:00Z,CAL FIRE Sonoma-Lake-Napa Unit,Napa,Off Silverado Trail in the Soda Canyon area near Napa,190,-122.311,38.382,79d476e5-0b4d-48e2-a105-2bba5c1140e9,https://www.fire.ca.gov/incidents/2013/11/21/silverado-fire/,2013-11-23T18:30:00Z,11/23/2013,11/21/2013
Wheeler Fire,2013-11-15T16:00:00Z,2013-11-14T11:05:00Z,Ventura County Fire Department,Ventura,"Wheeler Canyon, north of Santa Paula",64,-119.13249,34.384,0adb968c-eb85-41c5-8e08-04c0ec386c79,https://www.fire.ca.gov/incidents/2013/11/14/wheeler-fire/,2013-11-15T16:00:00Z,11/15/2013,11/14/2013
Retek Fire,2013-11-22T17:30:00Z,2013-11-22T10:06:00Z,CAL FIRE Mendocino Unit,Mendocino,"Off Hwy 101 at Henry Station Rd, north of Hopland",82,-123.1478,39.0442,e9e43213-b2fc-47bc-92cd-117ccd6e4780,https://www.fire.ca.gov/incidents/2013/11/22/retek-fire/,2013-11-22T17:30:00Z,11/22/2013,11/22/2013
McCabe Fire,2013-11-27T18:15:00Z,2013-11-22T02:04:00Z,CAL FIRE Sonoma-Lake-Napa Unit,Sonoma,"The Geysers area, 10 miles northeast of Geyserville",3505,-122.8498,38.8167,b4bc1480-cbb8-4ef2-8d5f-88a496d21d10,https://www.fire.ca.gov/incidents/2013/11/22/mccabe-fire/,2013-11-27T18:15:00Z,11/27/2013,11/22/2013
Bruner Fire,2013-11-24T08:45:00Z,2013-11-23T12:04:00Z,CAL FIRE Sonoma-Lake-Napa Unit,Lake,"Off Bruner Drive & Al Drive, Clearlake Oaks",50,-122.7656,39.0448,3f3e234c-04e1-4941-a79f-23ddc419bf59,https://www.fire.ca.gov/incidents/2013/11/23/bruner-fire/,2013-11-24T08:45:00Z,11/24/2013,11/23/2013
Dam Fire,2013-11-24T18:45:00Z,2013-11-23T14:17:00Z,CAL FIRE Sonoma-Lake-Napa Unit,Lake,"Off Dam Rd, southeast of Clear Lake",23,-122.5818,38.9289,720f1d0a-81b7-4a00-85db-be3d9587ea3e,https://www.fire.ca.gov/incidents/2013/11/23/dam-fire/,2013-11-24T18:45:00Z,11/24/2013,11/23/2013
Grant Fire,2013-12-31T16:00:00Z,2013-12-31T05:30:00Z,CAL FIRE Santa Clara Unit,Santa Clara,off Mount Hamilton Road near Grant Ranch County Park,40,-121.717706,37.342186,7a168690-06e5-4056-97c8-73b834204744,https://www.fire.ca.gov/incidents/2013/12/31/grant-fire/,2013-12-31T16:00:00Z,12/31/2013,12/31/2013
Campbell Fire,2014-01-10T18:30:00Z,2014-01-02T20:00:00Z,Lassen National Forest,Tehama,"Ishi Wilderness, north of Campbellville in the Lassen National Forest",865,-121.790183,40.134597,353e7df7-440c-4c41-a27c-b35bb1e2831c,https://www.fire.ca.gov/incidents/2014/1/2/campbell-fire/,2014-01-10T18:30:00Z,1/10/2014,1/2/2014
Colby Fire,2014-01-27T10:00:00Z,2014-01-16T05:50:00Z,Angeles National Forest and LA County Fire Department,Los Angeles,"near Morris Reservoir, north of Glendora",1952,-117.8816,34.1703,1fe0ea01-23e8-47a1-8fbd-ced6cf655e4d,https://www.fire.ca.gov/incidents/2014/1/16/colby-fire/,2014-01-27T10:00:00Z,1/27/2014,1/16/2014
Red Fire,2014-01-08T19:15:00Z,2014-01-04T12:00:00Z,CAL FIRE Humboldt Del-Norte Unit,Humboldt,"South of Berry Summit, west of Willow Creek",333,-123.773779,40.884415,6d75c6a4-12cb-4f18-8951-f2737e980916,https://www.fire.ca.gov/incidents/2014/1/4/red-fire/,2014-01-08T19:15:00Z,1/8/2014,1/4/2014
Lake Fire,2014-01-26T18:00:00Z,2014-01-25T06:37:00Z,CAL FIRE Fresno-Kings Unit,Fresno,off Trimmer Springs Rd & Sunnyslope Rd near Pine Flat Lake ,106,-119.3415,36.8266,d529636e-33d0-484b-9c6f-093ba33736b7,https://www.fire.ca.gov/incidents/2014/1/25/lake-fire/,2014-01-26T18:00:00Z,1/26/2014,1/25/2014
Gun Fire,2014-03-11T11:00:00Z,2014-03-08T12:30:00Z,USFS - Cleveland National Forest,San Diego,"Off Interstate 8 & Sunrise Hwy, near Pine Valley",125,-116.49,32.81,a67fe9bc-b8ec-4ed1-a2e8-06623aab7039,https://www.fire.ca.gov/incidents/2014/3/8/gun-fire/,2014-03-11T11:00:00Z,3/11/2014,3/8/2014
Encinal Fire,2014-03-21T18:00:00Z,2014-03-19T16:45:00Z,CAL FIRE San Benito-Monterey Unit,Monterey,"Off Encinal Rd, 8 miles southeast of Salinas",400,-121.4819,36.6313,cb580f06-5d43-46aa-8b2c-f2b5a21eff02,https://www.fire.ca.gov/incidents/2014/3/19/encinal-fire/,2014-03-21T18:00:00Z,3/21/2014,3/19/2014
Van Buren Fire,2014-03-29T17:15:00Z,2014-03-28T14:31:00Z,CAL FIRE / Riverside County Fire,Riverside,Off Ave 62 and Van Buren St in Thermal,57,-116.1985,33.5982,edff6f87-80b8-4c0d-8f6a-45c6e798b7fa,https://www.fire.ca.gov/incidents/2014/3/28/van-buren-fire/,2014-03-29T17:15:00Z,3/29/2014,3/28/2014
Bridges Fire,2014-04-21T19:15:00Z,2014-04-19T15:54:00Z,CAL FIRE San Bernardino Unit,Inyo,"off Highway 6 & 5 Bridges Rd, 5 miles northeast of Bishop",113,-118.352,37.399,1faad916-32b9-4cd0-94b8-dacfe71fa9f8,https://www.fire.ca.gov/incidents/2014/4/19/bridges-fire/,2014-04-21T19:15:00Z,4/21/2014,4/19/2014
Etiwanda Fire,2014-05-05T17:30:00Z,2014-04-30T08:00:00Z,CAL FIRE San Bernardino / USFS / Rancho Cucamonga Fire,San Bernardino,North of Rancho Cucamonga,2143,-117.547374,34.169346,13bfff2c-cb2f-4ed9-a7f8-6985646a2d5d,https://www.fire.ca.gov/incidents/2014/4/30/etiwanda-fire/,2014-05-05T17:30:00Z,5/5/2014,4/30/2014
Jacumba Fire,2014-05-06T10:20:00Z,2014-05-05T16:36:00Z,CAL FIRE San Diego Unit,San Diego,"Off Interstate 8, east of McCain Valley Rd, east of Boulevard",29,-116.222,32.665,d5cb2477-6627-4ef6-bab1-d0eecc4ad12a,https://www.fire.ca.gov/incidents/2014/5/5/jacumba-fire/,2014-05-06T10:20:00Z,5/6/2014,5/5/2014
Bernardo Fire,2014-05-17T20:14:00Z,2014-05-13T11:00:00Z,CAL FIRE San Diego Unit/San Diego City Fire/Rancho Santa Fe Fire District,San Diego,"off Nighthawk Lane, southwest of Rancho Bernardo",1548,-117.133,33.003,9e5ee790-ee7e-4b40-b300-7a3046901162,https://www.fire.ca.gov/incidents/2014/5/13/bernardo-fire/,2014-05-17T20:14:00Z,5/17/2014,5/13/2014
San Lucas Fire,2014-05-01T19:00:00Z,2014-04-30T14:25:00Z,CAL FIRE San Benito-Monterey Unit,Monterey,"San Lucas & Jolon Rd, west of King City ",75,-121.117,36.103,91c3081d-33b4-46f2-8774-032c57f0f6a2,https://www.fire.ca.gov/incidents/2014/4/30/san-lucas-fire/,2014-05-01T19:00:00Z,5/1/2014,4/30/2014
Miguelito Fire,2014-05-19T09:20:00Z,2014-05-13T14:00:00Z,Santa Barbara County Fire,Santa Barbara,Off Santa Miguelito Canyon Road in Lompoc,632,-120.454,34.609,d08b0c4e-35d3-43fb-8af8-1756b1789172,https://www.fire.ca.gov/incidents/2014/5/13/miguelito-fire/,2014-05-19T09:20:00Z,5/19/2014,5/13/2014
Tomahawk Fire,2014-05-19T09:20:00Z,2014-05-14T09:45:00Z,Marine Corps Base Camp Pendleton,San Diego,"Traveled from Naval Weapons Station, Fallbrook and is now on Camp Pendleton ",5367,-117.284889,33.3529,2b35bd0d-169f-4a81-835b-13bf527031a6,https://www.fire.ca.gov/incidents/2014/5/14/tomahawk-fire/,2014-05-19T09:20:00Z,5/19/2014,5/14/2014
San Mateo Fire,2014-05-20T23:30:00Z,2014-05-16T11:24:00Z,Marine Corps Base Camp Pendleton,San Diego,in the Talega area of Marine Corps Base Camp Pendleton,1457,-117.550567,33.417572,b0b5efed-3edc-4a4b-97c8-95a79d12d0c6,https://www.fire.ca.gov/incidents/2014/5/16/san-mateo-fire/,2014-05-20T23:30:00Z,5/20/2014,5/16/2014
Highway Fire,2014-05-15T18:30:00Z,2014-05-14T13:00:00Z,CAL FIRE San Diego Unit,San Diego,off Old Hwy 395 and I-15 in the Deer Springs area ,380,-117.162,33.312,ebea3cc2-c0ad-4de2-829a-0b544183461b,https://www.fire.ca.gov/incidents/2014/5/14/highway-fire/,2014-05-15T18:30:00Z,5/15/2014,5/14/2014
Fiddler Fire,2014-05-15T11:30:00Z,2014-05-14T14:00:00Z,CAL FIRE Shasta-Trinity Unit,Shasta,Off Perla Rd & Fiddlers Rd in Igo,50,-122.721,40.39,2c241790-d062-4b15-9a25-8e511c0febab,https://www.fire.ca.gov/incidents/2014/5/14/fiddler-fire/,2014-05-15T11:30:00Z,5/15/2014,5/14/2014
Cocos Fire,2014-05-22T18:15:00Z,2014-05-14T16:00:00Z,San Marcos Fire / CAL FIRE San Diego Unit / Elfin Forest Fire Dept,San Diego,"Village Drive and Twin Oaks Road, San Marcos",1995,-117.1599,33.1137,1b1cba8f-7893-4eea-82d9-dc78663fd911,https://www.fire.ca.gov/incidents/2014/5/14/cocos-fire/,2014-05-22T18:15:00Z,5/22/2014,5/14/2014
Poinsettia Fire,2014-05-17T00:00:00Z,2014-05-14T10:30:00Z,Carlsbad Fire Department,San Diego,off Poinsettia Ln & Alicante Rd in Carlsbad,600,-117.279,33.1109,cc18296d-573a-4737-8e4e-1221d75d1e7b,https://www.fire.ca.gov/incidents/2014/5/14/poinsettia-fire/,2014-05-17T00:00:00Z,5/17/2014,5/14/2014
Indian Fire,2014-05-26T08:45:00Z,2014-05-25T12:20:00Z,CAL FIRE Sonoma-Lake-Napa Unit,Lake,"Near Indian Valley Reservoir, East of Clearlake Oaks",175,-122.5983,39.1647,b454456c-1fa9-4766-b179-6df36b4d844b,https://www.fire.ca.gov/incidents/2014/5/25/indian-fire/,2014-05-26T08:45:00Z,5/26/2014,5/25/2014
59 Fire,2022-10-24T11:30:50Z,2014-06-04T11:45:00Z,CAL FIRE Tuolumne-Calaveras Unit,Tuolumne,"near Bonds Flat Rd & La Grange Rd (J59), west of Don Pedro Reservoir",402,-120.45087,37.76617,1a0bbf7e-7f9b-4359-9c91-85dec2e2869a,https://www.fire.ca.gov/incidents/2014/6/4/59-fire/,2014-06-05T20:00:00Z,6/5/2014,6/4/2014
Hetch Hetchy Fire,2014-06-06T09:30:00Z,2014-06-05T13:04:00Z,CAL FIRE Tuolumne-Calaveras Unit,Tuolumne,"off La Grange Rd (J59) at Hetch Hetchy power lines, northwest shore of Don Pedro Reservoir",269,-120.452,37.787,b5d32131-cf00-4e34-9e08-b74d68a3174f,https://www.fire.ca.gov/incidents/2014/6/5/hetch-hetchy-fire/,2014-06-06T09:30:00Z,6/6/2014,6/5/2014
Hall Fire,2014-06-09T19:15:00Z,2014-06-11T07:30:00Z,CAL FIRE Fresno-Kings Unit,Fresno,near Hwy 180 & Hall Lane near Squaw Valley,25,-119.241493,36.742747,ccc2ec2b-4941-4bbd-ae60-be6706d97f13,https://www.fire.ca.gov/incidents/2014/6/11/hall-fire/,2014-06-09T19:15:00Z,6/9/2014,6/11/2014
Morgan Fire,2014-06-11T07:30:00Z,2014-06-09T15:15:00Z,CAL FIRE Fresno-Kings Unit,Fresno,"near the 16,000 block of Highway 168 near Prather",40,-119.525506,36.991825,857e832f-17bd-4ad2-8789-99b003187049,https://www.fire.ca.gov/incidents/2014/6/9/morgan-fire/,2014-06-11T07:30:00Z,6/11/2014,6/9/2014
Norman Fire,2014-06-13T08:00:00Z,2014-06-12T14:29:00Z,CAL FIRE Sonoma-Lake-Napa Unit,Solano,"off Rolling Hills Lane, north of Vacaville ",70,38.453,121.999,45cf54ae-c166-4f81-816f-2e0ef959a56e,https://www.fire.ca.gov/incidents/2014/6/12/norman-fire/,2014-06-13T08:00:00Z,6/13/2014,6/12/2014
Haigh Fire,2014-06-13T18:30:00Z,2014-06-10T15:11:00Z,CAL FIRE Madera-Mariposa-Merced Unit,Mariposa,"Highway 49 and Haigh Rd., north of Coulterville",130,-120.197,37.7103,50567f4a-c56d-4d73-9855-f5d81fa74025,https://www.fire.ca.gov/incidents/2014/6/10/haigh-fire/,2014-06-13T18:30:00Z,6/13/2014,6/10/2014
Shirley Fire,2014-06-20T08:30:00Z,2014-06-13T17:00:00Z,Sequoia National Forest,Kern,3 Miles south of Shirley Meadows,3895,-118.555527,35.70683,8ede9823-938e-4786-97b8-a0f42b852cb2,https://www.fire.ca.gov/incidents/2014/6/13/shirley-fire/,2014-06-20T08:30:00Z,6/20/2014,6/13/2014
Tehama Fire,2014-06-13T13:50:00Z,2014-06-13T12:23:00Z,CAL FIRE Tehama-Glenn Unit,Tehama,"Rancho Tehama, southwest of Red Bluff",225,-122.345078,40.009827,724209e0-12b0-4d49-b798-8ccacf95e668,https://www.fire.ca.gov/incidents/2014/6/13/tehama-fire/,2014-06-13T13:50:00Z,6/13/2014,6/13/2014
Reed Fire,2014-06-21T19:00:00Z,2014-06-20T15:27:00Z,CAL FIRE Tuolumne Calaveras Unit,Calaveras,"off George Reed Drive and Pool Station Road, San Andreas",120,38.178241,120.679019,2b382ade-87e2-4cff-92f7-67328139d7eb,https://www.fire.ca.gov/incidents/2014/6/20/reed-fire/,2014-06-21T19:00:00Z,6/21/2014,6/20/2014
Oak Fire,2014-06-24T19:00:00Z,2014-06-22T12:37:00Z,CAL FIRE Tuolumne Calaveras Unit,Calaveras,"Oak Valley Road at Pool Station Road, south of San Andreas",85,-120.66,38.058,06ae83a9-125e-4cf5-826e-8b541b2308fd,https://www.fire.ca.gov/incidents/2014/6/22/oak-fire/,2014-06-24T19:00:00Z,6/24/2014,6/22/2014
Butts Fire,2014-07-09T18:00:00Z,2014-07-01T12:08:00Z,CAL FIRE Sonoma-Lake-Napa Unit,"Napa, Lake","Off Butts Canyon Rd in Pope Valley, northwest of Lake Berryessa",4300,-122.454,38.664,2437bb57-1d09-4892-8c26-a60661dae1d9,https://www.fire.ca.gov/incidents/2014/7/1/butts-fire/,2014-07-09T18:00:00Z,7/9/2014,7/1/2014
Bible Fire,2014-07-09T16:45:00Z,2014-07-09T14:34:00Z,CAL FIRE Amador-El Dorado Unit,El Dorado,"off Mt Aukum Rd, Somerset ",30,-120.703238,38.608336,da607cd1-32fc-44c0-bd7a-ba14ad0a14cc,https://www.fire.ca.gov/incidents/2014/7/9/bible-fire/,2014-07-09T16:45:00Z,7/9/2014,7/9/2014
Bully Fire,2022-10-24T11:33:31Z,2014-07-11T15:37:00Z,CAL FIRE Shasta-Trinity Unit,Shasta,"Plantina Road at Bland Road, Igo",12661,-122.750788,40.4314,3a1fab73-882a-478c-b289-504497db4d64,https://www.fire.ca.gov/incidents/2014/7/11/bully-fire/,2014-07-26T20:00:00Z,7/26/2014,7/11/2014
Monticello Fire,2014-07-12T18:00:00Z,2014-07-04T21:32:00Z,CAL FIRE Sonoma-Lake-Napa Unit,Yolo,"Hwy 128 at Monticello Dam, southeast shore of Lake Berryessa ",6488,-122.104,38.512,756d8f5b-bc05-4741-a5a3-3b20ca21906d,https://www.fire.ca.gov/incidents/2014/7/4/monticello-fire/,2014-07-12T18:00:00Z,7/12/2014,7/4/2014
Gulch Fire,2014-07-07T07:00:00Z,2014-07-03T15:46:00Z,CAL FIRE Lassen-Modoc Unit / Modoc National Forest,Modoc,"Off highway 139, 15 miles north of Canby - The fire is burning on the east side of Hwy 139",1469,-120.904,41.489,00089805-cdee-4607-8b67-1653bee463bc,https://www.fire.ca.gov/incidents/2014/7/3/gulch-fire/,2014-07-07T07:00:00Z,7/7/2014,7/3/2014
Modoc Lightning Complex,2014-07-03T10:30:00Z,2014-07-01T19:00:00Z,Modoc National Forest,Modoc,15 fires across the Modoc National Forest,1651,-120.79,41.89,8f48a8a9-facf-49e8-92dc-ea1147e53792,https://www.fire.ca.gov/incidents/2014/7/1/modoc-lightning-complex/,2014-07-03T10:30:00Z,7/3/2014,7/1/2014
West Fire,2014-07-03T10:45:00Z,2014-07-01T03:45:00Z,Shasta - Trinity National Forest,Trinity,near the Trinity Pines community,15,-123.24,40.41,62c2a563-1768-4c94-ac71-694a553cfdf8,https://www.fire.ca.gov/incidents/2014/7/1/west-fire/,2014-07-03T10:45:00Z,7/3/2014,7/1/2014
Banner Fire,2014-07-06T09:15:00Z,2014-07-03T10:43:00Z,CAL FIRE San Diego Unit,San Diego,"Banner Grade, east of Julian",217,-116.576454,33.078948,d2623c2c-ff3d-419e-a129-b3aa542c05c4,https://www.fire.ca.gov/incidents/2014/7/3/banner-fire/,2014-07-06T09:15:00Z,7/6/2014,7/3/2014
Marsh Fire,2014-07-12T18:00:00Z,2014-07-11T21:57:00Z,CAL FIRE Santa Clara Unit,Contra Costa,"off Marsh Creek Rd., near Aspara Drive, east of Clayton",80,-121.5118,37.5359,dc1a83b0-500c-440f-85d7-7090884f5487,https://www.fire.ca.gov/incidents/2014/7/11/marsh-fire/,2014-07-12T18:00:00Z,7/12/2014,7/11/2014
Cassel Fire,2014-07-08T18:30:00Z,2014-07-05T18:44:00Z,CAL FIRE Shasta-Trinity Unit,Shasta,"Off Cassel Road at Thrush Road, in Cassel",75,-121.3415,40.5719,0bc42201-27c2-4b3d-a329-ce44bc1261d9,https://www.fire.ca.gov/incidents/2014/7/5/cassel-fire/,2014-07-08T18:30:00Z,7/8/2014,7/5/2014
Interlake Fire,2014-07-08T18:30:00Z,2014-07-07T16:12:00Z,CAL FIRE San Benito-Monterey Unit,San Luis Obispo,along Interlake Road between Monterey & San Luis Obispo County,47,-121.0226,35.8218,1df51ee3-c15a-4266-bf3d-d52272189cff,https://www.fire.ca.gov/incidents/2014/7/7/interlake-fire/,2014-07-08T18:30:00Z,7/8/2014,7/7/2014
Hutto Fire,2014-07-08T06:56:00Z,2014-07-07T16:35:00Z,CAL FIRE Nevada-Yuba-Placer,Nevada,on Hutto Rd & Keller Rd in Smartsville,38,-121.2687,39.1871,61506ea2-3f16-4aa6-ba54-d7788c3a2b35,https://www.fire.ca.gov/incidents/2014/7/7/hutto-fire/,2014-07-08T06:56:00Z,7/8/2014,7/7/2014
Dry Fire,2014-07-10T07:30:00Z,2014-07-09T13:45:00Z,CAL FIRE Shasta-Trinity Unit,Shasta,"off Hwy 299 & Dry Creek Rd, east of Bella Vista",143,-122.2215,40.6569,dcbc7afb-cdef-49a3-822e-20bbaa86a5d0,https://www.fire.ca.gov/incidents/2014/7/9/dry-fire/,2014-07-10T07:30:00Z,7/10/2014,7/9/2014
Nicolls Fire ,2014-07-21T14:45:00Z,2014-07-11T13:46:00Z,Sequoia National Forest,Kern,Kelso Valley/Onyx area,1680,-118.15,35.642,45abd556-f41f-4507-91a5-1cf2f751bb4c,https://www.fire.ca.gov/incidents/2014/7/11/nicolls-fire/,2014-07-21T14:45:00Z,7/21/2014,7/11/2014
Wildlife Fire,2014-07-16T08:00:00Z,2014-07-14T18:00:00Z,CAL FIRE Butte Unit,Butte,"Wildlife Area - Larkin Road, west of Oroville<br><br>Road Closures: None, the Wildlife area north of the Afterbay Outlet is closed to the public.",72,-121.6129,39.4664,9c21bb74-e919-403c-8a43-05f561669e4e,https://www.fire.ca.gov/incidents/2014/7/14/wildlife-fire/,2014-07-16T08:00:00Z,7/16/2014,7/14/2014
Sand Fire,2022-10-24T11:28:11Z,2014-07-25T16:34:00Z,CAL FIRE Amador-El Dorado Unit,"Amador, El Dorado","East of Highway 49, 5 miles north of Plymouth",4240,-120.7819,38.5691,4d07ccc3-32be-4a1d-acac-18333884c97d,https://www.fire.ca.gov/incidents/2014/7/25/sand-fire/,2014-08-02T19:15:00Z,8/2/2014,7/25/2014
Bald Fire,2014-08-15T14:00:00Z,2014-07-30T20:15:00Z,CAL FIRE Lassen-Modoc Unit / USFS - Lassen National Forest,Shasta,8 miles southeast of Fall River Mills,39736,-121.368,40.901,045a1a18-72e4-4579-b64c-f34b33a1031b,https://www.fire.ca.gov/incidents/2014/7/30/bald-fire/,2014-08-15T14:00:00Z,8/15/2014,7/30/2014
Day Fire,2022-10-24T11:28:26Z,2014-07-30T19:01:00Z,CAL FIRE Lassen-Modoc Unit,Modoc,North of the community of Day,13153,-121.2144,41.1336,e3b7143d-6faa-4962-9fe5-c2d1559c5d20,https://www.fire.ca.gov/incidents/2014/7/30/day-fire/,2014-08-13T07:00:00Z,8/13/2014,7/30/2014
Oregon Gulch Fire (part of the Beaver Complex),2014-08-18T09:45:00Z,2014-07-30T23:00:00Z,CAL FIRE Siskiyou Unit / Oregon Dept. of Forestry / Oregon Office of The State Fire Marshal,Siskiyou,"Community of Copco, South of Oregon Border",35302,-122.345,42.048,3b2609f0-b3a2-493c-bf66-c5b5f64409f8,https://www.fire.ca.gov/incidents/2014/7/30/oregon-gulch-fire-part-of-the-beaver-complex/,2014-08-18T09:45:00Z,8/18/2014,7/30/2014
Eiler Fire,2014-08-25T10:00:00Z,2014-07-31T18:04:00Z,CAL FIRE / USFS - Lassen National Forest,Shasta,12 miles southeast of Burney near Old Station,32416,-121.562,40.72,60ea04ec-5f5e-4a49-8fbc-fa50c17a1199,https://www.fire.ca.gov/incidents/2014/7/31/eiler-fire/,2014-08-25T10:00:00Z,8/25/2014,7/31/2014
Coffee Fire,2014-11-14T13:00:00Z,2014-07-30T20:30:00Z,US Forest Service - Shasta Trinity National Forest,Shasta,East Fork of the Coffee Creek Drainage,6258,-122.805,41.141,9d3fb01e-c29e-436a-82f8-c110a0b35179,https://www.fire.ca.gov/incidents/2014/7/30/coffee-fire/,2014-11-14T13:00:00Z,11/14/2014,7/30/2014
Little Deer Fire,2014-08-18T10:00:00Z,2014-07-31T17:45:00Z,CAL FIRE Siskiyou Unit / USFS-Klamath National Forest,Siskiyou,near Little Deer Mountain along Highway 97,5503,-122.127,41.682,59a31adf-4f31-4bf6-a6c6-fe62d2d2587f,https://www.fire.ca.gov/incidents/2014/7/31/little-deer-fire/,2014-08-18T10:00:00Z,8/18/2014,7/31/2014
Leopard Fire,2014-08-29T13:15:00Z,2014-08-29T12:21:00Z,CAL FIRE Shasta-Trinity Unit,Shasta,"Hyrax Road at Dersch Road, east of Redding",25,29.24,40,952443ab-3af0-431d-9040-c73a45925401,https://www.fire.ca.gov/incidents/2014/8/29/leopard-fire/,2014-08-29T13:15:00Z,8/29/2014,8/29/2014
Pines Fire,2014-12-12T13:45:00Z,2014-08-26T16:23:00Z,USFS - Sierra National Forest,Madera,Malum Ridge Road near Bass Lake,10,18.4,37,a2da7754-e907-48f2-a023-0a3053cf2903,https://www.fire.ca.gov/incidents/2014/8/26/pines-fire/,2014-12-12T13:45:00Z,12/12/2014,8/26/2014
Junction Fire,2022-10-24T11:28:42Z,2014-08-18T13:50:00Z,CAL FIRE Madera-Mariposa-Merced Unit,Madera,"off Road 425A, near the Hwy 41 and Hwy 49 junction in Oakhurst",612,-119.6581,37.3433,58e7e466-8807-404e-9ef6-5a6ae11a0084,https://www.fire.ca.gov/incidents/2014/8/18/junction-fire/,2014-08-25T08:25:00Z,8/25/2014,8/18/2014
Little Fire,2014-08-13T06:15:00Z,2014-08-12T15:00:00Z,US Forest Service - Modoc National Forest ,Modoc,"Northeast of Mud Springs, 9 miles South of Tionesta",101,-121.266,41.507,91669a3c-d533-4eaa-a8d7-505d55f89e46,https://www.fire.ca.gov/incidents/2014/8/12/little-fire/,2014-08-13T06:15:00Z,8/13/2014,8/12/2014
Happy Camp Complex,2014-08-14T09:30:00Z,2014-08-11T22:00:00Z,US Forest Service - Klamath National Forest,Siskiyou,in the Happy Camp area,0,-123.374,41.796,da500577-e558-4446-832f-0e537cc55204,https://www.fire.ca.gov/incidents/2014/8/11/happy-camp-complex/,2014-08-14T09:30:00Z,8/14/2014,8/11/2014
Border Fire,2014-08-17T07:45:00Z,2014-08-16T16:22:00Z,CAL FIRE San Diego Unit,San Diego,on Kuebler Ranch near Otay Mountain,20,-116.89516,32.59154,64812487-ac4c-40da-b069-2884d7a04675,https://www.fire.ca.gov/incidents/2014/8/16/border-fire/,2014-08-17T07:45:00Z,8/17/2014,8/16/2014
Shoemaker Fire,2014-12-12T14:00:00Z,2014-08-14T12:48:00Z,US Forest Service - Angeles National Forest,Los Angeles,"upper end of East Fork San Gabriel River, North of Glendora",190,-117.771,34.235,accb599e-35b8-4d5e-8d13-d0e4b0e4a1eb,https://www.fire.ca.gov/incidents/2014/8/14/shoemaker-fire/,2014-12-12T14:00:00Z,12/12/2014,8/14/2014
Tecolote Fire,2014-12-12T13:30:00Z,2014-08-17T14:30:00Z,US Forest Service - Angeles National Forest,Los Angeles,"18 miles north of Glendora, off Highway 39 and mile marker 28.",274,-117.867,34.267,d805c9b9-da39-4771-965f-b3cd4c37c84b,https://www.fire.ca.gov/incidents/2014/8/17/tecolote-fire/,2014-12-12T13:30:00Z,12/12/2014,8/17/2014
Boca Fire,2014-08-19T16:45:00Z,2014-08-18T10:00:00Z,US Forest Service - Tahoe National Forest,Nevada,"off Interstate 80 at Hirschdale, east of Truckee ",84,-120.0805,39.3918,605ac5e1-9903-45ba-872d-3d9c437457d7,https://www.fire.ca.gov/incidents/2014/8/18/boca-fire/,2014-08-19T16:45:00Z,8/19/2014,8/18/2014
Way Fire,2014-08-27T18:00:00Z,2014-08-18T14:30:00Z,Kern County Fire / Sequoia National Forest ,Kern,"north side of Hwy 155, northwest of Wofford Heights",4045,-118.4747,35.7206,4b281a55-65b6-43e8-bab2-3689356d82e5,https://www.fire.ca.gov/incidents/2014/8/18/way-fire/,2014-08-27T18:00:00Z,8/27/2014,8/18/2014
Oregon Fire,2022-10-24T11:32:37Z,2014-08-24T16:36:00Z,CAL FIRE Shasta-Trinity Unit,Trinity,"off Hwy 299 at Oregon Mountain Summit, near Weaverville",461,-122.946,40.7412,3b954901-aa80-4894-b330-c287d47b68be,https://www.fire.ca.gov/incidents/2014/8/24/oregon-fire/,2014-08-28T19:00:00Z,8/28/2014,8/24/2014
Gulch Fire,2022-10-24T11:33:11Z,2014-09-10T08:30:00Z,CAL FIRE Shasta-Trinity Unit,Shasta,"On Backbone Ridge, east of Bella Vista, 15 miles northeast of Redding",1375,-122.171,40.7101,b22e378f-bfbc-40b8-aaa7-29ec6db13db1,https://www.fire.ca.gov/incidents/2014/9/10/gulch-fire/,2014-09-16T09:30:00Z,9/16/2014,9/10/2014
Jackson Fire,2014-09-05T09:15:00Z,2014-09-04T11:51:00Z,CAL FIRE Tuolumne Caleveras Unit,Tuolumne,Hwy 49 & Jacksonville Rd near the community of Moccasin,70,-120.3434,37.8316,726710bb-32d4-46bf-9729-7f3396defcf0,https://www.fire.ca.gov/incidents/2014/9/4/jackson-fire/,2014-09-05T09:15:00Z,9/5/2014,9/4/2014
Bald Hill 3 Fire,2014-09-15T11:00:00Z,2014-09-12T15:00:00Z,Six Rivers National Forest,Humboldt,1 mile northwest of Hoopa,210,-123.753,41.134,d4523b72-45cf-4de2-8ccf-3905f1dc8dbd,https://www.fire.ca.gov/incidents/2014/9/12/bald-hill-3-fire/,2014-09-15T11:00:00Z,9/15/2014,9/12/2014
Stage Coach Fire,2014-09-15T14:20:00Z,2014-09-11T15:14:00Z,CAL FIRE Sonoma-Lake-Napa Unit,Napa,"Berryessa Estates, North of Lake Berryessa",27,-122.384054,38.695961,7e564dd5-1d4e-4999-8aea-93691ad314ac,https://www.fire.ca.gov/incidents/2014/9/11/stage-coach-fire/,2014-09-15T14:20:00Z,9/15/2014,9/11/2014
Dog Rock Fire,2014-10-12T18:00:00Z,2014-10-07T15:05:00Z,Yosemite National Park,Mariposa,"Hwy 140 at Indian Creek, El Portal Community",311,40.34,37,ba17d495-8ce6-4a0f-a3ba-487bd877969e,https://www.fire.ca.gov/incidents/2014/10/7/dog-rock-fire/,2014-10-12T18:00:00Z,10/12/2014,10/7/2014
King Fire,2014-10-09T17:20:00Z,2014-09-13T16:32:00Z,CAL FIRE / USFS - El Dorado National Forest,El Dorado,Near Pollock Pines,97717,-120.629714,38.805437,3df6ecf7-f095-483d-b1c4-2dc969d61261,https://www.fire.ca.gov/incidents/2014/9/13/king-fire/,2014-10-09T17:20:00Z,10/9/2014,9/13/2014
Stephens Fire,2015-03-02T09:00:00Z,2015-02-24T12:15:00Z,Shasta-Trinity National Forest,Siskiyou,"Approx. 18 miles northeast of McCloud, just south of Horse Peak",200,-121.851,41.485,b3062936-6b2f-4177-b3f6-0fc288049339,https://www.fire.ca.gov/incidents/2015/2/24/stephens-fire/,2015-03-02T09:00:00Z,3/2/2015,2/24/2015
Silverado Fire,2014-09-22T15:00:00Z,2014-09-12T10:30:00Z,US Forest Service - Cleveland National Forest,Orange,off of Silverado Canyon Road south of Corona,968,-117.601,33.748,568ea489-caa1-43c3-928a-9d0b836c0c54,https://www.fire.ca.gov/incidents/2014/9/12/silverado-fire/,2014-09-22T15:00:00Z,9/22/2014,9/12/2014
Dog Bar Fire,2014-09-18T18:45:00Z,2014-09-13T14:07:00Z,CAL FIRE Nevada-Yuba-Placer Unit,Nevada,Off Dog Bar Rd & Taylor Crossing Rd near Alta Sierra,247,-120.999508,39.113682,a794ecf9-2e8d-4721-a272-a3e66d2e7621,https://www.fire.ca.gov/incidents/2014/9/13/dog-bar-fire/,2014-09-18T18:45:00Z,9/18/2014,9/13/2014
Courtney Fire,2022-10-24T11:29:00Z,2014-09-14T13:36:00Z,CAL FIRE Madera-Mariposa-Merced Unit,Madera,"Courtney Lane and 7 Hills Rd, Oakhurst",320,-119.604124,37.311915,614efdbb-937e-47a0-9ffd-919e5e0de436,https://www.fire.ca.gov/incidents/2014/9/14/courtney-fire/,2014-09-22T07:15:00Z,9/22/2014,9/14/2014
Boles Fire,2014-10-11T18:50:00Z,2014-09-15T13:38:00Z,CAL FIRE Siskiyou Unit,Siskiyou,City of Weed,516,-122.37432,41.42384,ad164a35-8b27-4f96-b78e-952b08a333e8,https://www.fire.ca.gov/incidents/2014/9/15/boles-fire/,2014-10-11T18:50:00Z,10/11/2014,9/15/2014
Bane Fire,2014-10-17T18:15:00Z,2014-10-16T14:34:00Z,CAL FIRE San Bernardino Unit / Chino Valley Fire District,San Bernardino,in Chino Hills State Park near the Bane Canyon entrance,48,-117.70643,33.93869,f5552e75-f74c-4bc0-99b8-6c66ee8cde3d,https://www.fire.ca.gov/incidents/2014/10/16/bane-fire/,2014-10-17T18:15:00Z,10/17/2014,10/16/2014
Irene Fire,2014-09-17T18:45:00Z,2014-09-14T09:15:00Z,US Forest Service - El Dorado National Forest,El Dorado,Mokelumne Wilderness,94,-120.028,38.59,7e60b4f7-8497-4155-9879-a3198b2ce696,https://www.fire.ca.gov/incidents/2014/9/14/irene-fire/,2014-09-17T18:45:00Z,9/17/2014,9/14/2014
Cascade Fire,2014-09-25T07:27:00Z,2014-09-25T18:00:00Z,US Forest Service - Lake Tahoe Basin Management Unit,El Dorado,"Desolation Wilderness, 8 miles west of South Lake Tahoe",20,-120.1140659,38.9195001,0b2d503c-7bd5-45e7-b029-61306ae6e7c0,https://www.fire.ca.gov/incidents/2014/9/25/cascade-fire/,2014-09-25T07:27:00Z,9/25/2014,9/25/2014
Otay Fire,2015-06-26T22:15:00Z,2015-06-26T16:06:00Z,CAL FIRE San Diego Unit / Chula Vista Fire Department,San Diego,off Otay Lakes Road and Woods Drive in Chula Vista,80,-116.9454387,32.6449163,45a0a39f-b4b0-409c-9057-0942c567b7c3,https://www.fire.ca.gov/incidents/2015/6/26/otay-fire/,2015-06-26T22:15:00Z,6/26/2015,6/26/2015
Ward Fire,2015-04-18T23:50:00Z,2015-04-13T05:30:00Z,**This was NOT a CAL FIRE Incident. Click this link for more information from the US Forest Service  ,Plumas,East of Taylorsville,137,-120.7016667,40.05083333,84cb525c-7a90-4d31-8d55-d9729c05b286,https://www.fire.ca.gov/incidents/2015/4/13/ward-fire/,2015-04-18T23:50:00Z,4/18/2015,4/13/2015
Highway Fire,2015-04-24T07:30:00Z,2015-04-18T18:12:00Z,CAL FIRE/Riverside County Fire,Riverside,at Hwy 71/Hwy 91 near the Prado Basin,1049,-117.642759,33.884313,8e3c0b14-01e5-4c41-8641-ff987ac10ad9,https://www.fire.ca.gov/incidents/2015/4/18/highway-fire/,2015-04-24T07:30:00Z,4/24/2015,4/18/2015
Forebay Fire,2022-10-24T11:22:02Z,2015-05-11T10:26:00Z,CAL FIRE Madera-Mariposa-Merced Unit,Merced,off Hwy 152 near the O’Neill Forebay ,692,-121.06963,37.08312,316804d6-471a-4c73-8b05-89b8abc8eeac,https://www.fire.ca.gov/incidents/2015/5/11/forebay-fire/,2015-05-11T12:15:00Z,5/11/2015,5/11/2015
Bald Fire,2015-06-11T18:15:00Z,2015-06-10T07:42:00Z,CAL FIRE Humboldt-Del Norte Unit ,Humboldt,"off Bald Hills Rd, 15 miles east of Hwy 101 & Orick ",20,-123.8292,41.1513,ccd896f2-f071-4d26-ba9b-f413de4d6b77,https://www.fire.ca.gov/incidents/2015/6/10/bald-fire/,2015-06-11T18:15:00Z,6/11/2015,6/10/2015
Saddle Fire ,2015-06-29T09:00:00Z,2015-06-10T15:00:00Z,USFS Shasta-Trinity National Forest ,Trinity,4 miles northwest of Hyampom,1542,-123.168,40.924,2aae391b-7b00-47d9-ba73-d71ad706bdad,https://www.fire.ca.gov/incidents/2015/6/10/saddle-fire/,2015-06-29T09:00:00Z,6/29/2015,6/10/2015
Pass Fire,2015-06-15T18:45:00Z,2015-06-15T15:46:00Z,Kern County Fire,Kern,Off of Hwy 41 near Cottonwood Pass,67,-120.19482,35.77937,17b99f78-78b8-4bd1-90fc-5d9c3cb61b95,https://www.fire.ca.gov/incidents/2015/6/15/pass-fire/,2015-06-15T18:45:00Z,6/15/2015,6/15/2015
Chiles Fire,2015-06-17T13:10:00Z,2015-06-16T14:27:00Z,CAL FIRE Sonoma-Lake-Napa Unit,Napa,"Chiles Pope Valley Rd. & Lower Chiles Valley Rd., East of St. Helena",38,-122.3415,38.5287,e3272697-2587-45ac-b525-76b85fabaa90,https://www.fire.ca.gov/incidents/2015/6/16/chiles-fire/,2015-06-17T13:10:00Z,6/17/2015,6/16/2015
North Fire,2015-06-17T06:45:00Z,2015-06-16T16:42:00Z,CAL FIRE Amador-El Dorado Unit,Amador,"Dry Creek and E Prouty Rd, west of Herald",60,-121.135426,38.260777,e2077d05-1f06-4939-8857-9f630a4b722e,https://www.fire.ca.gov/incidents/2015/6/16/north-fire/,2015-06-17T06:45:00Z,6/17/2015,6/16/2015
Fork Fire,2015-06-17T18:30:00Z,2015-06-17T12:50:00Z,CAL FIRE Tehama-Glenn Unit,Tehama,"Off Lowery Rd, north of Paskenta",55,-122.552,40.0133,7934d7bb-15e1-4217-8fa1-552e4f3d8091,https://www.fire.ca.gov/incidents/2015/6/17/fork-fire/,2015-06-17T18:30:00Z,6/17/2015,6/17/2015
Wildcat Fire,2015-06-19T17:45:00Z,2015-06-17T17:03:00Z,CAL FIRE San Diego Unit,San Diego,"Wildcat Canyon Rd and Barona Rd, east of Fernbrook",171,-116.8534,32.9421,fc2ea6bf-e925-49f9-8390-9997c01b612d,https://www.fire.ca.gov/incidents/2015/6/17/wildcat-fire/,2015-06-19T17:45:00Z,6/19/2015,6/17/2015
Lake Fire,2015-08-01T22:15:00Z,2015-06-17T15:52:00Z,CAL FIRE / San Bernardino National Forest / San Bernardino County Fire/ San Bernardino County Sheriffs,San Bernardino,"Off Hwy 38, south of Big Bear Lake",31359,-116.8927778,34.16027778,17616590-ce26-4c73-bf81-70d338d027ce,https://www.fire.ca.gov/incidents/2015/6/17/lake-fire/,2015-08-01T22:15:00Z,8/1/2015,6/17/2015
Cook Fire,2015-06-22T11:45:00Z,2015-06-18T13:07:00Z,CAL FIRE Nevada-Yuba-Placer Unit,Yuba,"UC Field Station, Scott Forbes Road",158,-121.26471,39.2688,b5fa450f-9b84-4d90-9956-bda9dfe32f28,https://www.fire.ca.gov/incidents/2015/6/18/cook-fire/,2015-06-22T11:45:00Z,6/22/2015,6/18/2015
Corrine Fire,2022-10-24T11:16:25Z,2015-06-18T21:00:00Z,CAL FIRE Madera-Mariposa-Merced Unit,Madera,"Road 222 and Tunoi Place, north of Auberry",920,-119.523943,37.165767,fa8ba2dd-c9f7-454a-870b-1b39c0d8b31a,https://www.fire.ca.gov/incidents/2015/6/18/corrine-fire/,2015-06-25T18:45:00Z,6/25/2015,6/18/2015
Red Fire,2015-06-23T18:25:00Z,2015-06-21T12:08:00Z,CAL FIRE Madera-Mariposa-Merced Unit,Madera,"Red Tail Road and Road 211, south of O'Neal",135,-119.6958,37.072561,0f537c6f-8a74-48f4-9fbf-ad00942ffba0,https://www.fire.ca.gov/incidents/2015/6/21/red-fire/,2015-06-23T18:25:00Z,6/23/2015,6/21/2015
Dixie Fire,2019-07-01T13:08:42Z,2015-06-19T16:15:00Z,CAL FIRE Lassen-Modoc Unit,Lassen,"Dixie Valley, south of Bieber",60,-121.033667,40.875667,1ca8b1e7-5590-448b-86ba-6dfa4937baa6,https://www.fire.ca.gov/incidents/2015/6/19/dixie-fire/,2015-06-20T19:35:00Z,6/20/2015,6/19/2015
Washington Fire,2015-06-22T12:05:00Z,2015-06-19T19:00:00Z,US Forest Service - Humboldt - Toiyabe National Forest,Alpine,south of Markleeville,0,-119.751944,38.598056,470d19d4-384d-497a-9770-cd2e2a3f3196,https://www.fire.ca.gov/incidents/2015/6/19/washington-fire/,2015-06-22T12:05:00Z,6/22/2015,6/19/2015
Calgrove Fire ,2015-06-26T17:00:00Z,2015-06-24T13:22:00Z,Los Angeles County Fire ,Los Angeles,"Southbound Interstate 5, North of Calgrove, Santa Clarita ",415,-118.535793,34.361007,e61d1b0b-4f19-460a-a6ac-e83a6e0a05a9,https://www.fire.ca.gov/incidents/2015/6/24/calgrove-fire/,2015-06-26T17:00:00Z,6/26/2015,6/24/2015
Sterling Fire,2015-06-29T09:00:00Z,2015-06-25T18:30:00Z,San Bernardino National Forest,San Bernardino,Sterling Avenue x Foothill Drive East,100,-117.243878,34.165974,ff28ce24-a13b-4903-85de-faec825de35b,https://www.fire.ca.gov/incidents/2015/6/25/sterling-fire/,2015-06-29T09:00:00Z,6/29/2015,6/25/2015
Pleasure Fire,2015-06-28T18:00:00Z,2015-06-27T12:51:00Z,CAL FIRE Sonoma-Lake-Napa Unit,Napa,"Steele Canyon Rd. and Headlands Dr., Lake Berryessa",19,-122.181878,38.519132,7c98e8db-6a6a-4f66-bfe7-7d24e926c986,https://www.fire.ca.gov/incidents/2015/6/27/pleasure-fire/,2015-06-28T18:00:00Z,6/28/2015,6/27/2015
Covelo Fire,2015-06-29T07:15:00Z,2015-06-28T13:30:00Z,CAL FIRE Mendocino Unit,Mendocino,"off Highway 162 and Cemetery Lane, Covelo",35,-123.248214,39.7806004,56dc8f9c-98e5-4aad-b3e9-bbee503b29e9,https://www.fire.ca.gov/incidents/2015/6/28/covelo-fire/,2015-06-29T07:15:00Z,6/29/2015,6/28/2015
Black Fire,2015-07-04T20:15:00Z,2015-07-04T16:33:00Z,CAL FIRE Tehama-Glenn Unit,Tehama,"off Black Butte Rd, near Black Butte Lake",170,-122.3638,39.8448,8d5b00c1-0ec0-43bb-a03e-822d5fe2af52,https://www.fire.ca.gov/incidents/2015/7/4/black-fire/,2015-07-04T20:15:00Z,7/4/2015,7/4/2015
Soda Fire,2015-07-05T09:00:00Z,2015-07-04T15:30:00Z,CAL FIRE Mendocino Unit,Mendocino,"off Hwy 253, 4 miles northeast of Boonville (Mendocino County).",23,-123.303,39.0263,58dda3b8-3643-4f73-bee0-0a4cae0cb079,https://www.fire.ca.gov/incidents/2015/7/4/soda-fire/,2015-07-05T09:00:00Z,7/5/2015,7/4/2015
Sky Fire,2015-07-08T20:45:00Z,2015-07-06T10:47:00Z,CAL FIRE Sonoma-Lake-Napa,Solano,"Mix Canyon Rd & Sky Ranch Road, northwest of Vacaville",150,-122.0789,38.4113,28b81794-bb66-466e-b9dc-337c47be5678,https://www.fire.ca.gov/incidents/2015/7/6/sky-fire/,2015-07-08T20:45:00Z,7/8/2015,7/6/2015
Ascot Fire,2015-07-10T17:00:00Z,2015-07-10T13:36:00Z,CAL FIRE Sonoma-Lake-Napa Unit,Solano,Lake Herman Rd and Sky Valley Rd,40,-122.1578,38.1029,dff0f39c-bed4-4910-9c22-d9ccd4142809,https://www.fire.ca.gov/incidents/2015/7/10/ascot-fire/,2015-07-10T17:00:00Z,7/10/2015,7/10/2015
Keswick Fire,2015-07-08T16:30:00Z,2015-07-07T12:34:00Z,CAL FIRE Shasta-Trinity Unit,Shasta,"Middle Creek Road, north of Hwy 299",18,-122.4397,40.5953,64fa2a72-b964-421d-b88f-5ac2e37647d4,https://www.fire.ca.gov/incidents/2015/7/7/keswick-fire/,2015-07-08T16:30:00Z,7/8/2015,7/7/2015
Mill 2 Fire,2015-07-21T07:20:00Z,2015-07-12T14:46:00Z,CAL FIRE San Bernardino Unit/San Bernardino National Forest ,San Bernardino,"Mill Creek Rd and Bryant St, east of Mentone",54,-117.0487863,34.0783472,c8fb2c4c-2275-4ad1-aef3-859e332a1a47,https://www.fire.ca.gov/incidents/2015/7/12/mill-2-fire/,2015-07-21T07:20:00Z,7/21/2015,7/12/2015
Deer Fire,2015-07-15T07:00:00Z,2015-07-10T12:41:00Z,CAL FIRE San Luis Obispo Unit,San Luis Obispo,southwest of Lake Nacimiento ,95,-121.0157,35.7183,598a3d54-ce60-466e-b44f-0e7c8f9e4ff5,https://www.fire.ca.gov/incidents/2015/7/10/deer-fire/,2015-07-15T07:00:00Z,7/15/2015,7/10/2015
Spider Fire,2015-07-12T19:48:00Z,2015-07-12T13:52:00Z,CAL FIRE Riverside County Fire,Riverside,"San Timoteo Canyon Rd and Redlands Blvd, northeast of Moreno Valley",21,-117.43942,33.986204,48284911-67cd-4394-8aad-053d3b2cf5db,https://www.fire.ca.gov/incidents/2015/7/12/spider-fire/,2015-07-12T19:48:00Z,7/12/2015,7/12/2015
241 Fire,2015-07-15T18:45:00Z,2015-07-13T10:47:00Z,Orange County Fire Authority,Orange,"Hwy 241, south of Santiago Canyon Rd, near Irvine Lake (Orange County)",214,-117.7274,33.7626,ca7da36b-1951-4d52-92b2-1a0b04aab586,https://www.fire.ca.gov/incidents/2015/7/13/241-fire/,2015-07-15T18:45:00Z,7/15/2015,7/13/2015
Cooley Fire,2015-07-14T08:30:00Z,2015-07-13T17:56:00Z,CAL FIRE Siskiyou Unit ,Siskiyou,5 miles North of the community of Montague on Cooley Rd,181,-122.5029,41.8048,8b35629f-50f4-4b32-b286-ce48cb1200e7,https://www.fire.ca.gov/incidents/2015/7/13/cooley-fire/,2015-07-14T08:30:00Z,7/14/2015,7/13/2015
Lake Fire,2015-07-17T15:15:00Z,2015-07-16T11:30:00Z,CAL FIRE San Diego Unit,San Diego,"off Highway 76, near Moretti Junction, near Lake Henshaw",25,-116.73472,33.21407,98b0706c-ac34-4d9a-9ceb-55996099daed,https://www.fire.ca.gov/incidents/2015/7/16/lake-fire/,2015-07-17T15:15:00Z,7/17/2015,7/16/2015
North Fire,2015-07-21T07:00:00Z,2015-07-17T14:33:00Z,CAL FIRE San Bernardino Unit/ San Bernardino National Forest / San Bernardino County Fire ,San Bernardino,"off Interstate 15, south of Oaks Hills, in the Cajon Pass area",4250,-117.478,34.339,3d81d2e5-d6e5-4368-864b-a9e29e7e5022,https://www.fire.ca.gov/incidents/2015/7/17/north-fire/,2015-07-21T07:00:00Z,7/21/2015,7/17/2015
Pines Fire ,2015-08-04T08:15:00Z,2015-07-17T21:30:00Z,USFS - Angeles National Forest ,Los Angeles,Angeles Crest Highway (Hwy 2) north of Wrightwood and near Big Pines,200,-117.683,34.367,0c9948a7-98ad-4b42-888e-a7c2a4f536fa,https://www.fire.ca.gov/incidents/2015/7/17/pines-fire/,2015-08-04T08:15:00Z,8/4/2015,7/17/2015
Betabel Fire,2015-07-20T15:30:00Z,2015-07-20T13:23:00Z,CAL FIRE San Benito-Monterey Unit,San Benito,"off Hwy 101 between Anzar Rd & Hwy 156, in Aromas",25,-121.5681,36.8727,296fc88f-e646-4c89-9b46-3ac0f88ff910,https://www.fire.ca.gov/incidents/2015/7/20/betabel-fire/,2015-07-20T15:30:00Z,7/20/2015,7/20/2015
Triple Fire,2015-07-26T10:30:00Z,2015-07-21T12:35:00Z,CAL FIRE Tulare Unit,Tulare,"Globe Dr and Mountain Rd, Springville",430,-118.824235,36.085212,9e2f6af4-ea45-4163-b6a1-e1fe9571fda3,https://www.fire.ca.gov/incidents/2015/7/21/triple-fire/,2015-07-26T10:30:00Z,7/26/2015,7/21/2015
Dorris Fire,2015-07-22T17:00:00Z,2015-07-21T17:00:00Z,CAL FIRE Siskiyou Unit,Siskiyou,"Off Hwy 161 & Hwy 97, northeast of Dorris",24,-121.891226,41.999341,098eb80f-1ecb-489d-baef-1440fa0e98d6,https://www.fire.ca.gov/incidents/2015/7/21/dorris-fire/,2015-07-22T17:00:00Z,7/22/2015,7/21/2015
Wragg Fire,2022-10-24T11:17:51Z,2015-07-22T14:24:00Z,CAL FIRE Sonoma-Lake-Napa Unit,Napa,"Off of Hwy 128 near Greaves Rd, Lake Berryessa",8051,-122.1145,38.4994,c2279826-dc2f-4eb5-9d3b-3d03eb0b139f,https://www.fire.ca.gov/incidents/2015/7/22/wragg-fire/,2015-08-05T17:30:00Z,8/5/2015,7/22/2015
Creek Fire,2016-10-12T18:00:00Z,2016-10-10T16:13:00Z,CAL FIRE Sonoma-Lake-Napa Unit,Napa,Dry Creek Road 3 miles west of Yountville,65,-122.43172,38.40958,3135c367-1274-4cc4-9152-661f6fd7707e,https://www.fire.ca.gov/incidents/2016/10/10/creek-fire/,2016-10-12T18:00:00Z,10/12/2016,10/10/2016
Baxter Fire,2015-07-22T19:50:00Z,2015-07-22T18:17:00Z,CAL FIRE Nevada Yuba Placer Unit,Placer,"Baxter Grade Rd, 3 miles West of Auburn",26,-121.1548,38.9361,ee7ec0f0-4f5d-4fe1-b2fa-bc15f91519b3,https://www.fire.ca.gov/incidents/2015/7/22/baxter-fire/,2015-07-22T19:50:00Z,7/22/2015,7/22/2015
Kyburz Fire,2015-07-29T14:15:00Z,2015-07-23T14:00:00Z,USFS - El Dorado National Forest ,El Dorado,off Hwy 50 at White Hall Canyon Dr in Kyburz,75,-120.404,38.776,74635a69-f34f-4c6e-9e09-1a32d732bb42,https://www.fire.ca.gov/incidents/2015/7/23/kyburz-fire/,2015-07-29T14:15:00Z,7/29/2015,7/23/2015
3-11 Fire,2015-07-26T10:10:00Z,2015-07-23T16:40:00Z,CAL FIRE Lassen-Modoc Unit,Modoc,"on Splawn Mountain, northeast of Bieber",116,-121.172117,41.29226,0da79ccb-9701-4c27-8831-f10593fb8a90,https://www.fire.ca.gov/incidents/2015/7/23/3-11-fire/,2015-07-26T10:10:00Z,7/26/2015,7/23/2015
3-12 Fire,2015-07-25T22:00:00Z,2015-07-23T17:30:00Z,CAL FIRE Lassen-Modoc Unit,Modoc,"in Dixie Valley, southwest of Bieber",77,-121.101623,40.856422,12f68592-30e3-461c-b489-bc99ba52a38a,https://www.fire.ca.gov/incidents/2015/7/23/3-12-fire/,2015-07-25T22:00:00Z,7/25/2015,7/23/2015
Cutca Fire,2015-07-26T06:45:00Z,2015-07-24T16:18:00Z,USFS - Cleveland National Forest,San Diego,"On Palomar Mountain, north of the Palomar Observatory",167,-116.868611,33.383889,d7757da4-f9e1-451f-8316-26065888dfc2,https://www.fire.ca.gov/incidents/2015/7/24/cutca-fire/,2015-07-26T06:45:00Z,7/26/2015,7/24/2015
Park Fire,2015-07-25T16:05:00Z,2015-07-24T12:43:00Z,CAL FIRE San Diego Unit,San Diego,"Off of Lake Morena Drive near Lake Morena Park, north of Campo",25,-116.51684,32.682547,a80b8ab7-eba5-4ef7-9992-0cf828138f1b,https://www.fire.ca.gov/incidents/2015/7/24/park-fire/,2015-07-25T16:05:00Z,7/25/2015,7/24/2015
Lowell Fire,2022-10-24T11:18:08Z,2015-07-25T14:37:00Z,CAL FIRE Nevada-Yuba-Placer Unit,Nevada,In the Steep Hollow drainage west of Alta,2304,-120.882313,39.192088,d6b4bed4-f3d6-488a-a2fb-54c7cbfbd8b3,https://www.fire.ca.gov/incidents/2015/7/25/lowell-fire/,2015-08-12T19:15:00Z,8/12/2015,7/25/2015
Queen Fire,2015-08-01T21:45:00Z,2015-07-24T23:00:00Z,CAL FIRE Humboldt-Del Norte Unit,Humboldt,"off Hwy 169 & McKinnon Hill Rd, 5 miles southeast of Pecwan",158,-123.784067,41.295667,8be9d271-ed9c-4bc9-9c22-4eff8956ab7b,https://www.fire.ca.gov/incidents/2015/7/24/queen-fire/,2015-08-01T21:45:00Z,8/1/2015,7/24/2015
Willow Fire,2015-08-13T10:30:00Z,2015-07-25T14:30:00Z,US Forest Service - Sierra National Forest ,Madera,"off of Willow Canyon Drive and Road 274, southeast of Bass Lake",5702,-119.50014,37.279722,8650f48d-5ea2-4dfc-96d2-f0d3f300b1e4,https://www.fire.ca.gov/incidents/2015/7/25/willow-fire/,2015-08-13T10:30:00Z,8/13/2015,7/25/2015
Mark Fire,2015-08-18T07:15:00Z,2015-08-13T16:15:00Z,CAL FIRE Tuolumne Calaveras Unit,Calaveras,Marks Ranch Rd south of Angels Camp,114,-120.5577,38.052,fe668595-0980-4f41-af0c-3f14c4d391c2,https://www.fire.ca.gov/incidents/2015/8/13/mark-fire/,2015-08-18T07:15:00Z,8/18/2015,8/13/2015
Sullivan Fire,2015-07-28T15:00:00Z,2015-07-28T12:10:00Z,CAL FIRE Santa Clara Unit,Stanislaus,"Sullivan Rd and Orestimba Rd, 10 miles West of Newman",40,-121.20324,37.24523,57397ed5-93a3-4e60-9142-9a3e38164ee9,https://www.fire.ca.gov/incidents/2015/7/28/sullivan-fire/,2015-07-28T15:00:00Z,7/28/2015,7/28/2015
Buck Fire,2015-07-31T19:00:00Z,2015-07-28T17:19:00Z,CAL FIRE Humboldt-Del Norte Unit,Humboldt,off Alderpoint Road & Wallan Road near Garberville ,16,-123.774,40.1093,0a645cbe-2d5a-4e2b-80c9-cb9167641cca,https://www.fire.ca.gov/incidents/2015/7/28/buck-fire/,2015-07-31T19:00:00Z,7/31/2015,7/28/2015
Cabin Fire,2015-09-05T18:00:00Z,2015-07-19T08:00:00Z,USFS - Sequoia National Forest,Tulare,"Golden Trout Wilderness, Sequoia National Forest",6980,-118.54,36.24,c316e4c3-4455-4a12-8ecc-af75339adf8f,https://www.fire.ca.gov/incidents/2015/7/19/cabin-fire/,2015-09-05T18:00:00Z,9/5/2015,7/19/2015
Swedes Fire,2015-08-03T17:00:00Z,2015-07-29T11:25:00Z,CAL FIRE Butte Unit,Butte,"Swedes Flat Road, 3 miles north of Bangor",400,-121.38794,39.43963,7428460d-f47d-45c0-8a86-3fb653829860,https://www.fire.ca.gov/incidents/2015/7/29/swedes-fire/,2015-08-03T17:00:00Z,8/3/2015,7/29/2015
Rocky Fire,2022-10-24T11:23:08Z,2015-07-29T15:29:00Z,CAL FIRE Sonoma-Lake-Napa Unit,Lake,"near Morgan Valley Road and Rocky Creek Road, east of Clear Lake",69636,-122.4762475,38.8863538,23e85238-2966-452c-8f21-fa93a51e889b,https://www.fire.ca.gov/incidents/2015/7/29/rocky-fire/,2015-08-14T18:15:00Z,8/14/2015,7/29/2015
Mallard Fire,2015-07-31T18:40:00Z,2015-07-29T16:30:00Z,CAL FIRE Shasta-Trinity Unit,Shasta,off Mallard Way in Millville ,75,-122.199227,40.509552,259d9359-0cc2-4058-bfc2-f28ab2a540f4,https://www.fire.ca.gov/incidents/2015/7/29/mallard-fire/,2015-07-31T18:40:00Z,7/31/2015,7/29/2015
China Fire,2015-08-01T19:00:00Z,2015-07-29T17:55:00Z,CAL FIRE Shasta-Trinity Unit,Shasta,"China Gulch, Happy Valley, Southwest of Redding",212,-122.439939,40.415108,efe937e3-8b63-4495-b578-e2582fb2166d,https://www.fire.ca.gov/incidents/2015/7/29/china-fire/,2015-08-01T19:00:00Z,8/1/2015,7/29/2015
Big Creek Fire,2015-08-04T18:00:00Z,2015-07-29T16:30:00Z,CAL FIRE Tuolumne-Calaveras Unit,Tuolumne,off Hwy120 and Sprague Rd near Groveland ,204,-120.15644,37.823,55a1ec97-90fb-48df-8414-203b91adcd76,https://www.fire.ca.gov/incidents/2015/7/29/big-creek-fire/,2015-08-04T18:00:00Z,8/4/2015,7/29/2015
Tulloch Fire,2015-08-16T19:20:00Z,2015-08-15T16:11:00Z,CAL FIRE Tuolumne-Calaveras Unit,Tuolumne,"south of Hwy 108 & Tulloch Rd, south of Lake Tulloch",112,-120.61691,37.83618,72c7a5c9-82c2-44c4-8bf2-241fb36e1ee7,https://www.fire.ca.gov/incidents/2015/8/15/tulloch-fire/,2015-08-16T19:20:00Z,8/16/2015,8/15/2015
Vasco Fire,2015-07-30T16:00:00Z,2015-07-30T11:18:00Z,CAL FIRE Santa Clara Unit,Contra Costa,"Vasco Rd,  3 miles southwest of Byron",195,-121.68113,37.81629,652938d9-2f23-41d8-a49c-30b218594762,https://www.fire.ca.gov/incidents/2015/7/30/vasco-fire/,2015-07-30T16:00:00Z,7/30/2015,7/30/2015
Sprig Fire,2015-07-31T18:30:00Z,2015-07-30T12:57:00Z,CAL FIRE Shasta-Trinity Unit,Shasta,"Sprig Way and Millville Plains Rd, Millville; 10 miles southeast of Redding",90,-122.20109,40.49865,8232dfd5-eda3-4766-83ec-83365cf21d93,https://www.fire.ca.gov/incidents/2015/7/30/sprig-fire/,2015-07-31T18:30:00Z,7/31/2015,7/30/2015
Advance Fire,2015-08-05T17:45:00Z,2015-07-30T12:40:00Z,CAL FIRE Tulare Unit,Tulare,5 miles north of the community of Three Rivers near Advance,86,-118.9009,36.49845,2a6270c5-859f-4ffa-91c2-ecbee5ebdd7b,https://www.fire.ca.gov/incidents/2015/7/30/advance-fire/,2015-08-05T17:45:00Z,8/5/2015,7/30/2015
Mendocino Lightning Fires,2015-08-03T08:55:00Z,2015-07-30T13:36:00Z,CAL FIRE Mendocino Unit,Mendocino,Community of Willits and Brooktrails,50,-123.36316,39.43301,9f031bfa-47bc-4fee-aca1-988462d6ab53,https://www.fire.ca.gov/incidents/2015/7/30/mendocino-lightning-fires/,2015-08-03T08:55:00Z,8/3/2015,7/30/2015
Anza Fire,2022-10-24T11:23:24Z,2015-08-10T11:44:00Z,CAL FIRE/Riverside County Fire,Riverside,Highway 74 east of Highway 371,500,-116.5387,33.5736,592f14da-405c-4e6d-a83b-8937322524ad,https://www.fire.ca.gov/incidents/2015/8/10/anza-fire/,2015-08-15T17:30:00Z,8/15/2015,8/10/2015
Frog Fire,2015-07-31T20:00:00Z,2015-07-30T17:45:00Z,USFS Modoc National Forest,Modoc,SW of Lava Campground,4863,-121.392,41.399,a063b897-28aa-43e5-b608-1b79f770050c,https://www.fire.ca.gov/incidents/2015/7/30/frog-fire/,2015-07-31T20:00:00Z,7/31/2015,7/30/2015
Fern Fire,2015-08-04T18:00:00Z,2015-08-02T03:00:00Z,CAL FIRE Shasta-Trinity Unit,Shasta,"Fern Rd and Oak Run Rd, 1 mile east of the Community of Oak Run",75,-121.93244,40.67868,dfd02b2e-7e2d-4636-a178-0ebff2d170c8,https://www.fire.ca.gov/incidents/2015/8/2/fern-fire/,2015-08-04T18:00:00Z,8/4/2015,8/2/2015
White Fire,2023-10-20T09:51:44Z,2015-08-01T14:32:00Z,Santa Barbara County Fire,Santa Barbara,"off White Oak Ln, east of Santa Maria",52,-120.2903,34.9522,f136ba8d-f6bb-4bad-9815-1d56f9dc8650,https://www.fire.ca.gov/incidents/2015/8/1/white-fire/,2015-08-03T09:50:46Z,8/3/2015,8/1/2015
Francis Fire,2015-08-05T07:30:00Z,2015-08-03T18:07:00Z,CAL FIRE Nevada-Yuba-Placer Unit,Yuba,Colgate Powerhouse south of Dobbins,30,-121.18735,39.33303,139766ba-33ac-442e-9a6b-b78d270c110a,https://www.fire.ca.gov/incidents/2015/8/3/francis-fire/,2015-08-05T07:30:00Z,8/5/2015,8/3/2015
Point Fire,2015-08-04T08:15:00Z,2015-08-03T14:28:00Z,CAL FIRE Shasta-Trinity Unit,Shasta,"Gas Point and Happy Valley Rd, west of Cottonwood",59,-122.40546,40.3929,6c5fcfc7-659a-44ee-b225-c4ae919882e7,https://www.fire.ca.gov/incidents/2015/8/3/point-fire/,2015-08-04T08:15:00Z,8/4/2015,8/3/2015
Dodge Fire,2015-08-04T10:37:00Z,2015-08-03T14:15:00Z,Bureau of Land Management,Lassen,17 miles northeast of Ravendale,10570,-120.105,40.938,293c6467-7b2e-43a3-94c1-41cec4339b67,https://www.fire.ca.gov/incidents/2015/8/3/dodge-fire/,2015-08-04T10:37:00Z,8/4/2015,8/3/2015
De Luz Fire,2015-08-10T15:05:00Z,2015-08-09T08:22:00Z,CAL FIRE San Diego Unit,San Diego,De Luz Rd and De Luz Murrieta Rd,55,-117.2886249,33.4115972,3cc1aa4c-b87d-4b4d-99b1-83dc56291b33,https://www.fire.ca.gov/incidents/2015/8/9/de-luz-fire/,2015-08-10T15:05:00Z,8/10/2015,8/9/2015
36 Fire,2015-08-09T20:30:00Z,2015-08-08T14:55:00Z,CAL FIRE Tehama-Glenn Unit,Tehama,off Highwat 36 near Paynes Creek,110,-121.7786799,40.3506868,ffbc1cb8-be33-4483-8442-85ab2587dce4,https://www.fire.ca.gov/incidents/2015/8/8/36-fire/,2015-08-09T20:30:00Z,8/9/2015,8/8/2015
Jerusalem Fire,2015-08-25T06:45:00Z,2015-08-09T15:34:00Z,CAL FIRE Sonoma-Lake-Napa Unit,"Lake, Napa","Jerusalem Valley area, northeast of Middletown",25118,-122.4867319,38.8142503,94a7ae52-fed9-4997-b972-1761aa4b89ca,https://www.fire.ca.gov/incidents/2015/8/9/jerusalem-fire/,2015-08-25T06:45:00Z,8/25/2015,8/9/2015
Cuesta Fire,2015-08-28T18:15:00Z,2015-08-16T18:13:00Z,CAL FIRE San Luis Obispo Unit/ Los Padres National Forest ,San Luis Obispo,"Off Highway 101 in the Cuesta Grade, north of San Luis Obispo",2446,-120.6269,35.3477,fde8f46b-0225-4489-be2d-68453a524190,https://www.fire.ca.gov/incidents/2015/8/16/cuesta-fire/,2015-08-28T18:15:00Z,8/28/2015,8/16/2015
Horse Fire,2015-08-29T07:00:00Z,2015-08-18T18:30:00Z,CAL FIRE Humboldt-Del Norte Unit,Humboldt,"Saddle Mountain Road, 6 miles NE Shelter Cove",146,-124.0720419,40.1058823,cbaa4a28-c732-4c11-9d44-7da6c3bd8e42,https://www.fire.ca.gov/incidents/2015/8/18/horse-fire/,2015-08-29T07:00:00Z,8/29/2015,8/18/2015
Tesla Fire,2022-10-24T11:23:43Z,2015-08-19T14:45:00Z,CAL FIRE Santa Clara Unit,Alameda,"off Tesla Rd near Correl Hollow, between Livermore and Tracy",2850,-121.3732,37.3845,8fc920eb-ca45-4d77-9a92-1326eca602d6,https://www.fire.ca.gov/incidents/2015/8/19/tesla-fire/,2015-08-22T18:30:00Z,8/22/2015,8/19/2015
Grade Fire,2015-08-25T18:30:00Z,2015-08-24T12:12:00Z,CAL FIRE Sonoma Lake Napa,Lake,"Jerusalem Grade Rd & June Bug Rd, 7 miles northeast of Middletown",22,-122.53428,38.831478,909d6135-070c-4e3b-ba22-23877fb603c3,https://www.fire.ca.gov/incidents/2015/8/24/grade-fire/,2015-08-25T18:30:00Z,8/25/2015,8/24/2015
Peterson Fire,2015-08-27T15:15:00Z,2015-08-22T17:30:00Z,CAL FIRE Sonoma-Lake-Napa Unit,Lake,"off Peterson Lane and Adobe Creek Road, near Kelseyville",215,-122.879272,38.925764,02d470c1-bf41-4ff9-9424-f680cef5bbbc,https://www.fire.ca.gov/incidents/2015/8/22/peterson-fire/,2015-08-27T15:15:00Z,8/27/2015,8/22/2015
Summit Fire,2015-09-11T15:00:00Z,2015-08-23T12:25:00Z,USFS - San Bernardino National Forest,San Bernardino,"at Knickerbocker Road and Pine Knot, south of Big Bear Lake",55,-116.883,34.23,d0875efe-54fb-4cc2-b647-4f4d210df118,https://www.fire.ca.gov/incidents/2015/8/23/summit-fire/,2015-09-11T15:00:00Z,9/11/2015,8/23/2015
Democrat Fire,2015-08-29T18:45:00Z,2015-08-25T14:08:00Z,CAL FIRE Shasta-Trinity Unit,Trinity,"Democrat Gulch, west of Weaverville ",128,-122.96174,40.724898,da522578-443a-4c52-a9bb-d72bbb84dcdb,https://www.fire.ca.gov/incidents/2015/8/25/democrat-fire/,2015-08-29T18:45:00Z,8/29/2015,8/25/2015
Elk Fire,2015-09-08T19:28:00Z,2015-09-02T14:57:00Z,CAL FIRE Sonoma-Lake-Napa Unit / Mendocino National Forest,Lake,"Off of Elk Mountain Road and Mount Dinger Road, north of Upper Lake",673,-122,55.23,0eed7005-6ace-4eb2-8919-eb131c246f84,https://www.fire.ca.gov/incidents/2015/9/2/elk-fire/,2015-09-08T19:28:00Z,9/8/2015,9/2/2015
Olive Fire,2015-09-03T19:35:00Z,2015-09-02T13:18:00Z,CAL FIRE Butte Unit,Butte,"Off of Olive Tree Lane, south of Oroville ",72,-121,26.42,3435fd06-f77e-42c3-8fa5-261cf0cb828c,https://www.fire.ca.gov/incidents/2015/9/2/olive-fire/,2015-09-03T19:35:00Z,9/3/2015,9/2/2015
Kramer Fire ,2015-08-30T08:00:00Z,2015-08-29T16:06:00Z,CAL FIRE Lassen-Modoc Unit,Lassen,"off of Kramer Road and 4 Corners Road, west of Beiber ",30,-121.194256,41.12362,bb500714-470e-4529-a15a-11d96e85cc68,https://www.fire.ca.gov/incidents/2015/8/29/kramer-fire/,2015-08-30T08:00:00Z,8/30/2015,8/29/2015
Oak Fire,2015-09-15T19:15:00Z,2015-09-08T13:23:00Z,CAL FIRE Tuolumne-Calaveras Unit,Tuolumne,"off Old Oak Ranch Rd & Big Hill Rd in the Cedar Ridge area, northeast of Sonora ",108,-120.30188,38.04684,40f44488-051f-4412-a577-c932f2ce751d,https://www.fire.ca.gov/incidents/2015/9/8/oak-fire/,2015-09-15T19:15:00Z,9/15/2015,9/8/2015
Browns Fire,2015-09-10T17:05:00Z,2015-09-08T15:56:00Z,CAL FIRE Shasta-Trinity Unit,Trinity,Hwy 299 and Little Browns Creek Rd east of Weaverville,35,41.46,40,5046e2ed-e2c3-4932-8f89-64dcdf19022d,https://www.fire.ca.gov/incidents/2015/9/8/browns-fire/,2015-09-10T17:05:00Z,9/10/2015,9/8/2015
Center Fire,2015-09-10T07:49:00Z,2015-09-09T14:12:00Z,CAL FIRE Lassen - Modoc Unit,Lassen,"Center Rd, east of Susanville",40,-120.553075,40.400196,75c14933-9916-4dfe-ac66-7d98706a5172,https://www.fire.ca.gov/incidents/2015/9/9/center-fire/,2015-09-10T07:49:00Z,9/10/2015,9/9/2015
Creek Fire,2015-09-11T19:17:00Z,2015-09-09T14:30:00Z,CAL FIRE Fresno Kings Unit,Fresno,Squaw Valley Road and Sand Creek Road,170,-120.553075,40.400196,9a3df964-7794-411c-9043-967476fe77e6,https://www.fire.ca.gov/incidents/2015/9/9/creek-fire/,2015-09-11T19:17:00Z,9/11/2015,9/9/2015
Butte Fire,2022-10-24T11:19:23Z,2015-09-09T14:26:00Z,CAL FIRE Amador - El Dorado Unit,Butte,east of Jackson,70868,-120.70418,38.32974,13466833-32d1-418b-b145-f7ce1f7bf66e,https://www.fire.ca.gov/incidents/2015/9/9/butte-fire/,2015-10-15T19:45:00Z,10/15/2015,9/9/2015
Lumpkin Fire,2022-10-24T11:24:27Z,2015-09-11T14:15:00Z,CAL FIRE Butte Unit,Butte,"off Lumpkin Road and Forbestown Road, Robinson Mill",1040,-121.3363,39.5218,f7067bff-efb4-4ca6-a627-6145836857ec,https://www.fire.ca.gov/incidents/2015/9/11/lumpkin-fire/,2015-09-17T19:30:00Z,9/17/2015,9/11/2015
Walker Fire,2015-09-13T10:15:00Z,2015-09-11T15:08:00Z,CAL FIRE Shasta-Trinity Unit,Shasta,Windwalker Ln & Small Farms Dr in Igo,109,-122.52541,40.47512,dbd39ec2-546c-4afc-9ff2-b1939eead03e,https://www.fire.ca.gov/incidents/2015/9/11/walker-fire/,2015-09-13T10:15:00Z,9/13/2015,9/11/2015
Munjar Fire,2015-10-02T17:50:00Z,2015-10-02T14:38:00Z,CAL FIRE Butte Unit ,Butte,"Munjar Rd, 10 miles north of Chico",104,-121.8938,39.8707,897d01d8-dd38-43e2-bcd6-fa62aac03318,https://www.fire.ca.gov/incidents/2015/10/2/munjar-fire/,2015-10-02T17:50:00Z,10/2/2015,10/2/2015
Rough Fire ,2015-11-09T12:00:00Z,2015-07-31T19:00:00Z,Sierra National Forest ,Fresno,5 miles North of Hume Lake and 2.5 miles to the southwest of Spanish Mountain 5,151623,-118.905,36.874,8c788c0a-d1fc-46d7-a17c-23f786831f7d,https://www.fire.ca.gov/incidents/2015/7/31/rough-fire/,2015-11-09T12:00:00Z,11/9/2015,7/31/2015
Taglio Fire,2016-04-24T15:30:00Z,2016-04-24T11:10:00Z,CAL FIRE Madera-Mariposa-Merced Unit,Merced,"I-5 & Taglio Road, east of Gustine",30,-121.08036,37.2171,7106ba43-100b-41f9-acbf-9fb9e9ab9ef7,https://www.fire.ca.gov/incidents/2016/4/24/taglio-fire/,2016-04-24T15:30:00Z,4/24/2016,4/24/2016
Potrero Fire,2015-11-07T16:45:00Z,2015-11-07T01:45:00Z,Ventura County Fire Department,Ventura,"Hidden Valley area, southwest of Thousand Oaks",50,-118.879444,34.15,3f31752f-4f51-4705-9fe4-50beec88a0e8,https://www.fire.ca.gov/incidents/2015/11/7/potrero-fire/,2015-11-07T16:45:00Z,11/7/2015,11/7/2015
Cienega Fire,2022-10-24T11:24:41Z,2015-10-12T16:00:00Z,CAL FIRE San Benito - Monterey Unit,San Benito,"Cienega Rd & Limekiln Rd, south of Hollister",690,-121.32734,36.70854,8e71e23c-6161-480e-b8ca-f03147475e4d,https://www.fire.ca.gov/incidents/2015/10/12/cienega-fire/,2015-10-16T18:00:00Z,10/16/2015,10/12/2015
Gibraltar Fire,2015-11-09T12:00:00Z,2015-10-29T05:30:00Z,Los Padres National Forest,Santa Barbara,between Montecito Peak and Coldspring Saddle,21,-119.63216,34.4828,fbd3c0a8-7191-473c-bb05-43616711b6c5,https://www.fire.ca.gov/incidents/2015/10/29/gibraltar-fire/,2015-11-09T12:00:00Z,11/9/2015,10/29/2015
McCourtney Fire,2015-09-21T14:36:00Z,2015-09-22T07:00:00Z,CAL FIRE Nevada-Yuba-Placer Unit,Nevada,"off McCourtney Rd & Perimeter Rd, east of Camp Far West Reservoir ",30,-121.194,39.081,c27d03c6-361e-44b3-8335-a1fe06f88fd7,https://www.fire.ca.gov/incidents/2015/9/22/mccourtney-fire/,2015-09-21T14:36:00Z,9/21/2015,9/22/2015
Tassajara Fire,2022-10-24T11:25:03Z,2015-09-19T15:00:00Z,CAL FIRE San Benito-Monterey Unit,Monterey,Tassajara Rd at Carmel Valley Rd,1086,-121.589554,36.3699644,1f54817c-8832-4a47-8ede-ab8072f52677,https://www.fire.ca.gov/incidents/2015/9/19/tassajara-fire/,2015-09-27T18:15:00Z,9/27/2015,9/19/2015
Laureles Fire,2015-09-21T18:20:00Z,2015-09-19T15:25:00Z,CAL FIRE San Benito-Monterey Unit,Monterey,off Laureles Grade and Highway 68 ,95,-121.7556029,36.5696373,9569dcd6-c94f-4849-a90a-db58bfc77bee,https://www.fire.ca.gov/incidents/2015/9/19/laureles-fire/,2015-09-21T18:20:00Z,9/21/2015,9/19/2015
Gorman Fire,2016-04-19T15:30:00Z,2016-04-19T13:09:00Z,Los Angeles County Fire,Los Angeles,off northbound Interstate 5 at Gorman Creek,0,-118.7892593,34.6888731,2c77fa07-73e6-45fe-a527-5bd526bdef41,https://www.fire.ca.gov/incidents/2016/4/19/gorman-fire/,2016-04-19T15:30:00Z,4/19/2016,4/19/2016
Tulloch Fire,2016-06-01T19:45:00Z,2016-05-30T15:10:00Z,CAL FIRE Tuolumne-Calaveras Unit,Tuolumne,"off New Peoria Flat Road and Old Melones Road, west of Sonora",85,-120.528836,37.927613,ffec404e-dea9-4175-8c50-8f2b0ca3efdd,https://www.fire.ca.gov/incidents/2016/5/30/tulloch-fire/,2016-06-01T19:45:00Z,6/1/2016,5/30/2016
Metz Fire,2016-05-25T18:15:00Z,2016-05-22T15:27:00Z,CAL FIRE San Benito-Monterey Unit,Monterey,"Metz Rd & Blue Jay Ln, southeast of Soledad",3876,-121.20059,36.38123,55fa95e6-f09e-42c4-889b-a4b5b63dccf2,https://www.fire.ca.gov/incidents/2016/5/22/metz-fire/,2016-05-25T18:15:00Z,5/25/2016,5/22/2016
Wheatland Fire,2016-05-25T18:45:00Z,2016-05-23T14:15:00Z,LA County Fire Department/Angeles National Forest,Los Angeles,"Hwy 210 and Wheatland Ave, southeast of Lake View Terrace",156,-118.354,34.276,ace1f464-7a70-4dcc-b8c5-d64fb1021d0e,https://www.fire.ca.gov/incidents/2016/5/23/wheatland-fire/,2016-05-25T18:45:00Z,5/25/2016,5/23/2016
DeWolf Fire,2016-05-25T08:00:00Z,2016-05-25T01:03:00Z,CAL FIRE Fresno-Kings Unit,Fresno,"DeWolf Ave & Behymer Ave, 2 miles north of Clovis",278,-119.654,36.88286,09ab0430-7679-494c-96d4-d7d938351cf4,https://www.fire.ca.gov/incidents/2016/5/25/dewolf-fire/,2016-05-25T08:00:00Z,5/25/2016,5/25/2016
Coe Fire,2016-06-09T17:10:00Z,2016-06-07T16:30:00Z,CAL FIRE Santa Clara Unit,Stanislaus,"Henry W. Coe State Park, Del Puerto Canyon, 20 miles west of Gustine (Stanislaus Co.)",120,-121.42238,37.17072,648cfdd4-f3f5-4faf-8ab1-a6f2cb5d9a6c,https://www.fire.ca.gov/incidents/2016/6/7/coe-fire/,2016-06-09T17:10:00Z,6/9/2016,6/7/2016
Dunstone Fire,2025-10-06T12:01:05Z,2016-05-27T13:43:00Z,CAL FIRE Butte Unit,Butte,"La Porte Road at Dunstone Road, west of Bangor ",91,-121.78973,39.33035,5080eb51-53e5-4338-95ec-618efe2bd7d1,https://www.fire.ca.gov/incidents/2016/5/27/dunstone-fire/,2016-05-27T17:00:00Z,5/27/2016,5/27/2016
70 Fire,2016-05-29T19:53:00Z,2016-05-29T16:51:00Z,CAL FIRE Butte Unit,Butte,Hwy 70 between Clark Rd and Wheelock Rd,30,-121.595093,39.624017,6227f4ad-3e40-4f3b-b210-3e55483e1e84,https://www.fire.ca.gov/incidents/2016/5/29/70-fire/,2016-05-29T19:53:00Z,5/29/2016,5/29/2016
Shedd Fire,2016-05-10T18:45:00Z,2016-05-10T16:11:00Z,CAL FIRE San Luis Obispo Unit,San Luis Obispo,Wood Canyon Rd & Hwy 41,150,-120.39993,35.61961,1d76ca50-aa10-4f90-bd99-a80bcf2eacce,https://www.fire.ca.gov/incidents/2016/5/10/shedd-fire/,2016-05-10T18:45:00Z,5/10/2016,5/10/2016
Bryson Fire,2016-05-12T20:45:00Z,2016-05-12T14:13:00Z,CAL FIRE San Benito-Monterey Unit,Monterey,"Bryson-Hesperia Rd & Interlake Rd, west of Bradley ",25,-121.0381507,35.8378273,afaa2efe-d946-4ff9-93c2-459aad31b908,https://www.fire.ca.gov/incidents/2016/5/12/bryson-fire/,2016-05-12T20:45:00Z,5/12/2016,5/12/2016
Avocado Fire,2016-05-17T19:10:00Z,2016-05-15T16:38:00Z,CAL FIRE Fresno-Kings Unit,Fresno,"Off Piedra Rd near Kings River, 10 miles northeast of Sanger",132,-119.38248,36.78769,f1769b9d-c522-4a0d-92a7-f9c8321b9f1d,https://www.fire.ca.gov/incidents/2016/5/15/avocado-fire/,2016-05-17T19:10:00Z,5/17/2016,5/15/2016
Athens Fire,2016-05-19T18:00:00Z,2016-05-17T15:06:00Z,CAL FIRE Nevada-Yuba-Placer Unit,Placer,"Off Athens Ave & Industrial Blvd, south of Lincoln",169,-121.3090268,38.8390117,e0de216a-9544-43ad-9b9f-bc05247f0550,https://www.fire.ca.gov/incidents/2016/5/17/athens-fire/,2016-05-19T18:00:00Z,5/19/2016,5/17/2016
Pala Fire,2016-06-07T06:45:00Z,2016-05-31T13:48:00Z,CAL FIRE San Diego Unit,San Diego,"in the 38000 block of Pala Temecula Road, Temecula",70,-117.08829,33.41639,c88af25d-aff4-4b20-9c58-0b819c8ae99a,https://www.fire.ca.gov/incidents/2016/5/31/pala-fire/,2016-06-07T06:45:00Z,6/7/2016,5/31/2016
Chimney Fire,2016-06-19T18:00:00Z,2016-06-01T15:35:00Z,Bureau of Land Management,Tulare,15 miles northeast of Kernville,0,-118.08591,35.84883,6afa1ccf-e1b6-492b-bcaa-9189cd3487aa,https://www.fire.ca.gov/incidents/2016/6/1/chimney-fire/,2016-06-19T18:00:00Z,6/19/2016,6/1/2016
Coal Fire,2016-06-20T19:50:00Z,2016-06-20T16:38:00Z,CAL FIRE Butte Unit,Butte,"Off Coal Canyon Rd & Hwy 70, north of Oroville",112,-121.6008,39.595,5f422963-a30c-4cda-9427-7a0e028b6039,https://www.fire.ca.gov/incidents/2016/6/20/coal-fire/,2016-06-20T19:50:00Z,6/20/2016,6/20/2016
Frazier Fire,2019-07-01T13:08:35Z,2016-06-27T12:07:00Z,CAL FIRE San Luis Obispo Unit,San Luis Obispo,off Nacimiento Lake Dr. and Frazier Rd.,86,-120.82266,35.70821,42fbaa73-e3c8-44ac-bf83-a576be6a804f,https://www.fire.ca.gov/incidents/2016/6/27/frazier-fire/,2016-06-29T17:00:00Z,6/29/2016,6/27/2016
Campo Fire,2016-06-30T07:00:00Z,2016-06-27T18:00:00Z,CAL FIRE Tuolumne-Calaveras Unit,Calaveras,"off Campo Seco and Chili Camp Road, near Burson ",33,-120.8678,38.22017,2225d427-97d7-4d71-a83a-814f38a1c947,https://www.fire.ca.gov/incidents/2016/6/27/campo-fire/,2016-06-30T07:00:00Z,6/30/2016,6/27/2016
Paskenta Fire,2016-06-21T13:00:00Z,2016-06-21T10:26:00Z,CAL FIRE Tehama-Glenn Unit,Tehama,"off Paskenta Rd & Boggs and Chaplin Rd, 18 miles west of Corning",43,-122.40142,39.93965,b1b2a50c-c131-4be2-9398-8adee38c1c19,https://www.fire.ca.gov/incidents/2016/6/21/paskenta-fire/,2016-06-21T13:00:00Z,6/21/2016,6/21/2016
Moore Fire,2016-06-21T15:45:00Z,2016-06-21T12:24:00Z,CAL FIRE Nevada Yuba Placer Unit,Placer,"off Moore Rd and South Dowd Rd, west of Lincoln",88,-121.37704,38.86804,d570e949-a098-4af0-84a4-d70c4a0e89c9,https://www.fire.ca.gov/incidents/2016/6/21/moore-fire/,2016-06-21T15:45:00Z,6/21/2016,6/21/2016
Aukum Fire,2016-06-04T15:30:00Z,2016-06-03T12:41:00Z,CAL FIRE Amador El-Dorado,El Dorado,off Mount Aukum Road & Grizzly Flat Road,25,-120.6955,38.64107,f2b5faf1-9ff0-48b7-8151-25880262bec1,https://www.fire.ca.gov/incidents/2016/6/3/aukum-fire/,2016-06-04T15:30:00Z,6/4/2016,6/3/2016
Hidden Fire,2016-06-03T17:30:00Z,2016-06-03T17:39:00Z,CAL FIRE San Benito Monterey Unit,San Benito,"off Hidden Valley Rd & Cienega Rd, southwest of Hollister ",30,-121.40304,36.80296,a757d4f9-2aa1-44c8-b986-ac00ca2fafdd,https://www.fire.ca.gov/incidents/2016/6/3/hidden-fire/,2016-06-03T17:30:00Z,6/3/2016,6/3/2016
Clay Fire,2016-06-03T19:55:00Z,2016-06-03T16:57:00Z,CAL FIRE Amador El-Dorado,Sacramento,off Highway 104 and Clay East Road near Herald,32,-121.06452,38.3131,c5d590f0-97fe-4ac3-987d-ebceed6dbfc2,https://www.fire.ca.gov/incidents/2016/6/3/clay-fire/,2016-06-03T19:55:00Z,6/3/2016,6/3/2016
Temecula Fire,2016-06-07T18:15:00Z,2016-06-04T11:40:00Z,CAL FIRE Riverside County Fire,Riverside,Off I-15 south of Temecula Parkway,139,-117.140883,33.476894,403e6185-c0e1-4b8f-a290-b50553a47b67,https://www.fire.ca.gov/incidents/2016/6/4/temecula-fire/,2016-06-07T18:15:00Z,6/7/2016,6/4/2016
Coleman Fire,2016-06-20T08:30:00Z,2016-06-04T14:33:00Z,Los Padres National Forest,Monterey,off Mission Creek Rd and Milpitas Rd north of Fort Hunter Liggett,2520,-121.25029,36.01542,b8cf80c7-b617-4fe4-91b0-43b40d38c7f6,https://www.fire.ca.gov/incidents/2016/6/4/coleman-fire/,2016-06-20T08:30:00Z,6/20/2016,6/4/2016
Soda Fire,2016-06-19T08:30:00Z,2016-06-04T17:46:00Z,Bureau of Land Management ,San Luis Obispo,Off Soda Lake Road north of Cuyama,0,-119.58206,35.01382,5c86c26b-e6c0-4e47-90b7-bc5da3885ebe,https://www.fire.ca.gov/incidents/2016/6/4/soda-fire/,2016-06-19T08:30:00Z,6/19/2016,6/4/2016
Keswick Fire,2016-06-12T15:00:00Z,2016-06-11T16:02:00Z,CAL FIRE Shasta Trinity Unit,Shasta,near Keswick Dam Road x Iron Mountain Road N/W of Redding,24,-122.46777,40.61388,20e4887c-b772-460d-98be-d60f39171aeb,https://www.fire.ca.gov/incidents/2016/6/11/keswick-fire/,2016-06-12T15:00:00Z,6/12/2016,6/11/2016
Camanche Fire,2016-06-21T18:30:00Z,2016-06-17T14:54:00Z,CAL FIRE Amador El-Dorado Unit,Amador,"off Camanche Parkway North & Coal Mine Road, south of Ione",210,-120.90265,38.26874,fef2ab8a-20d7-4dc3-b5c9-363aa1debef3,https://www.fire.ca.gov/incidents/2016/6/17/camanche-fire/,2016-06-21T18:30:00Z,6/21/2016,6/17/2016
Border Fire,2022-10-24T11:15:18Z,2016-06-19T11:03:00Z,CAL FIRE San Diego Unit,San Diego,off Highway 188 and Highway 94 near Tecate,7609,-116.63028,32.60729,33099cdd-ccfc-454e-b5a3-770a69a30bd3,https://www.fire.ca.gov/incidents/2016/6/19/border-fire/,2016-06-30T18:30:00Z,6/30/2016,6/19/2016
Arroyo Fire,2016-06-20T18:15:00Z,2016-06-18T16:47:00Z,CAL FIRE San Benito-Monterey Unit,Monterey,"Arroyo Seco Rd &  Elm Ave, E of Greenfield",70,-121.3306,36.2833,ae6a40fa-c0f3-460b-8e19-fbf4b5803bb8,https://www.fire.ca.gov/incidents/2016/6/18/arroyo-fire/,2016-06-20T18:15:00Z,6/20/2016,6/18/2016
Hoag Fire,2016-06-11T16:15:00Z,2016-06-11T14:30:00Z,CAL FIRE Tehama Glenn Unit,Tehama,"off Corning Road and Gaylord Avenue, east of Corning",80,-121.857,39.7947,10a8344d-e2c6-4585-8094-bbb30e48db8c,https://www.fire.ca.gov/incidents/2016/6/11/hoag-fire/,2016-06-11T16:15:00Z,6/11/2016,6/11/2016
Cotton Fire,2016-06-12T12:30:00Z,2016-06-11T15:04:00Z,Kern County Fire Department,Kern,"off Highway 41, one mile east of the county line",61,-120.251,35.77135,bae93037-2a91-4189-b256-3325cd2b6979,https://www.fire.ca.gov/incidents/2016/6/11/cotton-fire/,2016-06-12T12:30:00Z,6/12/2016,6/11/2016
Old Fire,2016-06-12T15:45:00Z,2016-06-12T12:45:00Z,CAL FIRE San Benito Monterey Unit,San Benito,"off Old Hernandez Road, five miles east of Pinnacles National Park",83,-121.04993,36.49914,fb7d6492-444e-420c-9111-0f8999d3af04,https://www.fire.ca.gov/incidents/2016/6/12/old-fire/,2016-06-12T15:45:00Z,6/12/2016,6/12/2016
Pony Fire,2016-11-08T10:15:00Z,2016-06-07T02:45:00Z,USFS Klamath National Forest ,Siskiyou,15 miles SW of Happy Camp (Siskiyou County),2860,-123.557,41.623,103e1cb6-0a02-4ca8-8739-4cf77b5d1c98,https://www.fire.ca.gov/incidents/2016/6/7/pony-fire/,2016-11-08T10:15:00Z,11/8/2016,6/7/2016
Sherpa Fire,2016-07-12T14:30:00Z,2016-06-15T15:21:00Z,U.S Los Padres National Forest ,Santa Barbara,west of Goleta,7474,-119.643,34.776,ffb3293b-3349-49c5-a7cb-c488391e8a72,https://www.fire.ca.gov/incidents/2016/6/15/sherpa-fire/,2016-07-12T14:30:00Z,7/12/2016,6/15/2016
Creek Fire,2016-06-27T06:15:00Z,2016-06-26T15:45:00Z,CAL FIRE Sonoma-Lake-Napa Unit,Yolo,"off Hwy 16, 4 miles south of Brooks, near the Cache Creek Casino",277,-122.15457,38.69971,eb0fe9ad-f9f5-4bde-ad34-527ffd647669,https://www.fire.ca.gov/incidents/2016/6/26/creek-fire/,2016-06-27T06:15:00Z,6/27/2016,6/26/2016
70 Fire,2016-06-21T16:30:00Z,2016-06-21T15:09:00Z,CAL FIRE Butte County Fire,Butte,off Highway 70 at Palermo Rd.,49,-121.6051,39.43351,6b542aff-fa1b-46fc-b3da-26c1afdbc446,https://www.fire.ca.gov/incidents/2016/6/21/70-fire/,2016-06-21T16:30:00Z,6/21/2016,6/21/2016
Erskine Fire,2016-07-11T09:40:00Z,2016-06-23T15:51:00Z,Bureau of Land Management,Kern,Off Erskine Creek Rd in Lake Isabella,48019,-118.45628,35.6115,91816ff6-d4ec-4f31-8d40-bf2538aca09b,https://www.fire.ca.gov/incidents/2016/6/23/erskine-fire/,2016-07-11T09:40:00Z,7/11/2016,6/23/2016
Lowe Fire,2016-06-24T18:20:00Z,2016-06-23T17:57:00Z,CAL FIRE San Benito-Monterey Unit,Monterey,East of King City,52,-120.9293,36.1934,61556003-7789-4b9e-8f16-5563624b4621,https://www.fire.ca.gov/incidents/2016/6/23/lowe-fire/,2016-06-24T18:20:00Z,6/24/2016,6/23/2016
Dinosaur Fire,2016-06-26T18:50:00Z,2016-06-25T23:45:00Z,CAL FIRE Madera-Mariposa-Merced Unit,Merced,"Off Hwy152 at Dinosaur Point, westside of San Luis Reservoir ",1246,-121.20155,37.07147,ec90eb29-e776-43da-a814-0c41463ae3c9,https://www.fire.ca.gov/incidents/2016/6/25/dinosaur-fire/,2016-06-26T18:50:00Z,6/26/2016,6/25/2016
Laguna Fire,2016-06-29T18:30:00Z,2016-06-26T13:10:00Z,Orange County Fire Authority,Orange,"n Laguna Coast Wilderness Park, 2½ miles northeast of Laguna Beach",47,-117.77395,33.57872,c27c5212-1891-4105-86ee-9f97016ef159,https://www.fire.ca.gov/incidents/2016/6/26/laguna-fire/,2016-06-29T18:30:00Z,6/29/2016,6/26/2016
Grant Fire,2016-06-26T07:00:00Z,2016-06-25T16:11:00Z,CAL FIRE Santa Clara Unit,Alameda,"In the Altamont Pass, 10 miles east of Livermore",211,-121.58677,37.74369,3822b8a2-1a89-40e8-b239-840cfcda7a1c,https://www.fire.ca.gov/incidents/2016/6/25/grant-fire/,2016-06-26T07:00:00Z,6/26/2016,6/25/2016
Marina Fire,2016-07-09T08:30:00Z,2016-06-25T06:30:00Z,Inyo National Forest,Mono,Hwy 395 & Mono Lake,650,-119.14,37.97,1bc85249-0d96-42d7-a23f-db99bdce17a4,https://www.fire.ca.gov/incidents/2016/6/25/marina-fire/,2016-07-09T08:30:00Z,7/9/2016,6/25/2016
Reservoir Fire,2016-06-28T20:00:00Z,2016-06-26T16:00:00Z,CAL FIRE Sonoma-Lake-Napa Unit,Lake,"Near Indian Valley Reservoir, 7 miles Southwest of Leesville",215,-122.50373,39.12366,489cea9f-b3cb-4615-b412-5ac5724c3976,https://www.fire.ca.gov/incidents/2016/6/26/reservoir-fire/,2016-06-28T20:00:00Z,6/28/2016,6/26/2016
Trailhead Fire,2022-10-24T11:10:48Z,2016-06-28T13:55:00Z,CAL FIRE Nevada-Yuba-Placer Unit / El Dorado National Forest,"El Dorado, Placer",along the  Middle Fork of the American River near Todd Valley,5645,-120.9375,38.96741,b604ffa7-8cee-4724-bb82-f1f4553a192f,https://www.fire.ca.gov/incidents/2016/6/28/trailhead-fire/,2016-07-18T09:50:00Z,7/18/2016,6/28/2016
Rancho Fire,2016-06-29T07:30:00Z,2016-06-28T19:02:00Z,CAL FIRE Amador- El Dorado Unit,Amador,"Hwy 104, west of Ione",372,-121.003611,38.385,5689b708-61e8-4451-8ad6-68d9684704c6,https://www.fire.ca.gov/incidents/2016/6/28/rancho-fire/,2016-06-29T07:30:00Z,6/29/2016,6/28/2016
Big Fire,2016-07-13T17:30:00Z,2016-07-11T14:30:00Z,CAL FIRE Fresno County Fire,Fresno,"off Watts Valley Rd. & Big Springs Ln, east of Clovis",188,-119.39619,36.92244,4cfb8712-1b45-4a2e-b0c9-6ed6ddde5657,https://www.fire.ca.gov/incidents/2016/7/11/big-fire/,2016-07-13T17:30:00Z,7/13/2016,7/11/2016
Sage Fire,2022-10-24T11:11:30Z,2016-07-09T12:04:00Z,Los Angeles County Fire,Los Angeles,"off of Calgrove Blvd, southwest of Santa Clarita",1100,-118.57245,34.36763,79b446a4-d809-4aa2-9f30-091a05ed697d,https://www.fire.ca.gov/incidents/2016/7/9/sage-fire/,2016-07-16T12:00:00Z,7/16/2016,7/9/2016
Mercury Fire,2019-07-01T13:08:12Z,2016-07-09T12:43:00Z,CAL FIRE San Benito-Monterey Unit,San Benito,"off of New Idria Rd & Panoche Rd, south of Mercey Hot Springs ",95,-120.841536,5487,2a04ab08-1412-4a3d-b6b2-7e5fc48f99e5,https://www.fire.ca.gov/incidents/2016/7/9/mercury-fire/,2016-07-10T19:30:00Z,7/10/2016,7/9/2016
Fort Fire,2016-07-10T19:37:00Z,2016-07-08T11:15:00Z,Kern County Fire,Kern,"off of I-5, east of Grapevine",554,118.9082,34.913,fe112320-013f-434e-b66c-101234292711,https://www.fire.ca.gov/incidents/2016/7/8/fort-fire/,2016-07-10T19:37:00Z,7/10/2016,7/8/2016
Fiddler Fire,2022-10-24T11:11:11Z,2016-07-08T22:45:00Z,CAL FIRE Shasta-Trinity Unit,Shasta,"off Fiddlers Road, southwest of Igo",303,-122.72913,40.36873,67c0a269-05bb-4b4f-af22-68a1c5ac3adf,https://www.fire.ca.gov/incidents/2016/7/8/fiddler-fire/,2016-07-12T07:00:00Z,7/12/2016,7/8/2016
Colyear Fire,2016-07-04T07:45:00Z,2016-06-30T13:32:00Z,CAL FIRE Tehama-Glenn Unit,Tehama,"Colyear Springs Road, 7 miles west of Red Bank",464,-122.56939,40.0353,69eaa890-889e-4be9-810d-3dcee8d55981,https://www.fire.ca.gov/incidents/2016/6/30/colyear-fire/,2016-07-04T07:45:00Z,7/4/2016,6/30/2016
Deer Fire,2016-07-08T19:00:00Z,2016-07-01T14:05:00Z,Kern County Fire,Kern,"Hwy 223 & Deertrail Rd., east of Arvin",1785,-118.72272,35.20993,140def53-175c-4f5d-b8e3-de0643781ff7,https://www.fire.ca.gov/incidents/2016/7/1/deer-fire/,2016-07-08T19:00:00Z,7/8/2016,7/1/2016
Pine Fire,2016-06-30T16:55:00Z,2016-06-30T16:55:00Z,Los Padres National Forest,Ventura,"Near Haddock Campground, 3 miles west of the Pine Mtn Lodge, above Middle Sespe.",2304,-119.144,34.701,8653f541-d3ca-44b4-9edd-5a4a57349f2f,https://www.fire.ca.gov/incidents/2016/6/30/pine-fire/,2016-06-30T16:55:00Z,6/30/2016,6/30/2016
Flores Fire,2016-07-01T17:45:00Z,2016-07-01T13:54:00Z,CAL FIRE Tehama-Glen Unit,Tehama,"Interstate 5 & Flores Ave, 5 miles south of Red Bluff",88,-122.2071,40.07846,f88a7291-9122-49fa-864d-b807fa360393,https://www.fire.ca.gov/incidents/2016/7/1/flores-fire/,2016-07-01T17:45:00Z,7/1/2016,7/1/2016
Curry Fire,2016-07-05T07:05:00Z,2016-07-01T17:16:00Z,CAL FIRE Fresno Unit,Fresno,"Curry Mountain, 7 miles SW of Coalinga",2944,-120.452041,36.0749,423df2bd-4464-44e0-8b8a-74f953613287,https://www.fire.ca.gov/incidents/2016/7/1/curry-fire/,2016-07-05T07:05:00Z,7/5/2016,7/1/2016
Lone Pine Fire,2016-07-02T20:00:00Z,2016-07-01T12:56:00Z,CAL FIRE San Bernardino Unit,Inyo,"Whitney Portal Rd. and OlivasRanch Rd., 3 miles West of Lone Pine",30,-118.15589,36.58972,6f07d935-7d64-4be8-8e96-d34384686bf8,https://www.fire.ca.gov/incidents/2016/7/1/lone-pine-fire/,2016-07-02T20:00:00Z,7/2/2016,7/1/2016
Appaloosa Fire,2022-10-24T11:07:44Z,2016-07-02T14:55:00Z,CAL FIRE Tuolumne-Calaveras Unit,Calaveras,"Appaloosa Rd. and Pinto Dr., 5 miles southwest of Angels Camp",310,-120.61153,38.02845,902a3085-e518-4090-a2e5-20d0482b4dc2,https://www.fire.ca.gov/incidents/2016/7/2/appaloosa-fire/,2016-07-08T19:32:00Z,7/8/2016,7/2/2016
Scott Fire,2016-07-11T06:35:00Z,2016-07-10T15:30:00Z,CAL FIRE Amador-Eldorado Unit,Sacramento,"off of Scotts Road and Latrobe Road, Rancho Murrieta",87,-121.103642,38.517772,fbe85bec-6399-442f-8a3f-ca4a25bb2b3b,https://www.fire.ca.gov/incidents/2016/7/10/scott-fire/,2016-07-11T06:35:00Z,7/11/2016,7/10/2016
Frame Fire,2016-07-07T19:00:00Z,2016-07-04T17:15:00Z,CAL FIRE Fresno-Kings Unit,Fresno,"Hwy 198 and Frame Ln, 14 miles west of Coalinga",145,-120.62048,36.14161,e55dd16e-1712-4b97-a2f3-add0877b98cd,https://www.fire.ca.gov/incidents/2016/7/4/frame-fire/,2016-07-07T19:00:00Z,7/7/2016,7/4/2016
Broken Fire,2019-07-01T13:08:20Z,2016-07-04T11:53:00Z,CAL FIRE Madera-Mariposa-Merced Unit,Madera,"Hwy 41 and Hummingbird Ln, One mile east of Coarsgold",103,-119.65776,37.25601,8e920d15-72f4-4e76-a3b4-22a364d6cf19,https://www.fire.ca.gov/incidents/2016/7/4/broken-fire/,2016-07-06T20:00:00Z,7/6/2016,7/4/2016
Kuehner Fire,2016-07-01T19:50:00Z,2016-07-01T14:00:00Z,Ventura County Fire,Ventura,"off Hwy 118 at Rocky Peak Rd, NE Simi Valley",45,-118.63264,34.27619,174608a2-14fd-4278-9811-cb7e5e5a3883,https://www.fire.ca.gov/incidents/2016/7/1/kuehner-fire/,2016-07-01T19:50:00Z,7/1/2016,7/1/2016
Shelter Fire,2016-07-12T10:30:00Z,2016-07-11T12:58:00Z,Ventura County Fire,Ventura,"off Volcan Mountain, north of Julian",15,-116.58542,33.11645,7ebdcc3e-f402-4ab7-88d4-82d99d59b019,https://www.fire.ca.gov/incidents/2016/7/11/shelter-fire/,2016-07-12T10:30:00Z,7/12/2016,7/11/2016
Pacheco Fire,2022-10-24T11:08:38Z,2016-07-12T13:14:00Z,CAL FIRE Tuolumne Calaveras Unit,Calaveras,"off Lanford Pacheco Rd, south of Valley Springs",341,-120.81394,38.08056,85832754-5848-4454-84fc-8b0a9abbff40,https://www.fire.ca.gov/incidents/2016/7/12/pacheco-fire/,2016-07-16T18:30:00Z,7/16/2016,7/12/2016
Stagecoach Fire,2016-07-13T19:00:00Z,2016-07-12T15:19:00Z,CAL FIRE Tuolumne Calaveras Unit,Calaveras,"off Stagecoach Rd and Hwy 4, south of Copperopolis",35,-120.67335,37.96311,eb9d05b5-7578-44bf-9eb1-3ddba425ff20,https://www.fire.ca.gov/incidents/2016/7/12/stagecoach-fire/,2016-07-13T19:00:00Z,7/13/2016,7/12/2016
Dunnigan Fire,2016-07-15T15:40:00Z,2016-07-15T14:00:00Z,CAL FIRE Sonoma-Lake-Napa Unit,Yolo,"off County Road 86 & County Road 6, west of Dunnigan",84,-122.04726,38.8866,b6b6ef56-0d7f-4c97-b072-74b712aa1e65,https://www.fire.ca.gov/incidents/2016/7/15/dunnigan-fire/,2016-07-15T15:40:00Z,7/15/2016,7/15/2016
Onyx Fire,2016-07-14T12:00:00Z,2016-07-13T17:08:00Z,Kern County Fire / Sequoia National Forest ,Kern,"off Coyote Trail & Rocky Hill, East of Onyx",221,-118.21793,35.68313,0dc19167-07b3-45e6-9bad-ad070934616a,https://www.fire.ca.gov/incidents/2016/7/13/onyx-fire/,2016-07-14T12:00:00Z,7/14/2016,7/13/2016
Sherwood Fire,2016-07-15T14:00:00Z,2016-07-13T15:52:00Z,Ventura County Fire Department,Ventura,"near Lake Sherwood, southwest of Thousand Oaks",78,-119.39619,36.92244,69b7a19e-7be7-43c1-8779-c7110b22f552,https://www.fire.ca.gov/incidents/2016/7/13/sherwood-fire/,2016-07-15T14:00:00Z,7/15/2016,7/13/2016
Famoso Fire,2016-07-16T07:40:00Z,2016-07-15T23:55:00Z,Kern County Fire,Kern,"off Granite Rd & Famoso Rd, 15 miles east of Famoso",138,-118.94811,35.60748,73083049-8bc2-4444-911b-f3d0812fb70c,https://www.fire.ca.gov/incidents/2016/7/15/famoso-fire/,2016-07-16T07:40:00Z,7/16/2016,7/15/2016
Green Fire,2016-07-16T18:00:00Z,2016-07-15T16:45:00Z,CAL FIRE Fresno County Fire,Fresno,"off Auberry Rd & White Thorne Rd, near Prather",123,-119.5792,37.0099,a32de567-3d32-434a-9128-7947deaec3bb,https://www.fire.ca.gov/incidents/2016/7/15/green-fire/,2016-07-16T18:00:00Z,7/16/2016,7/15/2016
Feather Fire,2016-07-20T13:45:00Z,2016-07-18T13:08:00Z,CAL FIRE San Diego,San Diego,"off of El Capitan Truck Trail, south of Ramona ",100,-116.7945,32.9612,d96a2f4f-8e4d-4534-abe2-d90530e2bbc3,https://www.fire.ca.gov/incidents/2016/7/18/feather-fire/,2016-07-20T13:45:00Z,7/20/2016,7/18/2016
Foothill Fire,2016-07-22T18:15:00Z,2016-07-19T17:16:00Z,CAL FIRE Sonoma-Lake-Napa Unit,Lake,"off Foothill Drive, community of Lucerne",69,-122.7891,39.0863,6a75dc36-9f37-4c3a-870d-345f94a8104c,https://www.fire.ca.gov/incidents/2016/7/19/foothill-fire/,2016-07-22T18:15:00Z,7/22/2016,7/19/2016
Bailey Fire,2016-07-20T09:00:00Z,2016-07-19T14:09:00Z,CAL FIRE Siskiyou Unit,Siskiyou,"Hwy 5 at Bailey Hill, 2 mi southeast of Hilt",26,-122.59328,41.96191,be2805af-a801-4ca9-b9e7-14f3b896097e,https://www.fire.ca.gov/incidents/2016/7/19/bailey-fire/,2016-07-20T09:00:00Z,7/20/2016,7/19/2016
Goose Fire,2022-10-24T11:09:29Z,2016-07-30T16:40:00Z,CAL FIRE Fresno-Kings Unit,Fresno,"Off Gooseberry Ln & Morgan Canyon, south of Prather ",2241,-119.50507,37.01591,bd2b7bdc-0f92-451a-a3a5-03569d27c952,https://www.fire.ca.gov/incidents/2016/7/30/goose-fire/,2016-08-09T18:30:00Z,8/9/2016,7/30/2016
Baker Fire,2016-07-22T19:00:00Z,2016-07-21T15:06:00Z,CAL FIRE Tuolumne-Calaveras Unit,Calaveras,off Baker St & School St near Copperopolis ,57,-120.64241,37.98171,2dae3029-2d17-445a-9fac-e95345b179e0,https://www.fire.ca.gov/incidents/2016/7/21/baker-fire/,2016-07-22T19:00:00Z,7/22/2016,7/21/2016
Oak Fire,2016-07-22T16:07:00Z,2016-07-22T13:01:00Z,CAL FIRE Sonoma-Lake-Napa Unit/Vacaville Fire Department,Solano,"off Cherry Glen Rd and Oak Canyon Ln, south of Vacaville ",57,-122.02564,38.33475,dc7637b2-fa97-47c7-bbce-c0fd1a015592,https://www.fire.ca.gov/incidents/2016/7/22/oak-fire/,2016-07-22T16:07:00Z,7/22/2016,7/22/2016
Roblar Fire,2016-07-30T14:15:00Z,2016-07-21T16:06:00Z,Camp Pendleton Military Base,San Diego,Roblar Rd and Case Springs (Camp Pendleton),1245,-117.35093,33.393,78eccd24-9fe2-4ccd-90fa-a1e0fdc19b41,https://www.fire.ca.gov/incidents/2016/7/21/roblar-fire/,2016-07-30T14:15:00Z,7/30/2016,7/21/2016
Table Fire,2016-07-22T12:00:00Z,2016-07-21T20:30:00Z,CAL FIRE Siskiyou Unit,Siskiyou,"Table Rock Rd & Harry Cash Rd, Montague",23,-122.36924,41.71847,5d276af0-17d5-47d5-8f0e-86756d91b5c6,https://www.fire.ca.gov/incidents/2016/7/21/table-fire/,2016-07-22T12:00:00Z,7/22/2016,7/21/2016
Bradley Fire,2016-07-23T08:45:00Z,2016-07-22T15:15:00Z,CAL FIRE San Benito-Monterey Unit,Monterey,"off Highway 101 and San Antonio River, south of Bradley ",100,-120.81081,35.85093,947aab39-3d8a-4841-8fc3-d129d8bbf6a3,https://www.fire.ca.gov/incidents/2016/7/22/bradley-fire/,2016-07-23T08:45:00Z,7/23/2016,7/22/2016
Soberanes Fire,2022-10-26T08:16:29Z,2016-07-22T08:48:00Z,US Forest Service - Los Padres National Forest,Monterey,"Soberanes Creek, Garrapata State Park, Palo Colorado, north of Big Sur",132127,-121.89938,36.45994,977ac7ce-4204-4cd3-9f89-727142165261,https://www.fire.ca.gov/incidents/2016/7/22/soberanes-fire/,2016-10-13T11:30:00Z,10/13/2016,7/22/2016
Holy Fire,2016-09-05T06:55:00Z,2016-08-31T04:10:00Z,Cleveland National Forest,Orange,off Trabuco Creek Rd near Holy Jim Trail,150,-117.5221,33.6542,d045584a-8838-4d64-91dc-3ebfbcd8e708,https://www.fire.ca.gov/incidents/2016/8/31/holy-fire/,2016-09-05T06:55:00Z,9/5/2016,8/31/2016
Ken Fire,2016-09-04T18:55:00Z,2016-09-03T21:51:00Z,San Bernardino National Forest,San Bernardino,Off I-15 Between Kenwood and Blue Cut in the Cajon Pass,20,-117.4415,34.25858,383c3df6-a1eb-40fd-b798-41481dff679a,https://www.fire.ca.gov/incidents/2016/9/3/ken-fire/,2016-09-04T18:55:00Z,9/4/2016,9/3/2016
Saddle Fire,2022-10-24T11:14:19Z,2016-09-05T16:28:00Z,CAL FIRE / Butte County Fire,Butte,"Off Pentz Rd & Lime Saddle Rd, south of Paradise",800,-121.571,39.6871,c94fda40-ab7a-42d1-bfc9-ca5f39fb6e7d,https://www.fire.ca.gov/incidents/2016/9/5/saddle-fire/,2016-09-12T14:51:00Z,9/12/2016,9/5/2016
Ruff Fire ,2016-09-15T09:10:00Z,2016-09-10T14:06:00Z,CAL FIRE Mendocino Unit,Mendocino,"off of Hwy 101 and Woodruff Rd, north of Laytonville",50,-123.5044,39.7299,2a2e0af5-24d7-4903-bab4-3705f5d788fb,https://www.fire.ca.gov/incidents/2016/9/10/ruff-fire/,2016-09-15T09:10:00Z,9/15/2016,9/10/2016
Spring Fire,2016-09-09T06:00:00Z,2016-09-07T16:53:00Z,San Bernardino County Fire ,San Bernardino,"off of Hwy 138 & Los Flores Rd, south of Hesperia",50,-117.3189,34.3183,324a3c48-efcc-4385-ab87-baf0b5e29b5d,https://www.fire.ca.gov/incidents/2016/9/7/spring-fire/,2016-09-09T06:00:00Z,9/9/2016,9/7/2016
Phoenix Fire,2023-10-20T09:52:20Z,2016-09-07T15:09:00Z,Tahoe National Forest,Nevada,west of Fordyce Lake near Soda Springs ,38,-120.51887,39.39051,af8f8070-a3d6-4ca2-8e2b-6da1049a5bea,https://www.fire.ca.gov/incidents/2016/9/7/phoenix-fire/,2016-09-08T09:52:07Z,9/8/2016,9/7/2016
Lake Fire,2016-09-12T19:00:00Z,2016-09-10T15:45:00Z,CAL FIRE Shasta-Trinity Unit / Shasta Lake City Fire Department,Shasta,"off of Lake Blvd south of Shasta Dam Blvd, Shasta Lake City",75,-122.4096,40.68192,47ee7239-2bc9-4794-8582-982a92fdda9f,https://www.fire.ca.gov/incidents/2016/9/10/lake-fire/,2016-09-12T19:00:00Z,9/12/2016,9/10/2016
Storksbill Fire,2016-07-23T18:00:00Z,2016-07-22T13:15:00Z,CAL FIRE Amador-El Dorado Unit,El Dorado,off Storksbill Rd in Pilot Hill ,50,-121.00299,38.79549,f273dffb-e1eb-48dc-b0f9-908857e78095,https://www.fire.ca.gov/incidents/2016/7/22/storksbill-fire/,2016-07-23T18:00:00Z,7/23/2016,7/22/2016
Rock Fire,2016-07-24T14:30:00Z,2016-07-22T14:47:00Z,CAL FIRE San Diego Unit,San Diego,"off Highway 67 & Rockhouse Road, near Ramona",28,-116.9571,33.00056,0b655a9d-94b3-4095-acfd-d40ac8347318,https://www.fire.ca.gov/incidents/2016/7/22/rock-fire/,2016-07-24T14:30:00Z,7/24/2016,7/22/2016
Franklin Fire,2016-07-24T19:00:00Z,2016-07-24T16:30:00Z,CAL FIRE Santa Clara Unit,Contra Costa,"Cummings Skyway & Franklin Canyon, 6 miles southeast of Rodeo",40,-122.1885,38.01264,416155ea-f8ff-43cf-abf0-e888584bf5bc,https://www.fire.ca.gov/incidents/2016/7/24/franklin-fire/,2016-07-24T19:00:00Z,7/24/2016,7/24/2016
Fork Fire,2016-07-31T18:55:00Z,2016-07-29T17:55:00Z,CAL FIRE Madera-Mariposa-Merced Unit,Madera,"Off Mammoth Pool Rd & Douglas Ranger Station Rd, east of North Fork",38,-119.4741,37.24006,7066c984-1420-4c59-b175-9536da4c5d14,https://www.fire.ca.gov/incidents/2016/7/29/fork-fire/,2016-07-31T18:55:00Z,7/31/2016,7/29/2016
Frymire Fire,2016-08-01T08:05:00Z,2016-07-30T17:25:00Z,CAL FIRE Tuolumne-Calaveras unit,Tuolumne,"Off Frymire Rd & Morrison Rd, east of Oakdale",32,-120.69521,37.81434,f4026428-ad5a-42c7-b68e-959554a31343,https://www.fire.ca.gov/incidents/2016/7/30/frymire-fire/,2016-08-01T08:05:00Z,8/1/2016,7/30/2016
Sierra Fire,2016-07-31T18:30:00Z,2016-07-30T17:25:00Z,CAL FIRE Santa Clara Unit,Santa Clara,"Off Sierra Rd & Calaveras Rd, Spring Valley",114,-121.79669,37.41896,4c88252e-34a5-4912-a590-2c4539866c62,https://www.fire.ca.gov/incidents/2016/7/30/sierra-fire/,2016-07-31T18:30:00Z,7/31/2016,7/30/2016
Gopher Fire,2016-08-11T18:30:00Z,2016-08-10T09:14:00Z,CAL FIRE San Diego Unit,San Diego,"I-15 & Lawrence Welk Drive, Gopher Canyon",35,-117.14547,33.22558,4f623d67-d74b-4e8f-92f4-ed728970e20e,https://www.fire.ca.gov/incidents/2016/8/10/gopher-fire/,2016-08-11T18:30:00Z,8/11/2016,8/10/2016
Baker Fire,2016-08-04T07:50:00Z,2016-08-03T17:27:00Z,CAL FIRE Tehama-Glenn Unit,Tehama,"Off Baker Rd & Plymire Rd, 2 miles NW of Red Bluff",80,-122.26736,40.19611,140161a1-ca06-448a-87f2-27e688b2d922,https://www.fire.ca.gov/incidents/2016/8/3/baker-fire/,2016-08-04T07:50:00Z,8/4/2016,8/3/2016
99 Fire,2022-10-24T11:11:51Z,2016-08-02T14:35:00Z,CAL FIRE Butte Unit,Butte,"Off of Highway 99 and Neal Road, south of Chico",520,-121.7192,39.6708,e5122d1e-2bfc-4fa6-8152-da309e02c004,https://www.fire.ca.gov/incidents/2016/8/2/99-fire/,2016-08-03T08:00:00Z,8/3/2016,8/2/2016
Cold Fire,2016-08-12T15:00:00Z,2016-08-02T16:36:00Z,CAL FIRE Sonoma Lake Napa Unit,Yolo,"off of Highway 128 west of Pleasants Valley Road, west of Winters",5731,-122.06788,38.52513,057fd4e2-7400-4fc4-9b23-3daf67fc8610,https://www.fire.ca.gov/incidents/2016/8/2/cold-fire/,2016-08-12T15:00:00Z,8/12/2016,8/2/2016
Hart Fire,2016-08-07T20:15:00Z,2016-08-04T17:10:00Z,Kern County Fire,Kern,"off Hwy 58 and Hart Flat Rd, Tehachapi ",100,-118.60344,35.24504,f645bf93-57a3-4fdf-9544-d255f8311dc9,https://www.fire.ca.gov/incidents/2016/8/4/hart-fire/,2016-08-07T20:15:00Z,8/7/2016,8/4/2016
Grub Fire,2016-08-06T19:50:00Z,2016-08-04T14:13:00Z,CAL FIRE Madera-Mariposa-Merced Unit,Madera,"off of Grub Gulch Road and Acton Grade Road, west of Oakhurst",85,-119.7738,37.3228,8505d2db-7c6f-445e-9bff-407e99cac614,https://www.fire.ca.gov/incidents/2016/8/4/grub-fire/,2016-08-06T19:50:00Z,8/6/2016,8/4/2016
Deer Fire,2016-08-06T10:06:00Z,2016-08-05T13:49:00Z,CAL FIRE Amador - El Dorado Unit,Amador,"off of Deer Ridge Lane and Buena Vista Road, north of Valley Springs ",26,-120.8657,38.2581,38fe21ed-2019-4be9-abdf-bf46ac5f59e3,https://www.fire.ca.gov/incidents/2016/8/5/deer-fire/,2016-08-06T10:06:00Z,8/6/2016,8/5/2016
Oak Fire,2016-08-14T19:50:00Z,2016-08-12T16:00:00Z,CAL FIRE Santa Clara Unit,Santa Clara,off Uvas Rd & Watsonville Rd. west of Morgan Hill,25,-121.68577,37.06531,b82b0e22-4155-43dd-ac33-1da015b6d3d2,https://www.fire.ca.gov/incidents/2016/8/12/oak-fire/,2016-08-14T19:50:00Z,8/14/2016,8/12/2016
Pilot Fire,2016-08-16T08:00:00Z,2016-08-07T12:18:00Z,San Bernardino National Forest,San Bernardino,"Pilot Rock & Hwy 138, southeast of Hesperia",8110,-117.27338,34.28771,69c7b8cc-061e-4ca6-b5e8-83c6ae9d8a25,https://www.fire.ca.gov/incidents/2016/8/7/pilot-fire/,2016-08-16T08:00:00Z,8/16/2016,8/7/2016
Kugelman Fire,2016-08-10T17:00:00Z,2016-08-09T17:30:00Z,CAL FIRE Sonoma-Lake-Napa Unit,Lake,"off of Kugelman St and Hwy 53, community of Lower Lake",45,-120.51057,36.09974,28b9dc5f-f9c0-41fb-81d6-8db562122f00,https://www.fire.ca.gov/incidents/2016/8/9/kugelman-fire/,2016-08-10T17:00:00Z,8/10/2016,8/9/2016
Knoxville Fire,2016-08-10T17:00:00Z,2016-08-09T18:50:00Z,CAL FIRE Sonoma-Lake-Napa Unit,Lake,"Berryessa Knoxville Rd & East Side Rd, north of Lake Berryessa",36,-122.26015,38.68403,ef4185e8-9b3a-421f-9fae-a0b954b0b3c0,https://www.fire.ca.gov/incidents/2016/8/9/knoxville-fire/,2016-08-10T17:00:00Z,8/10/2016,8/9/2016
Mineral Fire,2022-10-24T11:12:12Z,2016-08-08T13:08:00Z,CAL FIRE Fresno Kings Unit,Fresno,"off Hwy 198 & Mineral Springs Rd, W of Coalinga",7050,-120.51057,36.09974,346c59b1-375e-4d42-876a-d97b769c939f,https://www.fire.ca.gov/incidents/2016/8/8/mineral-fire/,2016-08-18T19:00:00Z,8/18/2016,8/8/2016
Blue Cut Fire,2016-08-23T07:45:00Z,2016-08-16T10:44:00Z,San Bernardino National Forest ,San Bernardino,"off of I-15 and Hwy 138, north of San Bernardino ",36274,-117.49342,34.30372,ea5193a1-69bc-4684-bfcd-235c17d36756,https://www.fire.ca.gov/incidents/2016/8/16/blue-cut-fire/,2016-08-23T07:45:00Z,8/23/2016,8/16/2016
Mountain Fire,2016-08-10T17:00:00Z,2016-08-09T12:14:00Z,CAL FIRE Shasta-Trinity Unit,Shasta,"Near Iron Mountain Road, south of Keswick ",35,-122.47091,40.61213,93995926-26b0-4158-9f93-fec263f40b47,https://www.fire.ca.gov/incidents/2016/8/9/mountain-fire/,2016-08-10T17:00:00Z,8/10/2016,8/9/2016
Summit Fire,2016-08-19T08:30:00Z,2016-08-12T17:23:00Z,CAL FIRE Humboldt-Del Norte,Humboldt,Three Creeks Summit and Bair Rd. 8 miles west of Willow Creek,21,-123.77832,40.9878,861bfbd3-ce1c-46bd-a32b-2848b7399119,https://www.fire.ca.gov/incidents/2016/8/12/summit-fire/,2016-08-19T08:30:00Z,8/19/2016,8/12/2016
Chimney Fire,2022-10-24T11:13:19Z,2016-08-13T16:03:00Z,CAL FIRE San Luis Obispo Unit,San Luis Obispo,Running Deer Rd & Chimney Rock Rd south of Lake Nacimiento ,46235,-120.98316,35.70595,040d03d0-fbdd-438c-8174-f81e4a1bba57,https://www.fire.ca.gov/incidents/2016/8/13/chimney-fire/,2016-09-06T07:30:00Z,9/6/2016,8/13/2016
Clayton Fire,2016-08-26T18:00:00Z,2016-08-13T18:03:00Z,CALFIRE Sonoma-Lake-Napa Unit,Lake,off Hwy 29 and Clayton Creek south of Lower Lake,3929,-122.60664,38.89741,a0950d5e-6f35-4023-bb60-6737146ba7bd,https://www.fire.ca.gov/incidents/2016/8/13/clayton-fire/,2016-08-26T18:00:00Z,8/26/2016,8/13/2016
Cedar Fire,2016-10-01T06:00:00Z,2016-08-16T16:35:00Z,Sequoia National Forest,Kern,"off of Hwy 155 in the Greenhorn Mountains, west of Wofford Heights",29322,-118.5678,35.7506,e247e423-6171-4184-9dca-b373de703885,https://www.fire.ca.gov/incidents/2016/8/16/cedar-fire/,2016-10-01T06:00:00Z,10/1/2016,8/16/2016
Stafford Fire,2016-08-16T08:45:00Z,2016-08-11T14:57:00Z,CAL FIRE Humboldt-Del Norte,Humboldt,"Community of Stafford, 7 miles south of Fortuna",23,-124.05804,40.4572,bc2fd9c2-da5c-4cd7-bbec-9daf2143a196,https://www.fire.ca.gov/incidents/2016/8/11/stafford-fire/,2016-08-16T08:45:00Z,8/16/2016,8/11/2016
Boys Fire,2016-09-12T19:00:00Z,2016-09-11T11:25:00Z,CAL FIRE Amador- El Dorado Unit / Sac Metro Fire,Sacramento,"off of Boys Ranch Road and Scott Road, northwest of Rancho Murieta",40,-121.1309,38.558,2d2aa30d-5c3f-4f46-97eb-54b63bec7f3a,https://www.fire.ca.gov/incidents/2016/9/11/boys-fire/,2016-09-12T19:00:00Z,9/12/2016,9/11/2016
Mokelumne Fire,2016-08-30T12:05:00Z,2016-08-18T12:05:00Z,Stanislaus National Forest,Alpine,Mokelumne Wilderness,0,-120.00606,38.57554,5823867d-c458-4673-858f-0ded99b6121f,https://www.fire.ca.gov/incidents/2016/8/18/mokelumne-fire/,2016-08-30T12:05:00Z,8/30/2016,8/18/2016
Sunny Fire,2016-09-06T18:15:00Z,2016-09-03T14:44:00Z,CAL FIRE / Fresno County Fire,Fresno,off Sunnyslope Rd & Lakeside Ln near the Pine Flat Lake Reservoir,158,-119.34487,36.84479,63643257-f082-4928-bf0e-77a0417a4613,https://www.fire.ca.gov/incidents/2016/9/3/sunny-fire/,2016-09-06T18:15:00Z,9/6/2016,9/3/2016
Oak Fire,2016-09-02T06:55:00Z,2016-09-01T14:36:00Z,CAL FIRE Santa Clara Unit,Santa Clara,"Off Oak Glen Ave, 2 miles west of Morgan Hill",25,-121.69784,37.11831,e935ecb3-5eba-43f8-ae02-624b3d5bc03a,https://www.fire.ca.gov/incidents/2016/9/1/oak-fire/,2016-09-02T06:55:00Z,9/2/2016,9/1/2016
Beale Fire,2022-10-24T11:13:34Z,2016-08-18T15:35:00Z,CAL FIRE Nevada-Yuba-Placer Unit,Yuba,"off of Hammonton Smartsville Rd and Doolittle Rd, near Beale AFB ",389,-121.38775,36.16965,822c934f-11be-48a9-8e60-f3f6802ef24d,https://www.fire.ca.gov/incidents/2016/8/18/beale-fire/,2016-08-18T21:30:00Z,8/18/2016,8/18/2016
Mina Fire,2016-08-31T07:15:00Z,2016-08-30T13:35:00Z,CAL FIRE Mendocino Unit,Mendocino,"off Mina Rd & Trinity County Line, 12 miles northeast of Covelo",36,-123.4267011,39.8748511,b44c3b1e-b243-455e-9ca9-9a1b5570e003,https://www.fire.ca.gov/incidents/2016/8/30/mina-fire/,2016-08-31T07:15:00Z,8/31/2016,8/30/2016
Havilah Fire,2016-08-28T18:50:00Z,2016-08-28T18:50:00Z,USFS Sequoia National Forest,Kern,south of Lake Isabella,304,-118.5097,35.4976,fa457abb-66d2-4f82-80fd-452e824e871f,https://www.fire.ca.gov/incidents/2016/8/28/havilah-fire/,2016-08-28T18:50:00Z,8/28/2016,8/28/2016
Gap Fire,2016-08-28T18:15:00Z,2016-08-27T18:00:00Z,USFS Klamath National Forest,Siskiyou,"off Seiad Creek Rd, 5 miles northeast o Seiad Valley",33867,-123.118,41.851,85683fd7-b507-4ec7-8bbd-fb7033a42665,https://www.fire.ca.gov/incidents/2016/8/27/gap-fire/,2016-08-28T18:15:00Z,8/28/2016,8/27/2016
Bird Fire,2016-08-20T18:45:00Z,2016-08-20T08:35:00Z,CAL FIRE Santa Clara Unit,San Joaquin,"off of Bird Rd & I-580, south of Tracy",147,-121.36665,37.62215,86166c24-3a85-42e3-a53a-ebb1d935fb8a,https://www.fire.ca.gov/incidents/2016/8/20/bird-fire/,2016-08-20T18:45:00Z,8/20/2016,8/20/2016
Tully Fire,2016-09-04T06:55:00Z,2016-08-22T16:03:00Z,CAL Fire Humboldt-Del Norte Unit,Humboldt,"off of Hwy 169 & Martin's Ferry Rd, northwest of Weitchpec ",599,-123.82268,41.28486,da72b0c2-835d-42a5-8fa8-4de5442610cc,https://www.fire.ca.gov/incidents/2016/8/22/tully-fire/,2016-09-04T06:55:00Z,9/4/2016,8/22/2016
Willard Fire,2016-09-22T07:00:00Z,2016-09-11T11:33:00Z,CAL FIRE Lassen-Modoc Unit,Lassen,"off of Willard Creek Road, west of Susanville",2575,-120.7845,40.3915,1243f711-c29f-4bc3-a7e7-c705a6fc40f2,https://www.fire.ca.gov/incidents/2016/9/11/willard-fire/,2016-09-22T07:00:00Z,9/22/2016,9/11/2016
Santos Fire,2016-08-30T18:40:00Z,2016-08-26T15:30:00Z,CAL FIRE Butte Unit,Butte,"off Hwy 32 at Santos Ranch Rd, south of Forest Ranch",88,-121.71662,39.79547,c55cc099-43f6-4a55-81b4-59ee03618511,https://www.fire.ca.gov/incidents/2016/8/26/santos-fire/,2016-08-30T18:40:00Z,8/30/2016,8/26/2016
Willow Fire,2022-10-24T11:10:28Z,2016-08-28T13:07:00Z,CAL FIRE Tuolumne-Calaveras Unit,Calaveras,"Off Willow Creek Rd & Mountain Ranch Rd, east of San Andreas ",450,-120.6381,38.1874,db833182-22df-44cc-ba10-0901e74222bc,https://www.fire.ca.gov/incidents/2016/8/28/willow-fire/,2016-08-31T18:50:00Z,8/31/2016,8/28/2016
Tule Fire,2016-11-08T10:15:00Z,2016-08-22T22:00:00Z,US Forest Service - Sequoia National Forest,Tulare,"off Hwy 190, 4 miles northeast of Springville",395,-118.73906,36.1648,954fb899-decb-461b-a0dd-76442e3370d3,https://www.fire.ca.gov/incidents/2016/8/22/tule-fire/,2016-11-08T10:15:00Z,11/8/2016,8/22/2016
Grade Fire,2022-10-24T11:09:56Z,2016-08-24T14:55:00Z,CAL FIRE Siskiyou Unit,Siskiyou,"off Hwy 263, 2 miles north of Yreka ",710,-122.611,41.7813,a2a6199c-704a-4826-a51b-23e6ee123349,https://www.fire.ca.gov/incidents/2016/8/24/grade-fire/,2016-08-30T06:45:00Z,8/30/2016,8/24/2016
Howard Fire,2016-09-14T18:00:00Z,2016-09-11T14:15:00Z,CAL FIRE Lassen-Modoc Unit,Modoc,"in Howards Gulch, north of Canby ",380,-120.9066,41.4657,97772dc4-7fde-4412-982c-974b3316e22b,https://www.fire.ca.gov/incidents/2016/9/11/howard-fire/,2016-09-14T18:00:00Z,9/14/2016,9/11/2016
Range Fire,2022-10-24T11:13:57Z,2016-08-26T10:10:00Z,Kern County Fire Department,Kern,"off Deer Trail Dr & Hwy 223, 6 miles east of Arvin",600,-118.7212,35.2013,2656ad63-b3e1-467f-9982-0229fd31c0f5,https://www.fire.ca.gov/incidents/2016/8/26/range-fire/,2016-08-29T10:30:00Z,8/29/2016,8/26/2016
Mockingbird Fire,2016-08-31T07:05:00Z,2016-08-30T16:54:00Z,CAL FIRE Sonoma-Lake-Napa Unit,Lake,"Off Hwy 29 & Mockingbird Lane, Upper Lake",20,-122.9148951,39.1408865,1780f987-76f9-4a82-81bd-6cb914758eec,https://www.fire.ca.gov/incidents/2016/8/30/mockingbird-fire/,2016-08-31T07:05:00Z,8/31/2016,8/30/2016
Moffett Fire,2016-09-13T18:30:00Z,2016-09-12T16:28:00Z,CAL FIRE Siskiyou Unit,Siskiyou,"off of Moffett Creek Rd and Luce Gulch Rd, northeast of Fort Jones",32,-122.7933,41.6314,ed16bf52-f886-4384-b841-2e755234aa29,https://www.fire.ca.gov/incidents/2016/9/12/moffett-fire/,2016-09-13T18:30:00Z,9/13/2016,9/12/2016
Old Fire,2016-09-19T18:30:00Z,2016-09-16T23:28:00Z,CAL FIRE Butte Unit,Butte,"Off of Old Chico Canyon, west of Forest Ranch",30,-121.6998,39.8851,69e1a36d-21ab-4feb-b31c-dbfac4bf62d1,https://www.fire.ca.gov/incidents/2016/9/16/old-fire/,2016-09-19T18:30:00Z,9/19/2016,9/16/2016
Hog Fire,2022-10-24T11:14:36Z,2016-09-13T23:10:00Z,CAL FIRE Tehama-Glenn Unit,Tehama,"Off Hwy 36 near Hog Lake, northeast of Red Bluff",321,-122.1295,40.30594,060ef833-2d3f-47d4-a1d4-146d1b9a5928,https://www.fire.ca.gov/incidents/2016/9/13/hog-fire/,2016-09-13T14:30:00Z,9/13/2016,9/13/2016
Old Fire,2016-09-17T18:00:00Z,2016-09-13T13:55:00Z,Stanislaus National Forest,Del Norte,"off Old Yosemite Rd, 8 miles east of Greeley Hill",150,-120.029626,37.75972,f66ae0d0-837d-4ea9-a7ed-6a78d9bde940,https://www.fire.ca.gov/incidents/2016/9/13/old-fire/,2016-09-17T18:00:00Z,9/17/2016,9/13/2016
Auburn Fire,2016-09-20T18:00:00Z,2016-09-17T13:40:00Z,CAL FIRE Nevada-Yuba-Placer Unit / Grass Valley Fire Department,Nevada,"Off South Auburn Street and Whiting Street, Grass Valley",47,-121.05948,39.20427,1f8b3267-c3bd-43f5-9733-2b30c97d45ee,https://www.fire.ca.gov/incidents/2016/9/17/auburn-fire/,2016-09-20T18:00:00Z,9/20/2016,9/17/2016
Owens River Fire,2016-09-18T08:10:00Z,2016-09-17T13:49:00Z,Inyo National Forest,Inyo,"Clark Canyon, north of Mammoth Lakes, east of Hwy 395",5443,-118.95309,37.75985,821c040d-a17c-4934-990f-ca7d441a303a,https://www.fire.ca.gov/incidents/2016/9/17/owens-river-fire/,2016-09-18T08:10:00Z,9/18/2016,9/17/2016
Soup Complex,2016-10-13T11:30:00Z,2016-09-17T14:37:00Z,Modoc National Forest,Modoc,"Soup Springs, 12 miles east of Likely",2652,-120.3178,41.2649,92c20948-6ff6-4a2c-b13f-32c75e71b16c,https://www.fire.ca.gov/incidents/2016/9/17/soup-complex/,2016-10-13T11:30:00Z,10/13/2016,9/17/2016
Canyon Fire,2016-09-27T14:00:00Z,2016-09-17T17:20:00Z,Vandenberg Air Force Base,Santa Barbara,"Santa Ynez Ridge Road and Egress Road, south side of Vandenberg Air Force Base",12518,-120.54421,34.63445,f6afb8c4-32dc-4e6d-8d30-e6b7ccd4a62f,https://www.fire.ca.gov/incidents/2016/9/17/canyon-fire/,2016-09-27T14:00:00Z,9/27/2016,9/17/2016
Washington Fire,2016-09-27T14:00:00Z,2016-09-22T14:20:00Z,Vandenberg Air Force Base,Santa Barbara,"off Washington Ave. and Airfield Rd, north of California Blvd ",215,-120.55297,34.75134,686e1300-65d3-4e07-8a88-e5952418649b,https://www.fire.ca.gov/incidents/2016/9/22/washington-fire/,2016-09-27T14:00:00Z,9/27/2016,9/22/2016
Bangor Fire,2016-09-23T10:30:00Z,2016-09-22T11:45:00Z,CAL FIRE Butte Unit,Butte,"off Oro-Bangor Highway & Swedes Flat, 7 miles SE of Oroville",130,-121.42647,39.4403,b4940174-75d0-4f5e-b505-4a66c17a9157,https://www.fire.ca.gov/incidents/2016/9/22/bangor-fire/,2016-09-23T10:30:00Z,9/23/2016,9/22/2016
Butte Fire,2016-09-20T18:00:00Z,2016-09-20T09:30:00Z,Beale Air Force Base,Sutter,off Pass Road and Kellogg Road (Near Sutter Buttes West of Yuba City,300,-121.78003,39.188321,f669c502-b400-4ad9-ae95-bfd9c31f903c,https://www.fire.ca.gov/incidents/2016/9/20/butte-fire/,2016-09-20T18:00:00Z,9/20/2016,9/20/2016
Bell Fire,2016-09-25T17:45:00Z,2016-09-23T13:12:00Z,CAL FIRE Amador-El Dorado Unit,Amador,"off Hwy 49 and Bell Road, 4 miles north of Plymouth ",45,-120.8416,38.5212,0bf08653-1441-4e73-b24b-1296afb12b45,https://www.fire.ca.gov/incidents/2016/9/23/bell-fire/,2016-09-25T17:45:00Z,9/25/2016,9/23/2016
Marshes Fire,2016-10-04T22:00:00Z,2016-09-26T12:20:00Z,CAL FIRE Tuolumne-Calaveras Unit,Tuolumne,off Hwy. 49 and Marshes Flat Road north of Don Pedro Reservoir,1080,-120.32484,37.79635,3a4871dc-2299-4934-8a31-b92780fe31a3,https://www.fire.ca.gov/incidents/2016/9/26/marshes-fire/,2016-10-04T22:00:00Z,10/4/2016,9/26/2016
Newmark Fire,2016-09-24T20:00:00Z,2016-09-23T12:40:00Z,CAL FIRE Fresno-Kings unit,Fresno,"off Newmark Ave. and Fantz Ave., 3 miles southeast of Sanger",70,-119.5327,36.6543,2e8eb057-1d9a-41a7-ab9f-9b85ce3374c4,https://www.fire.ca.gov/incidents/2016/9/23/newmark-fire/,2016-09-24T20:00:00Z,9/24/2016,9/23/2016
Cow Fire,2016-09-25T13:15:00Z,2016-09-25T07:15:00Z,CAL FIRE Shasta-Trinity Unit,Shasta,off Whitmore Road and Old Cow Creek Road,100,-121.93923,40,8a4c92b3-c1aa-41e0-aaed-999d73f0a418,https://www.fire.ca.gov/incidents/2016/9/25/cow-fire/,2016-09-25T13:15:00Z,9/25/2016,9/25/2016
Sawmill Fire,2016-09-29T17:00:00Z,2016-09-25T10:43:00Z,CAL FIRE Sonoma-Lake-Napa Unit,Sonoma,"off Big Geysers Road and Geysers Resort Road, 10 miles east of Cloverdale",1547,-122.82895,38.80017,8d9b87e4-6fdb-49e4-ba6d-be85ffd6b222,https://www.fire.ca.gov/incidents/2016/9/25/sawmill-fire/,2016-09-29T17:00:00Z,9/29/2016,9/25/2016
Tobin Fire,2016-10-06T17:15:00Z,2016-09-26T13:23:00Z,US Forest Service - Plumas NF,Plumas,north of Hwy 70 and west of Jackass Creek Road ,248,-121.32,39.92,abd0a296-217d-4a6a-9da0-5eb05f56f863,https://www.fire.ca.gov/incidents/2016/9/26/tobin-fire/,2016-10-06T17:15:00Z,10/6/2016,9/26/2016
Loma Fire,2017-09-19T10:30:00Z,2016-09-26T14:42:00Z,CAL FIRE Santa Clara Unit,Santa Clara,off Loma Prieta Rd and Loma Chiquita Rd 10 miles NW of Morgan Hill,4474,-121.85318,37.10632,2dfac408-d2ab-4ff9-94aa-91be9d07bb59,https://www.fire.ca.gov/incidents/2016/9/26/loma-fire/,2017-09-19T10:30:00Z,9/19/2017,9/26/2016
Sacata Fire,2016-10-20T07:00:00Z,2016-10-11T12:58:00Z,USFS Sierra National Forest,Fresno,"near Sacata Ridge, located above Pine Flat",2100,-119.25959,36.94536,59084c8f-904c-42cb-9aa8-cae4a1f8c6ef,https://www.fire.ca.gov/incidents/2016/10/11/sacata-fire/,2016-10-20T07:00:00Z,10/20/2016,10/11/2016
Emerald Fire,2016-10-17T11:45:00Z,2016-10-14T01:28:00Z,CAL FIRE Amador- El Dorado Unit / USFS El Dorado National Forest / Lake Valley Fire,El Dorado,"off Highway 89, near Cascade Lake and Emerald Bay.",176,-120.10744,38.93449,81ef7517-ab3c-4d1a-8ddd-b5d69404676f,https://www.fire.ca.gov/incidents/2016/10/14/emerald-fire/,2016-10-17T11:45:00Z,10/17/2016,10/14/2016
Gopher Fire,2016-11-14T18:00:00Z,2016-11-13T11:14:00Z,CAL FIRE San Diego Unit,San Diego,Off Gopher Canyon & Interstate 15,28,-117.158475,33.254355,6f600260-2bdb-4f53-9d1a-eab8afb3a11a,https://www.fire.ca.gov/incidents/2016/11/13/gopher-fire/,2016-11-14T18:00:00Z,11/14/2016,11/13/2016
Marek Fire,2016-11-14T14:00:00Z,2016-11-14T05:45:00Z,Angeles National Forest ,Los Angeles,Lake View Terrace,4824,-118.335,34.31,ca1227b3-1458-44c9-b32e-2994e309f940,https://www.fire.ca.gov/incidents/2016/11/14/marek-fire/,2016-11-14T14:00:00Z,11/14/2016,11/14/2016
Jacobson Fire,2016-12-19T13:30:00Z,2016-10-20T17:00:00Z,Sequoia National Forest,Tulare,Jacobson Drainage in the Golden Trout Wilderness,10,-118.551,36.217,2458cd6c-82d6-43ef-b509-706e3af69451,https://www.fire.ca.gov/incidents/2016/10/20/jacobson-fire/,2016-12-19T13:30:00Z,12/19/2016,10/20/2016
Meadow Fire,2016-12-19T13:30:00Z,2016-10-29T11:15:00Z,Sequoia National Forest,Tulare,"	East of Trail of 100 Giants between Lloyd Meadow Road and Western Divide Highway.",4347,-118.551,35.984,89c304db-e288-4582-90d4-884d57fd71f9,https://www.fire.ca.gov/incidents/2016/10/29/meadow-fire/,2016-12-19T13:30:00Z,12/19/2016,10/29/2016
Aqueduct Fire,2019-01-03T09:46:00Z,2018-04-12T14:30:00Z,CAL FIRE / Fresno County Fire,Fresno,"25th Ave & Ultica Ave, south of Kettleman City",30,-119.94083,35.92436,a97e2077-2013-459a-baa7-276781503e3c,https://www.fire.ca.gov/incidents/2018/4/12/aqueduct-fire/,2019-01-03T09:46:00Z,1/3/2019,4/12/2018
Oroville Spillway ,2018-01-09T09:24:00Z,2017-02-07T14:00:00Z,Unified Command,Butte,"Oroville Dam, Canyon Dr. & Oroville Dam Rd, Oroville, CA 95966",0,-121.55633,39.51158,afb8c00c-ef91-4544-90ce-54722be124af,https://www.fire.ca.gov/incidents/2017/2/7/oroville-spillway/,2018-01-09T09:24:00Z,1/9/2018,2/7/2017
Grace Fire,2018-01-09T09:41:00Z,2017-04-03T16:00:00Z,CAL FIRE Shasta-Trintiy Unit,Shasta,"Grace Resort Rd and Bluebush Way, 2 miles SE of the Community of Shingletown",45,-121.85645,40.48712,95960fa6-58ba-4b4e-aeb2-ada97d699908,https://www.fire.ca.gov/incidents/2017/4/3/grace-fire/,2018-01-09T09:41:00Z,1/9/2018,4/3/2017
West Fire,2018-01-09T09:40:00Z,2017-04-03T16:00:00Z,CAL FIRE Lassen-Modoc Unit,Modoc,"Likely, 15 Miles south of Alturas",380,-120.58342,41.16716,31b0e75c-b0e2-4796-b8a7-efc49e4c59a5,https://www.fire.ca.gov/incidents/2017/4/3/west-fire/,2018-01-09T09:40:00Z,1/9/2018,4/3/2017
66 Fire,2018-01-09T09:50:00Z,2017-04-13T02:30:00Z,CAL FIRE Riverside Unit,Riverside,Avenue 66 and Hwy 111 near community of Mecca,15,-116.08003,33.56777,b12ae71e-c6c8-4eab-9aab-d17d1879a639,https://www.fire.ca.gov/incidents/2017/4/13/66-fire/,2018-01-09T09:50:00Z,1/9/2018,4/13/2017
Jayne Fire,2022-10-24T10:48:04Z,2017-04-20T15:40:00Z,CAL FIRE Fresno Kings Unit,Fresno,Off of Hwy 33 and Lost Hills south of Coalinga,4532,-120.26561,36.07228,0cacf259-1ba3-4e8c-a938-feaab2655c4b,https://www.fire.ca.gov/incidents/2017/4/20/jayne-fire/,2018-01-09T09:51:00Z,1/9/2018,4/20/2017
Soledad Fire,2018-01-09T09:51:00Z,2017-04-24T12:06:00Z,CAL FIRE San Benito-Monterey Unit ,Monterey,"Highway 101 & Front Street, north of Soledad ",10,-121.34695,36.44141,b8bdbd12-e3a2-49e0-8d65-7c18b8d584bf,https://www.fire.ca.gov/incidents/2017/4/24/soledad-fire/,2018-01-09T09:51:00Z,1/9/2018,4/24/2017
El Dorado Fire,2022-10-24T10:48:20Z,2017-04-28T15:40:00Z,Fresno County Fire ,Fresno," El Dorado Ave & Kamm Ave, northeast of Coalinga",750,-120.206592,36.530836,17a7d561-bee7-454d-a0aa-ac450907f6fd,https://www.fire.ca.gov/incidents/2017/4/28/el-dorado-fire/,2018-01-09T09:52:00Z,1/9/2018,4/28/2017
Tumey Fire,2018-01-09T09:52:00Z,2017-04-29T17:15:00Z,CAL FIRE Fresno-Kings Unit,Fresno,"Panoche Rd, 5 miles west of I-5",126,-120.6585,36.5355,d804eebf-71de-46de-90c2-cdf0694d27e3,https://www.fire.ca.gov/incidents/2017/4/29/tumey-fire/,2018-01-09T09:52:00Z,1/9/2018,4/29/2017
Tower Fire,2018-01-09T09:53:00Z,2017-04-30T16:03:00Z,USFS - San Bernardino National Forest,San Bernardino,"Cleghorn Road, east of I-15, north of the community of Devore",150,-117.45646,34.30104,45699833-fa34-4eed-9520-8c8019426122,https://www.fire.ca.gov/incidents/2017/4/30/tower-fire/,2018-01-09T09:53:00Z,1/9/2018,4/30/2017
Opera Fire,2018-01-09T09:53:00Z,2017-04-30T15:23:00Z,CAL FIRE/Riverside County Fire,Riverside,"off Opera Loop & East Palmyrita Avenue, in Highgrove ",1350,-117.30693,34.00566,c254df3f-a241-4983-a880-e12944a9f7b2,https://www.fire.ca.gov/incidents/2017/4/30/opera-fire/,2018-01-09T09:53:00Z,1/9/2018,4/30/2017
Jameson Fire,2018-01-09T09:54:00Z,2017-04-30T19:43:00Z,CAL FIRE/Riverside County Fire,Riverside,"Jameson Rd and Clay Canyon Dr., south of Corona",12,-117.5048,33.7866,7fc71135-ee3b-443c-a859-90672936e0c1,https://www.fire.ca.gov/incidents/2017/4/30/jameson-fire/,2018-01-09T09:54:00Z,1/9/2018,4/30/2017
Fay Fire,2018-01-09T09:54:00Z,2017-05-01T12:44:00Z,Kern County Fire,Kern,"Fay Ranch Rd, northeast of Lake Isabella",19,-118.30601,35.71704,f5237d47-f15b-4f4b-8b1c-6f11235f954d,https://www.fire.ca.gov/incidents/2017/5/1/fay-fire/,2018-01-09T09:54:00Z,1/9/2018,5/1/2017
Olive Fire,2018-01-09T09:54:00Z,2017-05-02T14:32:00Z,CAL FIRE San Luis Obispo Unit,San Luis Obispo,"Off Highway 41, north of Cholame",130,-120.22647,35.78286,87d7fb46-00f9-4bae-ba35-a7ef8e58a70e,https://www.fire.ca.gov/incidents/2017/5/2/olive-fire/,2018-01-09T09:54:00Z,1/9/2018,5/2/2017
Shandon Fire,2018-01-09T09:55:00Z,2017-05-07T16:41:00Z,CAL FIRE San Luis Obispo Unit,San Luis Obispo,"Off Lucy Brown Rd, in Shandon",12,-120.3317,35.6879,c7e3bcbf-1065-4e45-a4a3-bf0b5ac6aa23,https://www.fire.ca.gov/incidents/2017/5/7/shandon-fire/,2018-01-09T09:55:00Z,1/9/2018,5/7/2017
Sonoma Fire,2018-01-09T09:55:00Z,2017-05-10T15:27:00Z,CAL FIRE/Fresno County Fire,Fresno,"off Sonoma Ave & Cerini Ave, west of Helm ",400,-120.2445,36.45491,eca1021e-dfea-4dec-8470-c0eb7e4d479b,https://www.fire.ca.gov/incidents/2017/5/10/sonoma-fire/,2018-01-09T09:55:00Z,1/9/2018,5/10/2017
Hub Fire,2018-01-09T09:55:00Z,2017-05-12T05:05:00Z,Kern County Fire,Kern,"Red Hill Road and Schick Road, 2 miles east of Lake Isabella",31,-118.4683,35.60001,5115a26e-e8e8-42cd-9aeb-f5c41efd770a,https://www.fire.ca.gov/incidents/2017/5/12/hub-fire/,2018-01-09T09:55:00Z,1/9/2018,5/12/2017
Wright Fire,2022-10-24T10:48:37Z,2017-05-12T15:30:00Z,CAL FIRE Madera-Mariposa-Merced Unit,Merced,"Hwy 152 and Arburura Road, southwest of Los Banos",1733,-120.89261,36.96655,63a81990-8521-409d-9c22-92d1c33e0353,https://www.fire.ca.gov/incidents/2017/5/12/wright-fire/,2018-01-09T09:56:00Z,1/9/2018,5/12/2017
Nacimiento Fire,2018-01-09T09:56:00Z,2017-05-14T12:00:00Z,CAL FIRE San Benito-Monterey Unit,Monterey,"Off Nacimiento Lake Drive and Bee Rock Rd., near Bradley",20,-120.92482,35.77082,1423af4f-16d5-4f19-a01d-fc3ebc124201,https://www.fire.ca.gov/incidents/2017/5/14/nacimiento-fire/,2018-01-09T09:56:00Z,1/9/2018,5/14/2017
Canyon Fire,2018-01-09T09:56:00Z,2017-05-14T12:51:00Z,CAL FIRE/Riverside County Fire,Riverside,"Highway 79, south of Dump Road, Beaumont",17,-116.99229,33.88466,48c4b519-eaf5-4ae8-9470-31e8770a70ac,https://www.fire.ca.gov/incidents/2017/5/14/canyon-fire/,2018-01-09T09:56:00Z,1/9/2018,5/14/2017
Feed Fire,2018-01-09T09:57:00Z,2017-05-14T14:00:00Z,Kern County Fire,Kern,"Sabastian Rd and Wheeler, southeast of Arvin ",41,-118.90004,35.05076,9f416f37-a8ca-4127-a6b7-02626fd32e06,https://www.fire.ca.gov/incidents/2017/5/14/feed-fire/,2018-01-09T09:57:00Z,1/9/2018,5/14/2017
Arrow Fire,2018-01-09T09:57:00Z,2017-05-15T13:58:00Z,CAL FIRE San Luis Obispo Unit,San Luis Obispo,off of Soda Lake,225,-119.87525,35.21177,5b3329f4-1e37-4b5a-9ed6-6f8d74f495c3,https://www.fire.ca.gov/incidents/2017/5/15/arrow-fire/,2018-01-09T09:57:00Z,1/9/2018,5/15/2017
Bravo Fire,2018-01-09T09:58:00Z,2017-05-15T14:05:00Z,Kern County Fire,Kern,"Hwy 178 and Mira Monte Drive, 2 miles southeast of Lake Ming",288,-118.84466,35.41283,0fc2a05e-689f-4c7c-b2b4-a987840b4f2c,https://www.fire.ca.gov/incidents/2017/5/15/bravo-fire/,2018-01-09T09:58:00Z,1/9/2018,5/15/2017
Pine Fire,2018-01-09T09:58:00Z,2017-05-16T16:10:00Z,CAL FIRE San Benito - Monterey Unit,Monterey,"off of Hwy 198 and Pine Valley Road, southwest of King City",18,-120.86682,36.1727,75bb079a-1de8-4824-a933-e19f69948438,https://www.fire.ca.gov/incidents/2017/5/16/pine-fire/,2018-01-09T09:58:00Z,1/9/2018,5/16/2017
Lonoak Fire,2018-01-09T09:59:00Z,2017-05-17T15:18:00Z,CAL FIRE San Benito Monterey Unit,Monterey,"Lonoak Road and Airline Road, east of King City",17,-120.94328,36.2771,2d12b95c-3f4e-41bc-a771-8ae2cb80b99e,https://www.fire.ca.gov/incidents/2017/5/17/lonoak-fire/,2018-01-09T09:59:00Z,1/9/2018,5/17/2017
41 Fire,2018-01-09T10:01:00Z,2017-05-17T15:30:00Z,Madera County Fire Department,Madera,"off of Hwy 41 and Ave 11, north of Fresno",150,-119.79315,36.90967,9a555129-982b-486f-a333-c96b3f9c4d2e,https://www.fire.ca.gov/incidents/2017/5/17/41-fire/,2018-01-09T10:01:00Z,1/9/2018,5/17/2017
Camp Fire,2018-01-09T10:03:00Z,2017-05-18T08:48:00Z,CAL FIRE San Luis Obispo Unit,San Luis Obispo,"off of Hwy 1 & Range Rd, northeast of San Luis Obispo ",225,-120.76464,35.34541,048c085b-3162-4906-beef-7aa2ba1b868d,https://www.fire.ca.gov/incidents/2017/5/18/camp-fire/,2018-01-09T10:03:00Z,1/9/2018,5/18/2017
Elm Fire,2022-10-24T10:48:55Z,2017-05-18T13:11:00Z,CAL FIRE/Fresno County Fire,Fresno,"off of Hwy 198 & Fire Stone, south of Coalinga",10000,-120.37116,36.12089,65062933-27cf-48d7-8e4c-9a7ac78e65ff,https://www.fire.ca.gov/incidents/2017/5/18/elm-fire/,2018-01-09T10:04:00Z,1/9/2018,5/18/2017
City Fire,2018-01-09T10:04:00Z,2017-05-18T12:54:00Z,CAL FIRE/Fresno County Fire,Kings,"off of Hwy 41 & I-5, south of Kettleman City",20,-119.91508,35.983,3fce8146-ff21-4399-9a94-f37124b34331,https://www.fire.ca.gov/incidents/2017/5/18/city-fire/,2018-01-09T10:04:00Z,1/9/2018,5/18/2017
Moraga Fire,2018-01-09T10:05:00Z,2017-05-18T17:25:00Z,CAL FIRE/Riverside County Fire,Riverside,"Avenue Juan Diaz and Riverside Drive, Jurupa Valley",14,-117.44148,33.97155,9348a031-c7b3-4165-890a-37a7eb7405db,https://www.fire.ca.gov/incidents/2017/5/18/moraga-fire/,2018-01-09T10:05:00Z,1/9/2018,5/18/2017
Manning Fire,2018-01-09T10:05:00Z,2017-05-19T23:28:00Z,CAL FIRE Fresno-Kings Unit,Fresno,"Interstate 5 and Manning Avenue, north of Coalinga",70,-120.5828,36.60736,b3fc6dff-f13a-41c4-b7f3-e9e960a941d5,https://www.fire.ca.gov/incidents/2017/5/19/manning-fire/,2018-01-09T10:05:00Z,1/9/2018,5/19/2017
Taglio Fire,2018-01-09T10:05:00Z,1969-12-31T16:00:00Z,CAL FIRE Madera-Mariposa-Merced Unit,Merced,"Interstate 5 near Taglio Road, Gustine",12,-121.07761,37.21812,fcb8579e-7469-4c9e-9eac-527264e6f26b,https://www.fire.ca.gov/incidents/2017/12/31/taglio-fire/,2018-01-09T10:05:00Z,1/9/2018,12/31/1969
Range Fire,2018-01-09T10:05:00Z,2017-05-19T13:10:00Z,Department of Defense - Camp Roberts,San Luis Obispo,"off of San Antonio Drive and Hwy 101, Camp Roberts",0,-120.80411,35.85253,5bfc7c8f-0d7f-4b14-903b-00014014c14b,https://www.fire.ca.gov/incidents/2017/5/19/range-fire/,2018-01-09T10:05:00Z,1/9/2018,5/19/2017
Deluz Fire,2018-01-09T10:06:00Z,2017-05-19T14:45:00Z,Camp Pendleton Marine Base,San Diego,"Camp Pendleton, north of India Training Area",486,-117.32348,33.3906,3d595f75-d59e-4453-b25c-48207b02f529,https://www.fire.ca.gov/incidents/2017/5/19/deluz-fire/,2018-01-09T10:06:00Z,1/9/2018,5/19/2017
Gate Fire,2018-01-09T10:06:00Z,2017-05-20T23:19:00Z,CAL FIRE San Diego Unit,San Diego,"off of Hwy 94 and Otay Truck Trail, northwest of Dulzura",2056,-116.80527,32.65597,c4d0a25f-02f6-4877-a944-8f5d50bf2335,https://www.fire.ca.gov/incidents/2017/5/20/gate-fire/,2018-01-09T10:06:00Z,1/9/2018,5/20/2017
Rocky Fire,2018-01-09T10:06:00Z,2017-05-20T13:11:00Z,CAL FIRE San Luis Obispo Unit,San Luis Obispo,"off of Rocky Creek Road and Old Abode Canyon Road, east of Atascadero",17,-120.474,35.556667,fbc11fc4-573b-465f-a9ac-a879ee2cdda2,https://www.fire.ca.gov/incidents/2017/5/20/rocky-fire/,2018-01-09T10:06:00Z,1/9/2018,5/20/2017
Ming Fire,2018-01-09T10:07:00Z,2017-05-20T14:23:00Z,Kern County Fire,Kern,"Round Mountain Road and Amaya Court, north of Lake Ming",506,-118.85896,35.4605,39967485-2cf1-4f0e-9cf1-ccfd25f6e2bf,https://www.fire.ca.gov/incidents/2017/5/20/ming-fire/,2018-01-09T10:07:00Z,1/9/2018,5/20/2017
Moreno Fire,2021-06-04T10:48:19Z,2017-05-23T13:13:00Z,CAL FIRE/Riverside County Fire,Riverside,Ironwood Avenue and Moreno Beach Drive,10,-117.17773,33.94673,fccf2545-cab8-452e-829c-8379054831f0,https://www.fire.ca.gov/incidents/2017/5/23/moreno-fire/,2018-01-09T10:08:00Z,1/9/2018,5/23/2017
Wasioja Fire,2018-01-09T10:07:00Z,2017-05-20T17:54:00Z,Santa Barbara County,Santa Barbara,"Wasioja Road and Hwy 166, east of New Cuyama ",190,-119.8036,34.9465,06b43461-94d0-4379-a1d6-fd26ba93ceea,https://www.fire.ca.gov/incidents/2017/5/20/wasioja-fire/,2018-01-09T10:07:00Z,1/9/2018,5/20/2017
Ribbonwood Fire,2018-01-09T10:10:00Z,2017-05-24T15:30:00Z,CAL FIRE San Diego Unit,San Diego,"Off of Ribbonwood Road and Interstate 8, east of El Cajon",25,-116.29296,32.679,9b9bf8b4-8378-46e5-a760-67e89e2279e2,https://www.fire.ca.gov/incidents/2017/5/24/ribbonwood-fire/,2018-01-09T10:10:00Z,1/9/2018,5/24/2017
Bitterwater Fire,2018-01-09T10:07:00Z,2017-05-22T04:50:00Z,CAL FIRE San Benito-Monterey Unit,San Benito,"Bitterwater Rd X Hwy 25, east of King City",21,-120.99552,36.35578,f5ef2d0f-66a7-4d75-a9e8-03c42524d723,https://www.fire.ca.gov/incidents/2017/5/22/bitterwater-fire/,2018-01-09T10:07:00Z,1/9/2018,5/22/2017
Smiley Fire,2018-01-09T10:07:00Z,2017-05-21T16:12:00Z,CAL FIRE/ Riverside County Fire,Riverside,Reche Canyon Road and Smiley Boulevard,35,-117.20507,33.96419,54ddf2ef-28b0-4c34-bfe0-1d084f4f57e2,https://www.fire.ca.gov/incidents/2017/5/21/smiley-fire/,2018-01-09T10:07:00Z,1/9/2018,5/21/2017
Range Fire,2018-01-09T10:17:00Z,2017-05-25T18:15:00Z,Camp Pendleton Marine Base,San Diego, Basilone Road X Las Pulgas Road,1000,-117.39818,33.34988,bd671dbd-dd3c-413e-b453-4002e382325d,https://www.fire.ca.gov/incidents/2017/5/25/range-fire/,2018-01-09T10:17:00Z,1/9/2018,5/25/2017
Lamb Fire,2018-01-09T10:16:00Z,2017-05-25T14:48:00Z,CAL FIRE/Riverside County Fire,Riverside,"Lamb Canyon & Dump Road, north of Hemet ",120,-116.99651,33.88287,45a205f4-bcd2-44bd-886b-26260c686ce7,https://www.fire.ca.gov/incidents/2017/5/25/lamb-fire/,2018-01-09T10:16:00Z,1/9/2018,5/25/2017
Champagne Fire,2018-01-09T10:17:00Z,2017-05-28T10:59:00Z,Kern County Fire Department,Kern,10 miles West of Rosamond,10,-118.35296,34.87128,6fa64139-e5d1-4134-b012-5c1b272ac89a,https://www.fire.ca.gov/incidents/2017/5/28/champagne-fire/,2018-01-09T10:17:00Z,1/9/2018,5/28/2017
Rusty Fire,2018-01-09T10:17:00Z,2017-05-28T07:49:00Z,CAL FIRE Fresno-Kings Unit,Fresno,"off Millerton Rd. and Rusty Spur Ln., 10 miles N. of Clovis",16,-119.58292,36.96642,7272decf-0ae8-47aa-b46c-00fc4cd04816,https://www.fire.ca.gov/incidents/2017/5/28/rusty-fire/,2018-01-09T10:17:00Z,1/9/2018,5/28/2017
Serenas Fire,2018-01-09T10:21:00Z,2017-05-28T15:27:00Z,CAL FIRE Riverside Unit,Riverside,off Avenue 64 and Las Serenas Street,48,-116.07429,33.58577,2db503da-a7b2-47a6-92a6-697799eb63f1,https://www.fire.ca.gov/incidents/2017/5/28/serenas-fire/,2018-01-09T10:21:00Z,1/9/2018,5/28/2017
Lombardi Fire,2018-01-09T10:21:00Z,2017-05-28T15:30:00Z,CAL FIRE Tuolumne-Calaveras Unit,Calaveras,"off Hwy 26 and Hwy 12, 4 miles SW of Mokelumne Hill",15,-120.83484,38.19906,42f21a81-e0a3-4b4d-b837-2e6e2efd75a4,https://www.fire.ca.gov/incidents/2017/5/28/lombardi-fire/,2018-01-09T10:21:00Z,1/9/2018,5/28/2017
Panoche Fire,2018-01-09T10:21:00Z,2017-05-28T16:16:00Z,CAL FIRE Fresno-Kings Unit,Fresno,off Panoche Rd. 4 miles W of I-5 (Fresno County). ,18,-120.7109,36.61332,21e9f99a-35a5-41cd-a44b-92363fbf5081,https://www.fire.ca.gov/incidents/2017/5/28/panoche-fire/,2018-01-09T10:21:00Z,1/9/2018,5/28/2017
Matz Fire,2018-01-09T10:22:00Z,2017-05-29T01:20:00Z,CAL FIRE San Bernardino Unit,San Bernardino,"Big Morongo Canyon Preserve, Morongo Valley",16,-116.55326,34.04412,524b1e23-8921-4195-812d-7ec8ee5020b7,https://www.fire.ca.gov/incidents/2017/5/29/matz-fire/,2018-01-09T10:22:00Z,1/9/2018,5/29/2017
Fountain Fire ,2018-01-09T10:23:00Z,2017-05-31T11:30:00Z,CAL FIRE Tulare Unit,Tulare,"off Avenue 56 & Road 256, 2 miles east of Ducor",79,-119.00334,35.89423,92d70dc0-19af-4c87-ab01-8c7051caab73,https://www.fire.ca.gov/incidents/2017/5/31/fountain-fire/,2018-01-09T10:23:00Z,1/9/2018,5/31/2017
Twenty Fire,2018-01-09T10:22:00Z,2017-05-29T15:31:00Z,CAL FIRE Nevada-Yuba-Placer Unit,Yuba,"off Hwy 20 and Escheman Ln, East of Brown",10,-121.376,39.23205,67d31514-620f-49d1-b4bd-a3a92efd48ca,https://www.fire.ca.gov/incidents/2017/5/29/twenty-fire/,2018-01-09T10:22:00Z,1/9/2018,5/29/2017
Clay Fire,2018-01-09T10:22:00Z,2017-06-01T15:38:00Z,CAL FIRE Amador-El Dorado Unit,Sacramento,"off Clay East Rd, east of Herald",68,-121.11113,38.33707,bf3148c5-75dd-4f79-8b3b-c5b483065b47,https://www.fire.ca.gov/incidents/2017/6/1/clay-fire/,2018-01-09T10:22:00Z,1/9/2018,6/1/2017
Fairview Fire,2018-01-09T10:23:00Z,2017-06-01T16:12:00Z,CAL FIRE/Riverside County Fire,Riverside,"Fairview Road & Old Morongo Road, west of Desert Hot Springs ",26,-116.59719,33.94788,663d291c-7ba8-415d-9cab-58d41a886cfd,https://www.fire.ca.gov/incidents/2017/6/1/fairview-fire/,2018-01-09T10:23:00Z,1/9/2018,6/1/2017
Elk Fire,2018-01-09T10:23:00Z,2017-06-02T18:55:00Z,Kern County Fire Department,Kern,4 miles south of Buttonwillow ,16,-119.2877,35.188,adf741f6-5416-41c5-af26-01240cc361cf,https://www.fire.ca.gov/incidents/2017/6/2/elk-fire/,2018-01-09T10:23:00Z,1/9/2018,6/2/2017
Jones Fire,2018-01-09T10:24:00Z,2017-06-03T13:09:00Z,CAL FIRE Lassen-Modoc Unit,Modoc,"Off Hwy 395, south of Alturas",42,-120.53443,41.38247,7967c729-4693-47a1-b1bc-1d82825ca8db,https://www.fire.ca.gov/incidents/2017/6/3/jones-fire/,2018-01-09T10:24:00Z,1/9/2018,6/3/2017
Vernon Fire,2018-01-09T10:24:00Z,2017-06-03T12:09:00Z,CAL FIRE / Riverside County Fire,Riverside,Off Soboba Road in San Jacinto,27,-116.96079,33.82165,b0ffe2e4-ae61-4ad9-b1cc-bf31ff254d8d,https://www.fire.ca.gov/incidents/2017/6/3/vernon-fire/,2018-01-09T10:24:00Z,1/9/2018,6/3/2017
5 Fire,2018-01-09T10:24:00Z,2017-06-03T15:39:00Z,Los Angeles County Fire Department,Los Angeles,"I-5, North of Lake Hughes Rd, Community of Cataic ",25,-118.37539,34.29931,14e249f0-f21c-4d2f-bc5f-68d5d177e849,https://www.fire.ca.gov/incidents/2017/6/3/5-fire/,2018-01-09T10:24:00Z,1/9/2018,6/3/2017
Creek Fire ,2018-01-09T10:24:00Z,2017-06-04T22:11:00Z,"Kern County Fire Department, CAL FIRE and Bureau of Land Management",Kern,"off Erskine Creek Rd and Pasadena Ln, southwest of Lake Isabella",33,-118.4642,35.60633,46c4f0c2-6760-4e42-ac2f-ec25c2486628,https://www.fire.ca.gov/incidents/2017/6/4/creek-fire/,2018-01-09T10:24:00Z,1/9/2018,6/4/2017
Spring Fire ,2018-01-09T10:25:00Z,2017-06-04T16:22:00Z,CAL FIRE Tehama-Glenn Unit,Tehama,"off of Spring Branch Rd, 7 miles east of Cottonwood",78,-122.13088,40.38944,80f2c7d1-d28d-43d0-97a3-ff53cc991a8c,https://www.fire.ca.gov/incidents/2017/6/4/spring-fire/,2018-01-09T10:25:00Z,1/9/2018,6/4/2017
River Fire,2018-01-09T10:26:00Z,2017-06-04T16:12:00Z,CAL FIRE Lassen-Modoc Unit,Lassen,"east of Hwy 395, Doyle",67,-120.1064,40.03392,b02f2513-9359-45e2-9971-08f7b1f0dc0f,https://www.fire.ca.gov/incidents/2017/6/4/river-fire/,2018-01-09T10:26:00Z,1/9/2018,6/4/2017
Shirleon Fire ,2018-01-09T10:26:00Z,2017-06-04T16:48:00Z,CAL FIRE/Riverside County Fire,Riverside,"Old Banning Idyllwild Road & Mount Edna Road, Banning",10,-116.88097,33.87107,7ea6269d-6ba3-41e1-aff6-b4da1c6611d1,https://www.fire.ca.gov/incidents/2017/6/4/shirleon-fire/,2018-01-09T10:26:00Z,1/9/2018,6/4/2017
Fish Fire,2018-01-09T10:26:00Z,2017-06-05T13:17:00Z,CAL FIRE Santa Clara Unit,Contra Costa,"Hwy 24, Orinda  ",20,-122.2102,37.86549,304c7c4c-140e-40f4-ac9f-36926c07e5fc,https://www.fire.ca.gov/incidents/2017/6/5/fish-fire/,2018-01-09T10:26:00Z,1/9/2018,6/5/2017
Pine Fire,2018-01-09T10:27:00Z,2017-06-05T14:02:00Z,Kern County Fire,Kern,"Pine Mountain Rd., 10 miles NE of Bakersfield",10,-118.796513,35.564124,8bba8daf-8d47-43e7-8593-fdfa2dea5228,https://www.fire.ca.gov/incidents/2017/6/5/pine-fire/,2018-01-09T10:27:00Z,1/9/2018,6/5/2017
Wilbur Fire,2018-01-09T10:27:00Z,2017-06-06T12:43:00Z,CAL FIRE/Butte County Fire,Butte,"Wilbur rd, north of Oroville Dam blvd    ",91,-121.64897,39.52499,549222c5-1be6-4453-896a-caebd19b0bee,https://www.fire.ca.gov/incidents/2017/6/6/wilbur-fire/,2018-01-09T10:27:00Z,1/9/2018,6/6/2017
Whitepine Fire,2018-01-09T10:27:00Z,2017-06-06T16:38:00Z,CAL FIRE Siskiyou Unit,Siskiyou,"Whitepine Road and Blue Heron Place, 10 miles east of Hornbrook ",46,-122.4571,41.8721,f8b61fab-bd14-4e92-960a-d512693ea8e5,https://www.fire.ca.gov/incidents/2017/6/6/whitepine-fire/,2018-01-09T10:27:00Z,1/9/2018,6/6/2017
Dinely Fire,2018-01-09T10:28:00Z,2017-06-07T11:55:00Z,CAL FIRE Tulare Unit,Tulare,"off of Dinely Drive in Three Rivers, northeast of Lake Kaweah",339,-118.87676,36.45809,6802ed2f-5a5a-4a38-a236-e5a688639b6f,https://www.fire.ca.gov/incidents/2017/6/7/dinely-fire/,2018-01-09T10:28:00Z,1/9/2018,6/7/2017
26 Fire,2018-01-09T10:28:00Z,2017-06-07T21:00:00Z,CAL FIRE Madera-Mariposa-Merced Unit,Madera,"off of Road 29, north of Ave 26, east of Chowchilla",157,-120.0193,37.12759,f62bd692-7aae-4e46-8284-239150acced0,https://www.fire.ca.gov/incidents/2017/6/7/26-fire/,2018-01-09T10:28:00Z,1/9/2018,6/7/2017
Bodfish Fire,2018-01-09T10:29:00Z,2017-06-10T12:17:00Z,Kern County Fire Department,Kern,5 miles south of Lake Isabella,206,-118.47939,35.59804,2ef06870-3602-4f1a-878d-962f7259ad46,https://www.fire.ca.gov/incidents/2017/6/10/bodfish-fire/,2018-01-09T10:29:00Z,1/9/2018,6/10/2017
Breckenridge Fire,2018-01-09T10:29:00Z,2017-06-09T04:53:00Z,Kern County Fire Department,Kern,"Breckenridge Rd and Comanche Dr., 5 miles east of Bakersfield ",35,-118.84134,35.37351,b11adfe0-b74d-4321-b1bd-3fc0b8f0929b,https://www.fire.ca.gov/incidents/2017/6/9/breckenridge-fire/,2018-01-09T10:29:00Z,1/9/2018,6/9/2017
Hog Fire,2018-01-09T10:29:00Z,2017-06-09T16:15:00Z,CAL FIRE San Benito-Monterey Unit,Monterey,"Hog Canyon Rd & Ranchita Canyon Rd, southeast of Parkfield",14,-120.52508,35.80375,b9142a59-e3dd-4797-b6ed-c5c847b16f67,https://www.fire.ca.gov/incidents/2017/6/9/hog-fire/,2018-01-09T10:29:00Z,1/9/2018,6/9/2017
Oakwood Fire,2022-10-24T10:49:10Z,2017-06-10T13:19:00Z,CAL FIRE Madera-Mariposa-Merced Unit,Madera,"Oakwood Road and Road 406, northeast of Madera",1417,-119.8011,37.0825,d11a4f65-9523-40d8-989a-6603705e9638,https://www.fire.ca.gov/incidents/2017/6/10/oakwood-fire/,2018-01-09T10:30:00Z,1/9/2018,6/10/2017
Wild Fire,2018-01-09T10:30:00Z,2017-06-11T10:46:00Z,CAL FIRE Fresno Unit / Fresno County Fire,Fresno,"Jensen Ave at Ohio Ave, Mendota",186,-120.405077,36.704679,a8e4aa40-5e2a-4fd8-a858-d673576cda73,https://www.fire.ca.gov/incidents/2017/6/11/wild-fire/,2018-01-09T10:30:00Z,1/9/2018,6/11/2017
Refuge Fire,2018-01-09T10:31:00Z,2017-06-13T10:18:00Z,Sonoma-Lake Napa Unit,Napa,"Knoxville Rd and Eastside Rd, north end of Lake Berryessa ",22,-122.2654,38.68347,7d9de7fd-f95d-4edb-bda6-804b734eedc8,https://www.fire.ca.gov/incidents/2017/6/13/refuge-fire/,2018-01-09T10:31:00Z,1/9/2018,6/13/2017
Pleyto Fire,2018-01-09T10:30:00Z,2017-06-11T18:12:00Z,CAL FIRE San Benito-Monterey Unit,Monterey,"New Pleyto Road cross of Stern st, Lockwood",32,-120.983684,35.902149,f32d4562-5032-4645-ac8f-afb3fab4c704,https://www.fire.ca.gov/incidents/2017/6/11/pleyto-fire/,2018-01-09T10:30:00Z,1/9/2018,6/11/2017
Monterey Fire,2018-01-09T10:30:00Z,2017-06-11T17:15:00Z,CAL FIRE/Fresno County Fire,Fresno,"off South Monterey Ave. & W South Ave., near Tranquillity ",450,-120.369347,36.616986,a9d270c5-aacb-4dad-a34e-ab28a7192248,https://www.fire.ca.gov/incidents/2017/6/11/monterey-fire/,2018-01-09T10:30:00Z,1/9/2018,6/11/2017
Tivy Fire,2018-01-09T10:31:00Z,2017-06-11T22:45:00Z,CALFIRE/Fresno County Fire,Fresno,near Tivy Mountain,76,-119.35901,36.8005,0956bfcb-8915-4163-b4ed-4f3a6ab32895,https://www.fire.ca.gov/incidents/2017/6/11/tivy-fire/,2018-01-09T10:31:00Z,1/9/2018,6/11/2017
Red Fire,2018-01-09T10:31:00Z,2017-06-11T18:49:00Z,CAL FIRE Tuolumne-Calaveras Unit,Tuolumne,"Red Hills Road & Six Bit Gulch Road, 2 miles southwest of Chinese Camp",38,-120.45268,37.85137,5d521085-d92f-4664-b17b-732783658daa,https://www.fire.ca.gov/incidents/2017/6/11/red-fire/,2018-01-09T10:31:00Z,1/9/2018,6/11/2017
Valley Fire,2018-01-09T10:32:00Z,2017-06-13T12:00:00Z,CAL FIRE / Riverside County Fire,Riverside,"San Ignacio Road and East Benton Road, Temecula",33,-116.972036,33.584036,67ba6e61-b5ca-48f4-8e56-9cedeaeb65ea,https://www.fire.ca.gov/incidents/2017/6/13/valley-fire/,2018-01-09T10:32:00Z,1/9/2018,6/13/2017
Douglas Fire,2018-01-09T10:32:00Z,2017-06-13T14:31:00Z,MCI Camp Pendleton,San Diego,"Hwy. 76 & College Blvd., Oceanside, Camp Pendleton",50,-117.29509,33.23281,3fc7de4e-3a0f-45e9-be1f-801f88770883,https://www.fire.ca.gov/incidents/2017/6/13/douglas-fire/,2018-01-09T10:32:00Z,1/9/2018,6/13/2017
King Fire,2018-01-09T10:32:00Z,2017-06-13T17:00:00Z,CAL FIRE Tulare Unit,Tulare,"Off of Hot Springs Road, west of the community of California Hot Springs",135,-118.74542,35.8556,5f0c7697-7be3-49af-b98c-f5789e3ca6f9,https://www.fire.ca.gov/incidents/2017/6/13/king-fire/,2018-01-09T10:32:00Z,1/9/2018,6/13/2017
Reed Fire,2018-01-09T10:32:00Z,2017-06-13T17:21:00Z,CAL FIRE / Riverside County Fire,Riverside,"off Reed Valley Road, north of Wilson Valley Road, Community of Aguanga",20,-116.85226,33.52584,338af3e2-098b-4d1b-8f98-6020b212b68f,https://www.fire.ca.gov/incidents/2017/6/13/reed-fire/,2018-01-09T10:32:00Z,1/9/2018,6/13/2017
Lucy Fire,2018-01-09T10:33:00Z,2017-06-14T11:44:00Z,CAL FIRE San Luis Obispo Unit,San Luis Obispo,"off of Lucy Brown Rd, south of Hwy 41",150,-120.3187,35.6871,1c51deff-5b43-4f54-8acc-a682f830815a,https://www.fire.ca.gov/incidents/2017/6/14/lucy-fire/,2018-01-09T10:33:00Z,1/9/2018,6/14/2017
Westfall Fire,2018-01-09T10:33:00Z,2017-06-15T07:30:00Z,CAL FIRE Madera-Mariposa-Merced Unit,Mariposa,west of  Westfall Road and north of Whiterock Road,63,-120.0088,37.36914,1dfae538-fd95-4454-865d-3d74e4b56665,https://www.fire.ca.gov/incidents/2017/6/15/westfall-fire/,2018-01-09T10:33:00Z,1/9/2018,6/15/2017
Canyon Fire,2018-01-09T10:33:00Z,2017-06-15T11:36:00Z,CAL FIRE / Riverside County Fire,Riverside,Banning,105,-116.884446,33.950382,380df891-161a-44c7-a244-d7dda9d5fd32,https://www.fire.ca.gov/incidents/2017/6/15/canyon-fire/,2018-01-09T10:33:00Z,1/9/2018,6/15/2017
Nuevo Fire,2018-01-09T10:33:00Z,2017-06-15T15:51:00Z,CAL FIRE/Riverside County Fire,Riverside,Hansen Avenue and Nuevo Road in Nuevo,28,-117.11659,33.79925,57b7776f-bae7-4b14-b94c-65806e002a88,https://www.fire.ca.gov/incidents/2017/6/15/nuevo-fire/,2018-01-09T10:33:00Z,1/9/2018,6/15/2017
Skyway Fire,2018-01-09T10:34:00Z,2017-06-16T09:27:00Z,CAL FIRE / Butte County Fire,Butte,"off Skyway and Hwy 99, east of Chico",134,-121.75417,39.69717,a2d42b3a-32a4-4b57-a8c2-91e5d046bbb6,https://www.fire.ca.gov/incidents/2017/6/16/skyway-fire/,2018-01-09T10:34:00Z,1/9/2018,6/16/2017
Springs Fire,2018-01-09T10:34:00Z,2017-06-16T14:51:00Z,CAL FIRE/Riverside County Fire,Riverside,"off Gilman Springs Road, south of Hwy 60 in Gilman Springs",10,33.939428,117.138741,0089929d-0b52-46fe-8982-b096b7616f30,https://www.fire.ca.gov/incidents/2017/6/16/springs-fire/,2018-01-09T10:34:00Z,1/9/2018,6/16/2017
Shore Fire,2018-01-09T10:34:00Z,2017-06-16T15:49:00Z,CAL FIRE San Benito-Monterey Unit,Monterey,"Jolon Rd and Frudden Rd, near Lockwood",32,-120.93371,35.90092,7cae5704-9ba2-487c-a48b-bb440c95da6e,https://www.fire.ca.gov/incidents/2017/6/16/shore-fire/,2018-01-09T10:34:00Z,1/9/2018,6/16/2017
Lake Fire,2022-10-24T10:50:11Z,2017-06-17T13:55:00Z,Unified Command LA County Fire and USFS,Los Angeles,North side of Castaic Lake,850,-118.60703,34.55607,c982daaa-a785-4dfc-a366-1950974028af,https://www.fire.ca.gov/incidents/2017/6/17/lake-fire/,2018-01-09T10:34:00Z,1/9/2018,6/17/2017
Bolla Fire,2018-01-09T10:35:00Z,2017-06-18T07:15:00Z,CAL FIRE Tehama-Glenn Unit,Tehama,"Hwy 36 West, off Tedoc Roadd, west of Platina",60,-122.83208,40.32063,ffb57bcc-80f7-4299-bfcf-c9be3b66d5ff,https://www.fire.ca.gov/incidents/2017/6/18/bolla-fire/,2018-01-09T10:35:00Z,1/9/2018,6/18/2017
Lambs Fire,2018-01-09T10:35:00Z,2017-06-18T12:28:00Z,CAL FIRE / Riverside County Fire,Riverside,"Manzanita Park and Roadrunner Dr., near Beaumont",10,-116.9669,33.90965,294c531a-3299-4038-baa8-c2a92d38d10a,https://www.fire.ca.gov/incidents/2017/6/18/lambs-fire/,2018-01-09T10:35:00Z,1/9/2018,6/18/2017
Smiley Fire,2018-01-09T10:46:00Z,2017-06-18T15:10:00Z,CAL FIRE / Riverside County Fire,Riverside,"Reche Canyon Road near Haugen Drive, north of Moreno Valley",153,-117.21314,33.98639,54bad310-3a96-4019-b64d-61d00c559e6c,https://www.fire.ca.gov/incidents/2017/6/18/smiley-fire/,2018-01-09T10:46:00Z,1/9/2018,6/18/2017
Road Fire,2018-01-09T10:35:00Z,2017-06-18T14:04:00Z,Madera County Fire,Madera,"Road 400 and Road 33, 7 miles east of Madera ",25,-119.95136,37.02081,b3695ebc-e761-4577-8439-6330bed36594,https://www.fire.ca.gov/incidents/2017/6/18/road-fire/,2018-01-09T10:35:00Z,1/9/2018,6/18/2017
Highway Fire,2018-01-09T10:41:00Z,2017-06-18T14:22:00Z,Sequoia National Forest,Kern,"Democrat, west of Lake Isabella",1522,-118.66733,35.53456,1b01181e-fbcb-4dc4-86ec-cfddc864cc34,https://www.fire.ca.gov/incidents/2017/6/18/highway-fire/,2018-01-09T10:41:00Z,1/9/2018,6/18/2017
Trellis Fire,2018-01-09T10:59:00Z,2017-06-18T16:03:00Z,CAL FIRE / Riverside County Fire,Riverside,State Highway 74 near Trellis Lane,26,-117.31924,33.71025,bfa879b5-b526-4114-9137-51d3ea3ad336,https://www.fire.ca.gov/incidents/2017/6/18/trellis-fire/,2018-01-09T10:59:00Z,1/9/2018,6/18/2017
Bogus Fire,2018-01-09T10:59:00Z,2017-06-18T15:45:00Z,CAL FIRE Siskiyou Unit,Siskiyou,Ager Beswick Rd. and Crest Ln. south of Copco Lake,56,-122.36545,41.93006,f173524a-ae01-47f5-942d-5e90c2b96469,https://www.fire.ca.gov/incidents/2017/6/18/bogus-fire/,2018-01-09T10:59:00Z,1/9/2018,6/18/2017
Toll Fire,2018-01-09T11:01:00Z,2017-06-22T13:08:00Z,Vallejo City Fire Department,Solano,"off of I-80 and Sonoma Blvd,  Vallejo",39,-122.23004,38.07481,949e577d-86c2-4def-b25a-c24aa014f4d9,https://www.fire.ca.gov/incidents/2017/6/22/toll-fire/,2018-01-09T11:01:00Z,1/9/2018,6/22/2017
Holcomb Fire,2018-01-09T11:00:00Z,2017-06-19T15:05:00Z,San Bernardino National Forest,San Bernardino,"off Highway 18 & Holcomb Valley Rd, east of Big Bear Lake",1503,-116.826,34.2976,b5dd68e2-ec95-47cd-a126-d5f6f0f2b49a,https://www.fire.ca.gov/incidents/2017/6/19/holcomb-fire/,2018-01-09T11:00:00Z,1/9/2018,6/19/2017
Evans Fire,2018-01-09T11:00:00Z,2017-06-19T21:41:00Z,USFS - Humboldt-Toiyabe National Forest,Sierra,"Off Highway 395 & Scott Rd, east of Loyalton",168,-120.02325,39.71101,5882937b-ffce-43af-9e0a-00dcddde214a,https://www.fire.ca.gov/incidents/2017/6/19/evans-fire/,2018-01-09T11:00:00Z,1/9/2018,6/19/2017
Orange Fire,2018-01-09T10:59:00Z,2017-06-21T14:45:00Z,CAL FIRE Tuolumne-Calaveras Unit,Stanislaus,"Off Sonora Rd & Orange Blossom Rd, east of Oakdale",65,-120.68992,37.82934,8740caa0-f86c-4103-b830-0435b9933a2b,https://www.fire.ca.gov/incidents/2017/6/21/orange-fire/,2018-01-09T10:59:00Z,1/9/2018,6/21/2017
Quimby Fire,2018-01-09T11:00:00Z,2017-06-21T18:02:00Z,CAL FIRE Santa Clara Unit,Santa Clara,"Off Quimby Rd, west of Grant Ranch Park, East San Jose",54,-121.76323,37.33454,d515cbcc-376e-4bc7-adea-189eff5a7735,https://www.fire.ca.gov/incidents/2017/6/21/quimby-fire/,2018-01-09T11:00:00Z,1/9/2018,6/21/2017
Highway Fire,2018-01-09T11:00:00Z,2017-06-22T09:49:00Z,CAL FIRE/Butte County Fire,Butte,"off of Hwy 99 & Schlaf Dr, east of Lake Oroville ",21,-121.4143,39.364,981484d0-711c-4a7b-9adc-23c9b29f9fae,https://www.fire.ca.gov/incidents/2017/6/22/highway-fire/,2018-01-09T11:00:00Z,1/9/2018,6/22/2017
Lone Fire,2018-01-09T11:01:00Z,2017-06-22T11:10:00Z,CAL FIRE / Butte County Fire,Butte,"Lone Tree Rd & Cox Ln, south of Oroville",111,-121.5786,39.38416,1b1ba02e-9db3-4224-9d8d-06d5df529f16,https://www.fire.ca.gov/incidents/2017/6/22/lone-fire/,2018-01-09T11:01:00Z,1/9/2018,6/22/2017
Creek Fire,2022-10-24T10:36:40Z,2017-06-23T16:00:00Z,CAL FIRE / Fresno County Fire,Fresno,"Off Los Gatos Creek Rd, west of Derrick",357,-120.65185,36.27306,0ed54526-1296-4863-ae40-613ee456899d,https://www.fire.ca.gov/incidents/2017/6/23/creek-fire/,2018-01-09T11:01:00Z,1/9/2018,6/23/2017
Paskenta Fire,2018-01-09T11:07:00Z,2017-06-24T11:15:00Z,CAL FIRE Tehama-Glenn Unit,Tehama,"Off Paskenta Rd, west of Red Bluff",42,-122.27379,40.10282,982c81ca-ebe5-4591-986d-1f3e2e4cc13c,https://www.fire.ca.gov/incidents/2017/6/24/paskenta-fire/,2018-01-09T11:07:00Z,1/9/2018,6/24/2017
King Incident,2018-01-09T11:01:00Z,2017-06-23T22:32:00Z,Tulare County,Tulare,"Hwy 201 & Rd 36, Community of Kings River",0,-119.50606,36.51912,e1fdc15a-5737-4c69-ab9a-7f43d6b4aab8,https://www.fire.ca.gov/incidents/2017/6/23/king-incident/,2018-01-09T11:01:00Z,1/9/2018,6/23/2017
Placerita Fire,2018-01-09T11:08:00Z,2017-06-25T12:47:00Z,LA County Fire Department,Los Angeles,"Off Hwy 14 & Placerita Canyon Rd, in Santa Clarita",760,-118.49343,34.37443,c940ef85-44ce-4684-bce3-7cbbf180cefb,https://www.fire.ca.gov/incidents/2017/6/25/placerita-fire/,2018-01-09T11:08:00Z,1/9/2018,6/25/2017
Black Fire,2018-01-09T11:07:00Z,2017-06-25T12:09:00Z,CAL FIRE San Diego Unit / Cleveland National Forest,San Diego,"Off Black Canyon Rd & Mesa Grande Rd, Ramona",36,-116.77342,33.1683,49a9074c-c30b-4042-9ffd-1a10f9d9bf1d,https://www.fire.ca.gov/incidents/2017/6/25/black-fire/,2018-01-09T11:07:00Z,1/9/2018,6/25/2017
Manzanita Fire,2018-01-09T11:08:00Z,2017-06-26T15:10:00Z,CAL FIRE/Riverside County Fire,Riverside,"Hwy 79 North, Lambs Canyon south of Dump Road, south of Beaumont",6309,-116.594422,33.530045,ca0c9a5f-7a1a-4903-b790-6eb3e85e7e64,https://www.fire.ca.gov/incidents/2017/6/26/manzanita-fire/,2018-01-09T11:08:00Z,1/9/2018,6/26/2017
King Fire,2018-01-09T11:08:00Z,2017-06-26T12:30:00Z,CAL FIRE Siskiyou Unit,Siskiyou,off Campus Dr. and Moonlit Oaks Ave. in Yreka ,19,-122.645079,40.703775,91d07ea9-cf5f-489c-aa4f-97fa6c0fb8a4,https://www.fire.ca.gov/incidents/2017/6/26/king-fire/,2018-01-09T11:08:00Z,1/9/2018,6/26/2017
Hill Fire,2022-10-24T10:50:49Z,2017-06-26T15:27:00Z,CAL FIRE San Luis Obispo Unit,San Luis Obispo,"Park Hill Road and La Entrada, east of Santa Margarita",1626,-120.4992,35.4025,81b37451-57b5-4050-a54d-e9750f84a567,https://www.fire.ca.gov/incidents/2017/6/26/hill-fire/,2018-01-09T11:08:00Z,1/9/2018,6/26/2017
Latrobe Fire,2018-01-09T11:09:00Z,2017-06-27T07:39:00Z,CAL FIRE Amador-El Dorado Unit,Sacramento,"off Hwy 16 & Latrobe Rd, east of White Rock (Sacramento County)",35,-120.92162,38.45822,4f0ff7c1-7c96-4f68-87e8-be4466945c2b,https://www.fire.ca.gov/incidents/2017/6/27/latrobe-fire/,2018-01-09T11:09:00Z,1/9/2018,6/27/2017
Pine Fire,2018-01-09T11:09:00Z,2017-06-27T10:39:00Z,Marin County Fire Department,Marin,"off San Geronimo Ridge Road and Pine Mountain Fire Road, south of Woodacre ",38,-122.65749,37.9775,243567d6-2692-4978-88f5-1bbfc7b818a6,https://www.fire.ca.gov/incidents/2017/6/27/pine-fire/,2018-01-09T11:09:00Z,1/9/2018,6/27/2017
Sloane Fire,2018-01-09T11:09:00Z,2017-06-27T09:38:00Z,CAL FIRE San Diego Unit,San Diego,"off Sloane Canyon Road at Dehesa Road, east of El Cajon",25,-116.8516,32.7789,7696644d-0908-4149-8d6e-aa50c1233d67,https://www.fire.ca.gov/incidents/2017/6/27/sloane-fire/,2018-01-09T11:09:00Z,1/9/2018,6/27/2017
Mart Fire,2018-01-09T11:09:00Z,2017-06-27T15:22:00Z,USFS - San Bernardino National Forest ,San Bernardino,"Highland Ave and City Creek Road, Highland",670,-117.17813,34.14575,a3159a43-d38c-4655-9acf-371bc9a6213b,https://www.fire.ca.gov/incidents/2017/6/27/mart-fire/,2018-01-09T11:09:00Z,1/9/2018,6/27/2017
Shore Fire,2018-01-09T11:08:00Z,2017-06-26T21:30:00Z,CAL FIRE Humboldt-Del Norte Unit,Del Norte,"in Tolowa Dunes State Park, 3 miles west of Smith River (Del Norte County)",28,-124.19629,41.93323,2c00a509-af87-418f-b888-edc8ec450f1f,https://www.fire.ca.gov/incidents/2017/6/26/shore-fire/,2018-01-09T11:08:00Z,1/9/2018,6/26/2017
Ranch Fire,2018-01-09T11:11:00Z,2017-06-29T13:56:00Z,CAL FIRE Santa Clara Unit,Santa Clara,"Off Grant Road, Mt. Hamilton, east of San Jose",85,-121.71752,37.3344,5da65d7f-cc75-4c0c-b221-1a1e3000a120,https://www.fire.ca.gov/incidents/2017/6/29/ranch-fire/,2018-01-09T11:11:00Z,1/9/2018,6/29/2017
Alvarado Fire,2018-01-09T11:10:00Z,2017-06-28T09:30:00Z,CAL FIRE San Benito-Monterey,Monterey,Alvarado Rd and Wunpost in the community of Bradley,15,-120.87492,35.947,c171dc75-9d35-4c58-b787-032067b16ae7,https://www.fire.ca.gov/incidents/2017/6/28/alvarado-fire/,2018-01-09T11:10:00Z,1/9/2018,6/28/2017
Battle Fire,2018-01-09T11:10:00Z,2017-06-28T13:50:00Z,Modoc National Forest,Modoc,"Hwy 139 south of Newell, east of Tule Lake",562,-121.29581,41.85763,a0ba8679-406a-491b-a20b-bba55d63bc5b,https://www.fire.ca.gov/incidents/2017/6/28/battle-fire/,2018-01-09T11:10:00Z,1/9/2018,6/28/2017
Ben Fire,2022-10-24T10:51:27Z,2017-06-28T15:49:00Z,CAL FIRE Madera-Mariposa-Merced Unit,Mariposa,off Ben Hur Road and Silver Bar Road,558,-119.9646,37.3762,d36387df-af2a-4b20-a94f-589fdccf67cd,https://www.fire.ca.gov/incidents/2017/6/28/ben-fire/,2018-01-09T11:10:00Z,1/9/2018,6/28/2017
 Cristianitos Fire,2018-01-09T11:10:00Z,2017-06-28T17:56:00Z,Camp Pendleton Marine Corps Base,San Diego,off Cristianitos Rd. and Talega Rd.,0,-117.58252,33.43513,47e76098-389e-4747-9e89-7ebdc963a485,https://www.fire.ca.gov/incidents/2017/6/28/cristianitos-fire/,2018-01-09T11:10:00Z,1/9/2018,6/28/2017
Tarina Fire ,2018-01-09T11:16:00Z,2017-06-30T13:49:00Z,Kern County Fire,Kern,"Breckenridge Road, 3 miles east of Bakersfield",1200,-118.80123,35.38298,4ac3161f-79e7-494f-88e4-72a69ef1d96b,https://www.fire.ca.gov/incidents/2017/6/30/tarina-fire/,2018-01-09T11:16:00Z,1/9/2018,6/30/2017
Lockwood Fire,2018-01-09T11:11:00Z,2017-06-29T20:44:00Z,CAL FIRE San Benito-Monterey Unit,Monterey,off San Lucas Rd and Martinez Rd,42,-121.08753,35.96275,abe2311a-4ce6-4300-9716-4fb3fe538c75,https://www.fire.ca.gov/incidents/2017/6/29/lockwood-fire/,2018-01-09T11:11:00Z,1/9/2018,6/29/2017
Topanga Fire,2018-01-09T11:11:00Z,2017-06-29T15:09:00Z,Los Angeles County Fire Department,Los Angeles,Off Topanga Canyon & Pacific Coast Hwy in Malibu,55,-118.58624,34.03941,d1ec9e43-04bd-4926-8362-5e04afe39c90,https://www.fire.ca.gov/incidents/2017/6/29/topanga-fire/,2018-01-09T11:11:00Z,1/9/2018,6/29/2017
Stokes Fire,2018-01-09T11:11:00Z,2017-06-29T15:45:00Z,Los Angeles County Fire Department,Los Angeles,Stokes Rd. and Mulholland Dr in Calabasas ,41,-118.70294,34.10446,6f2f8dc0-b930-435e-a622-d3585dcac067,https://www.fire.ca.gov/incidents/2017/6/29/stokes-fire/,2018-01-09T11:11:00Z,1/9/2018,6/29/2017
Oak Fire,2018-01-09T11:16:00Z,2017-07-01T00:48:00Z,CAL FIRE Shasta-Trinity Unit,Shasta,"off Oak Run Rd and Pierce Hollow Rd, east of Redding",128,-122.0122,40.69554,2b043a7e-234c-43f7-852c-21fcb9ddc200,https://www.fire.ca.gov/incidents/2017/7/1/oak-fire/,2018-01-09T11:16:00Z,1/9/2018,7/1/2017
Brewer Fire,2018-01-09T11:16:00Z,2017-07-02T12:41:00Z,CAL FIRE Nevada-Yuba-Placer Unit,Nevada,off Brewer Road and Conestoga Drive in Alta Sierra,10,-121.06656,39.08382,c99fe9af-6d6b-435a-9084-2248905ad251,https://www.fire.ca.gov/incidents/2017/7/2/brewer-fire/,2018-01-09T11:16:00Z,1/9/2018,7/2/2017
Lisa Fire,2018-01-09T11:16:00Z,2017-07-02T13:04:00Z,CAL FIRE Riverside Unit,Riverside,"off Gilman Springs Rd and Alessandro Blvd., east of Moreno Valley",11,-117.096233,33.913089,64ef64a3-c8b0-48f1-8fec-9cacf8dfcd34,https://www.fire.ca.gov/incidents/2017/7/2/lisa-fire/,2018-01-09T11:16:00Z,1/9/2018,7/2/2017
Desabla Fire,2018-01-09T11:17:00Z,2017-07-02T13:43:00Z,CAL FIRE Butte Unit,Butte,"off Desabla Powerhouse Rd and Humbug Rd, Desabla",14,-121.6268,39.8629,97d63e17-e546-49ae-add6-e3b5fa71cb4c,https://www.fire.ca.gov/incidents/2017/7/2/desabla-fire/,2018-01-09T11:17:00Z,1/9/2018,7/2/2017
Spring Fire,2018-01-09T11:17:00Z,2017-07-02T13:36:00Z,CAL FIRE Madera-Mariposa-Merced Unit,Mariposa,"off Hwy 49 and Allred Road, south of Mariposa",225,-119.921,37.4591,3980fbbb-d17b-4deb-83a4-9af2290b5272,https://www.fire.ca.gov/incidents/2017/7/2/spring-fire/,2018-01-09T11:17:00Z,1/9/2018,7/2/2017
Derrick Fire,2022-10-24T10:51:46Z,2017-07-02T22:28:00Z,CAL FIRE / Fresno County Fire,Fresno,"off Los Gatos Creek Rd, west of Coalinga",1562,-120.620791,36.269125,e3e75be1-8dea-4022-975b-34a0f25b57c0,https://www.fire.ca.gov/incidents/2017/7/2/derrick-fire/,2018-01-09T11:41:00Z,1/9/2018,7/2/2017
Timber Fire,2018-01-09T11:42:00Z,2017-07-03T19:31:00Z,CAL FIRE / Riverside County Fire,Riverside,"off Moreno Beach Dr & Locust, north of Moreno Valley",30,-117.25411,33.96896,b51d7a8d-f768-453e-abb4-665b74998b21,https://www.fire.ca.gov/incidents/2017/7/3/timber-fire/,2018-01-09T11:42:00Z,1/9/2018,7/3/2017
Canyon Fire,2018-01-09T11:41:00Z,2017-07-03T13:34:00Z,CAL FIRE/Riverside County Fire Department ,Riverside,"Bolo Court and David Mountain Road, south of Beaumont",10,-116.99321,33.91806,d4f1fc5e-b877-41ee-b491-8e92ded4984f,https://www.fire.ca.gov/incidents/2017/7/3/canyon-fire/,2018-01-09T11:41:00Z,1/9/2018,7/3/2017
Lago Fire,2018-01-09T11:41:00Z,2017-07-03T15:14:00Z,CAL FIRE/Riverside County Fire Department,Riverside,"Lake Perris State Recreation Area, Moreno Valley (Riverside County)",50,-117.16215,33.87739,2f97537a-1333-4dfc-b7a3-b7bf9400ffdd,https://www.fire.ca.gov/incidents/2017/7/3/lago-fire/,2018-01-09T11:41:00Z,1/9/2018,7/3/2017
Valley Fire,2018-01-09T11:42:00Z,2017-07-04T13:21:00Z,CAL FIRE San Benito-Monterey Unit,San Benito,"Off Santa Ana Valley Rd & Douglas Dr, Hollister",34,-121.30983,36.85596,9668cfe5-b636-4147-bce1-da8e8b3fb5c2,https://www.fire.ca.gov/incidents/2017/7/4/valley-fire/,2018-01-09T11:42:00Z,1/9/2018,7/4/2017
Silver Fire,2018-01-09T11:42:00Z,2017-07-04T13:15:00Z,CAL FIRE San Bernardino Unit / San Bernardino National Forest,San Bernardino,"Off Hwy 138 & Sawpit Canyon Rd, southwest of Silverwood Lake",13,-117.3125,34.304722,ed40ce35-7338-4f8b-a5ab-e94af6fa7e55,https://www.fire.ca.gov/incidents/2017/7/4/silver-fire/,2018-01-09T11:42:00Z,1/9/2018,7/4/2017
Freedom Fire,2018-01-09T11:43:00Z,2017-07-04T13:21:00Z,CAL FIRE / Fresno County Fire,Fresno,"Ashland and Riverbend Ave, Sanger City",57,-119.51592,36.81476,36d953e8-265f-4b05-831e-42eb2298b208,https://www.fire.ca.gov/incidents/2017/7/4/freedom-fire/,2018-01-09T11:43:00Z,1/9/2018,7/4/2017
Jurupa Fire,2018-01-09T11:43:00Z,2017-07-04T15:20:00Z,CAL FIRE / Riverside County Fire,Riverside,Off Van Buren Bl & Jurupa Rd in Jurupa Valley,35,-117.48405,33.99316,252345dd-886b-4bd2-90b9-161727a2fc2d,https://www.fire.ca.gov/incidents/2017/7/4/jurupa-fire/,2018-01-09T11:43:00Z,1/9/2018,7/4/2017
Lakeland Fire,2018-01-09T11:43:00Z,2017-07-04T15:45:00Z,CAL FIRE / Butte County Fire,Butte,"Off Lakeland Blvd & Feather River, east of Oroville ",18,-121.54722,39.53944,6ae3d56e-0258-49f5-9e71-5b5abe141479,https://www.fire.ca.gov/incidents/2017/7/4/lakeland-fire/,2018-01-09T11:43:00Z,1/9/2018,7/4/2017
Grade Fire,2018-01-09T11:43:00Z,2017-07-04T14:45:00Z,Ventura County Fire Department,Ventura,"off Hwy 101 & Camarillo Springs Rd, Camarillo Springs",50,-118.98603,34.20599,f6970f10-0498-4f4c-8e0c-d4b7e4fbf888,https://www.fire.ca.gov/incidents/2017/7/4/grade-fire/,2018-01-09T11:43:00Z,1/9/2018,7/4/2017
Klamath Fire,2018-01-09T11:43:00Z,2017-07-04T15:21:00Z,Klamath National Forest,Siskiyou,"Off Hwy 96 & Dutch Creek Rd, east of Oak Knoll",0,-122.73031,41.86609,1be87788-1bd9-4e97-b92a-63b41fe8abf1,https://www.fire.ca.gov/incidents/2017/7/4/klamath-fire/,2018-01-09T11:43:00Z,1/9/2018,7/4/2017
Eagle Fire,2018-01-09T11:44:00Z,2017-07-04T16:55:00Z,CAL FIRE / Riverside County Fire,Riverside,"Off Tin Mine Rd & La Sierra Ave, near Lake Mathews",205,-117.48195,33.85323,60770d23-70db-46f1-a19a-a23eaa409125,https://www.fire.ca.gov/incidents/2017/7/4/eagle-fire/,2018-01-09T11:44:00Z,1/9/2018,7/4/2017
Globe Fire,2018-01-09T11:44:00Z,2017-07-05T08:24:00Z,CAL FIRE Tulare Unit,Tulare,"Globe Dr, Springville",21,-118.81979,36.10858,0a664214-c090-4889-8439-06836f89d830,https://www.fire.ca.gov/incidents/2017/7/5/globe-fire/,2018-01-09T11:44:00Z,1/9/2018,7/5/2017
Fay Fire,2022-10-24T10:52:19Z,2017-07-05T11:05:00Z,CAL FIRE Siskiyou Unit,Siskiyou,"Highway 3 & Fay Lane, south of Etna",496,-122.8428,41.3975,b383e4bd-6815-4624-936c-be57715ce50e,https://www.fire.ca.gov/incidents/2017/7/5/fay-fire/,2018-01-09T11:44:00Z,1/9/2018,7/5/2017
Axel Fire,2018-01-09T11:50:00Z,2017-07-08T16:38:00Z,CAL FIRE Amador-El Dorado Unit,El Dorado,"Axel Ct & Barrister Ct, Rescue",74,-120.97111,38.7803,f75027cb-2526-4524-989f-71d0d56353ec,https://www.fire.ca.gov/incidents/2017/7/8/axel-fire/,2018-01-09T11:50:00Z,1/9/2018,7/8/2017
Lake Fire,2018-01-09T11:48:00Z,2017-07-08T11:00:00Z,CAL FIRE Tuolumne-Calaveras Unit,Stanislaus,Off Hwy 132 & Lake Rd,62,-120.4925,37.64898,b3a6b47f-105b-4f66-b12a-76c563457a5d,https://www.fire.ca.gov/incidents/2017/7/8/lake-fire/,2018-01-09T11:48:00Z,1/9/2018,7/8/2017
Auberry Fire,2018-01-09T11:45:00Z,2017-07-05T15:40:00Z,CAL FIRE/Fresno County Fire,Fresno,"off Auberry Rd, north of Clovis",91,-119.65621,36.95104,89f34aa8-eaf3-4d19-8ef0-005102e82831,https://www.fire.ca.gov/incidents/2017/7/5/auberry-fire/,2018-01-09T11:45:00Z,1/9/2018,7/5/2017
Gold Fire,2018-01-09T11:44:00Z,2017-07-05T16:56:00Z,CAL FIRE Tuolumne-Calaveras Unit,Calaveras,"off Gold Strike Road and Cemetery Lane, San Andreas",22,-120.67848,38.20176,7d77d3d1-40b5-40ab-8a53-2550f2001094,https://www.fire.ca.gov/incidents/2017/7/5/gold-fire/,2018-01-09T11:44:00Z,1/9/2018,7/5/2017
Winters Fire,2022-10-24T10:52:37Z,2017-07-06T12:41:00Z,CAL FIRE Sonoma-Lake-Napa Unit ,Yolo,"Hwy 128 and Pleasant View Rd, south west of Winters",1700,-122.0251,38.49521,a7509e35-3083-4306-bcce-ebf6d101b62a,https://www.fire.ca.gov/incidents/2017/7/6/winters-fire/,2018-01-09T11:45:00Z,1/9/2018,7/6/2017
Quail Fire,2018-01-09T11:45:00Z,2017-07-06T12:29:00Z,Kern County Fire,Kern,off Hwy 65 and Famoso Road east of Famoso,1626,-119.08312,35.59904,ea019efb-52d2-4f08-8d04-20b680e2361b,https://www.fire.ca.gov/incidents/2017/7/6/quail-fire/,2018-01-09T11:45:00Z,1/9/2018,7/6/2017
Alamo Fire,2022-10-24T10:38:20Z,2017-07-06T15:44:00Z,Unified Command: CAL FIRE San Luis Obispo Unit / Santa Barbara County / Los Padres National Forest,San Luis Obispo,Off Highway 166 near Twitchell Reservoir,28687,-120.3223,35.0179,5a43b164-04d0-46ea-992e-ea5aa283305f,https://www.fire.ca.gov/incidents/2017/7/6/alamo-fire/,2018-01-09T11:46:00Z,1/9/2018,7/6/2017
Antelope Fire,2018-01-09T11:45:00Z,2017-07-06T13:00:00Z,Lassen National Forest,Lassen,"10 Miles west of Eagle Lake, Lassen National Forest",0,-120.9643,40.6361,b4eb0b95-1a93-46a5-91f4-5c2b4c7b943c,https://www.fire.ca.gov/incidents/2017/7/6/antelope-fire/,2018-01-09T11:45:00Z,1/9/2018,7/6/2017
Hawk Fire,2018-01-09T11:46:00Z,2017-07-07T09:18:00Z,Kern County Fire Department,Kern,"Hwy 155, north of Bakersfield",2940,-118.89627,35.77896,1652d79a-f4fc-4151-a0d1-1b7366730f47,https://www.fire.ca.gov/incidents/2017/7/7/hawk-fire/,2018-01-09T11:46:00Z,1/9/2018,7/7/2017
Salmon-August Complex ,2018-01-09T11:07:00Z,2017-06-25T17:00:00Z,CAL FIRE Siskiyou Unit / Klamath National Forest,Siskiyou,"14 miles west of Etna, California in the Marble Mountain Wilderness",0,-123.474,41.841,c35027fa-3bc5-423f-a32e-e03b134a102e,https://www.fire.ca.gov/incidents/2017/6/25/salmon-august-complex/,2018-01-09T11:07:00Z,1/9/2018,6/25/2017
Daulton Fire,2018-01-09T11:46:00Z,2017-07-07T10:00:00Z, CAL FIRE Madera-Mariposa-Merced Unit,Madera,"Road 29 and Ave 24, near Daulton",90,-120.02027,37.09773,eeef101a-3a50-4407-8e6d-cd80d0d07599,https://www.fire.ca.gov/incidents/2017/7/7/daulton-fire/,2018-01-09T11:46:00Z,1/9/2018,7/7/2017
Christmas Fire,2018-01-09T11:46:00Z,2017-07-07T12:56:00Z,CAL FIRE / Riverside County Fire,Riverside,"off Christmas Tree Ln & Santa Rosa Mine Rd, in Good Meadow",33,-117.314994,33.763304,bc89aab5-5f30-46a2-9881-6dbae22893b6,https://www.fire.ca.gov/incidents/2017/7/7/christmas-fire/,2018-01-09T11:46:00Z,1/9/2018,7/7/2017
Wall Fire,2022-10-24T10:38:45Z,2017-07-07T14:52:00Z,CAL FIRE Butte County Fire,Butte,"Chinese Wall Rd, north of Bangor",6033,-121.41222,39.45352,8816f0da-0818-499a-9ff6-ba4fd56ca7c8,https://www.fire.ca.gov/incidents/2017/7/7/wall-fire/,2018-01-09T11:47:00Z,1/9/2018,7/7/2017
Bryant Fire,2018-01-09T11:47:00Z,2017-07-07T15:45:00Z,Unified Command -  CAL FIRE San Bernardino Unit / Redlands Fire Department,San Bernardino,"Hwy 38, west of Bryant St.",74,-117.06765,34.07612,67c20627-e6cb-4900-9f40-01e8da154a53,https://www.fire.ca.gov/incidents/2017/7/7/bryant-fire/,2018-01-09T11:47:00Z,1/9/2018,7/7/2017
Tower Fire,2018-01-09T11:48:00Z,2017-07-07T16:23:00Z,CAL FIRE San Luis Obispo Unit,San Luis Obispo,"off northbound Hwy 101, near the Cuesta Grade",58,-120.62825,35.346,effeee13-51d7-4cf2-a62f-93b47b34605a,https://www.fire.ca.gov/incidents/2017/7/7/tower-fire/,2018-01-09T11:48:00Z,1/9/2018,7/7/2017
Banderilla Fire,2018-01-09T11:48:00Z,2017-07-07T15:50:00Z,CAL FIRE Madera-Mariposa-Merced Unit,Mariposa,"Banderilla Dr & Hidalgo St, north of Hayward",36,-120.34802,37.65963,932a3f2f-6c0e-42a6-b357-f333774b4ea8,https://www.fire.ca.gov/incidents/2017/7/7/banderilla-fire/,2018-01-09T11:48:00Z,1/9/2018,7/7/2017
Deer Complex,2018-01-09T11:48:00Z,2017-07-08T02:20:00Z,CAL FIRE Santa Clara Unit,Contra Costa,"Deer Valley Road & Marsh Creek Road, west of Brentwood",231,-121.78677,37.87808,248bba19-4fdf-4285-a210-1334454ad80a,https://www.fire.ca.gov/incidents/2017/7/8/deer-complex/,2018-01-09T11:48:00Z,1/9/2018,7/8/2017
North Fire,2018-01-09T11:56:00Z,2017-07-15T18:10:00Z,CAL FIRE Shasta-Trinity Unit,Shasta,"Canyon Road and China Gulch, Happy Valley",10,-122.38619,40.48972,2ec4e814-477b-47e7-a36b-4da26f94e277,https://www.fire.ca.gov/incidents/2017/7/15/north-fire/,2018-01-09T11:56:00Z,1/9/2018,7/15/2017
Whittier Fire,2018-01-09T11:49:00Z,2017-07-08T13:43:00Z,Los Padres National Forest,Santa Barbara,"Lake Cachuma area, south of Hwy 154",18430,-119.9494,34.55096,dfd1e0d9-42b5-436a-aa83-ffcbbb7a6145,https://www.fire.ca.gov/incidents/2017/7/8/whittier-fire/,2018-01-09T11:49:00Z,1/9/2018,7/8/2017
Dode Fire,2018-01-09T11:54:00Z,2017-07-13T15:23:00Z,Modoc National Forest,Modoc,"off Hwy 139, 7 miles North of Tionesta",410,-121.30451,41.72163,f09f75ff-d9fe-4a25-89d0-75dc98d1fe30,https://www.fire.ca.gov/incidents/2017/7/13/dode-fire/,2018-01-09T11:54:00Z,1/9/2018,7/13/2017
Orleans Complex,2018-01-09T12:07:00Z,2017-07-26T18:00:00Z,Six Rivers National Forest,Siskiyou,"About 18 miles northwest of Orleans, California in Siskiyou County.",27276,-123.501,41.59,51bf0e2a-7f1f-4fe1-aeaa-70510ad42d0e,https://www.fire.ca.gov/incidents/2017/7/26/orleans-complex/,2018-01-09T12:07:00Z,1/9/2018,7/26/2017
Stone Fire,2022-10-24T10:40:25Z,2017-07-09T13:49:00Z,CAL FIRE San Luis Obispo Unit,San Luis Obispo,"Huer Huero Road, east of Santa Margarita",340,-120.47322,35.42433,743b2276-742e-4d25-be9b-60364ca880f6,https://www.fire.ca.gov/incidents/2017/7/9/stone-fire/,2018-01-09T11:51:00Z,1/9/2018,7/9/2017
Willow Fire,2018-01-09T11:48:00Z,2017-07-08T15:26:00Z,CAL FIRE Santa Clara Unit,Contra Costa,"Springwood Ct. & California St, Rodeo",370,-122.25544,38.02929,2adaf964-e996-4e55-a616-ac42375ee156,https://www.fire.ca.gov/incidents/2017/7/8/willow-fire/,2018-01-09T11:48:00Z,1/9/2018,7/8/2017
West Fire,2018-01-09T11:50:00Z,2017-07-08T16:47:00Z,CAL FIRE Nevada-Yuba-Placer Unit,Yuba,"Camp Far West Rd & Wichita Way, east of Olivehurst",50,-121.303,39.06308,5a52750e-30a0-4d26-a75b-58f79e1e24f4,https://www.fire.ca.gov/incidents/2017/7/8/west-fire/,2018-01-09T11:50:00Z,1/9/2018,7/8/2017
Rosado Fire,2018-01-09T11:53:00Z,2017-07-12T13:51:00Z,CAL FIRE Amador-El Dorado Unit,El Dorado,"off Rosado Rd, El Dorado Hills ",13,-121.06088,38.67474,fd82cbd0-ec25-461c-aef1-4c0c92060348,https://www.fire.ca.gov/incidents/2017/7/12/rosado-fire/,2018-01-09T11:53:00Z,1/9/2018,7/12/2017
Parkfield Fire,2022-10-24T10:39:54Z,2017-07-08T18:30:00Z,CAL FIRE San Benito-Monterey Unit,"Monterey, San Luis Obispo","Vineyard Canyon Rd, west of Parkfield",1816,-120.57894,35.86949,a21faf4f-3628-4e24-ac64-8471d9d12560,https://www.fire.ca.gov/incidents/2017/7/8/parkfield-fire/,2018-01-09T11:50:00Z,1/9/2018,7/8/2017
Benson Fire,2018-01-09T11:51:00Z,2017-07-08T18:58:00Z,CAL FIRE Tehema-Glenn Unit,Tehama,"Benson Rd, Bowman., 11 miles northwest of Red Bluff",29,-122.42606,40.29118,de1788c0-2996-40cf-9f76-2920b210d6a9,https://www.fire.ca.gov/incidents/2017/7/8/benson-fire/,2018-01-09T11:51:00Z,1/9/2018,7/8/2017
Garza Fire,2022-10-24T10:52:58Z,2017-07-09T15:10:00Z,CAL FIRE Fresno-Kings Unit,Kings,"Tar Canyon Road, near Avenal",48660,-120.20014,35.93273,6ee351a7-9382-48bc-a161-b417f7560ff9,https://www.fire.ca.gov/incidents/2017/7/9/garza-fire/,2018-01-09T11:51:00Z,1/9/2018,7/9/2017
Honcut Fire,2018-01-09T11:52:00Z,2017-07-10T14:45:00Z,CAL FIRE / Butte County Fire,Butte,"off of Palermo Honcut Hwy, Honcut",166,-121.53865,39.37192,79fd7b45-381a-4819-9dc7-f80a98010809,https://www.fire.ca.gov/incidents/2017/7/10/honcut-fire/,2018-01-09T11:52:00Z,1/9/2018,7/10/2017
Farad Fire,2018-01-09T11:51:00Z,2017-07-10T13:02:00Z,Humboldt-Toiyabe National Forest,Sierra,"Hwy 80 and State Boundary, 12 miles northeast of Truckee ",747,-120.027222,39.439722,61cc4072-7db6-4fd2-bc9a-652728780c67,https://www.fire.ca.gov/incidents/2017/7/10/farad-fire/,2018-01-09T11:51:00Z,1/9/2018,7/10/2017
Felipe Fire,2018-01-09T11:52:00Z,2017-07-10T15:54:00Z,CAL FIRE Santa Clara Unit,Santa Clara,"San Felipe Road and Metcalf Road, 8 miles northeast of Morgan Hill",70,-121.68562,37.25014,9a1a4247-479d-46ff-99cc-4251c5e333fa,https://www.fire.ca.gov/incidents/2017/7/10/felipe-fire/,2018-01-09T11:52:00Z,1/9/2018,7/10/2017
Rebie Fire,2018-01-09T11:53:00Z,2017-07-12T13:55:00Z,CAL FIRE Butte Unit ,Butte,"Off Rebie way and Forbestown Rd, south east of Lake Oroville",10,-121.33785,39.50475,1be14ce2-5e9c-4cc2-89bf-f36cb1d1ccbd,https://www.fire.ca.gov/incidents/2017/7/12/rebie-fire/,2018-01-09T11:53:00Z,1/9/2018,7/12/2017
Mesa Fire,2018-01-09T11:59:00Z,2017-07-17T14:55:00Z,Santa Barbara County Fire,Santa Barbara,"Zaca Station Road and Foxen Canyon Road, north of Los Olivos",50,-120.13249,34.72379,a26038b9-df04-4ade-b918-0c4fb9a8dbcf,https://www.fire.ca.gov/incidents/2017/7/17/mesa-fire/,2018-01-09T11:59:00Z,1/9/2018,7/17/2017
Bridge Fire,2018-04-12T14:52:00Z,2017-07-14T14:23:00Z,"Unified Command: CAL FIRE San Bernardino-Inyo-Mono Unit, USFS - San Bernardino National Forest and City of Highland",San Bernardino,"off Greenspot Rd and Santa Ana Canyon Rd, Highland",460,-117.10567,34.09773,1348f32a-510f-4ad3-971f-b75b9cf9f0c0,https://www.fire.ca.gov/incidents/2017/7/14/bridge-fire/,2018-04-12T14:52:00Z,4/12/2018,7/14/2017
Jennings Fire,2018-01-09T11:52:00Z,2017-07-11T13:45:00Z,"Unified Command: CAL FIRE San Diego Unit, Alpine Fire Protection District and  Lakeside Fire Protection District",San Diego,"I-8 and Old Hwy 80, Community of Lakeside",400,-116.85396,32.84796,04b54dc3-10a2-4fdf-bfa6-60a1fe2b0f7d,https://www.fire.ca.gov/incidents/2017/7/11/jennings-fire/,2018-01-09T11:52:00Z,1/9/2018,7/11/2017
Long Valley Fire,2018-01-09T11:52:00Z,2017-07-11T14:15:00Z,Bureau of Land Management,Lassen,"off Hwy 395 and Cowboy Joe Rd, 3 miles north of Doyle",83733,-120.14013,40.07045,f7b03fae-de58-4674-9f4f-d3e9d2762d84,https://www.fire.ca.gov/incidents/2017/7/11/long-valley-fire/,2018-01-09T11:52:00Z,1/9/2018,7/11/2017
Lariat Fire,2018-01-09T11:53:00Z,2017-07-11T16:51:00Z,San Jose Fire Department,Santa Clara,"Lariat Lane and Claitor Way, 6 miles northeast of San Jose",101,-121.8179,37.39801,580ce9d9-b8dc-4dc1-9f10-11bf48df9492,https://www.fire.ca.gov/incidents/2017/7/11/lariat-fire/,2018-01-09T11:53:00Z,1/9/2018,7/11/2017
Quail Fire,2018-01-09T11:53:00Z,2017-07-12T13:10:00Z,CAL FIRE Tuolumne-Calaveras Unit,Calaveras,Quail Oaks Rd. and Oak Hill Dr. near Valley Springs ,59,-120.85322,38.18303,6f9581fa-7c8a-45d1-988d-0a299fc15d62,https://www.fire.ca.gov/incidents/2017/7/12/quail-fire/,2018-01-09T11:53:00Z,1/9/2018,7/12/2017
Washington Fire,2018-01-09T11:54:00Z,2017-07-13T10:28:00Z,CALFIRE / Riverside County Fire,Riverside,"Field Drive & Patterson Road, Community of Winchester",32,-117.07975,33.62613,bfa2d3e8-2ede-423f-b7db-f8e6f44a3c82,https://www.fire.ca.gov/incidents/2017/7/13/washington-fire/,2018-01-09T11:54:00Z,1/9/2018,7/13/2017
Hidden Fire,2018-01-09T11:54:00Z,2017-07-12T15:29:00Z,San Bernardino National Forest,San Bernardino,"Hwy 330, 1 mile north of Highland ",46,-117.189,34.149,826b4661-020b-425d-84ec-9426c39839e7,https://www.fire.ca.gov/incidents/2017/7/12/hidden-fire/,2018-01-09T11:54:00Z,1/9/2018,7/12/2017
Spaletta Fire,2018-01-09T11:54:00Z,2017-07-12T16:15:00Z,Marin County Fire,Marin,"Point Reyes - Petaluma Road, Petaluma",35,-122.77846,38.08055,bf2e0a34-e600-4e21-9135-168e28c2893d,https://www.fire.ca.gov/incidents/2017/7/12/spaletta-fire/,2018-01-09T11:54:00Z,1/9/2018,7/12/2017
Navajo Fire,2018-01-09T11:54:00Z,2017-07-13T14:14:00Z,CAL FIRE / Riverside County Fire,Riverside,"West 7th Street and Park Avenue, Perris",10,-117.24091,33.77896,e6626b0a-428c-442f-9ec5-591effef172d,https://www.fire.ca.gov/incidents/2017/7/13/navajo-fire/,2018-01-09T11:54:00Z,1/9/2018,7/13/2017
Reservation Fire,2018-01-09T11:56:00Z,2017-07-16T11:17:00Z,Monterey County Regional Fire District,Monterey,"off Reservation Rd and Blanco Rd, east of the city of Marina",40,-121.74826,36.66684,13dedbc3-8b85-4f64-b3db-89ed81ed4f1d,https://www.fire.ca.gov/incidents/2017/7/16/reservation-fire/,2018-01-09T11:56:00Z,1/9/2018,7/16/2017
Grade Fire,2022-10-24T10:40:52Z,2017-07-16T14:51:00Z,CAL FIRE Mendocino Unit,Mendocino,"Hwy 101, 5 miles northwest of Redwood Valley ",900,-123.28825,39.30125,95cd2f17-1278-4cc9-90f4-000e4eba415a,https://www.fire.ca.gov/incidents/2017/7/16/grade-fire/,2018-01-09T11:56:00Z,1/9/2018,7/16/2017
Detwiler Fire,2022-10-24T10:41:12Z,2017-07-16T15:56:00Z,CAL FIRE Madera-Mariposa-Merced Unit,Mariposa,"Detwiler Rd and Hunters Valley Rd, 2 miles east of Lake McClure",81826,-120.21321,37.61757,9feb25c4-d3ae-4f78-9fc9-a1ad2b308e42,https://www.fire.ca.gov/incidents/2017/7/16/detwiler-fire/,2018-01-09T11:57:00Z,1/9/2018,7/16/2017
Range Fire,2018-01-09T11:58:00Z,2017-07-17T12:37:00Z,CAL FIRE Mendocino Unit,Mendocino,"on Cow Mountain, west of Ukiah ",20,-123.10227,39.13207,7f742021-ea49-4de5-89a2-f5b9d05d6bbb,https://www.fire.ca.gov/incidents/2017/7/17/range-fire/,2018-01-09T11:58:00Z,1/9/2018,7/17/2017
Park Fire,2018-01-09T11:58:00Z,2017-07-17T13:15:00Z,CAL FIRE / Fresno County Fire,Fresno,"Parkfield Rd and Hwy 198, 7 miles west of Coalinga",1649,-120.55579,35.95911,f44aec62-5d1d-422f-9ff9-dbef80e4e27f,https://www.fire.ca.gov/incidents/2017/7/17/park-fire/,2018-01-09T11:58:00Z,1/9/2018,7/17/2017
Sand Fire,2018-01-09T11:58:00Z,2017-07-17T13:17:00Z,CAL FIRE Sonoma-Lake-Napa Unit,Colusa,"Sand Creek Rd, west of Arbuckle",70,-122.20127,39.01224,0726d9f7-2baa-4652-b1d6-cbab45783f64,https://www.fire.ca.gov/incidents/2017/7/17/sand-fire/,2018-01-09T11:58:00Z,1/9/2018,7/17/2017
Maria Fire,2018-01-09T11:58:00Z,2017-07-17T12:55:00Z,CAL FIRE Tuolumne-Calaveras Unit,Calaveras,"Jesus Maria Road and Music Gulch Road, Mokelumne Hill ",117,-120.62177,38.29113,2f9f1bf9-6188-46a2-b91f-f212cdd21528,https://www.fire.ca.gov/incidents/2017/7/17/maria-fire/,2018-01-09T11:58:00Z,1/9/2018,7/17/2017
Centerville Fire,2018-01-09T11:58:00Z,2017-07-17T13:38:00Z,CAL FIRE Lassen-Modoc Unit,Modoc,"County Road 60 and 54, Alturas",15,-120.56933,41.45589,f568b94d-f388-4231-8aac-ac2572ca872d,https://www.fire.ca.gov/incidents/2017/7/17/centerville-fire/,2018-01-09T11:58:00Z,1/9/2018,7/17/2017
Murphy Fire,2018-01-09T11:59:00Z,2017-07-17T14:44:00Z,CAL FIRE Sonoma-Lake-Napa Unit,Lake,"Hwy 29 and Agua Dulce, 3 miles south of Lower lake",40,-122.62382,38.86056,1ba1f29a-5281-4f53-857d-106ae5e7db84,https://www.fire.ca.gov/incidents/2017/7/17/murphy-fire/,2018-01-09T11:59:00Z,1/9/2018,7/17/2017
Fox Fire,2018-01-09T11:59:00Z,2017-07-17T15:32:00Z,CAL FIRE Tulare Unit,Tulare,"off Balch Park Rd & Bear Creek Dr, 4 miles north of Springville ",59,-118.78928,36.18815,80844950-65c8-44ec-b63a-7e51412fea0c,https://www.fire.ca.gov/incidents/2017/7/17/fox-fire/,2018-01-09T11:59:00Z,1/9/2018,7/17/2017
I-5 Fire,2018-01-09T12:44:00Z,2017-08-24T18:13:00Z,Kings County,Kings,"off I-5 & Quebec Ave, north of Avenal",2312,-120.05404,36.05187,2f2a4afd-06f1-4b57-b3f2-db8e3d9ac05c,https://www.fire.ca.gov/incidents/2017/8/24/i-5-fire/,2018-01-09T12:44:00Z,1/9/2018,8/24/2017
Sway Fire,2018-01-09T12:16:00Z,2017-08-01T10:23:00Z,Six Rivers National Forest,Humboldt,"Swayback Ridge, 5 southwest of Mad River",19,-123.57562,40.39799,82689e99-9158-4403-b8c5-bababc3c81f6,https://www.fire.ca.gov/incidents/2017/8/1/sway-fire/,2018-01-09T12:16:00Z,1/9/2018,8/1/2017
Hudson Fire,2018-01-09T11:59:00Z,2017-07-18T11:45:00Z,Kern County Fire ,Kern,"Hudson Ranch Rd. and Hwy 166, south of Maricopa",1083,-119.44751,34.94373,27759042-9df3-4d57-951e-f5727bcf013f,https://www.fire.ca.gov/incidents/2017/7/18/hudson-fire/,2018-01-09T11:59:00Z,1/9/2018,7/18/2017
Laverne Fire,2018-01-09T12:01:00Z,2017-07-18T12:39:00Z,CAL FIRE Shasta-Trintiy Unit,Shasta,"off of Laverne Ln & Saddle Trail, 6 miles southeast of Redding",180,-122.43608,40.47106,3c61a039-cf71-40da-89e9-bcc5a62e2c1a,https://www.fire.ca.gov/incidents/2017/7/18/laverne-fire/,2018-01-09T12:01:00Z,1/9/2018,7/18/2017
Ellis Fire,2018-01-09T12:01:00Z,2017-07-18T15:34:00Z,CAL FIRE/Riverside County Fire,Riverside,"off of Mc Pherson Road, Perris",72,-117.25075,33.75526,244961af-65d5-472b-972f-e02df96e9ccb,https://www.fire.ca.gov/incidents/2017/7/18/ellis-fire/,2018-01-09T12:01:00Z,1/9/2018,7/18/2017
Hogback Fire,2018-01-09T12:01:00Z,2017-07-18T15:50:00Z,CAL FIRE Tulare Unit,Tulare,"off of Hogback Rd and Whitaker Forest Dr, Badger",58,-118.99944,36.64404,7a317400-8838-4fd4-8c2f-b8c12add5d6a,https://www.fire.ca.gov/incidents/2017/7/18/hogback-fire/,2018-01-09T12:01:00Z,1/9/2018,7/18/2017
Creek Fire,2018-01-09T12:02:00Z,2017-07-19T17:30:00Z,City of Orland Fire Department,Glenn,"Stony Creek, Orland",0,-122.17657,39.75425,47c9e99d-ad11-497f-8238-cfd815423262,https://www.fire.ca.gov/incidents/2017/7/19/creek-fire/,2018-01-09T12:02:00Z,1/9/2018,7/19/2017
Roadrunner Fire,2018-01-09T12:15:00Z,2017-07-30T17:43:00Z,CAL FIRE Tulare Unit,Tulare,"Road 268 & E. Teapot Dome Ave., 4 miles east of Porterville",2289,-118.94252,36.0226,eff9d678-293f-43aa-96af-c5cf3203b31f,https://www.fire.ca.gov/incidents/2017/7/30/roadrunner-fire/,2018-01-09T12:15:00Z,1/9/2018,7/30/2017
Clear Complex (merged into Eclipse Complex),2018-01-09T12:05:00Z,2017-07-25T12:45:00Z,Klamath National Forest,Siskiyou,"Clear Creek Drainage, 7 miles southwest of Happy Camp (Siskiyou County)",0,-123.508,41.702,5948001c-9c7b-4722-9fa4-9f0323886bc0,https://www.fire.ca.gov/incidents/2017/7/25/clear-complex-merged-into-eclipse-complex/,2018-01-09T12:05:00Z,1/9/2018,7/25/2017
Twist Fire,2018-01-09T12:14:00Z,2017-07-30T16:28:00Z,CAL FIRE Tuolumne-Calaveras Unit ,Tuolumne,"Twist Road south of Algerine Road, Jamestown",124,-120.36005,37.90014,1f8c73d1-2cb8-4e98-bd44-d6dccd601c7e,https://www.fire.ca.gov/incidents/2017/7/30/twist-fire/,2018-01-09T12:14:00Z,1/9/2018,7/30/2017
Gorman Fire,2018-01-09T12:07:00Z,2017-07-28T15:25:00Z,Los Angles County Fire Department,Los Angeles,"Gorman School Rd at I-5, Gorman, Los Angeles County",135,-118.851943,34.792882,ce6fb2ba-9799-4b36-a64f-8bf02392d6ee,https://www.fire.ca.gov/incidents/2017/7/28/gorman-fire/,2018-01-09T12:07:00Z,1/9/2018,7/28/2017
Placentia Fire,2018-01-09T12:07:00Z,2017-07-28T18:11:00Z,Riverside County Fire Department,Riverside,"Placentia Ave. at Eureka St, Nuevo",63,-117.18552,33.81976,ee20b421-06cd-40d2-a22c-0f9e8ddeee71,https://www.fire.ca.gov/incidents/2017/7/28/placentia-fire/,2018-01-09T12:07:00Z,1/9/2018,7/28/2017
Willms Fire,2018-01-09T12:01:00Z,2017-07-18T22:39:00Z,CAL FIRE Tuolumne-Calaveras Unit,Stanislaus,10 miles east of Oakdale,19,-120.65764,37.81827,1eef0c21-122b-4522-80d1-edf08c82c777,https://www.fire.ca.gov/incidents/2017/7/18/willms-fire/,2018-01-09T12:01:00Z,1/9/2018,7/18/2017
Humboldt Fire,2018-04-12T14:52:00Z,2017-07-19T16:02:00Z,Unified Command: CAL FIRE/Butte County and Chico Fire Department,Butte,"Humboldt Rd & Hwy 32, 2 miles east of Chico ",103,-121.74121,39.76243,510c877d-b80b-423f-b7e0-4276ce646f4a,https://www.fire.ca.gov/incidents/2017/7/19/humboldt-fire/,2018-04-12T14:52:00Z,4/12/2018,7/19/2017
Minerva Fire,2018-01-09T12:08:00Z,2017-07-29T18:55:00Z,U.S. Forest Service - Plumas National Forest,Plumas,"Forest Road 24N26, 3 miles southwest of Quincy (Plumas County)",4310,-120.9761,39.9034,a95302d3-8574-4900-9d2a-daa33c55b70e,https://www.fire.ca.gov/incidents/2017/7/29/minerva-fire/,2018-01-09T12:08:00Z,1/9/2018,7/29/2017
Jacksonville Fire,2022-10-24T10:53:40Z,2017-07-29T13:50:00Z,CAL FIRE Tuolumne-Calaveras Unit,Tuolumne,"Jacksonville Road, south of Jamestown",675,-120.408135,37.905545,51e42770-97b4-4204-af57-8ab56992eb71,https://www.fire.ca.gov/incidents/2017/7/29/jacksonville-fire/,2018-01-09T12:09:00Z,1/9/2018,7/29/2017
Zenon Fire,2018-01-09T12:03:00Z,2017-07-20T14:43:00Z,CAL FIRE San Luis Obispo Unit,San Luis Obispo,"off Zenon Way, Nipomo ",47,-120.5634,35.06472,7dd19215-986b-4365-a40d-2267b4a05de0,https://www.fire.ca.gov/incidents/2017/7/20/zenon-fire/,2018-01-09T12:03:00Z,1/9/2018,7/20/2017
Grizzly Fire,2018-01-09T12:03:00Z,2017-07-21T16:50:00Z,CAL FIRE Nevada-Yuba-Placer Unit,Nevada,"off of Grizzly Hill Rd & Turnagain Arm Rd, 8 miles northeast of Nevada City",10,-120.97586,39.36902,d9f83833-30c4-448d-b2ca-c5a63791b83d,https://www.fire.ca.gov/incidents/2017/7/21/grizzly-fire/,2018-01-09T12:03:00Z,1/9/2018,7/21/2017
Ranch Fire,2018-01-09T12:06:00Z,2017-07-26T13:58:00Z,CAL FIRE Amador - El Dorado Unit,El Dorado,"Ranch Camp Rd, Mt. Aukum",140,-120.70013,38.559707,2fd950a8-fadb-467c-ab59-88e7ea007738,https://www.fire.ca.gov/incidents/2017/7/26/ranch-fire/,2018-01-09T12:06:00Z,1/9/2018,7/26/2017
Elephant Fire,2018-01-09T12:02:00Z,2017-07-20T19:16:00Z,CAL FIRE Tulare Unit,Tulare,"off Strathmore Rd, community of Lindsay",416,-119.06598,36.22265,0d93e84b-8460-4d5d-946c-630ade76747d,https://www.fire.ca.gov/incidents/2017/7/20/elephant-fire/,2018-01-09T12:02:00Z,1/9/2018,7/20/2017
Latrobe Fire,2022-10-24T10:53:20Z,2017-07-26T14:45:00Z,CAL FIRE Amador-El Dorado Unit,Sacramento,"Off Latrobe Rd & Scott Rd, near Rancho Murieta",1268,-121.104,38.5181,8cf9e7dc-74b9-4b97-9a03-f523f3eff56f,https://www.fire.ca.gov/incidents/2017/7/26/latrobe-fire/,2018-01-09T12:06:00Z,1/9/2018,7/26/2017
Weller Fire,2018-01-09T12:07:00Z,2017-07-26T23:19:00Z,CAL FIRE Santa Clara Unit,Santa Clara,"Weller Rd and Calaveras Rd, 3 miles east of Milpitas",51,-121.84108,37.44485,7b95ce91-9581-4fe6-887d-ab1bf6420205,https://www.fire.ca.gov/incidents/2017/7/26/weller-fire/,2018-01-09T12:07:00Z,1/9/2018,7/26/2017
Marble Fire,2018-01-09T12:01:00Z,2017-07-19T14:00:00Z,USFS - Six Rivers National Forest,Del Norte,"Orleans Rd, Six River National Forest",319,-123.506,41.478,be5275b7-1472-4423-a9c8-0f2491179150,https://www.fire.ca.gov/incidents/2017/7/19/marble-fire/,2018-01-09T12:01:00Z,1/9/2018,7/19/2017
Dollar Fire,2018-01-09T12:03:00Z,2017-07-22T13:35:00Z,USFS - San Bernardino National Forest,San Bernardino,"off Hwy 330 & Old City Creek Rd, southwest of Running Springs",85,-117.14466,34.20152,84c8a735-9e8f-4310-84ab-39079ad1ea14,https://www.fire.ca.gov/incidents/2017/7/22/dollar-fire/,2018-01-09T12:03:00Z,1/9/2018,7/22/2017
Lost Fire,2018-04-12T14:52:00Z,2017-07-22T15:00:00Z,Unified Command: CAL FIRE San Diego County Fire Authority and Cleveland National Forest - USFS,San Diego,"off of Hwy 79, 4 miles north of Warner Springs",255,-116.66107,33.34659,918e4e6c-7814-42ed-9cd5-aa11d29367da,https://www.fire.ca.gov/incidents/2017/7/22/lost-fire/,2018-04-12T14:52:00Z,4/12/2018,7/22/2017
Seine Fire,2018-01-09T12:03:00Z,2017-07-22T15:49:00Z,San Bernardino National Forest - USFS ,San Bernardino,"off Piedmont Drive and Seine Avenue, Highland",20,-117.199,34.139,a441e39a-1be1-4be5-8c07-b32bc6f07df0,https://www.fire.ca.gov/incidents/2017/7/22/seine-fire/,2018-01-09T12:03:00Z,1/9/2018,7/22/2017
Woodland Fire,2018-01-09T12:06:00Z,2017-07-25T14:13:00Z,CAL FIRE Amador-El Dorado Unit,El Dorado,"Woodland Court, Community of Oak Hill",13,-120.73757,38.69775,855e28e2-753b-4c36-bf39-27ace518776d,https://www.fire.ca.gov/incidents/2017/7/25/woodland-fire/,2018-01-09T12:06:00Z,1/9/2018,7/25/2017
Olive Fire,2018-01-09T12:05:00Z,2017-07-24T14:43:00Z,CAL FIRE San Luis Obispo unit,San Luis Obispo,Highway 41 Northeast of Highway 46,150,-120.23656,35.7751,907cd7cd-cc26-4529-a9f8-cee1e1560086,https://www.fire.ca.gov/incidents/2017/7/24/olive-fire/,2018-01-09T12:05:00Z,1/9/2018,7/24/2017
Spenceville Fire,2018-01-09T12:05:00Z,2017-07-24T14:56:00Z,CAL FIRE Nevada-Yuba-Placer Unit,Yuba,"Spenceville Rd & Monarch Trail Dr, Wheatland",39,-121.3519,39.06522,ebcee501-5709-4382-8eab-d8595ba6606d,https://www.fire.ca.gov/incidents/2017/7/24/spenceville-fire/,2018-01-09T12:05:00Z,1/9/2018,7/24/2017
Castro Fire,2018-01-09T12:04:00Z,2017-07-23T16:07:00Z,CAL FIRE Santa Clara Unit,Santa Clara,"off Castro Valley Rd. &  Hwy 101,  southwest of Gilroy",78,-121.55552,36.96607,e8ebb6f2-16f5-4342-bce1-d36ff9c9422c,https://www.fire.ca.gov/incidents/2017/7/23/castro-fire/,2018-01-09T12:04:00Z,1/9/2018,7/23/2017
High Fire,2018-01-09T12:04:00Z,2017-07-23T15:53:00Z,Unified Command: CAL FIRE San Bernardino-Inyo-Mono Unit / San Bernardino County Fire,San Bernardino,"off High Rd & Santa Rosa Rd, Lucerne Valley",170,-117.03031,34.41204,1d8a8aaf-f294-46e1-8224-6ea3e8c39634,https://www.fire.ca.gov/incidents/2017/7/23/high-fire/,2018-01-09T12:04:00Z,1/9/2018,7/23/2017
Live Fire,2018-01-09T12:07:00Z,2017-07-28T13:24:00Z,CAL FIRE Tehama-Glenn Unit,Tehama,"Live Oak Road, Community of Ridgway, west of Red Bluff",57,-122.3209,40.1583,a3bd6249-555a-4ee1-99c0-69333d71bdfb,https://www.fire.ca.gov/incidents/2017/7/28/live-fire/,2018-01-09T12:07:00Z,1/9/2018,7/28/2017
Greenhorn Fire,2019-07-01T13:07:57Z,2017-07-27T14:49:00Z,CAL FIRE Nevada - Yuba - Placer Unit,Nevada,"Greenhorn Access Rd, Rollins Lake (Nevada Co)",15,-120.95498,39.16826,77ab4672-c61f-488f-a165-acb40eeac713,https://www.fire.ca.gov/incidents/2017/7/27/greenhorn-fire/,2018-01-09T12:06:00Z,1/9/2018,7/27/2017
Falls Fire,2018-01-09T12:16:00Z,2017-08-01T16:33:00Z,CAL FIRE Tuolumne-Calaveras Unit,Tuolumne,"Off Merced Falls Rd, northwest of Lake McClure ",20,-120.31157,37.65986,09f55a45-f261-492f-b496-8744d878ef57,https://www.fire.ca.gov/incidents/2017/8/1/falls-fire/,2018-01-09T12:16:00Z,1/9/2018,8/1/2017
Sky Fire,2018-01-09T12:12:00Z,2017-07-29T17:29:00Z,CAL FIRE Shasta Trinity Unit,Shasta,"Blue Sky Road, east of Bella Vista ",17,-122.17384,40.69259,00a13d84-415e-4106-aa31-2e664ed9eabf,https://www.fire.ca.gov/incidents/2017/7/29/sky-fire/,2018-01-09T12:12:00Z,1/9/2018,7/29/2017
Hill Fire,2018-01-09T12:12:00Z,2017-07-29T16:33:00Z,CAL FIRE Siskiyou Unit,Siskiyou,"Lakeview Dr. at Lake Ridge Rd., Pleasant Valley, 3 miles west of Dorris",155,-121.9741,41.9808,e9862c12-da9f-4205-9993-91a3b1437de4,https://www.fire.ca.gov/incidents/2017/7/29/hill-fire/,2018-01-09T12:12:00Z,1/9/2018,7/29/2017
Largo Fire,2018-01-09T12:14:00Z,2017-07-30T01:45:00Z,CAL FIRE Amador-El Dorado Unit,El Dorado,"South Shingle Rd at Michigan Bar Rd, northeast of Rancho Murieta",236,-121.039267,38.538332,fd0a69a3-91d5-422b-bab4-dc6a4b0de134,https://www.fire.ca.gov/incidents/2017/7/30/largo-fire/,2018-01-09T12:14:00Z,1/9/2018,7/30/2017
Garden Fire,2018-01-09T12:14:00Z,2017-07-30T16:17:00Z,Sequoia National Forest,Kern,"1/2 mile west of USFS Democrat Fire Station, Kern River Ranger District",1350,-118.654,35.543,0f4499f5-846c-4791-994e-81df04fe691a,https://www.fire.ca.gov/incidents/2017/7/30/garden-fire/,2018-01-09T12:14:00Z,1/9/2018,7/30/2017
Independence Fire,2018-01-09T12:15:00Z,2017-07-31T23:17:00Z,CAL FIRE Sonoma-Lake-Napa Unit,Sonoma,"Independence Lane, 2 miles south of Geyserville",11,-122.90217,38.70289,75fb489f-1e3e-4929-a6fb-a288416b96e0,https://www.fire.ca.gov/incidents/2017/7/31/independence-fire/,2018-01-09T12:15:00Z,1/9/2018,7/31/2017
Mile Fire,2018-01-09T12:16:00Z,2017-07-31T14:44:00Z,San Bernardino National Forest,San Bernardino,"Hwy 18 x Old Waterman Canyon Rd., 1 mile south of Crestline",100,-117.26969,34.19076,32a79e9b-8ce3-477e-b698-2eb16ef66aac,https://www.fire.ca.gov/incidents/2017/7/31/mile-fire/,2018-01-09T12:16:00Z,1/9/2018,7/31/2017
Rose Fire,2018-01-09T12:15:00Z,2017-07-31T14:22:00Z,CAL FIRE / Riverside County Fire,Riverside,"Off Amorose St, in the community of Lake Elsinore",200,-117.396404,33.689092,3dcf54bc-89f5-41b3-b797-5dcdf0e629e8,https://www.fire.ca.gov/incidents/2017/7/31/rose-fire/,2018-01-09T12:15:00Z,1/9/2018,7/31/2017
Sandy Fire,2018-01-09T12:17:00Z,2017-08-02T08:30:00Z,Shasta-Trinity National Forest,Trinity,"Sandy Bar, Hwy 299, 4 miles east of Burnt Ranch",32,-123.39253,40.79902,5367822f-b489-4da5-b90e-c5b2c8abf318,https://www.fire.ca.gov/incidents/2017/8/2/sandy-fire/,2018-01-09T12:17:00Z,1/9/2018,8/2/2017
Camatta Fire,2018-01-09T12:17:00Z,2017-08-02T10:33:00Z,CAL FIRE San Luis Obispo Unit,San Luis Obispo,"Hwy 58 near Camatta Creek Rd, east of Santa Margarita",70,-120.2913,35.4403,47dd7f12-4141-473e-b2c1-2e625df3b784,https://www.fire.ca.gov/incidents/2017/8/2/camatta-fire/,2018-01-09T12:17:00Z,1/9/2018,8/2/2017
Red Fire,2018-01-09T12:17:00Z,2017-08-02T10:15:00Z,CAL FIRE San Luis Obispo Unit / Los Padres National Forest,San Luis Obispo,"Off Hwy 58 & Red Hill Rd, east of Wilson Corner",460,-120.28037,35.40357,a1554868-0f98-41d4-9132-1f0bbf10b22c,https://www.fire.ca.gov/incidents/2017/8/2/red-fire/,2018-01-09T12:17:00Z,1/9/2018,8/2/2017
Warner Mountain Lightning,2018-01-09T12:04:00Z,2017-07-23T00:00:00Z,Modoc National Forest,Modoc,Warner Mountain Ranger District on the Modoc National Forest,0,-120.304,41.338,42f93f6b-0ada-4267-8e6e-4674055ed9c8,https://www.fire.ca.gov/incidents/2017/7/23/warner-mountain-lightning/,2018-01-09T12:04:00Z,1/9/2018,7/23/2017
Saw Fire,2018-01-09T12:17:00Z,2017-08-03T11:58:00Z,CAL FIRE Humboldt-Del Norte Unit,Humboldt,"Off Alderpoint Rd & Lower Sawmill Rd, east of Garberville",85,-123.76099,40.11794,dd6c5dfb-e5f5-4c1b-ab7f-aa9f3a4f60fc,https://www.fire.ca.gov/incidents/2017/8/3/saw-fire/,2018-01-09T12:17:00Z,1/9/2018,8/3/2017
Bryant Fire,2022-10-24T10:41:52Z,2017-08-03T15:35:00Z,CAL FIRE San Bernardino Unit / San Bernardino National Forest / City of Yucaipa ,San Bernardino,"Bryant Street at Hwy 38, City of Yucaipa",325,-117.03826,34.08492,093bdb67-4c14-402d-a034-3714b7125c49,https://www.fire.ca.gov/incidents/2017/8/3/bryant-fire/,2018-01-09T12:18:00Z,1/9/2018,8/3/2017
Rincon Fire,2018-01-09T12:18:00Z,2017-08-03T16:21:00Z,Angeles National Forest,Los Angeles,"off Hwy 39 & East Fork Ave, north of Azusa",10,-117.85182,34.23925,9705ad0d-5bf1-4221-a7c3-3af6d99be3d0,https://www.fire.ca.gov/incidents/2017/8/3/rincon-fire/,2018-01-09T12:18:00Z,1/9/2018,8/3/2017
Blocksburg Fire,2018-01-09T12:18:00Z,2017-08-03T16:41:00Z,CAL FIRE Humboldt-Del Norte Unit,Humboldt,"Off Alderpoint Rd and Cemetery Rd, Blocksburg",30,-123.64281,40.27582,e1582691-805c-4627-b20b-e5e8ba110f20,https://www.fire.ca.gov/incidents/2017/8/3/blocksburg-fire/,2018-01-09T12:18:00Z,1/9/2018,8/3/2017
Bottle Fire,2018-01-09T12:28:00Z,2017-08-08T16:40:00Z,CAL FIRE Sonoma-Lake-Napa Unit,Lake,Bottle Rock Rd and Highway 29 in Kelseyville,62,-122.81135,38.94599,21714c67-dc5a-4d86-8794-79d85f87b71b,https://www.fire.ca.gov/incidents/2017/8/8/bottle-fire/,2018-01-09T12:28:00Z,1/9/2018,8/8/2017
Stewart Fire,2018-01-09T12:19:00Z,2017-08-04T14:25:00Z,CAL FIRE/Riverside County Fire,Riverside,Stewart Rd at Woodson Rd in Moreno Valley,122,-117.239099,34.009026,58d62aeb-29f5-45f5-93ac-a657b0708149,https://www.fire.ca.gov/incidents/2017/8/4/stewart-fire/,2018-01-09T12:19:00Z,1/9/2018,8/4/2017
Calgary Fire,2018-01-09T12:19:00Z,2017-08-05T13:16:00Z,Kern County Fire Department / Sequoia National Forest,Kern,"Old State Rd & Dollar Rd, Wofford Heights",50,-118.47307,35.70639,e4834d78-fd4a-44b4-8669-52cbdc41113d,https://www.fire.ca.gov/incidents/2017/8/5/calgary-fire/,2018-01-09T12:19:00Z,1/9/2018,8/5/2017
Chilcoot Fire,2018-01-09T12:20:00Z,2017-08-06T15:32:00Z,Tahoe National Forest,Plumas,"Chilcoot Ave, Chilcoot",1020,-120.1397,39.75371,d3213d2a-4b10-4eef-b8df-bdebc5cd948f,https://www.fire.ca.gov/incidents/2017/8/6/chilcoot-fire/,2018-01-09T12:20:00Z,1/9/2018,8/6/2017
W-2 Fire,2018-01-09T12:20:00Z,2017-08-06T15:29:00Z,Bureau of Land Management Northern California District,Lassen,"Ash Valley, 6 miles west of Madeline",530,-120.74968,41.11989,93fe220b-0458-4e26-827c-93883093681e,https://www.fire.ca.gov/incidents/2017/8/6/w-2-fire/,2018-01-09T12:20:00Z,1/9/2018,8/6/2017
Poslin Fire,2018-01-09T12:21:00Z,2017-08-06T19:52:00Z,Plumas National Forest,Lassen,"Scott Rd, 9 miles south of Doyle",859,-120.066,39.888,06664fe1-c56c-4a00-833c-f9f3f6d6d18f,https://www.fire.ca.gov/incidents/2017/8/6/poslin-fire/,2018-01-09T12:21:00Z,1/9/2018,8/6/2017
Reed Fire,2018-01-09T12:23:00Z,2017-08-07T14:14:00Z,CAL FIRE/Riverside County Fire/San Bernardino National Forest ,Riverside,Reed Valley Rd. and Forest Route 7S04 in Aguanga,92,-116.8247,33.57139,ab009bd1-6784-4fda-a931-532520742a8b,https://www.fire.ca.gov/incidents/2017/8/7/reed-fire/,2018-01-09T12:23:00Z,1/9/2018,8/7/2017
Country Fire,2018-01-09T12:27:00Z,2017-08-07T18:08:00Z,CAL FIRE San Benito-Monterey,Monterey,Portuguese Canyon Rd. at Cross Country Rd. southeast of Bradley,82,-120.64584,35.86596,e65c3e0b-08d9-43cf-b1ac-8e57d5f407fc,https://www.fire.ca.gov/incidents/2017/8/7/country-fire/,2018-01-09T12:27:00Z,1/9/2018,8/7/2017
Ruth Complex,2018-01-09T12:27:00Z,2017-08-07T22:30:00Z,Six Rivers National Forest,Trinity,"Dutchman Rd, east of Zenia",4736,-123.36882,40.17598,9eb07177-e62a-4f5a-adeb-e95508e31959,https://www.fire.ca.gov/incidents/2017/8/7/ruth-complex/,2018-01-09T12:27:00Z,1/9/2018,8/7/2017
Rose Fire,2018-01-09T12:31:00Z,2017-08-10T14:32:00Z,CAL FIRE/Kern County Fire,Kern,"I-5 Freeway and Grapevine Rd, north of the Grapevine",338,-118.9267,34.92907,09e74687-85e7-488f-a5c8-8a11f75ab7d8,https://www.fire.ca.gov/incidents/2017/8/10/rose-fire/,2018-01-09T12:31:00Z,1/9/2018,8/10/2017
Tilton Fire,2018-01-09T12:39:00Z,2017-08-11T14:55:00Z,CAL FIRE Santa Clara Unit,Santa Clara,Hale Ave and Tilton Ave in Morgan Hill,100,-121.68165,37.14653,a8ab00de-6074-45a0-9e3d-f43b090e8346,https://www.fire.ca.gov/incidents/2017/8/11/tilton-fire/,2018-01-09T12:39:00Z,1/9/2018,8/11/2017
Paskenta Fire ,2018-01-09T12:31:00Z,2017-08-10T17:24:00Z,CAL FIRE Tehama-Glenn Unit,Tehama,Round Valley Rd and Paskenta Rd in Paskenta ,15,-122.5415,39.87983,a43d0b54-a91e-40ba-b121-2e0f067201b6,https://www.fire.ca.gov/incidents/2017/8/10/paskenta-fire/,2018-01-09T12:31:00Z,1/9/2018,8/10/2017
Canyon Fire,2018-01-09T12:35:00Z,2017-08-11T12:57:00Z,CAL FIRE Sonoma-Lake-Napa Unit ,Napa,Hwy 128 and Sage Canyon Rd near Lake Berryessa,114,-122.2483,38.49336,4b885d8c-8951-46c5-a3d1-520cfd0ac964,https://www.fire.ca.gov/incidents/2017/8/11/canyon-fire/,2018-01-09T12:35:00Z,1/9/2018,8/11/2017
Nuevo Fire,2018-01-09T12:38:00Z,2017-08-13T13:34:00Z,CAL FIRE/Riverside County Fire,Riverside,Nuevo Road and Montgomery Road,19,-117.124538,33.797216,bae69034-3bf6-48c3-a642-d0242cf090f9,https://www.fire.ca.gov/incidents/2017/8/13/nuevo-fire/,2018-01-09T12:38:00Z,1/9/2018,8/13/2017
Yankee Fire,2018-01-09T12:36:00Z,2017-08-11T16:06:00Z,CAL FIRE San Luis Obispo/Department of Defense-Camp Roberts ,San Luis Obispo,Field Rd and Perimeter Rd at Training Area Yankee 6 in Camp Roberts,775,-120.77485,35.7908,e6308517-0b7c-4efb-9369-b9aa3fe3ad14,https://www.fire.ca.gov/incidents/2017/8/11/yankee-fire/,2018-01-09T12:36:00Z,1/9/2018,8/11/2017
Ward Fire,2019-07-01T13:07:40Z,2017-08-13T12:41:00Z,Rogue-River-Siskiyou National Forest,Siskiyou,Wards Fork south of Donomore Meadows near the Oregon border.,41,-122.9401,41.99279,f0dbf1f5-9f21-4d11-a432-d32f7f18c412,https://www.fire.ca.gov/incidents/2017/8/13/ward-fire/,2018-01-09T12:38:00Z,1/9/2018,8/13/2017
Blaine Fire,2022-10-24T10:54:02Z,2017-08-13T16:10:00Z,CAL FIRE/Riverside County Fire,Riverside,Blaine Rd and Terrace Dr,1500,-117.30819,33.98212,c57ff6c2-e5df-48c5-831c-1dbad73df5ef,https://www.fire.ca.gov/incidents/2017/8/13/blaine-fire/,2018-01-09T12:38:00Z,1/9/2018,8/13/2017
Coronado Fire,2018-01-09T12:40:00Z,2017-08-13T16:23:00Z,CAL FIRE Madera-Mariposa-Merced Unit ,Mariposa,Merced Falls Rd and Coronado Rd in Lake McClure,125,-120.30046,37.62823,8779fe43-665b-4643-a730-6344c44018c7,https://www.fire.ca.gov/incidents/2017/8/13/coronado-fire/,2018-01-09T12:40:00Z,1/9/2018,8/13/2017
Empire Fire,2018-01-09T12:16:00Z,2017-08-01T08:45:00Z,Yosemite National Forest,Mariposa,1 Mile South of Bridalveil Campground in Yosemite,8094,-119.618,37.644,2995e2b3-f18d-44ec-952f-9f148b8354d9,https://www.fire.ca.gov/incidents/2017/8/1/empire-fire/,2018-01-09T12:16:00Z,1/9/2018,8/1/2017
South Fork Fire,2018-01-09T12:39:00Z,2017-08-14T14:28:00Z,Yosemite National Park ,Mariposa,"off Wawona Rd, east of Wawona",7000,-119.598,37.538,b02ec4f1-ac5c-4b22-b7fa-5834af16d807,https://www.fire.ca.gov/incidents/2017/8/14/south-fork-fire/,2018-01-09T12:39:00Z,1/9/2018,8/14/2017
Mias Fire,2022-10-24T10:54:18Z,2017-08-14T15:45:00Z,CAL FIRE Riverside Unit,Riverside,Misa Canyon Road and Bluff Street,600,-116.88066,33.95036,c3ad74dc-6842-463f-8808-05161a8ba570,https://www.fire.ca.gov/incidents/2017/8/14/mias-fire/,2018-01-09T12:42:00Z,1/9/2018,8/14/2017
Corner Fire,2018-01-09T12:42:00Z,2017-08-17T14:15:00Z,CAL FIRE Shasta-Trinity Unit,Shasta,HWY 299 just south of HWY 89 near Cassel,17,-121.5935,40.92602,1b49e4e3-7506-4bf4-b86f-fd3ca93fd85b,https://www.fire.ca.gov/incidents/2017/8/17/corner-fire/,2018-01-09T12:42:00Z,1/9/2018,8/17/2017
Hills Fire,2018-01-09T12:43:00Z,2017-08-19T16:31:00Z,CAL FIRE Riverside Unit,Riverside,"Lambs Canyon Road and Gilman Springs Road, Community of Gilman Springs",168,-117.00258,33.87679,a1b6ff5e-0533-408c-b02a-3061f60fb263,https://www.fire.ca.gov/incidents/2017/8/19/hills-fire/,2018-01-09T12:43:00Z,1/9/2018,8/19/2017
Beale Fire,2018-01-09T12:43:00Z,2017-08-20T14:44:00Z,Unified Command: CAL FIRE Nevada-Yuba-Placer Unit/Beale Air Force Base,Yuba,"Chuck Yeager Road, Beale Air Force Base",867,-121.32957,39.1234,f31a117a-572a-4956-9797-ad08e3933bb7,https://www.fire.ca.gov/incidents/2017/8/20/beale-fire/,2018-01-09T12:43:00Z,1/9/2018,8/20/2017
Toll Fire,2018-01-09T12:43:00Z,2017-08-20T16:26:00Z,Plumas National Forest,Plumas,"Tollgate Creek and Oakland Camp Road, north of Quincy",186,-120.89746,39.9864,3becdf3e-b110-41ab-86ce-645e041d296f,https://www.fire.ca.gov/incidents/2017/8/20/toll-fire/,2018-01-09T12:43:00Z,1/9/2018,8/20/2017
Eclipse Complex,2018-01-09T12:43:00Z,2017-08-15T07:55:00Z,Klamath National Forest,Siskiyou,"5 miles W of Happy Camp, CA",78698,-123.474,41.841,490ae25d-c3d8-4a90-9e75-0ad85e0f629f,https://www.fire.ca.gov/incidents/2017/8/15/eclipse-complex/,2018-01-09T12:43:00Z,1/9/2018,8/15/2017
Indian Fire,2018-01-09T12:17:00Z,2017-08-02T18:00:00Z,Inyo National Forest,Tulare,North of Jordan Hot Springs,2295,-118.296,36.257,345f6faa-9946-418e-8a60-d5cb9efb3af4,https://www.fire.ca.gov/incidents/2017/8/2/indian-fire/,2018-01-09T12:17:00Z,1/9/2018,8/2/2017
Eclipse Fire,2018-01-09T12:43:00Z,2017-08-21T14:00:00Z,CAL FIRE San Diego Unit,San Diego,"Royal Willie Road and La Posta Road, Community of Campo",200,-116.42907,32.65003,2f1b8cff-f7d6-4459-866b-7c84bd531dcc,https://www.fire.ca.gov/incidents/2017/8/21/eclipse-fire/,2018-01-09T12:43:00Z,1/9/2018,8/21/2017
Young Fire,2018-01-09T12:26:00Z,2017-08-07T17:45:00Z,Six Rivers National Forest,Siskiyou,"Siskiyou Wilderness, Six Rivers NF",3142,-123.676,41.853,687e2987-2306-477b-bbaf-0d5465eb1e7c,https://www.fire.ca.gov/incidents/2017/8/7/young-fire/,2018-01-09T12:26:00Z,1/9/2018,8/7/2017
Parker 2 Fire,2018-01-09T12:18:00Z,2017-08-03T14:00:00Z,Modoc National Forest,Modoc,southwest of Cedarville,7697,-120.321,41.466,3e005fd9-11a4-4145-a71f-8a4cf9a1341a,https://www.fire.ca.gov/incidents/2017/8/3/parker-2-fire/,2018-01-09T12:18:00Z,1/9/2018,8/3/2017
Range Fire,2018-01-09T12:44:00Z,2017-08-22T14:00:00Z,California National Guard,Alameda,"Range Road and Cromwell Avenue, Camp Parks Dublin, National Guard Reserve Forces Training Center",200,-121.90516,37.72543,89b5d4db-ce4e-43b9-8618-f89088d35ee1,https://www.fire.ca.gov/incidents/2017/8/22/range-fire/,2018-01-09T12:44:00Z,1/9/2018,8/22/2017
Juniper Fire,2018-01-09T12:44:00Z,2017-08-23T13:28:00Z,CAL FIRE / Fresno County Fire,Fresno,"off of Highway 198 west of Parsons Road, Coalinga",31,-120.443545,36.099681,83d87ff0-be6c-46fa-ab96-b9845d5d4edc,https://www.fire.ca.gov/incidents/2017/8/23/juniper-fire/,2018-01-09T12:44:00Z,1/9/2018,8/23/2017
Montezuma Fire,2018-01-09T12:44:00Z,2017-08-26T11:30:00Z,CAL FIRE San Diego Unit,San Diego,"Montezuma Valley Rd., near the Community of Borrego Springs.",62,-116.46989,33.20988,1f8d9fe1-e644-4f53-88ae-4418cc0b4451,https://www.fire.ca.gov/incidents/2017/8/26/montezuma-fire/,2018-01-09T12:44:00Z,1/9/2018,8/26/2017
Peg Fire,2018-01-09T12:44:00Z,2017-08-26T12:35:00Z,CAL FIRE Lassen-Modoc Unit,Lassen,"off Termo Grasshopper Rd., northwest of Ravendale",157,-120.48641,40.80968,bfc6b8e4-8021-44ca-8f92-58c724682ba1,https://www.fire.ca.gov/incidents/2017/8/26/peg-fire/,2018-01-09T12:44:00Z,1/9/2018,8/26/2017
Vestal Fire,2018-01-09T12:45:00Z,2017-08-26T15:03:00Z,CAL FIRE Tehama-Glenn Unit,Tehama,"Hwy 36 and Vestal Road, west of Red Bluff",40,-122.70449,40.29831,becd0762-0e22-4c54-a1c5-3ecd3660dd70,https://www.fire.ca.gov/incidents/2017/8/26/vestal-fire/,2018-01-09T12:45:00Z,1/9/2018,8/26/2017
Flat Fire,2018-01-09T12:45:00Z,2017-08-26T14:31:00Z,CAL FIRE / Fresno County Fire,Fresno,"Oak Flat Lane and Sales Creek Rd., 5 miles south of Tollhouse ",111,-119.43376,36.93332,90473f02-6572-4a9b-9451-1a18a4bee1ed,https://www.fire.ca.gov/incidents/2017/8/26/flat-fire/,2018-01-09T12:45:00Z,1/9/2018,8/26/2017
Mines Fire,2018-01-09T12:45:00Z,2017-08-27T17:45:00Z,CAL FIRE Santa Clara Unit,Alameda,"Mines Road and Crane Ridge Road, 8 miles S of Livermore",44,-121.56425,37.56181,399dba2c-02c1-4756-a76d-1198d0e838ed,https://www.fire.ca.gov/incidents/2017/8/27/mines-fire/,2018-01-09T12:45:00Z,1/9/2018,8/27/2017
Bodega Fire,2018-01-09T12:45:00Z,2017-08-27T13:30:00Z,CAL FIRE Sonoma-Lake-Napa Unit,Sonoma,"Bodega Ave and Nosecchi Rd., east of Petaluma",18,-122.71998,38.26294,d83bfb8a-f1e6-4213-b514-89fc16d2eb72,https://www.fire.ca.gov/incidents/2017/8/27/bodega-fire/,2018-01-09T12:45:00Z,1/9/2018,8/27/2017
Canyon Fire,2018-01-09T12:45:00Z,2017-08-27T14:51:00Z,CAL FIRE / USFS - Cleveland National Forest,Riverside,"Highway 74 and South Main Divide, 2 miles southwest of Lake Elsinore",46,-117.3968,33.6444,78754c68-2800-4c5d-aff0-ab0b399ab5ce,https://www.fire.ca.gov/incidents/2017/8/27/canyon-fire/,2018-01-09T12:45:00Z,1/9/2018,8/27/2017
Hill Fire,2018-01-09T12:46:00Z,2017-08-27T18:47:00Z,CAL FIRE / Fresno County Fire,Fresno,Hwy 180 from Hills Valley to Ruth Hill,69,-119.28241,36.7279,386b7562-fe70-490b-a92c-a3c21eece0c2,https://www.fire.ca.gov/incidents/2017/8/27/hill-fire/,2018-01-09T12:46:00Z,1/9/2018,8/27/2017
Translator Fire,2018-01-09T12:46:00Z,2017-08-28T08:01:00Z,Shasta Trinity National Forest,Humboldt,"Tish Tang Road and Hostler, Hoopa",40,-123.63721,41.02705,18a2b3d6-d86e-4147-ab42-d45b8792e98a,https://www.fire.ca.gov/incidents/2017/8/28/translator-fire/,2018-01-09T12:46:00Z,1/9/2018,8/28/2017
Sandra Fire,2018-01-09T12:46:00Z,2017-08-28T17:06:00Z,CAL FIRE Amador-El Dorado Unit,Amador,"Butte Mountain road, 3 miles east of Jackson",10,-120.72274,38.34421,f3c1f59e-b0d5-4c14-976f-ae6c583b2224,https://www.fire.ca.gov/incidents/2017/8/28/sandra-fire/,2018-01-09T12:46:00Z,1/9/2018,8/28/2017
Pier Fire,2018-01-09T12:47:00Z,2017-08-29T08:29:00Z,CAL FIRE Tulare Unit / USFS - Sequoia National Forest,Tulare,"Highway 190, east of Springville",36556,-118.74103,36.15356,c8ebf0c1-e560-4e22-a946-129af8699dfb,https://www.fire.ca.gov/incidents/2017/8/29/pier-fire/,2018-01-09T12:47:00Z,1/9/2018,8/29/2017
Bradley Fire,2018-01-09T12:46:00Z,2017-08-28T21:38:00Z,Shasta-Trinity National Forest,Siskiyou,"Bradley Ridge, City of Dunsmuir ",54,-122.27499,41.222,f8cd3b44-ec6b-4338-9edc-ebd879a8aafc,https://www.fire.ca.gov/incidents/2017/8/28/bradley-fire/,2018-01-09T12:46:00Z,1/9/2018,8/28/2017
Ponderosa Fire,2022-10-24T10:43:27Z,2017-08-29T13:16:00Z,CAL FIRE / Butte County Fire,Butte,"Ponderosa way and Lumpkin road, 2 miles NW of Forbestown ",4016,-121.30209,39.57701,7c9253af-4c43-41bb-b1de-44af15e0d83e,https://www.fire.ca.gov/incidents/2017/8/29/ponderosa-fire/,2018-08-30T15:27:00Z,8/30/2018,8/29/2017
Railroad Fire,2018-01-09T12:46:00Z,2017-08-29T12:19:00Z,USFS - Sierra National Forest,Madera,"Highway 41, south of Fish Camp",12407,-119.64622,37.44663,9989e07d-5125-472d-9601-0d7158b13073,https://www.fire.ca.gov/incidents/2017/8/29/railroad-fire/,2018-01-09T12:46:00Z,1/9/2018,8/29/2017
Mud Fire,2018-01-09T12:47:00Z,2017-08-29T14:36:00Z,Bureau of Land Mangement ,Lassen,"Little Mud Flat, 18 miles northeast of Susanville ",6042,-120.22215,40.43962,b77ff66d-d8ee-49c9-bd0f-92a4350a095a,https://www.fire.ca.gov/incidents/2017/8/29/mud-fire/,2018-01-09T12:47:00Z,1/9/2018,8/29/2017
Owens Fire,2018-01-09T12:47:00Z,2017-08-29T15:39:00Z,CAL FIRE Siskiyou Unit,Siskiyou,"off of Owens Rd and Hwy 97, northeast of Dorris ",55,-121.90077,41.99483,62b8a6af-700a-4c93-85d5-a9b85a30faf5,https://www.fire.ca.gov/incidents/2017/8/29/owens-fire/,2018-01-09T12:47:00Z,1/9/2018,8/29/2017
Slinkard Fire,2018-01-09T12:47:00Z,2017-08-29T15:15:00Z,Bureau of Land Management - Owens Valley District ,Mono,"West of Hwy 395, north of Hwy 89, south of Topaz",8925,-119.55425,38.655,71ea2924-bc37-44f4-b454-47eff22e426c,https://www.fire.ca.gov/incidents/2017/8/29/slinkard-fire/,2018-01-09T12:47:00Z,1/9/2018,8/29/2017
4-4 Fire,2018-01-09T12:48:00Z,2017-08-30T11:38:00Z,CAL FIRE Lassen-Modoc Unit,Modoc,"4 miles east of Dorris Reservoir, east of Alturas",28,-120.36659,41.4844,5e01dba8-3d59-41a6-ba60-d78d874eba42,https://www.fire.ca.gov/incidents/2017/8/30/4-4-fire/,2018-01-09T12:48:00Z,1/9/2018,8/30/2017
Pleasant Fire,2022-10-24T10:43:49Z,2017-08-30T15:38:00Z,CAL FIRE Nevada-Yuba-Placer Unit,Nevada,"Off Hwy 49 & Pleasant Valley Rd, south of North San Juan  ",392,-121.12004,39.34292,f571f91e-bc07-450c-8822-3ecc61a27863,https://www.fire.ca.gov/incidents/2017/8/30/pleasant-fire/,2018-01-09T12:48:00Z,1/9/2018,8/30/2017
4-10 Fire,2018-01-09T12:48:00Z,2017-08-30T14:50:00Z,CAL FIRE Lassen-Modoc Unit,Modoc,"off Highway 395 and County Road 118, 16 miles north of Alturas.",27,-120.31814,41.64469,182f71e9-0f85-4cb0-8711-ee14c0b6b8f8,https://www.fire.ca.gov/incidents/2017/8/30/4-10-fire/,2018-01-09T12:48:00Z,1/9/2018,8/30/2017
Coalinga Fire,2018-01-09T12:48:00Z,2017-08-30T16:51:00Z,CAL FIRE Fresno-Kings Unit,Fresno,"Mendota Road and Interstate 5, 12 miles north of Coalinga",102,-120.32685,36.36113,4adae6c4-71c9-46d1-9743-e04f186b2c3e,https://www.fire.ca.gov/incidents/2017/8/30/coalinga-fire/,2018-01-09T12:48:00Z,1/9/2018,8/30/2017
Miller Fire,2018-01-09T12:49:00Z,2017-08-31T13:57:00Z,CAL FIRE/Humboldt-Del Norte Unit,Humboldt,"Miller Ranch road x Bell Springs road, 10 miles NE Leggett ",34,-123.64214,40.03697,62a6c794-97db-4b57-9033-958bcf2e5a99,https://www.fire.ca.gov/incidents/2017/8/31/miller-fire/,2018-01-09T12:49:00Z,1/9/2018,8/31/2017
Helena - Fork Fire,2018-01-09T12:49:00Z,2017-08-30T18:00:00Z,Shasta-Trinity National Forest,Trinity,"Hwy 299 near town of Helena, Junction City",21846,-123.10003,40.76025,220a986e-6d2c-4893-9473-232d1e1abf0c,https://www.fire.ca.gov/incidents/2017/8/30/helena-fork-fire/,2018-01-09T12:49:00Z,1/9/2018,8/30/2017
Marlborough Fire,2018-01-09T12:49:00Z,2017-08-31T10:13:00Z,CAL FIRE/Riverside County Fire Department,Riverside,Marlborough ave and Northgate street,85,34.015742,117.337331,7bc10ea0-55b4-40bd-8eca-36ec10106528,https://www.fire.ca.gov/incidents/2017/8/31/marlborough-fire/,2018-01-09T12:49:00Z,1/9/2018,8/31/2017
Castaic Fire,2018-03-22T16:34:00Z,2017-08-31T16:32:00Z,Los Angeles County Fire,Los Angeles,"I-5, north of Hughes Rd., 2 miles north of Lake Hughes",30,-118.62882,34.52055,1e9d7aca-8862-4dff-a8af-5f687afdfda0,https://www.fire.ca.gov/incidents/2017/8/31/castaic-fire/,2018-03-22T16:34:00Z,3/22/2018,8/31/2017
Border Fire,2018-01-09T12:50:00Z,2017-09-01T04:20:00Z,CAL FIRE San Diego Unit,San Diego,near Hwy 94/Marron Valley Rd in the community of Dulzura.,130,-116.76997,32.6001,10a447c8-708f-44a3-8679-251500c761d6,https://www.fire.ca.gov/incidents/2017/9/1/border-fire/,2018-01-09T12:50:00Z,1/9/2018,9/1/2017
Summit Complex,2019-07-01T13:07:49Z,2017-07-31T13:44:00Z,Stanislaus National Forest,Stanislaus,The Summit Complex consists of 3 fires burning on the Summit Ranger District of the Stanislaus National Forest.,5247,-119.782,38.329,68328f20-5aed-404d-8c29-81b4b69e8439,https://www.fire.ca.gov/incidents/2017/7/31/summit-complex/,2018-01-09T12:15:00Z,1/9/2018,7/31/2017
Ellie Fire,2019-07-01T13:07:31Z,2017-09-10T13:49:00Z,CAL FIRE / Riverside County Fire,Riverside,"Ellie Way and El Toro Road, Lake Elsinore",34,-117.33364,33.73547,99a7ed51-e64a-4aa9-b8ba-6a9ae4752db0,https://www.fire.ca.gov/incidents/2017/9/10/ellie-fire/,2018-01-09T13:19:00Z,1/9/2018,9/10/2017
Creek Fire,2018-01-09T12:50:00Z,2017-09-03T16:23:00Z,Stanislaus National Forest ,Stanislaus,Bourland area of the Stanislaus National Forest ,1749,-119.941,38.12,7f33fd28-9a93-438b-84ca-0e57e7c441f4,https://www.fire.ca.gov/incidents/2017/9/3/creek-fire/,2018-01-09T12:50:00Z,1/9/2018,9/3/2017
Hopper Fire,2018-01-09T12:49:00Z,2017-09-01T11:21:00Z,CAL FIRE Shasta-Trinity Unit,Shasta,"Oak Run Road and Hopper Lane, Oak Run",25,-122.02525,40.71923,406e30d2-2ac0-4c0b-998c-761adde20177,https://www.fire.ca.gov/incidents/2017/9/1/hopper-fire/,2018-01-09T12:49:00Z,1/9/2018,9/1/2017
Caldwell Fire,2018-01-09T12:50:00Z,2017-09-01T14:37:00Z,Sequoia National Forest,Kern,"Kernville Rd. x Sierra Way, 6 miles north of Lake Isabella",1319,-118.406,35.76,340e471a-a37e-47dd-90da-6c9f35b7eb3b,https://www.fire.ca.gov/incidents/2017/9/1/caldwell-fire/,2018-01-09T12:50:00Z,1/9/2018,9/1/2017
La Tuna Fire ,2018-01-09T12:49:00Z,2017-09-01T13:26:00Z,"LA City, Burbank Fire Department",Los Angeles,"Lowell Ave and I-210, Verdugo Hills, Los Angeles City",7194,-118.2674,34.22957,c2bf9820-7e90-43c4-bd3d-1b26ef7ada51,https://www.fire.ca.gov/incidents/2017/9/1/la-tuna-fire/,2018-01-09T12:49:00Z,1/9/2018,9/1/2017
Mission Fire,2022-10-24T10:55:01Z,2017-09-03T13:06:00Z,CAL FIRE Madera-Mariposa-Merced Unit / Sierra National Forest,Madera,"Mission Dr. and Italian Bar Rd., 2 miles east of North Fork",1037,-119.48067,37.21616,297d6516-ce4f-407d-93f8-9669dc6fd392,https://www.fire.ca.gov/incidents/2017/9/3/mission-fire/,2018-01-09T13:18:00Z,1/9/2018,9/3/2017
Parkfield Fire,2018-01-09T12:51:00Z,2017-09-03T09:23:00Z,CAL FIRE Fresno-Kings Unit,Fresno,"Hwy 198 and Mineral Springs Rd., 9 miles west of Coalinga",100,-120.52189,36.09486,a983c540-b47c-4250-a65d-c5d3d76c9b3b,https://www.fire.ca.gov/incidents/2017/9/3/parkfield-fire/,2018-01-09T12:51:00Z,1/9/2018,9/3/2017
Palmer Fire,2022-10-24T10:54:38Z,2017-09-02T13:33:00Z,CAL FIRE Riverside Unit,Riverside,"San Timoteo Canyon Road / Fisherman's Retreat, Beaumont",3800,-117.09984,33.97471,cfa04438-152b-4f4b-a712-4343af8c7fcf,https://www.fire.ca.gov/incidents/2017/9/2/palmer-fire/,2018-01-09T12:50:00Z,1/9/2018,9/2/2017
Margarita Fire,2018-01-09T12:50:00Z,2017-09-03T16:59:00Z,CAL FIRE San Luis Obispo Unit,San Luis Obispo,"Santa Margarita Lake Rd. and W. Pozo Rd., 7 miles SE of Santa Margarita",120,-120.50886,35.31886,17cd878b-0d5d-49ff-b205-7e0203908f4c,https://www.fire.ca.gov/incidents/2017/9/3/margarita-fire/,2018-01-09T12:50:00Z,1/9/2018,9/3/2017
Mule Fire,2018-01-09T13:19:00Z,2017-09-05T14:55:00Z,CAL FIRE Sonoma-Lake-Napa Unit,Lake,"Off Hwy 20 and Mule Skinner Road, east of Clearlake ",21,-122.49327,39.01748,180ea977-b5c2-483d-b9f4-c2f8b8b05ebe,https://www.fire.ca.gov/incidents/2017/9/5/mule-fire/,2018-01-09T13:19:00Z,1/9/2018,9/5/2017
Mills File,2018-01-09T13:18:00Z,2017-09-03T20:32:00Z,Plumas National Forest,Plumas,"Hwy 89, ¼ mile north of Crescent Mills",79,-120.9204,40.13278,ba20d998-185c-48ac-8006-15aadf4d3106,https://www.fire.ca.gov/incidents/2017/9/3/mills-file/,2018-01-09T13:18:00Z,1/9/2018,9/3/2017
Bally Fire,2018-01-09T12:50:00Z,2017-09-03T19:17:00Z,CAL FIRE Santa Clara Unit/Gilroy Fire Dept,Santa Clara,"Ballybunion Ct, Gilroy",100,-121.59899,36.99092,7b02d757-4f96-4616-99d5-04e4eaa34440,https://www.fire.ca.gov/incidents/2017/9/3/bally-fire/,2018-01-09T12:50:00Z,1/9/2018,9/3/2017
Peak Fire,2022-10-24T10:44:59Z,2017-09-03T13:10:00Z,CAL FIRE Madera-Mariposa-Merced Unit,Mariposa,"Indian Peak Rd and Usona Rd, 9 miles southeast of Mariposa",680,-119.83556,37.37397,c7a0a280-17c9-409b-85f9-fdda301b6ede,https://www.fire.ca.gov/incidents/2017/9/3/peak-fire/,2018-01-09T12:51:00Z,1/9/2018,9/3/2017
R-4 Fire,2018-01-09T12:48:00Z,2017-08-30T08:30:00Z,BLM Northern California District ,Lassen,23 miles east-southeast of Madeline,18618,-119.93499,40.69573,49757269-445f-4525-8698-858d8e0a5398,https://www.fire.ca.gov/incidents/2017/8/30/r-4-fire/,2018-01-09T12:48:00Z,1/9/2018,8/30/2017
Cove Fire,2018-01-09T13:23:00Z,2017-09-23T15:40:00Z,CAL FIRE San Luis Obispo Unit,San Luis Obispo,"Lynch Canyon Rd & Lakeview Rd, northwest of Lake Nacimiento",25,-121.04445,35.76343,92fc9725-ac49-4632-8bbf-e299483940b8,https://www.fire.ca.gov/incidents/2017/9/23/cove-fire/,2018-01-09T13:23:00Z,1/9/2018,9/23/2017
Bradley Fire,2018-01-09T12:46:00Z,2017-08-28T22:00:00Z,Shasta-Trinity National Forest ,Siskiyou,West of Dunsmuir,54,-122.292,41.222,59fae761-fd49-4f06-a2e9-1495c00eb7e9,https://www.fire.ca.gov/incidents/2017/8/28/bradley-fire/,2018-01-09T12:46:00Z,1/9/2018,8/28/2017
Sandy Fire,2018-01-09T12:16:00Z,2017-08-02T11:13:00Z,Shasta-Trinity National Forest,Trinity,"North of Hwy 299, west of Del Loma",32,-123.375,40.804,5ef75bbf-adba-424a-bef3-a5efed5b5e2c,https://www.fire.ca.gov/incidents/2017/8/2/sandy-fire/,2018-01-09T12:16:00Z,1/9/2018,8/2/2017
Table Fire,2018-03-26T10:49:00Z,2017-09-19T00:22:00Z,CAL FIRE Tuolumne-Calaveras Unit,Tuolumne,"On Table Mountain, west of Table Mountain Road and Chicken Ranch Road, Jamestown",39,-120.504134,37.896778,38c666cb-6545-428f-985d-a2589dfb3700,https://www.fire.ca.gov/incidents/2017/9/19/table-fire/,2018-03-26T10:49:00Z,3/26/2018,9/19/2017
Border 9 Fire,2018-01-09T13:19:00Z,2017-09-07T15:41:00Z,CAL FIRE / San Diego County Fire Authority ,San Diego,1 mile west of Tecate Port Of Entry in Potrero,25,-116.61609,32.59252,d0b51e42-5558-47c9-8617-34f6f977ab79,https://www.fire.ca.gov/incidents/2017/9/7/border-9-fire/,2018-01-09T13:19:00Z,1/9/2018,9/7/2017
Rattlesnake Fire,2018-01-09T13:19:00Z,2017-09-07T15:00:00Z,Yosemite National Park,Mariposa,Hwy 120 and Big Oak Flat Road near Foresta,0,-119.78256,37.73596,e21384c7-8060-4336-9a71-a006330d9939,https://www.fire.ca.gov/incidents/2017/9/7/rattlesnake-fire/,2018-01-09T13:19:00Z,1/9/2018,9/7/2017
Linne Fire,2018-01-09T13:26:00Z,2017-09-26T16:45:00Z,CAL FIRE San Luis Obispo Unit,San Luis Obispo,"Linne Rd x Geneseo Rd, east of Paso Robles",74,-120.56068,35.5956,98bf51ea-bf23-40a3-b95e-4b795baced3e,https://www.fire.ca.gov/incidents/2017/9/26/linne-fire/,2018-01-09T13:26:00Z,1/9/2018,9/26/2017
Pine Fire,2018-01-09T13:19:00Z,2017-09-11T15:11:00Z,CAL FIRE San Benito-Monterey Unit,Monterey,"off of Hwy 198 and Pine Valley, east of San Lucas",43,-120.87609,36.17297,ed4e06ba-6d17-459a-831a-9b15a9bd116e,https://www.fire.ca.gov/incidents/2017/9/11/pine-fire/,2018-01-09T13:19:00Z,1/9/2018,9/11/2017
Eureka Fire,2018-01-09T13:18:00Z,2017-09-05T18:38:00Z,Plumas National Forest ,Plumas,McRae Meadows,2575,-120.75485,39.75312,47988f74-d4bd-4ddd-814e-22ebc2ca5ccf,https://www.fire.ca.gov/incidents/2017/9/5/eureka-fire/,2018-01-09T13:18:00Z,1/9/2018,9/5/2017
Shaver Fire,2018-01-09T13:19:00Z,2017-09-11T10:00:00Z,CAL FIRE / Fresno County Fire,Fresno,"Indian Rock Rd and Musick Creek Lane, Community of Shaver Lake",10,-119.32109,37.10067,e1a5b757-2bc1-440f-b3d1-06cd41171775,https://www.fire.ca.gov/incidents/2017/9/11/shaver-fire/,2018-01-09T13:19:00Z,1/9/2018,9/11/2017
Skeleton Fire,2018-01-09T13:20:00Z,2017-09-12T14:36:00Z,Mendocino National Forest,Lake,"Skeleton Glade, 5 miles east of Lake Pillsbury ",200,-122.85194,39.44543,089f95f8-8834-4cc6-87c7-15cb1aeca7b8,https://www.fire.ca.gov/incidents/2017/9/12/skeleton-fire/,2018-01-09T13:20:00Z,1/9/2018,9/12/2017
Soda Fire,2018-01-09T13:27:00Z,2017-09-28T14:46:00Z,CAL FIRE / Butte County Fire,Butte,"Humboldt Rd and Soda Springs Rd, 14 miles NE Forest Ranch",143,-121.56858,40.07613,01202971-a157-41f8-91cc-cf7c3b8f9473,https://www.fire.ca.gov/incidents/2017/9/28/soda-fire/,2018-01-09T13:27:00Z,1/9/2018,9/28/2017
Miller Complex,2018-01-09T12:42:00Z,2017-08-14T14:00:00Z,Rogue River-Siskiyou National Forest,Siskiyou,"17 miles east of Cave Junction, Oregon",39715,-123.218,42.039,d43c681d-b57e-47e6-a6ad-e3ed08de9ff7,https://www.fire.ca.gov/incidents/2017/8/14/miller-complex/,2018-01-09T12:42:00Z,1/9/2018,8/14/2017
Skeggs Fire,2018-01-09T13:20:00Z,2017-09-11T19:41:00Z,CAL FIRE San Mateo-Santa Cruz Unit ,San Mateo,"Skyline Rd and Skeggs Point, 3 miles west of Woodside",50,-122.3001,37.41591,81b26bc7-7d65-4591-9d27-4e698cab4f12,https://www.fire.ca.gov/incidents/2017/9/11/skeggs-fire/,2018-01-09T13:20:00Z,1/9/2018,9/11/2017
Berry Fire,2022-10-24T10:55:46Z,2017-09-11T06:58:00Z,CAL FIRE Shasta-Trinity Unit,Shasta,"off of Baker Rd, east of Big Bend",900,-121.81623,40.98352,4a015862-8ac1-4c91-aa4c-c9831630b75a,https://www.fire.ca.gov/incidents/2017/9/11/berry-fire/,2018-01-09T13:21:00Z,1/9/2018,9/11/2017
Hole Fire,2018-01-09T13:20:00Z,2017-09-12T12:45:00Z,Six Rivers National Forest,Del Norte,"off Low Divide Rd, west of Rockland",40,-124.01168,41.98128,59d6fc84-0d58-4e29-b910-1993dba51b3a,https://www.fire.ca.gov/incidents/2017/9/12/hole-fire/,2018-01-09T13:20:00Z,1/9/2018,9/12/2017
Pacific Fire,2018-01-09T13:21:00Z,2017-09-12T17:24:00Z,CAL FIRE/Butte County Fire,Butte,"off Pacific Heights Road, west of Palermo",12,-121.60683,39.44257,ea832344-b0c6-4443-b5f0-457c462d911c,https://www.fire.ca.gov/incidents/2017/9/12/pacific-fire/,2018-01-09T13:21:00Z,1/9/2018,9/12/2017
Slides Fire,2019-07-01T13:07:14Z,2017-09-12T16:08:00Z,USFS - Mendocino National Forest,Lake,"Elk Mountain Rd, west of Lake Pillsbury",58,-123.03344,39.42604,ab08cb64-67c4-4e7d-8081-b5574131f755,https://www.fire.ca.gov/incidents/2017/9/12/slides-fire/,2018-01-09T13:20:00Z,1/9/2018,9/12/2017
Buck Fire,2018-01-09T13:21:00Z,2017-09-12T17:42:00Z,Shasta Trinity National Forest,Trinity,"Black Rock Mountain, North Portion of Yolla BollyWilderness",13417,-123.03583,40.2275,7cc06465-bf2a-4df2-a68d-5f330e1cea42,https://www.fire.ca.gov/incidents/2017/9/12/buck-fire/,2018-01-09T13:21:00Z,1/9/2018,9/12/2017
French Fire,2018-01-09T13:21:00Z,2017-09-17T15:18:00Z,CAL FIRE Amador-El Dorado Unit,El Dorado,"off French Creek Rd near Bonnetti Rd, south of the community of Shingle Springs",136,-120.915,38.5758,f7a51800-b219-428c-aef0-ee5fa5de4d64,https://www.fire.ca.gov/incidents/2017/9/17/french-fire/,2018-01-09T13:21:00Z,1/9/2018,9/17/2017
Eastman Fire,2022-10-24T10:56:03Z,2017-09-18T16:04:00Z,CAL FIRE Madera-Mariposa-Merced Unit,Madera,"Road 29 & Road 26, southwest of Raymond",483,-120.015509,37.14624,32d7eab5-d948-4be0-af69-b233e311d2b9,https://www.fire.ca.gov/incidents/2017/9/18/eastman-fire/,2018-01-09T13:21:00Z,1/9/2018,9/18/2017
Grape Fire,2018-01-09T13:22:00Z,2017-09-19T13:02:00Z,CAL FIRE Mendocino Unit,Mendocino,"Off Hwy 101 & Crawford Ranch Rd, Hopland",146,-123.1362,39.02482,efa1dc61-85e3-4fb6-b6f6-04c3845d9ca6,https://www.fire.ca.gov/incidents/2017/9/19/grape-fire/,2018-01-09T13:22:00Z,1/9/2018,9/19/2017
Corral Fire,2018-04-05T10:48:00Z,2017-09-19T14:05:00Z,Unified Command: Alameda County Fireand CAL FIRE Santa Clara Unit,Alameda,"Off Corral Hollow Road, South of Tracy",155,-121.49925,37.63358,19ada70e-4932-449c-8483-d65685995487,https://www.fire.ca.gov/incidents/2017/9/19/corral-fire/,2018-04-05T10:48:00Z,4/5/2018,9/19/2017
Murphy Fire,2018-01-09T13:23:00Z,2017-09-19T19:47:00Z,CAL FIRE Fresno-Kings Unit,Fresno,"Hwy 33 & Shell Rd, north of Coalinga",237,-120.31598,36.24653,a8567989-a0c5-4c31-9012-82f99d76129f,https://www.fire.ca.gov/incidents/2017/9/19/murphy-fire/,2018-01-09T13:23:00Z,1/9/2018,9/19/2017
Power Fire,2018-01-09T13:23:00Z,2017-09-20T21:07:00Z,CAL FIRE Madera-Mariposa-Merced Unit,Madera,"off Arburua Road and I-5, southwest of Los Banos",48,-120.90462,36.94652,e7cb239e-7d9e-440d-ba5a-c6881406ce95,https://www.fire.ca.gov/incidents/2017/9/20/power-fire/,2018-01-09T13:23:00Z,1/9/2018,9/20/2017
Huasna Fire,2018-01-09T13:23:00Z,2017-09-20T13:41:00Z,CAL FIRE San Luis Obispo Unit,San Luis Obispo,"Huasna Townsite Rd & Huasna Rd, Huasna",245,-120.39387,35.12269,c64e288e-d258-45e0-8357-b7a7289c0b92,https://www.fire.ca.gov/incidents/2017/9/20/huasna-fire/,2018-01-09T13:23:00Z,1/9/2018,9/20/2017
Dexter Fire,2018-01-09T13:23:00Z,2017-09-20T14:53:00Z,CAL FIRE Madera-Mariposa-Merced Unit,Mariposa,"Dexter Rd and Pine Lake Dr, 5 miles east of Coulterville",10,-120.15846,37.76888,04b4caff-a62d-465b-b9a7-81986f91c0c3,https://www.fire.ca.gov/incidents/2017/9/20/dexter-fire/,2018-01-09T13:23:00Z,1/9/2018,9/20/2017
32 Fire,2018-01-09T13:24:00Z,2017-09-25T11:03:00Z,CAL FIRE / Butte County Fire,Butte,"Hwy 32 and Humboldt Road, 5 miles northeast of Chico ",28,-121.7127,39.8255,cf38fe5e-29ca-498d-bc9c-d3f2fd8ff883,https://www.fire.ca.gov/incidents/2017/9/25/32-fire/,2018-01-09T13:24:00Z,1/9/2018,9/25/2017
Estate Fire,2018-01-09T13:23:00Z,2017-09-23T11:05:00Z,CAL FIRE Sonoma-Lake-Napa Unit,Solano,"Estate Rd & John Wayne Rd, north of Vacaville",55,-122.0041,38.4446,c9009967-c0c1-47d3-b2eb-47b2d7a5da0e,https://www.fire.ca.gov/incidents/2017/9/23/estate-fire/,2018-01-09T13:23:00Z,1/9/2018,9/23/2017
Jasper Fire,2018-01-09T13:25:00Z,2017-09-26T15:20:00Z,Wheatland Fire Protection District ,Yuba,"Jasper lane and Levee road, 1 mile NE of Wheatland",26,-121.40947,39.03168,ab42234a-7930-4636-8af5-3fc11ca8b34d,https://www.fire.ca.gov/incidents/2017/9/26/jasper-fire/,2018-01-09T13:25:00Z,1/9/2018,9/26/2017
Edwards Fire,2018-01-09T13:25:00Z,2017-09-26T12:22:00Z,Oakland City Fire Department,Alameda,"Edwards Ave and Mountain Blvd, 6 miles southeast of Oakland ",22,-122.169,37.77982,c4f61042-d1ef-4d00-956d-785368ee34ca,https://www.fire.ca.gov/incidents/2017/9/26/edwards-fire/,2018-01-09T13:25:00Z,1/9/2018,9/26/2017
Poly Fire,2018-01-09T13:26:00Z,2017-09-26T15:30:00Z,CAL FIRE San Luis Obispo Unit,San Luis Obispo,near Cal Poly,105,-120.65279,35.3024,cb3599f6-751d-4072-8db1-6e366ac603c9,https://www.fire.ca.gov/incidents/2017/9/26/poly-fire/,2018-01-09T13:26:00Z,1/9/2018,9/26/2017
Canyon Fire,2022-10-24T10:45:21Z,2017-09-25T13:03:00Z,CAL FIRE Riverside / USFS / Orange County Fire Authority / Anaheim Fire / Corona Fire Department,Orange,"CA-91 and Cole Canyon, City of Anaheim",2662,-117.68598,33.8668,0176a674-c102-4854-92af-7d09aa3e1430,https://www.fire.ca.gov/incidents/2017/9/25/canyon-fire/,2018-03-28T11:36:00Z,3/28/2018,9/25/2017
Lion Fire,2018-01-09T13:27:00Z,2017-09-27T14:00:00Z,USFS - Sequoia National Forest,Tulare,Golden Trout Wilderness near Lion Meadow.,18900,-118.48555,36.27138,f2e55878-e387-412b-a067-dadc649bed43,https://www.fire.ca.gov/incidents/2017/9/27/lion-fire/,2018-01-09T13:27:00Z,1/9/2018,9/27/2017
Rucker Fire,2018-01-09T13:28:00Z,2017-09-29T14:42:00Z,Santa Barbara County Fire,Santa Barbara,"Rucker Rd and Purisima Rd, 2 miles north east of Lompoc",444,-120.4393,34.67403,f839c34f-de3b-4e79-9b4f-e3502557d32b,https://www.fire.ca.gov/incidents/2017/9/29/rucker-fire/,2018-01-09T13:28:00Z,1/9/2018,9/29/2017
Lakewood Fire,2018-01-09T13:29:00Z,2017-09-29T15:58:00Z,Kern County Fire,Kern,"Todd Ct and Brick Dr, east of Lake Isabella",40,-118.46734,35.59302,62a5257e-a841-4f7a-ae19-52aa89570bd9,https://www.fire.ca.gov/incidents/2017/9/29/lakewood-fire/,2018-01-09T13:29:00Z,1/9/2018,9/29/2017
Melba Fire,2018-01-09T13:28:00Z,2017-09-29T18:01:00Z,CAL FIRE / Riverside County Fire,Riverside,Hy 74 and Melba Avenue,35,-117.10301,33.74925,58533f37-ed81-4ac4-89e9-b4088684d9e7,https://www.fire.ca.gov/incidents/2017/9/29/melba-fire/,2018-01-09T13:28:00Z,1/9/2018,9/29/2017
Timm Fire,2018-01-09T13:29:00Z,2017-10-02T09:37:00Z,CAL FIRE Sonoma-Lake-Napa Unit,Solano,"Timm Rd and Peaceful Glen Rd, 5 miles north of Vacaville ",100,-121.97233,38.43658,03d74bbd-627c-47af-a2e9-5351e6e16f6a,https://www.fire.ca.gov/incidents/2017/10/2/timm-fire/,2018-01-09T13:29:00Z,1/9/2018,10/2/2017
Ramblin Fire,2018-01-09T13:29:00Z,2017-10-03T11:44:00Z,CAL FIRE Madera-Mariposa-Merced Unit,Mariposa,"Ramblin Road and Mount Lilac Road, 4 miles south of Bootjack",17,-119.87465,37.41231,273d1f78-c432-46c0-8969-26c3f936cc65,https://www.fire.ca.gov/incidents/2017/10/3/ramblin-fire/,2018-01-09T13:29:00Z,1/9/2018,10/3/2017
36 Fire,2018-01-09T13:29:00Z,2017-10-03T16:22:00Z,CAL FIRE Tehama-Glenn Unit ,Tehama,"off Hwy 36W and Monroe St., West Red Bluff",20,-122.24731,40.20077,bc12dbf6-db36-4dcf-86d6-84d3beb14cad,https://www.fire.ca.gov/incidents/2017/10/3/36-fire/,2018-01-09T13:29:00Z,1/9/2018,10/3/2017
Ridge Fire,2018-01-09T13:29:00Z,2017-10-06T14:38:00Z,CAL FIRE Sonoma-Lake-Napa Unit,Lake,"Bartlett Springs, community of Clearlake",87,-122.576,39.15016,2049dbb6-1a87-4d9d-abde-092d35072934,https://www.fire.ca.gov/incidents/2017/10/6/ridge-fire/,2018-01-09T13:29:00Z,1/9/2018,10/6/2017
Jones Fire,2018-01-09T13:31:00Z,2017-10-08T04:53:00Z,CAL FIRE Shasta-Trintiy Unit,Shasta,"off of Argonaut Trail and Dry Creek Rd, Jones Valley",40,-122.24199,40.70627,6ab80358-cb3c-4e2a-85da-0cd77003fc12,https://www.fire.ca.gov/incidents/2017/10/8/jones-fire/,2018-01-09T13:31:00Z,1/9/2018,10/8/2017
Fort Fire,2018-01-09T13:30:00Z,2017-10-07T20:00:00Z,CAL FIRE Sonoma-Lake-Napa Unit,Sonoma,"Fort Ross Rd and Hwy 1, north of Jenner",20,-123.24713,38.51937,fc87e089-36dc-4314-8321-7d91e7eead21,https://www.fire.ca.gov/incidents/2017/10/7/fort-fire/,2018-01-09T13:30:00Z,1/9/2018,10/7/2017
Freeway Fire,2018-01-09T13:31:00Z,2017-10-08T12:15:00Z,CAL FIRE Tehama-Glenn Unit,Tehama,"off of Jelly Ferry Rd and I-5, north of Red Bluff",10,-122.255,40.24789,e3ed6829-5211-436a-8e32-ec617c3ebc83,https://www.fire.ca.gov/incidents/2017/10/8/freeway-fire/,2018-01-09T13:31:00Z,1/9/2018,10/8/2017
Blue Fire,2018-01-09T13:30:00Z,2017-10-08T16:40:00Z,CAL FIRE Humboldt-Del Norte Unit,Humboldt,"off of Blue Lake Blvd and Hwy 299,  east of Eureka ",20,-123.96844,40.88516,e2c1718a-40e5-4139-a379-011c77f021bd,https://www.fire.ca.gov/incidents/2017/10/8/blue-fire/,2018-01-09T13:30:00Z,1/9/2018,10/8/2017
Cherokee Fire,2022-10-24T10:56:24Z,2017-10-08T21:45:00Z,CAL FIRE Butte Unit,Butte,"off Cherokee Road and Zonalea Lane, Oroville ",8500,-121.52966,39.62496,adf929a5-d508-4f69-8845-8fa1df8d4f95,https://www.fire.ca.gov/incidents/2017/10/8/cherokee-fire/,2018-02-09T09:48:00Z,2/9/2018,10/8/2017
Atlas Fire (Southern LNU Complex),2022-10-24T11:01:11Z,2017-10-09T21:52:00Z,CAL FIRE Sonoma-Lake-Napa Unit,"Napa, Solano","Off of Altas Peak Rd, south of Lake Berryessa",51624,-122.24367,38.39206,676946dc-1b38-4a09-9bbe-9ce638cfed52,https://www.fire.ca.gov/incidents/2017/10/9/atlas-fire-southern-lnu-complex/,2018-02-09T09:37:00Z,2/9/2018,10/9/2017
Tubbs Fire (Central LNU Complex),2019-10-25T08:50:05Z,2017-10-08T21:45:00Z,CAL FIRE Sonoma-Lake-Napa Unit,"Napa, Sonoma","off of Hwy 128 and Bennett Ln, Calistoga",36807,-122.62879,38.60895,82c2aafa-ef04-49f0-a172-0dfa8a15582e,https://www.fire.ca.gov/incidents/2017/10/8/tubbs-fire-central-lnu-complex/,2018-02-09T09:27:00Z,2/9/2018,10/8/2017
Nuns / Adobe / Norrbom/ Pressley / Partrick Fires / Oakmont (Central LNU Complex),2022-10-24T10:58:15Z,2017-10-09T22:00:00Z,CAL FIRE Sonoma-Lake-Napa Unit,"Napa, Sonoma","Hwy 12, north of Glen Ellen",44573,-122.5209,38.4041,be79d28c-767d-4a0d-b168-e86a5842004f,https://www.fire.ca.gov/incidents/2017/10/9/nuns-adobe-norrbom-pressley-partrick-fires-oakmont-central-lnu-complex/,2018-02-09T09:30:00Z,2/9/2018,10/9/2017
Partrick Fire (Central LNU Complex),2022-10-24T11:00:25Z,2017-10-08T23:48:00Z,CAL FIRE Sonoma-Lake-Napa Unit,Napa,"off Partrick Rd, west of Napa",8283,-122.39052,38.31802,36d55b1a-a2f4-4f40-b57c-48341bb2ace5,https://www.fire.ca.gov/incidents/2017/10/8/partrick-fire-central-lnu-complex/,2018-01-09T13:33:00Z,1/9/2018,10/8/2017
LaPorte Fire (Wind Complex),2018-02-09T09:50:00Z,2017-10-09T00:57:00Z,CAL FIRE/Butte County Fire,Butte,"La Porte Rd and Oro Bangor Hwy, Bangor",6151,-121.40613,39.39455,4ca0e06c-4e6e-4e00-a4a4-6813e3200bd5,https://www.fire.ca.gov/incidents/2017/10/9/laporte-fire-wind-complex/,2018-02-09T09:50:00Z,2/9/2018,10/9/2017
Cascade Fire (Wind Complex),2019-10-25T08:43:59Z,2017-10-08T23:03:00Z,CAL FIRE Nevada-Yuba-Placer Unit,Yuba,"Cascade Way and Marysville Rd, north of Collins Lake ",9989,-121.4021,39.32198,608ed849-d1ec-4b0d-a477-d1b8e9c7e6dd,https://www.fire.ca.gov/incidents/2017/10/8/cascade-fire-wind-complex/,2018-02-09T09:39:00Z,2/9/2018,10/8/2017
McCourtney Fire (Wind Complex),2018-02-09T09:52:00Z,2017-10-09T00:00:00Z,CAL FIRE Nevada-Yuba-Placer Unit,Nevada,"McCourtney Rd and Hwy 20, Grass Valley",76,-121.08406,39.19325,9a2b8ac1-41f4-4f98-a4e1-9b5ddee37251,https://www.fire.ca.gov/incidents/2017/10/9/mccourtney-fire-wind-complex/,2018-02-09T09:52:00Z,2/9/2018,10/9/2017
Redwood Valley Fire (Mendocino Lake Complex),2022-10-24T11:00:54Z,2017-10-08T23:36:00Z,CAL FIRE Mendocinio Unit,Mendocino,"North of Hwy 20, west of Mendocino National Forest, south of Black Bart",36523,-123.16635,39.24873,c229ea5c-2ebd-4f80-892e-fc5da8a1eeea,https://www.fire.ca.gov/incidents/2017/10/8/redwood-valley-fire-mendocino-lake-complex/,2018-02-09T08:56:00Z,2/9/2018,10/8/2017
Point Fire,2018-01-09T13:33:00Z,2017-10-09T01:10:00Z,CAL FIRE Tuolumne-Calaveras Unit,Calaveras,"Hwy 26 and Higdon Rd., West Point",130,-120.52953,38.40234,f30518d1-83ef-440c-8058-d4189bfedab7,https://www.fire.ca.gov/incidents/2017/10/9/point-fire/,2018-01-09T13:33:00Z,1/9/2018,10/9/2017
37 Fire,2022-10-24T10:46:15Z,2017-10-09T14:00:00Z,CAL FIRE Sonoma-Lake-Napa Unit,Sonoma,Hwy 37 & Lakeville Highway,1660,-122.47301,38.14242,fe6e94d7-7b47-4992-9a52-787e1fad8171,https://www.fire.ca.gov/incidents/2017/10/9/37-fire/,2018-01-09T13:34:00Z,1/9/2018,10/9/2017
Pozo Fire,2018-01-09T13:34:00Z,2017-10-09T14:30:00Z,Los Padres National Forest,San Luis Obispo,near 3055  West Pozo Rd,45,-120.44448,35.28738,f8ce12e2-e7c1-4922-b584-63e4421d0598,https://www.fire.ca.gov/incidents/2017/10/9/pozo-fire/,2018-01-09T13:34:00Z,1/9/2018,10/9/2017
Tank Fire,2018-01-09T13:45:00Z,2017-10-26T11:55:00Z,Kern County Fire ,Kern,"Hwy 58 and Keene Ranch Rd, community of Keene",50,-118.56578,35.21556,fb042e0f-1aab-4ac4-9d09-947c9b9f14b6,https://www.fire.ca.gov/incidents/2017/10/26/tank-fire/,2018-01-09T13:45:00Z,1/9/2018,10/26/2017
Sulphur Fire (Mendocino Lake Complex),2022-10-24T11:01:41Z,2017-10-09T23:59:00Z,CAL FIRE Sonoma-Lake-Napa Unit,Lake,"off Hwy 20 and Sulphur Bank Road, Clearlake Oaks",2207,-122.64543,39.01387,0f32c2db-7d28-4cf6-85b8-44b53899c8eb,https://www.fire.ca.gov/incidents/2017/10/9/sulphur-fire-mendocino-lake-complex/,2018-02-09T09:29:00Z,2/9/2018,10/9/2017
Lobo Fire (Wind Complex),2022-10-24T10:56:50Z,2017-10-08T00:01:00Z,CAL FIRE Nevada-Yuba-Placer Unit,Nevada,"near Lone Lobo Trail, Rough and Ready",821,-121.12792,39.24549,29c37ab7-3af9-458f-b6d3-72023a8c1046,https://www.fire.ca.gov/incidents/2017/10/8/lobo-fire-wind-complex/,2018-02-09T09:51:00Z,2/9/2018,10/8/2017
Honey Fire,2018-01-09T13:34:00Z,2017-10-09T15:05:00Z,CAL FIRE/Butte County Fire,Butte,"Honey Run Rd & Merlin Ln, southwest of Paradise ",150,-121.67261,39.74679,579d5d2a-0e51-4058-92c7-37abd7fe4aad,https://www.fire.ca.gov/incidents/2017/10/9/honey-fire/,2018-01-09T13:34:00Z,1/9/2018,10/9/2017
Canyon 2 Fire,2018-04-05T10:47:00Z,2017-10-09T09:51:00Z,"Unified Command: CAL FIRE, Orange County, Anaheim City and Orange City",Orange,"Off of East Santa Ana Canyon Rd, west of Gypsum Canyon",9217,-117.70975,33.87041,969c721c-5f27-41d4-9a94-ffa12e351204,https://www.fire.ca.gov/incidents/2017/10/9/canyon-2-fire/,2018-04-05T10:47:00Z,4/5/2018,10/9/2017
Wildomar Fire,2018-01-09T13:45:00Z,2017-10-26T12:34:00Z,Cleveland National Forest,Riverside,"S Main Divide Rd and Wildomar OHV Park, west of Wildomar City",866,-117.34192,33.60247,561d4f1b-0827-48a9-8034-e783d2761945,https://www.fire.ca.gov/incidents/2017/10/26/wildomar-fire/,2018-01-09T13:45:00Z,1/9/2018,10/26/2017
Tehama Fire,2018-01-09T13:46:00Z,2017-10-26T20:00:00Z,CAL FIRE Tehama-Glenn Unit,Tehama,"North Rim of the Mill Creek drainage, east of Los Molinos",194,-121.91425,40.02261,09425074-8348-4fbc-b95d-4939750f9345,https://www.fire.ca.gov/incidents/2017/10/26/tehama-fire/,2018-01-09T13:46:00Z,1/9/2018,10/26/2017
Silver Fire,2018-01-09T13:36:00Z,2017-10-11T15:59:00Z,CAL FIRE Fresno-Kings Unit,Fresno,"Elwood Road and Silver Lane, northwest of Squaw Valley",58,-119.2288,36.7528,46d1ec10-be8e-474a-b98f-ba7cd3521ccd,https://www.fire.ca.gov/incidents/2017/10/11/silver-fire/,2018-01-09T13:36:00Z,1/9/2018,10/11/2017
Pocket Fire (Central LNU Complex),2022-10-24T11:02:05Z,2017-10-09T08:30:00Z,CAL FIRE Sonoma-Lake-Napa Unit,Sonoma,"off of Pocket Ranch Rd and Ridge Ranch Rd, Geyserville ",17357,-122.90939,38.76549,0de36981-b31f-45c7-befd-1596f982e7db,https://www.fire.ca.gov/incidents/2017/10/9/pocket-fire-central-lnu-complex/,2018-02-09T09:32:00Z,2/9/2018,10/9/2017
Bear Fire,2018-01-09T13:41:00Z,2017-10-16T22:30:00Z,CAL FIRE San Mateo-Santa Cruz Unit ,Santa Cruz,"Bear Canyon Road and Deer Creek Road in Boulder Creek, CA",391,-122.07012,37.18356,b3627eac-9f2f-482a-81a6-681e60b5b24a,https://www.fire.ca.gov/incidents/2017/10/16/bear-fire/,2018-01-09T13:41:00Z,1/9/2018,10/16/2017
Wilson Fire,2018-01-09T13:40:00Z,2017-10-17T03:43:00Z,Angeles National Forest,Los Angeles,off Mount Wilson Circle near the Mount Wilson Observatory ,50,-118.05545,34.22551,dcd7fb2e-3a4f-427e-9b13-1d2bcb0e8ac6,https://www.fire.ca.gov/incidents/2017/10/17/wilson-fire/,2018-01-09T13:40:00Z,1/9/2018,10/17/2017
River Fire,2018-01-09T13:36:00Z,2017-10-14T16:00:00Z,Six Rivers National Forest,Trinity,"off of County Line Creek Rd, near the community of Mad River",148,-123.51619,40.46836,eb8b50ba-b6bc-4668-b3f1-dcdbfbe71b17,https://www.fire.ca.gov/incidents/2017/10/14/river-fire/,2018-01-09T13:36:00Z,1/9/2018,10/14/2017
Quarry Fire,2018-01-09T13:36:00Z,2017-10-12T10:42:00Z,Kern County Fire Department,Kern,"off Hwy 223, east of Arvin ",183,-118.76152,35.19008,ec27a3bd-959b-48f3-872e-2c87047dbae2,https://www.fire.ca.gov/incidents/2017/10/12/quarry-fire/,2018-01-09T13:36:00Z,1/9/2018,10/12/2017
Wilson Fire,2018-01-09T13:40:00Z,2017-10-15T14:05:00Z,CAL FIRE San Diego Unit,San Diego,"at Wilson Road, east of San Felipe",25,-116.50897,33.18716,d720af5d-af7c-4052-92b3-fced863cb675,https://www.fire.ca.gov/incidents/2017/10/15/wilson-fire/,2018-01-09T13:40:00Z,1/9/2018,10/15/2017
Garden Fire,2018-01-09T13:33:00Z,2017-10-10T12:30:00Z,CAL FIRE Nevada-Yuba-Placer Unit,Nevada,"off Wolf Road and Garden Bar Rd, northwest of Higgins Corner",19,-121.13737,39.06414,11392e98-1571-4405-8f9c-d347caca28ce,https://www.fire.ca.gov/incidents/2017/10/10/garden-fire/,2018-01-09T13:33:00Z,1/9/2018,10/10/2017
Ice Fire,2018-01-09T13:35:00Z,2017-10-10T15:36:00Z,USFS - El Dorado National Forest,El Dorado,"off Ice House Road and US-50, east of Riverton, 13 miles east of Camino",29,-120.46234,38.77921,0e9f14ae-01d5-4fbe-85a0-d0967233dc90,https://www.fire.ca.gov/incidents/2017/10/10/ice-fire/,2018-01-09T13:35:00Z,1/9/2018,10/10/2017
Portola Fire,2018-01-09T13:32:00Z,2017-10-10T14:57:00Z,CAL FIRE/ Riverside County Fire,Riverside,"De Portola Road east of Pauba Road, Temecula",23,-117.02132,33.50488,61e9a1f4-a263-47a0-93ee-64b52ebd92a9,https://www.fire.ca.gov/incidents/2017/10/10/portola-fire/,2018-01-09T13:32:00Z,1/9/2018,10/10/2017
Meyers Fire,2018-01-09T13:47:00Z,2017-12-05T13:28:00Z,Unified Command: CAL FIRE / San Bernardino County Fire,San Bernardino,"near the Hwy 15 and Hwy 215 junction, near Glen Helen Regional Park ",34,-117.40625,34.21829,c5783ba0-227e-4ff6-9d7d-61532ccd469b,https://www.fire.ca.gov/incidents/2017/12/5/meyers-fire/,2018-01-09T13:47:00Z,1/9/2018,12/5/2017
Little Mountain Fire,2018-01-09T13:47:00Z,2017-12-05T13:35:00Z,San Bernardino County Fire,San Bernardino,"University Pkwy. and Varsity Ave., San Bernardino City",260,-117.33334,34.16564,eb87224a-f7da-4432-84ca-03a706ee3bac,https://www.fire.ca.gov/incidents/2017/12/5/little-mountain-fire/,2018-01-09T13:47:00Z,1/9/2018,12/5/2017
Extension Fire,2018-01-09T13:42:00Z,2017-10-23T10:31:00Z,CAL FIRE/Riverside County Fire,Riverside,"Lambs Canyon Road & Gilman Springs Road, Gilman Springs",50,-117.00589,33.8826,33bf7f90-edd9-4bf7-a079-561d5dad25c9,https://www.fire.ca.gov/incidents/2017/10/23/extension-fire/,2018-01-09T13:42:00Z,1/9/2018,10/23/2017
Freeway Fire,2018-01-09T13:45:00Z,2017-10-24T10:27:00Z,San Bernardino County Fire and Rancho Cucamonga Fire District,San Bernardino,"Interstate 15 and Interstate 210, Rancho Cucamonga",40,-117.4982,34.13534,50bd55cc-7c58-462d-a919-923b4bdcca15,https://www.fire.ca.gov/incidents/2017/10/24/freeway-fire/,2018-01-09T13:45:00Z,1/9/2018,10/24/2017
Rolling Fire,2018-04-03T10:46:00Z,2017-10-15T17:11:00Z,Kern County Fire,Kern,"Bena Road, east of Bakersfield",184,-118.701,35.3091,733028fc-bf0a-4737-878b-78a29c9ee2ee,https://www.fire.ca.gov/incidents/2017/10/15/rolling-fire/,2018-04-03T10:46:00Z,4/3/2018,10/15/2017
Lynch Fire,2018-01-09T13:37:00Z,2017-10-13T12:14:00Z,CAL FIRE San Luis Obispo Unit,San Luis Obispo,"Lynch Canyon Road and Interlake Road, north of Lake Nacimiento",73,-120.96514,35.78616,92a8a466-061b-430a-87f9-3b5192947578,https://www.fire.ca.gov/incidents/2017/10/13/lynch-fire/,2018-01-09T13:37:00Z,1/9/2018,10/13/2017
Table Fire,2018-01-09T13:36:00Z,2017-10-13T13:16:00Z,USFS - El Dorado National Forest,El Dorado,3 miles northeast of Ice House Reservoir,426,-120.287,38.848,2725461a-6ad1-43fd-8b83-5e219df4d558,https://www.fire.ca.gov/incidents/2017/10/13/table-fire/,2018-01-09T13:36:00Z,1/9/2018,10/13/2017
Long Fire,2018-01-09T13:38:00Z,2017-10-14T05:00:00Z,CAL FIRE Sonoma Lake Napa Unit,Lake,"off Hwy 20 & Long Valley Rd, 5 miles east of Clearlake Oaks",100,-122.57487,39.0199,a7ecc679-7fbc-4370-9a55-8e17bf262a2e,https://www.fire.ca.gov/incidents/2017/10/14/long-fire/,2018-01-09T13:38:00Z,1/9/2018,10/14/2017
Oakmont Fire (Central LNU Complex),2018-04-05T12:01:00Z,2017-10-14T20:35:00Z,CAL FIRE Sonoma-Lake-Napa Unit,Sonoma,east side of Highway 12 near the Oakmont community,100,-122.58152,38.46123,3f481060-1106-4857-8ac3-374a68763922,https://www.fire.ca.gov/incidents/2017/10/14/oakmont-fire-central-lnu-complex/,2018-04-05T12:01:00Z,4/5/2018,10/14/2017
Pressley Fire (Central LNU Complex),2018-01-09T13:34:00Z,2017-10-09T01:30:00Z,CAL FIRE Sonoma-Lake-Napa Unit,Sonoma,east of Rohnert Park,0,-122.64001,38.36685,15b21d31-eadf-47bb-a030-20c531b3077b,https://www.fire.ca.gov/incidents/2017/10/9/pressley-fire-central-lnu-complex/,2018-01-09T13:34:00Z,1/9/2018,10/9/2017
York Fire,2018-01-09T13:40:00Z,2017-10-15T14:55:00Z,CAL FIRE San Benito-Monterey Unit,Monterey,"off York Road and S Boundary Road, east of Monterey ",31,-121.80377,36.5858,c58da6fd-a2e2-4706-9a2e-ee03884c714d,https://www.fire.ca.gov/incidents/2017/10/15/york-fire/,2018-01-09T13:40:00Z,1/9/2018,10/15/2017
Fallon Fire,2018-01-09T13:41:00Z,2017-10-17T14:00:00Z,CAL FIRE Santa Clara Unit,Alameda,off Fallon Road 3 miles East of Dublin ,116,-121.85663,37.7393,e8c7f247-bc31-4e5b-bf71-fe903366d9e5,https://www.fire.ca.gov/incidents/2017/10/17/fallon-fire/,2018-01-09T13:41:00Z,1/9/2018,10/17/2017
Buffalo Fire,2018-01-09T13:41:00Z,2017-10-17T10:19:00Z,DOD - Camp Pendleton,San Diego,"Range 600, Case Springs Road, Camp Pendleton",1088,-117.402445,33.402411,081c7307-b328-4b64-869a-dce8718bab11,https://www.fire.ca.gov/incidents/2017/10/17/buffalo-fire/,2018-01-09T13:41:00Z,1/9/2018,10/17/2017
Milton Fire,2018-01-09T13:41:00Z,2017-10-18T12:53:00Z,CAL FIRE Tuolumne-Calaveras Unit,Stanislaus,off Milton Road and Sonora Road north of Woodward Reservoir Park,13,-120.84748,37.89532,6418a3f5-8f76-4b47-9a46-64af91838857,https://www.fire.ca.gov/incidents/2017/10/18/milton-fire/,2018-01-09T13:41:00Z,1/9/2018,10/18/2017
Rye Fire,2018-01-18T09:58:00Z,2017-12-05T11:31:00Z,"Unified Command: CAL FIRE, Los Angeles County Fire, Ventura County Fire, Los Angeles County Sheriff's Office, and Ventura County Sheriff's Office",Los Angeles,"along Rye Canyon Loop, west Valencia",6049,-118.58188,34.45283,1e11fa40-e850-45d2-b65e-05aadc9f02f1,https://www.fire.ca.gov/incidents/2017/12/5/rye-fire/,2018-01-18T09:58:00Z,1/18/2018,12/5/2017
Creek Fire,2022-10-24T10:47:42Z,2017-12-05T03:44:00Z,Angeles National Forest,Los Angeles,"Kagel Canyon Rd, north of Lake View terrace ",15619,-118.35863,34.31283,a245b55b-3eb7-49dd-9a5e-909d53854055,https://www.fire.ca.gov/incidents/2017/12/5/creek-fire/,2018-08-06T10:52:00Z,8/6/2018,12/5/2017
Thomas Fire,2024-09-23T16:01:41Z,2017-12-04T18:28:00Z,US Forest Service - Los Padres National Forest ,"Santa Barbara, Ventura","Hwy 150 and Hwy 126, north of Santa Paula ",281893,-119.09124,34.41521,d28bc34e-73a8-454d-9e55-dea7bdd40bee,https://www.fire.ca.gov/incidents/2017/12/4/thomas-fire/,2018-01-12T11:24:00Z,1/12/2018,12/4/2017
Riverdale Fire,2018-01-09T13:47:00Z,2017-12-04T12:26:00Z,CAL FIRE/Riverside County Fire and Riverside City Fire Department ,Riverside," Riverdale Place and Lakeview Ave, Santa Ana Riverbed ",40,-117.4764,33.96514,c425ed8d-1aab-44c8-bc03-39675ad2b0d2,https://www.fire.ca.gov/incidents/2017/12/4/riverdale-fire/,2018-01-09T13:47:00Z,1/9/2018,12/4/2017
Roser Fire,2018-01-09T13:46:00Z,2017-11-02T14:40:00Z,CAL FIRE Tehama-Glenn Unit ,Tehama,"Roser Rd & Sour Grass Rd, 6 miles NW of Orland",43,-122.28165,39.81517,eadd73be-51ab-4078-91cc-04784be3f17f,https://www.fire.ca.gov/incidents/2017/11/2/roser-fire/,2018-01-09T13:46:00Z,1/9/2018,11/2/2017
Chris Fire,2018-01-09T13:46:00Z,2017-11-13T11:28:00Z,Humboldt - Toiyabe National Forest,Mono,"Hwy 395, north of Hwy 108, Walker Watershed, south of Walker",370,-119.48284,38.46111,23353f29-33d4-4a7b-b78e-66bc761a55c8,https://www.fire.ca.gov/incidents/2017/11/13/chris-fire/,2018-01-09T13:46:00Z,1/9/2018,11/13/2017
Loma Fire,2018-01-09T13:38:00Z,2017-10-13T15:40:00Z,Camp Pendleton - Cleveland National Forest,San Diego,"Loma Range 217, Camp Pendleton",81,-117.46709,33.38613,d12bbce8-5acb-43ef-a259-4fbaf90d32ff,https://www.fire.ca.gov/incidents/2017/10/13/loma-fire/,2018-01-09T13:38:00Z,1/9/2018,10/13/2017
Palm Fire,2018-01-09T13:46:00Z,2017-11-14T16:11:00Z,CAL FIRE / Riverside County Fire,Riverside,"Off Palm Dr & 20th Ave, Desert Hot Springs",40,-116.50151,33.90327,60d9b4f4-7b48-4820-9adc-5be0b4353a5c,https://www.fire.ca.gov/incidents/2017/11/14/palm-fire/,2018-01-09T13:46:00Z,1/9/2018,11/14/2017
Vista Fire,2018-01-09T13:45:00Z,2017-10-24T14:44:00Z,Ventura County Fire,Ventura,off Hwy 33 & Casitas Vista Rd,86,-119.30918,34.34949,fc8f89b5-988a-4a23-b9e3-333cc690363e,https://www.fire.ca.gov/incidents/2017/10/24/vista-fire/,2018-01-09T13:45:00Z,1/9/2018,10/24/2017
Soda Fire,2018-01-09T13:42:00Z,2017-10-20T12:13:00Z,CAL FIRE San Luis Obispo Unit,San Luis Obispo,"Off Soda Lake Rd, Carrizo Plains area ",21,-120.00353,35.41112,494792db-3107-4323-b176-fde4c58cd647,https://www.fire.ca.gov/incidents/2017/10/20/soda-fire/,2018-01-09T13:42:00Z,1/9/2018,10/20/2017
Bitterwater Fire,2018-01-09T13:46:00Z,2017-11-25T16:46:00Z,CAL FIRE San Benito-Monterey Unit,San Benito,Airline Hwy and Bitterwater Road,47,-121.00391,36.38109,c265dfe8-6217-4a0d-9ea9-37be3b38baef,https://www.fire.ca.gov/incidents/2017/11/25/bitterwater-fire/,2018-01-09T13:46:00Z,1/9/2018,11/25/2017
Church Fire,2018-01-09T13:41:00Z,2017-10-21T13:04:00Z,CAL FIRE San Diego Unit,San Diego,"off Highway 94 and Church Rd, Campo Indian Reservation ",100,-116.37345,32.64962,773795d8-5801-4f7c-a2fe-3f8d0ae18f51,https://www.fire.ca.gov/incidents/2017/10/21/church-fire/,2018-01-09T13:41:00Z,1/9/2018,10/21/2017
Oak Fire,2018-01-09T13:46:00Z,2017-11-29T12:19:00Z,CAL FIRE San Bernardino Unit,San Bernardino,"Off Oak Glen Rd and Pine Bench Rd, east of Oak Glen",99,-116.940661,34.035344,666b3951-76ce-4351-abc6-3e0518d44901,https://www.fire.ca.gov/incidents/2017/11/29/oak-fire/,2018-01-09T13:46:00Z,1/9/2018,11/29/2017
Lilac Fire,2022-10-24T11:02:25Z,2017-12-07T11:15:00Z,CAL FIRE San Diego Unit,San Diego,"Old Hwy 395 at Dulin Road, Bonsall",4088,-117.163,33.3237,fc4fcd00-8eee-43e5-b77f-bbd0c1669744,https://www.fire.ca.gov/incidents/2017/12/7/lilac-fire/,2018-01-09T13:47:00Z,1/9/2018,12/7/2017
Liberty Fire,2018-01-09T13:47:00Z,2017-12-07T13:14:00Z,Murrieta Fire,Riverside,"Los Alamos Rd & Liberty Rd, city of Murrieta",300,-117.14979,33.59257,e1a8e4f1-ba7c-431a-a8c4-069fa3d3d36c,https://www.fire.ca.gov/incidents/2017/12/7/liberty-fire/,2018-01-09T13:47:00Z,1/9/2018,12/7/2017
Longhorn Fire,2018-01-09T13:49:00Z,2017-12-13T15:27:00Z,CAL FIRE/Riverside County Fire Department,Riverside,"off Shirleon Road and Old Banning and Idyllwild Road, Banning area",19,-116.91023,33.88994,d3f8db86-9947-4a4e-9113-0d7e4806417f,https://www.fire.ca.gov/incidents/2017/12/13/longhorn-fire/,2018-01-09T13:49:00Z,1/9/2018,12/13/2017
Skirball Fire,2018-01-23T08:11:00Z,2017-12-06T06:31:00Z,Los Angeles City Fire,Los Angeles,N Sepulveda Blvd at I-405,422,-118.48178,34.09454,2aad53ef-d6c3-43dc-92e6-b2f9881ff161,https://www.fire.ca.gov/incidents/2017/12/6/skirball-fire/,2018-01-23T08:11:00Z,1/23/2018,12/6/2017
Drum Fire,2019-07-09T13:53:15Z,2017-12-16T12:21:00Z,Santa Barbara County Fire,Santa Barbara,"off Drum Canyon Rd, south of Los Alamos",14,-120.27077,34.71796,64779f92-8353-4187-ae56-2b83eb66d7ca,https://www.fire.ca.gov/incidents/2017/12/16/drum-fire/,2018-01-09T13:49:00Z,1/9/2018,12/16/2017
Coast Fire,2019-07-09T13:54:48Z,2017-12-14T12:59:00Z,Santa Barbara County Fire,Santa Barbara,"off the 3500 Block of Highway 1, south east of Lompoc",14,-120.414875,34.605358,2fa6f5ce-1c5b-4147-9f1f-9beb01c499af,https://www.fire.ca.gov/incidents/2017/12/14/coast-fire/,2018-01-09T13:49:00Z,1/9/2018,12/14/2017
Riverbottom Fire,2019-07-09T13:52:05Z,2017-12-21T11:16:00Z,City of Riverside Fire Department,Riverside,"Mission Inn Ave. and Redwood Dr., Riverside",45,-117.38417,33.9885,e32c7957-8f4f-4ec1-a0f6-98085a2a7e89,https://www.fire.ca.gov/incidents/2017/12/21/riverbottom-fire/,2018-01-09T13:49:00Z,1/9/2018,12/21/2017
Holiday Fire,2019-07-09T13:54:06Z,2017-12-28T20:51:00Z,Bureau of Indian Affairs,El Dorado,"off Hwy 395, south of Gardnerville in Nevada",80,-119.61865,38.869036,d20645f2-81b9-450f-abc1-433b81bd7fea,https://www.fire.ca.gov/incidents/2017/12/28/holiday-fire/,2018-01-09T13:49:00Z,1/9/2018,12/28/2017
Haycamp Fire,2019-01-03T09:43:00Z,2018-02-07T15:53:00Z,Fort Hunter Liggett Military Base,Monterey,"Nacimento Fergusson Road and Hayfork Road, west of the community of Lockwood",50,-121.28185,35.96689,9d0be6f9-d61b-467d-be68-c8a48c0cf930,https://www.fire.ca.gov/incidents/2018/2/7/haycamp-fire/,2019-01-03T09:43:00Z,1/3/2019,2/7/2018
Pleasant Fire,2019-01-03T09:43:00Z,2018-02-18T14:12:00Z,Unified Command: CAL FIRE San Bernardino Unit and Inyo County Sheriff's Office,Inyo,"Pleasant Valley Dam Road and Hwy 395, north of Bishop",2070,-118.50235,37.40208,3d866877-330a-4a14-b5bd-48675955af64,https://www.fire.ca.gov/incidents/2018/2/18/pleasant-fire/,2019-01-03T09:43:00Z,1/3/2019,2/18/2018
Grant Fire,2019-01-04T10:25:00Z,2018-05-14T13:06:00Z,CAL FIRE Santa Clara Unit,Alameda,"Grant Line Road and I-580, east of Livermore",12,-121.6039,37.73835,f78b2acd-fff2-413a-93d6-8479e138120b,https://www.fire.ca.gov/incidents/2018/5/14/grant-fire/,2019-01-04T10:25:00Z,1/4/2019,5/14/2018
Patterson Fire,2019-01-04T10:24:00Z,2018-05-17T14:19:00Z,CAL FIRE / Riverside County Fire,Riverside,"off Rawson Road and Royal Netherlands Road, south of Winchester",1261,-117.05992,33.62924,693a86e6-8985-4e70-8ba8-869786ff538b,https://www.fire.ca.gov/incidents/2018/5/17/patterson-fire/,2019-01-04T10:24:00Z,1/4/2019,5/17/2018
Tyler Fire,2019-01-03T09:46:00Z,2018-04-15T04:38:00Z,CAL FIRE/Riverside County Fire Department,Riverside,"Tyler Street and Vista Del Sur, Coachella, City of Coachella",15,-116.164058,33.711263,8b34406c-93b7-4a40-a832-2fc525876e59,https://www.fire.ca.gov/incidents/2018/4/15/tyler-fire/,2019-01-03T09:46:00Z,1/3/2019,4/15/2018
Santa Cruz Fire,2019-01-03T09:44:00Z,2018-03-27T14:45:00Z,Channel Islands National Park,Santa Barbara,"Channel Islands National Park, Santa Cruz Island",258,-119.76576,34.0232,f87005f7-c31b-4135-989a-ee5611626b3c,https://www.fire.ca.gov/incidents/2018/3/27/santa-cruz-fire/,2019-01-03T09:44:00Z,1/3/2019,3/27/2018
Rock Fire,2019-01-03T09:45:00Z,2018-03-27T16:20:00Z,CAL FIRE Shasta Trinity Unit,Shasta,"Rock Creek Rd, SE of Shingletown",11,-121.77419,40.4635,958c8ac0-6111-4d29-b5ac-8ca0e7a2f484,https://www.fire.ca.gov/incidents/2018/3/27/rock-fire/,2019-01-03T09:45:00Z,1/3/2019,3/27/2018
Meadow Fire,2019-01-03T09:46:00Z,2018-04-09T18:18:00Z,CAL FIRE / Riverside County Fire,Riverside,"Tin Mine Rd, north of the Cajalco Expressway",21,-117.48144,33.86439,9a49cf24-0e41-4817-b0d0-966e7b5c7e77,https://www.fire.ca.gov/incidents/2018/4/9/meadow-fire/,2019-01-03T09:46:00Z,1/3/2019,4/9/2018
Volcan Fire,2019-01-04T10:25:00Z,2018-05-10T20:41:00Z,CAL FIRE San Diego Unit,San Diego,"Volcan Road and Farmer Road, north of the community of Julian",12,-116.58759,33.12213,81cf4d22-336d-4035-b2c3-5b5a8cf2fcc2,https://www.fire.ca.gov/incidents/2018/5/10/volcan-fire/,2019-01-04T10:25:00Z,1/4/2019,5/10/2018
Shastina Fire,2019-01-04T10:25:00Z,2018-05-09T18:11:00Z,CAL FIRE Siskiyou Unit,Siskiyou,"west of Rancho Hills, community of Lake Shastina, north of Weed",127,-122.48556,41.65935,e84f2881-743c-4e36-863d-ddb37c2540d3,https://www.fire.ca.gov/incidents/2018/5/9/shastina-fire/,2019-01-04T10:25:00Z,1/4/2019,5/9/2018
Lago Fire,2019-01-03T13:10:00Z,2018-04-22T13:35:00Z,CAL FIRE/Riverside County Fire Department,Riverside,"Via Del Lago and Alta Calle, Lake Perris, Moreno Valley",18,-117.16232,33.88744,fb8c9354-384c-45ab-b209-4a0f6d234516,https://www.fire.ca.gov/incidents/2018/4/22/lago-fire/,2019-01-03T13:10:00Z,1/3/2019,4/22/2018
French Fire,2019-01-04T10:27:00Z,2018-04-26T15:00:00Z,USFS - Plumas National Forest,Plumas,"Frenchman Lake Rd., south of Frenchman Lake, 7 miles north of Chilcoot",20,-120.18499,39.89075,508b3f52-3a8e-4572-99a9-73c28bbdfbef,https://www.fire.ca.gov/incidents/2018/4/26/french-fire/,2019-01-04T10:27:00Z,1/4/2019,4/26/2018
Happy Fire,2019-01-04T10:25:00Z,2018-05-17T12:53:00Z,Santa Barbara County Fire,Santa Barbara,"Alisos Canyon Rd, Santa Ynez, north of Santa Barbara ",60,-120.18236,34.74245,1a08a7d9-47b2-42ba-94c1-a2e15415b887,https://www.fire.ca.gov/incidents/2018/5/17/happy-fire/,2019-01-04T10:25:00Z,1/4/2019,5/17/2018
Jacques Fire,2019-01-04T10:26:00Z,2018-05-09T22:00:00Z,Unified Command: CAL FIRE and Camp Pendleton Fire,San Diego,"De Luz Rd and Wisecarver fuel break, Camp Pendleton Marine Corps Base",18,-117.27467,33.40178,f96cf1fb-78d6-4763-a754-23aac25a3b96,https://www.fire.ca.gov/incidents/2018/5/9/jacques-fire/,2019-01-04T10:26:00Z,1/4/2019,5/9/2018
Alpha Fire,2019-01-04T10:26:00Z,2018-05-04T11:44:00Z,Department of Defense - Camp Pendleton ,San Diego,"Basilone Rd and San Juan Rd, Camp Pendleton Marine Corps Base",300,-117.502405,33.389425,32708961-025a-4bf7-88c1-8cd91bbc3cce,https://www.fire.ca.gov/incidents/2018/5/4/alpha-fire/,2019-01-04T10:26:00Z,1/4/2019,5/4/2018
Nees Fire,2019-01-04T10:26:00Z,2018-05-02T16:00:00Z,CAL FIRE Madera-Mariposa-Merced Unit ,Merced,Interstate 5 and W Nees Ave. south of Los Banos ,1756,-120.77206,36.85156,92c441f3-4729-4ba5-890f-fb7693725275,https://www.fire.ca.gov/incidents/2018/5/2/nees-fire/,2019-01-04T10:26:00Z,1/4/2019,5/2/2018
Tornado Fire,2019-01-04T10:26:00Z,2018-05-04T14:48:00Z,CAL FIRE/ Riverside County Fire,Riverside,"Via Santa Rosa near Via Tornado, southwest of Temecula",70,-117.148204,33.504964,57ef80d4-4674-4a3a-9fd6-3f1d792a1953,https://www.fire.ca.gov/incidents/2018/5/4/tornado-fire/,2019-01-04T10:26:00Z,1/4/2019,5/4/2018
Woodchuck Fire,2019-01-04T10:26:00Z,2018-05-04T18:53:00Z,CAL FIRE/ Riverside County Fire,Riverside,"Hwy 79 & Woodchuck Road, Temecula",15,-117.003829,33.467999,08a9481d-8742-4256-a419-2a59196e0a8d,https://www.fire.ca.gov/incidents/2018/5/4/woodchuck-fire/,2019-01-04T10:26:00Z,1/4/2019,5/4/2018
Moffat Fire,2022-10-24T10:25:37Z,2018-04-19T10:28:00Z,"Unified Command: CAL FIRE San Bernardino Unit, Cal Trans, and Inyo County Sheriff's Office",Inyo,"Highway 395 and Moffat Ranch Road, north of Lone Pine",1065,-118.08449,36.71537,a339b368-ec58-463e-9a26-9af37c938f49,https://www.fire.ca.gov/incidents/2018/4/19/moffat-fire/,2019-01-03T13:09:00Z,1/3/2019,4/19/2018
Grape Fire,2019-01-03T15:23:00Z,2018-04-24T16:59:00Z,USFS - Shasta-Trinity National Forest,Humboldt,"Black Bennet Rd. near Grape Creek, 8 miles southwest of Burnt Ranch",0,-123.55012,40.70258,d6753341-5c6f-4530-9c02-25974496ddc8,https://www.fire.ca.gov/incidents/2018/4/24/grape-fire/,2019-01-03T15:23:00Z,1/3/2019,4/24/2018
Main Fire,2019-01-04T10:26:00Z,2018-04-28T14:26:00Z,CAL FIRE / Riverside County Fire,Riverside,"Main Street and Interstate 15, City of Lake Elsinore",73,-117.32281,33.67815,8e840df1-b34b-44fd-8ade-0350a0113a81,https://www.fire.ca.gov/incidents/2018/4/28/main-fire/,2019-01-04T10:26:00Z,1/4/2019,4/28/2018
White Fire,2019-01-04T10:24:00Z,2018-05-18T11:00:00Z,CAL FIRE Tulare Unit,Tulare,"off Road 272 and Avenue 2, east of Delano",26,-118.9821,35.826333,0d030a31-8531-4172-88f1-08ac34c3d805,https://www.fire.ca.gov/incidents/2018/5/18/white-fire/,2019-01-04T10:24:00Z,1/4/2019,5/18/2018
Jelly Fire,2019-01-04T10:24:00Z,2018-05-18T16:37:00Z,CAL FIRE Tehama-Glenn Unit,Tehama,"Off Jellysferry Rd, north of Red Bluff",103,-122.21032,40.31759,e1ab6577-7ce9-4b19-bb29-68b5bdd699b6,https://www.fire.ca.gov/incidents/2018/5/18/jelly-fire/,2019-01-04T10:24:00Z,1/4/2019,5/18/2018
Ager Fire,2019-01-04T10:24:00Z,2018-05-19T13:04:00Z,CAL FIRE Siskiyou Unit,Siskiyou,"off Ager Road, northeast of Montague",27,-122.513883,41.791859,454ed7a0-3e17-47a6-9ff1-7a629471df5c,https://www.fire.ca.gov/incidents/2018/5/19/ager-fire/,2019-01-04T10:24:00Z,1/4/2019,5/19/2018
Plaza Fire,2019-01-04T10:24:00Z,2018-05-20T13:07:00Z,CAL FIRE Mariposa-Madera-Merced Unit,Merced,off Highway 33 and south of Highway 152,88,-121.01638,37.056944,d77a050b-9928-49bf-92de-1159edddd07c,https://www.fire.ca.gov/incidents/2018/5/20/plaza-fire/,2019-01-04T10:24:00Z,1/4/2019,5/20/2018
Bellagio Fire,2019-01-04T10:23:00Z,2018-05-21T11:56:00Z,CAL FIRE Sonoma-Lake-Napa Unit,Napa,"American Canyon Rd, East of American Canyon",12,-122.23059,38.16303,03b0e3c2-7b65-4a7b-b061-d297ebd267f4,https://www.fire.ca.gov/incidents/2018/5/21/bellagio-fire/,2019-01-04T10:23:00Z,1/4/2019,5/21/2018
Agua Fire,2019-01-04T10:23:00Z,2018-05-22T14:13:00Z,CAL FIRE San Diego Unit,San Diego,"Hwy 76 and Agua Tibia Ranch Rd, 7.5 miles east of I-15",59,-117.03134,33.35505,b9cd9a90-1983-4a0a-aad4-9c286382f158,https://www.fire.ca.gov/incidents/2018/5/22/agua-fire/,2019-01-04T10:23:00Z,1/4/2019,5/22/2018
Experimental Fire,2019-01-04T10:23:00Z,2018-05-23T14:30:00Z,CAL FIRE Madera-Mariposa-Merced Unit,Madera,"Off Hwy 41 & Rd 406, south of ONeals",56,-119.75307,37.0979,f163aa10-1dd9-4fd0-9e5b-fda78ef5bcc6,https://www.fire.ca.gov/incidents/2018/5/23/experimental-fire/,2019-01-04T10:23:00Z,1/4/2019,5/23/2018
Water Fire,2019-01-04T10:22:00Z,2018-05-24T10:43:00Z,CAL FIRE San Luis Obispo Unit,San Luis Obispo,"Bitterwater Rd and Bitterwater Canyon Rd, California Valley Area",100,-120.12441,35.56922,31c47bb9-1913-463e-95e4-86e48fadfda6,https://www.fire.ca.gov/incidents/2018/5/24/water-fire/,2019-01-04T10:22:00Z,1/4/2019,5/24/2018
Cobble Fire,2019-01-04T10:22:00Z,2018-05-26T14:52:00Z,CAL FIRE Fresno-Kings Unit,Fresno,"Cobblestone Lane and Thernal Road, Tivy Valley",108,-119.42172,36.75581,737f9bb2-5a43-4730-94c1-4031bce6d626,https://www.fire.ca.gov/incidents/2018/5/26/cobble-fire/,2019-01-04T10:22:00Z,1/4/2019,5/26/2018
Keeler Fire,2019-01-04T10:22:00Z,2018-05-27T17:05:00Z,CAL FIRE Santa Clara Unit,Santa Clara,"Keeler Court and Santa Teresa Blvd., south of San Jose",16,-121.76828,37.21803,7f775329-242f-4211-b564-92f90062c227,https://www.fire.ca.gov/incidents/2018/5/27/keeler-fire/,2019-01-04T10:22:00Z,1/4/2019,5/27/2018
70th Fire,2019-01-04T10:21:00Z,2018-05-28T07:23:00Z,CAL FIRE / Riverside County Fire,Riverside,"Highway 86 Expressway and Avenue 70, Thermal",10,-116.10231,33.53924,79dee087-3393-473f-aaa9-5d253cc5e1fa,https://www.fire.ca.gov/incidents/2018/5/28/70th-fire/,2019-01-04T10:21:00Z,1/4/2019,5/28/2018
Chrome Fire,2019-01-04T10:21:00Z,2018-05-28T17:33:00Z,CAL FIRE Tehama-Glenn Unit,Glenn,"Hwy 162 and Forest Hwy 7, northwest of Elk Creek",75,-122.58666,39.65578,09f22e57-6058-4a87-972a-ece08f4527d4,https://www.fire.ca.gov/incidents/2018/5/28/chrome-fire/,2019-01-04T10:21:00Z,1/4/2019,5/28/2018
Stuhr Fire,2019-01-04T10:21:00Z,2018-05-29T12:58:00Z,CAL FIRE Santa Clara Unit,Stanislaus,"Interstate 5 and Stuhr Rd, South of Patterson",63,-121.10903,37.32744,e596a67e-177f-4db9-a2d6-dda7da1678fb,https://www.fire.ca.gov/incidents/2018/5/29/stuhr-fire/,2019-01-04T10:21:00Z,1/4/2019,5/29/2018
Vineyard Fire,2019-01-04T10:20:00Z,2018-05-29T13:11:00Z,CAL FIRE San Luis Obispo Unit,San Luis Obispo,"Estrella Rd and Airport Rd, North of Paso Robles",25,-120.64028,35.71859,4b641aa9-e8b4-492e-a181-f1bad47c4d6d,https://www.fire.ca.gov/incidents/2018/5/29/vineyard-fire/,2019-01-04T10:20:00Z,1/4/2019,5/29/2018
Grant Fire,2019-10-25T09:01:35Z,2018-05-30T13:21:00Z,CAL FIRE Santa Clara Unit,Alameda,"near Grant Line Rd and Mountain House Rd, Altamont Area ",484,-121.57918,37.75375,503cf916-4f56-4be7-8083-730122f686dc,https://www.fire.ca.gov/incidents/2018/5/30/grant-fire/,2019-01-04T10:20:00Z,1/4/2019,5/30/2018
Madison FIre,2019-01-04T10:20:00Z,2018-06-01T13:31:00Z,CAL FIRE Sonoma-Lake-Napa Unit ,Yolo,"County Road 25 and County Road 86A, community of Madison north of Winters       ",14,-122.01762,38.64953,4235f934-ed24-425d-821c-46363dcb16e8,https://www.fire.ca.gov/incidents/2018/6/1/madison-fire/,2019-01-04T10:20:00Z,1/4/2019,6/1/2018
Open Fire,2019-01-04T10:19:00Z,2018-06-01T15:20:00Z,Mendocino National Forest ,Glenn,"Open Ridge, NW of Dry Creek Hill, 11 miles SW of Elk Creek",127,-122.65582,39.46543,3db90629-694f-43d7-b46a-6378f6bc1472,https://www.fire.ca.gov/incidents/2018/6/1/open-fire/,2019-01-04T10:19:00Z,1/4/2019,6/1/2018
Plymire Fire,2019-01-04T10:19:00Z,2018-06-01T16:07:00Z,CAL FIRE Tehama-Glenn Unit,Tehama,"Plymire Rd and Deer Valley Rd, West of Red Bluff ",23,-122.29388,40.201826,b48e83d3-eb05-47df-a198-185912d8190e,https://www.fire.ca.gov/incidents/2018/6/1/plymire-fire/,2019-01-04T10:19:00Z,1/4/2019,6/1/2018
Glen Fire,2019-01-04T10:19:00Z,2018-06-02T12:42:00Z,CAL FIRE Santa Clara Unit,Contra Costa,Glen Canyon Circle and  Chaparral Drive  SE of Pittsburg,23,-121.86473,37.99113,abe0e447-8977-406f-9e13-5514f4e954bc,https://www.fire.ca.gov/incidents/2018/6/2/glen-fire/,2019-01-04T10:19:00Z,1/4/2019,6/2/2018
Aliso Fire,2019-01-04T10:19:00Z,2018-06-02T13:07:00Z,Orange County Fire,Orange,"Aliso Woods Canyon Park, Community of Aliso Viejo",175,-117.72044,33.55132,105b65f3-7e99-4cd6-8b0a-f78004c041eb,https://www.fire.ca.gov/incidents/2018/6/2/aliso-fire/,2019-01-04T10:19:00Z,1/4/2019,6/2/2018
Jardin Fire,2019-01-04T10:18:00Z,2018-06-02T15:53:00Z,CAL FIRE/Riverside County Fire,Riverside,"Calle Jardin  and Calle Uva, Temecula",10,-117.22215,33.45014,c88bdcbd-2592-44d2-b44d-1c5a37593ffb,https://www.fire.ca.gov/incidents/2018/6/2/jardin-fire/,2019-01-04T10:18:00Z,1/4/2019,6/2/2018
Coldwell Fire,2019-01-04T10:18:00Z,2018-06-02T09:55:00Z,CAL FIRE Fresno-Kings Unit,Fresno,"Hwy 198 and Coldwell Ln, 10 miles west of Coalinga",13,-120.55324,36.10499,af8fe898-e4a6-4b9f-86a5-e6fc3226832b,https://www.fire.ca.gov/incidents/2018/6/2/coldwell-fire/,2019-01-04T10:18:00Z,1/4/2019,6/2/2018
Black Fire,2019-01-04T10:18:00Z,2018-06-03T08:55:00Z,CAL Fire Tehama Glenn Unit,Tehama,Black Butte Lake and Newville Road west of Orland,10,-122.3307,39.80827,2d27a570-a8b0-4332-a40a-3afb8f2a575c,https://www.fire.ca.gov/incidents/2018/6/3/black-fire/,2019-01-04T10:18:00Z,1/4/2019,6/3/2018
Grande Fire,2019-01-04T10:18:00Z,2018-06-03T13:38:00Z,CAL FIRE/ Riverside County Fire,Riverside,"Vuelta Grande Rd and Carancho Rd, Community of De Luz",11,-117.31468,33.47413,a0b7fa30-74d0-419f-927b-de29b0d00018,https://www.fire.ca.gov/incidents/2018/6/3/grande-fire/,2019-01-04T10:18:00Z,1/4/2019,6/3/2018
Ethanac Fire,2019-01-04T10:17:00Z,2018-06-03T14:17:00Z,CAL FIRE/ Riverside County Fire,Riverside,"Highway 74 and Ethanac Rd, City of Perris",17,-117.28189,33.742,368fb83d-2660-4d9f-b6ad-0a2ef5de1e52,https://www.fire.ca.gov/incidents/2018/6/3/ethanac-fire/,2019-01-04T10:17:00Z,1/4/2019,6/3/2018
Fairview Fire,2019-01-04T10:17:00Z,2018-06-03T15:09:00Z,CAL FIRE San Benito-Monterey Unit,San Benito,"Fairview Rd and John Smith Rd, City of Hollister",35,-121.36446,36.83036,39ace715-e375-4083-a05c-7fb7448e17b9,https://www.fire.ca.gov/incidents/2018/6/3/fairview-fire/,2019-01-04T10:17:00Z,1/4/2019,6/3/2018
Resort Fire,2019-01-04T10:17:00Z,2018-06-03T16:11:00Z,CAL FIRE San Luis Obispo Unit,San Luis Obispo,"Lake Nacimiento, 10 miles west of Paso Robles",12,-120.91793,35.75737,0fd4a4af-b243-4e88-b983-648d0c127f47,https://www.fire.ca.gov/incidents/2018/6/3/resort-fire/,2019-01-04T10:17:00Z,1/4/2019,6/3/2018
Martin Fire,2019-01-04T10:17:00Z,2018-06-03T16:14:00Z,CAL FIRE Siskiyou Unit,Siskiyou,"Martin Dr. and Stanton Drive, NE of Lake Shastina",37,-122.33769,41.58233,a9d772ae-90d9-4f8e-9fe7-342b4266dd52,https://www.fire.ca.gov/incidents/2018/6/3/martin-fire/,2019-01-04T10:17:00Z,1/4/2019,6/3/2018
Adobe Fire,2019-01-04T10:16:00Z,2018-06-03T16:16:00Z,San Diego City Fire Dept.,San Diego,"I-8 and College Ave, San Diego City",38,-117.06782,32.78031,8efb9edc-dbe7-4824-9027-22993569f794,https://www.fire.ca.gov/incidents/2018/6/3/adobe-fire/,2019-01-04T10:16:00Z,1/4/2019,6/3/2018
Green Fire,2019-01-04T10:16:00Z,2018-06-03T18:23:00Z,San Miguel FPD,San Diego,"Greenwick Rd and Brabham St, Community of Rancho San Diego",10,-116.92404,32.75072,60041942-db7c-4c3d-8a94-151addbd9d20,https://www.fire.ca.gov/incidents/2018/6/3/green-fire/,2019-01-04T10:16:00Z,1/4/2019,6/3/2018
Stone Fire,2019-01-04T10:15:00Z,2018-06-04T12:40:00Z,Unified Command: US Forest Service and Los Angeles County FD,Los Angeles,"off Anthony Road and Hierba Road, North of Agua Dulce",1352,-118.31138,34.5486,5340807b-1be1-4894-b446-c81c46456641,https://www.fire.ca.gov/incidents/2018/6/4/stone-fire/,2019-01-04T10:15:00Z,1/4/2019,6/4/2018
Meamber Fire,2019-01-04T10:13:00Z,2018-06-04T15:08:00Z,CAL FIRE Siskiyou Unit,Siskiyou,"Meamber Creek Road, 8 miles west of Fort Jones",12,-122.98442,41.64805,c48eaae5-afb4-472c-be65-7dfbb3c82f4d,https://www.fire.ca.gov/incidents/2018/6/4/meamber-fire/,2019-01-04T10:13:00Z,1/4/2019,6/4/2018
Airline Fire,2019-01-04T10:15:00Z,2018-06-04T17:01:00Z,CAL FIRE San Benito-Monterey,San Benito,Coalinga and Airline Highway,1314,-120.99322,36.40755,df2538f9-20c9-4d40-9a64-9d6334b6f7d6,https://www.fire.ca.gov/incidents/2018/6/4/airline-fire/,2019-01-04T10:15:00Z,1/4/2019,6/4/2018
Eastern Fire,2019-01-04T10:14:00Z,2018-06-04T17:30:00Z,CAL FIRE San Benito-Monterey,San Benito,"Coalinga Road, east of Bitterwater ",513,-120.901167,36.378333,5228fabc-64f6-4ccf-aedc-dc1e781277a6,https://www.fire.ca.gov/incidents/2018/6/4/eastern-fire/,2019-01-04T10:14:00Z,1/4/2019,6/4/2018
ONeals Fire,2019-01-04T10:14:00Z,2018-06-04T17:44:00Z,CAL FIRE Madera-Mariposa-Merced ,Madera,"Road 210 and Road 200, Oneal",300,-119.623981,37.10181,9662b158-b17f-4386-867a-3afa5ea28929,https://www.fire.ca.gov/incidents/2018/6/4/oneals-fire/,2019-01-04T10:14:00Z,1/4/2019,6/4/2018
Panoche Fire,2019-01-04T10:13:00Z,2018-06-04T23:17:00Z,CAL FIRE San Benito-Monterey,San Benito,"Panoche Road, north of San Benito",64,-121.03253,36.64832,9f926d66-2cfa-4e3d-b4a3-4ea3b4b23698,https://www.fire.ca.gov/incidents/2018/6/4/panoche-fire/,2019-01-04T10:13:00Z,1/4/2019,6/4/2018
Pallet Fire,2019-01-04T10:12:00Z,2018-06-05T13:03:00Z,Schell-Vista Fire Protection District ,Sonoma,"Hwy 12 and Broadway, Schellville ",10,-122.44408,38.245151,6eed6c93-14f3-450a-80c8-65c5450a8cbd,https://www.fire.ca.gov/incidents/2018/6/5/pallet-fire/,2019-01-04T10:12:00Z,1/4/2019,6/5/2018
Vista Fire,2019-01-04T10:11:00Z,2018-06-05T13:45:00Z,CAL FIRE San Diego Unit,San Diego,"Vista Del Lago/Via Ranchitos, Fallbrook",12,-117.22974,33.40769,a43a2839-d85f-4152-ac07-4a29c31723cf,https://www.fire.ca.gov/incidents/2018/6/5/vista-fire/,2019-01-04T10:11:00Z,1/4/2019,6/5/2018
Recycle Fire,2019-01-04T10:11:00Z,2018-06-06T09:46:00Z,CAL FIRE San Diego Unit,San Diego,"Off Hwy 94 and Campo Truck Trail, Campo",265,-116.46674,32.63046,9ededdf0-b250-49ec-999d-eb988dab08a9,https://www.fire.ca.gov/incidents/2018/6/6/recycle-fire/,2019-01-04T10:11:00Z,1/4/2019,6/6/2018
Liberty Fire,2019-01-04T10:08:00Z,2018-06-11T12:16:00Z,CAL FIRE Amador - El Dorado Unit,San Joaquin,off East Liberty Road ,62,-121.09199,38.24033,7278467f-ca4a-47f1-b876-a6722b546f30,https://www.fire.ca.gov/incidents/2018/6/11/liberty-fire/,2019-01-04T10:08:00Z,1/4/2019,6/11/2018
Bear Fire,2019-01-04T10:10:00Z,2018-06-07T18:04:00Z,CAL FIRE Madera-Mariposa-Merced ,Merced,"Cunningham Road and Hwy 140, Planda",200,-120.24315,37.33924,cdd46073-0336-4003-8a06-161947985987,https://www.fire.ca.gov/incidents/2018/6/7/bear-fire/,2019-01-04T10:10:00Z,1/4/2019,6/7/2018
Apple Fire,2022-10-24T10:20:15Z,2018-06-09T14:10:00Z,CAL FIRE Tehama-Glenn Unit,Tehama,"Off Apple Rd & Paskenta Rd, west of Corning",2956,-122.3571,39.94355,22fc8e84-ae8e-4a10-a9f3-828464616253,https://www.fire.ca.gov/incidents/2018/6/9/apple-fire/,2019-01-04T10:10:00Z,1/4/2019,6/9/2018
Chrome Fire,2019-01-04T10:09:00Z,2018-06-09T15:32:00Z,CAL FIRE Tehama-Glenn Unit,Glenn,"Hwy 162 and Forest Hwy 7, north of Elk Creek",2290,-122.58218,39.64978,1d926fc4-0f23-47dd-a750-5e7fac4ad416,https://www.fire.ca.gov/incidents/2018/6/9/chrome-fire/,2019-01-04T10:09:00Z,1/4/2019,6/9/2018
Mission Fire,2019-01-04T10:09:00Z,2018-06-09T15:30:00Z,San Rafael Fire ,Marin,"Mission Avenue and C Street, City of San Rafael",12,-122.5275,37.97638,5adaf6fa-0c4a-43e4-bd32-baa089a7f0b2,https://www.fire.ca.gov/incidents/2018/6/9/mission-fire/,2019-01-04T10:09:00Z,1/4/2019,6/9/2018
South Fire,2019-01-04T10:08:00Z,2018-06-09T14:45:00Z,Los Angeles County,Los Angeles,"I-5 and Calgrove Blvd, Santa Clarita",175,-122.5275,37.97638,d6d4d085-1c3b-4ee5-bd2a-dd3779797e97,https://www.fire.ca.gov/incidents/2018/6/9/south-fire/,2019-01-04T10:08:00Z,1/4/2019,6/9/2018
Sam Fire,2019-01-04T10:08:00Z,2018-06-09T15:31:00Z,Fort Hunter Liggett,Monterey,"Sam Jones and Jolon Rd, Fort Hunter Liggett ",96,-121.11936,35.9352,63e41793-2c9c-4dda-98e0-62b5069514a7,https://www.fire.ca.gov/incidents/2018/6/9/sam-fire/,2019-01-04T10:08:00Z,1/4/2019,6/9/2018
Beaver Fire,2019-01-04T10:07:00Z,2018-06-12T15:06:00Z,CAL FIRE San Benito-Monterey Unit,San Benito,"off Coalinga Highway and Airline Highway, East of King City",215,-120.862579,36.37532,b3ab43c4-6f73-4ccc-a3ca-f2c54959f8b1,https://www.fire.ca.gov/incidents/2018/6/12/beaver-fire/,2019-01-04T10:07:00Z,1/4/2019,6/12/2018
Vista Fire,2019-01-04T10:07:00Z,2018-06-13T12:38:00Z,CAL FIRE San Luis Obispo Unit,San Luis Obispo,"off Buena Vista Road, north of Paso Robles",60,-120.670311,35.663607,d886d8aa-00b7-41d7-b48f-665f5c6cf01e,https://www.fire.ca.gov/incidents/2018/6/13/vista-fire/,2019-01-04T10:07:00Z,1/4/2019,6/13/2018
Santiago Fire,2019-01-04T10:08:00Z,2018-06-11T17:04:00Z,Orange County Fire,Orange,off Highway 241 and Santiago Canyon Road,155,-117.746625,33.787838,96781eb8-6146-4b96-a5cb-7457defea461,https://www.fire.ca.gov/incidents/2018/6/11/santiago-fire/,2019-01-04T10:08:00Z,1/4/2019,6/11/2018
Euclid Fire,2019-01-04T10:07:00Z,2018-06-12T14:22:00Z,CAL FIRE / Riverside County Fire,Riverside,off Highway 71 south of Euclid Avenue in Chino,154,-117.654299,33.925862,e1c9dae5-a2d8-4c97-8e6d-65937ade5e79,https://www.fire.ca.gov/incidents/2018/6/12/euclid-fire/,2019-01-04T10:07:00Z,1/4/2019,6/12/2018
Portola Fire ,2019-01-04T10:07:00Z,2018-06-12T14:56:00Z,Los Angeles City Fire Department,Los Angeles,off Westwanda Drive and Benedict Canyon Drive,20,-118.427886,34.110516,7307857b-b127-4b3a-bf11-ee19d07e0736,https://www.fire.ca.gov/incidents/2018/6/12/portola-fire/,2019-01-04T10:07:00Z,1/4/2019,6/12/2018
Spring Fire,2019-06-27T08:39:04Z,2018-06-13T21:06:00Z,CAL FIRE Tehama-Glenn Unit,Tehama,"off Spring Branch Road and Jellys Ferry Road, northeast of Red Bluff",70,-122.135924,40.394073,994876ff-2369-4a13-9642-d2dfbd372ac9,https://www.fire.ca.gov/incidents/2018/6/13/spring-fire/,2019-01-04T10:07:00Z,1/4/2019,6/13/2018
Bridle Fire,2019-01-04T10:06:00Z,2018-06-14T17:02:00Z,CAL FIRE / Riverside County Fire,Riverside,"off Crazy Horse Canyon Drive and Bridle Trail Road, Community of Aguanga",20,-116.821724,33.524412,764b9aac-411e-442d-a045-1bd02ec773c2,https://www.fire.ca.gov/incidents/2018/6/14/bridle-fire/,2019-01-04T10:06:00Z,1/4/2019,6/14/2018
70 Fire,2019-01-04T10:07:00Z,2018-06-14T15:18:00Z,CAL FIRE Butte Unit,Butte,"off Highway 70 at Table Mountain Road, north of Oroville",20,-121.617698,39.602703,59b452f4-04fe-4251-8cf9-70dfc53ada0c,https://www.fire.ca.gov/incidents/2018/6/14/70-fire/,2019-01-04T10:07:00Z,1/4/2019,6/14/2018
Creston FIre,2019-01-04T10:06:00Z,2018-06-14T17:23:00Z,CAL FIRE San Luis Obispo Unit,San Luis Obispo,"off Creston Road, east of Paso Robles",60,-120.624135,35.58354,f3d3e61e-4ab4-4155-a882-4e27de976659,https://www.fire.ca.gov/incidents/2018/6/14/creston-fire/,2019-01-04T10:06:00Z,1/4/2019,6/14/2018
Tumbleweed Fire,2019-01-04T10:06:00Z,2018-06-14T17:45:00Z,Northern California District Bureau of Land Management ,Lassen,"off Highway 395 Southeast of Litchfield, East of Susanville",646,-120.36403,40.3768,b307b3b5-529a-4dd0-ad30-e678180a6174,https://www.fire.ca.gov/incidents/2018/6/14/tumbleweed-fire/,2019-01-04T10:06:00Z,1/4/2019,6/14/2018
Planada Fire,2022-10-24T10:25:54Z,2018-06-15T10:34:00Z,CAL FIRE Madera-Mariposa-Merced ,Merced,"off Doug Road and Bonner Road, north of the community of Planada",4563,-120.34207,37.39339,3de50f18-061e-40f4-8ee4-8a3d3ef25fb1,https://www.fire.ca.gov/incidents/2018/6/15/planada-fire/,2019-01-04T10:06:00Z,1/4/2019,6/15/2018
Raymond Fire,2019-01-04T10:06:00Z,2018-06-15T11:46:00Z,CAL FIRE Madera-Mariposa-Merced ,Madera,"off Road 407 and Road 600, Community of Raymond",60,-119.91223,37.14663,06ccdd6b-fd15-4cba-a9ed-6cb7c70327d9,https://www.fire.ca.gov/incidents/2018/6/15/raymond-fire/,2019-01-04T10:06:00Z,1/4/2019,6/15/2018
Boyer Fire,2019-01-04T10:05:00Z,2018-06-15T13:37:00Z,CAL FIRE Madera-Mariposa-Merced ,Mariposa,"off Boyer Road and Fox Hollow Lane, Community of Bootjack",53,-119.84299,37.47677,42bd7e44-5bfa-4e25-961d-941a18bc00d0,https://www.fire.ca.gov/incidents/2018/6/15/boyer-fire/,2019-01-04T10:05:00Z,1/4/2019,6/15/2018
Oregon Fire,2019-01-04T10:05:00Z,2018-06-16T11:47:00Z,CAL FIRE Butte Unit/Butte County Fire Department,Butte,"off Oregon Gulch Road, near View Lane, North of Oroville",40,-121.521111,39.549167,9b6b1707-4342-4b38-b4a2-1056c202a32a,https://www.fire.ca.gov/incidents/2018/6/16/oregon-fire/,2019-01-04T10:05:00Z,1/4/2019,6/16/2018
Creek Fire,2019-01-04T10:05:00Z,2018-06-16T14:04:00Z,CAL FIRE Sonoma-Lake-Napa Unit,Lake,"off Rocky Creek Road at Morgan Valley Rd, community of Lower Lake",32,-122.476381,38.886518,af251be5-4fa6-4ced-954c-a0e0aa34a517,https://www.fire.ca.gov/incidents/2018/6/16/creek-fire/,2019-01-04T10:05:00Z,1/4/2019,6/16/2018
Willow Fire,2019-01-04T10:05:00Z,2018-06-16T15:10:00Z,CAL FIRE Santa Clara Unit,Contra Costa,"off Willow Pass Road at Evora Road, Baypoint",25,-121.998967,38.015323,0ffbb118-8070-4220-95a7-cdef27b0a7ae,https://www.fire.ca.gov/incidents/2018/6/16/willow-fire/,2019-01-04T10:05:00Z,1/4/2019,6/16/2018
China Fire,2019-01-04T10:05:00Z,2018-06-17T13:58:00Z,CAL FIRE Amador-El Dorado Unit,Amador,"off China Gulch Road and Comanche Parkway North, Jackson Valley",17,-120.892404,38.265645,43d24c96-7841-423f-9e14-bc9a7ff49416,https://www.fire.ca.gov/incidents/2018/6/17/china-fire/,2019-01-04T10:05:00Z,1/4/2019,6/17/2018
Vallecitos Fire,2019-01-04T10:04:00Z,2018-06-17T15:56:00Z,CAL FIRE Santa Clara Unit,Alameda,"off Vallecitos Road and Little Valley, south of Livermore",20,-121.806775,37.627119,1f49d4b1-f08f-4fce-8b55-48ff0e521a2f,https://www.fire.ca.gov/incidents/2018/6/17/vallecitos-fire/,2019-01-04T10:04:00Z,1/4/2019,6/17/2018
Dinosaur Fire,2019-01-04T10:04:00Z,2018-06-17T15:09:00Z,CAL FIRE Madera-Mariposa-Merced ,Merced,"off Dinosaur Road and Highway 152, Santa Nella",185,-121.176354,37.05876,fc911680-49a8-454b-be0f-d78cd957bd29,https://www.fire.ca.gov/incidents/2018/6/17/dinosaur-fire/,2019-01-04T10:04:00Z,1/4/2019,6/17/2018
Wheeler Fire,2019-01-04T10:04:00Z,2018-06-18T12:30:00Z,CAL FIRE Madera-Mariposa-Merced Unit,Mariposa,"Wheeler Gulch & Hwy 49 South, southwest of Coulterville",115,-120.199162,37.707234,8f98a50c-fac6-4dcd-844f-76c49891f0f6,https://www.fire.ca.gov/incidents/2018/6/18/wheeler-fire/,2019-01-04T10:04:00Z,1/4/2019,6/18/2018
Iron Fire,2019-01-04T10:04:00Z,2018-06-19T15:19:00Z,Unified Command: CAL FIRE Santa Clara Unit and San Ramon Valley Fire Department,Contra Costa," off Montbretia Way and Ironwood, East of San Ramon",40,-121.908976,37.779209,2bee561f-fd8f-44ad-9c25-ccdc671029bc,https://www.fire.ca.gov/incidents/2018/6/19/iron-fire/,2019-01-04T10:04:00Z,1/4/2019,6/19/2018
Ranchita Fire,2019-01-04T10:04:00Z,2018-06-19T16:06:00Z,CAL FIRE San Benito-Monterey Unit,Monterey,"Ranchita Canyon Road, southwest of the town of Parkfield",10,-120.57833,35.77017,b2adde70-a40e-4b81-9f5f-8f6b96042af2,https://www.fire.ca.gov/incidents/2018/6/19/ranchita-fire/,2019-01-04T10:04:00Z,1/4/2019,6/19/2018
Yankee Fire,2019-01-04T10:03:00Z,2018-06-20T18:22:00Z,Camp Roberts,San Luis Obispo,"E. Perimeter Rd, Yankee training area, Camp Roberts Military Reservation",1500,-120.75593,35.73629,d963ff00-9c98-4bc6-a3b3-4856d8192e87,https://www.fire.ca.gov/incidents/2018/6/20/yankee-fire/,2019-01-04T10:03:00Z,1/4/2019,6/20/2018
Creek Fire,2019-10-25T09:25:32Z,2018-06-21T16:45:00Z,CAL FIRE San Luis Obispo Unit,San Luis Obispo,"Suey Creek Road & Crystal Springs, east of Nipomo",10,-120.39295,35.05747,d752892a-9bdf-4b91-83f0-2d3f94c3f370,https://www.fire.ca.gov/incidents/2018/6/21/creek-fire/,2019-01-04T10:03:00Z,1/4/2019,6/21/2018
Bascom Fire,2026-01-28T11:44:45Z,2018-06-23T12:54:00Z,CAL FIRE Shasta-Trinity Unit,Shasta,"Off Bascom Rd & Hwy 44, in Millville",328,-122.17457,40.52909,9fe34773-10d3-419a-a6f5-4ddb2d43a145,https://www.fire.ca.gov/incidents/2018/6/23/bascom-fire/,2018-06-25T08:00:00Z,6/25/2018,6/23/2018
Lane Fire,2022-10-24T10:26:28Z,2018-06-23T11:38:00Z,CAL FIRE Tehama-Glenn Unit,Tehama,Off Hwy 36 in Paynes Creek,3392,-121.77867,40.35068,299d84d9-ff65-4669-bcd7-cb5abb191c75,https://www.fire.ca.gov/incidents/2018/6/23/lane-fire/,2019-01-04T10:02:00Z,1/4/2019,6/23/2018
Sierra Fire,2019-01-04T10:02:00Z,2018-06-23T13:15:00Z,Tehama County Fire Department,Tehama,"Off Casale Rd & Reading Rd, south of Red Bluff",170,-122.19792,40.12791,75ad696c-b094-4919-89e3-f879361f5151,https://www.fire.ca.gov/incidents/2018/6/23/sierra-fire/,2019-01-04T10:02:00Z,1/4/2019,6/23/2018
Stoll Fire,2019-10-25T09:06:28Z,2018-06-23T12:52:00Z,CAL FIRE Tehama-Glenn Unit,Tehama,"Stoll Rd & Baker Rd, west of Red Bluff",268,-122.27574,40.18395,72999057-198b-4cd2-a316-2e854ef9a7f8,https://www.fire.ca.gov/incidents/2018/6/23/stoll-fire/,2019-01-04T10:02:00Z,1/4/2019,6/23/2018
Pawnee Fire,2022-10-24T10:26:11Z,2018-06-23T17:21:00Z,CAL FIRE Sonoma-Lake-Napa Unit,Lake,"Pawnee Rd & New Long Valley Rd, northeast of Clearlake Oaks ",15180,-122.59848,39.0674,25574325-cf1d-4191-bc3d-c50ed0a15f9c,https://www.fire.ca.gov/incidents/2018/6/23/pawnee-fire/,2019-01-04T10:01:00Z,1/4/2019,6/23/2018
Canyon Fire,2019-01-04T10:01:00Z,2018-06-23T19:39:00Z,Los Padres National Forest,Los Angeles,North of Lake Piru,62,-118.75495,34.53765,c8c8905e-4ff4-4563-8ad8-3838a8d0a3bb,https://www.fire.ca.gov/incidents/2018/6/23/canyon-fire/,2019-01-04T10:01:00Z,1/4/2019,6/23/2018
Stony Fire,2019-01-04T09:56:00Z,2018-07-04T13:14:00Z,CAL FIRE Sonoma-Lake-Napa Unit,Colusa,"off Stonyford Road and Lake Park, west of Maxwell   ",75,-122.512012,39.2976,b4377461-c17b-41b1-8dc2-9722f8ead519,https://www.fire.ca.gov/incidents/2018/7/4/stony-fire/,2019-01-04T09:56:00Z,1/4/2019,7/4/2018
Sheep Fire,2019-01-04T09:57:00Z,2018-06-29T17:53:00Z,CAL FIRE Kern County Fire,Kern,"Comanche Point Rd, 3 miles south of Arvin",95,-118.72905,35.1234,d7365a2a-a113-4693-92d3-152f52b0d743,https://www.fire.ca.gov/incidents/2018/6/29/sheep-fire/,2019-01-04T09:57:00Z,1/4/2019,6/29/2018
Creek Fire,2019-01-04T10:01:00Z,2018-06-24T12:29:00Z,Unified Command: CAL FIRE and City of Redding Fire Department,Shasta,"Clear Creek Rd & American Rd, west of Redding",1678,-122.42308,40.50318,b900fe52-8900-4578-9745-58036920a1ab,https://www.fire.ca.gov/incidents/2018/6/24/creek-fire/,2019-01-04T10:01:00Z,1/4/2019,6/24/2018
Flat Fire,2019-01-04T10:01:00Z,2018-06-24T13:54:00Z,CAL FIRE Tuolumne-Calaveras Unit,Tuolumne,"Hwy 49 & Marshes Flat Rd, in the Community of Moccasin ",163,-120.30187,37.80785,28d55249-7c63-4213-a7b4-c0796dbb18ca,https://www.fire.ca.gov/incidents/2018/6/24/flat-fire/,2019-01-04T10:01:00Z,1/4/2019,6/24/2018
Horse Fire,2019-10-25T09:26:38Z,2018-06-24T15:28:00Z,CAL FIRE Tuolumne-Calaveras Unit,Calaveras,"Horseshoe Rd & Stagecoach Dr, near Copperopolis",80,-120.68902,37.95766,f2d02439-f682-47e7-b6e9-6e51ca068c86,https://www.fire.ca.gov/incidents/2018/6/24/horse-fire/,2019-01-04T10:01:00Z,1/4/2019,6/24/2018
Romero Fire,2019-01-04T10:00:00Z,2018-06-24T16:11:00Z,CAL FIRE Madera-Mariposa-Merced Unit,Merced,"Hwy 152 & Lower Cottonwood, west of Los Banos",68,-121.09354,37.08529,bda69d0e-716e-439e-9a18-49f44d449086,https://www.fire.ca.gov/incidents/2018/6/24/romero-fire/,2019-01-04T10:00:00Z,1/4/2019,6/24/2018
Peach Fire ,2019-01-04T09:55:00Z,2018-07-05T15:12:00Z,CAL FIRE Mendocino Unit,Mendocino,"off Peachland Road and Highway 128, north of the Community of Boonville",90,-123.38493,39.038859,eabc7fc2-d02b-480a-9472-7c7677e812cb,https://www.fire.ca.gov/incidents/2018/7/5/peach-fire/,2019-01-04T09:55:00Z,1/4/2019,7/5/2018
Waverly Fire,2022-10-24T10:27:36Z,2018-06-29T15:11:00Z,CAL FIRE Tuolumne-Calaveras Unit,San Joaquin,"off North Waverly Road and North Shelton Road, east of Linden",11789,-120.945482,38.052055,4efc7855-ecbf-4507-8435-399e23a91fef,https://www.fire.ca.gov/incidents/2018/6/29/waverly-fire/,2019-01-04T09:58:00Z,1/4/2019,6/29/2018
Llano Fire,2019-01-04T09:58:00Z,2018-06-29T11:44:00Z,CAL FIRE Butte Unit/Butte County Fire Department,Butte,"at the Llano Seco Ranch, south of Chico",10,-121.954098,39.6139,465ed1e1-89be-4556-b616-834b65746005,https://www.fire.ca.gov/incidents/2018/6/29/llano-fire/,2019-01-04T09:58:00Z,1/4/2019,6/29/2018
Flat Fire,2019-01-04T09:59:00Z,2018-06-28T18:01:00Z,CAL FIRE Shasta Trinity Unit,Trinity,"Reading Creek Road, SE of Douglas City",300,-122.9144,40.60402,70ff3ebc-0d1f-43eb-ab56-1ff13fe9c9e3,https://www.fire.ca.gov/incidents/2018/6/28/flat-fire/,2019-01-04T09:59:00Z,1/4/2019,6/28/2018
San Ardo,2019-06-27T08:38:49Z,2018-06-26T07:11:00Z,CAL FIRE San Benito-Monterey Unit,Monterey,"Sargents Canyon and Deadman Gulch, San Ardo Oil Fields",375,-120.86256,35.95515,8811a5f8-b99a-454a-9af5-6753579c8d45,https://www.fire.ca.gov/incidents/2018/6/26/san-ardo/,2019-06-21T08:51:41Z,6/21/2019,6/26/2018
Lions Fire,2019-01-04T10:03:00Z,2018-06-11T12:00:00Z,Sierra National Forest,Madera,near the Lion Point area in the Ansel Adams Wilderness,4064,-119.118,37.571,b17eb5bf-c44a-4e13-99d0-bbdf5e8f8f67,https://www.fire.ca.gov/incidents/2018/6/11/lions-fire/,2019-01-04T10:03:00Z,1/4/2019,6/11/2018
Anchor Fire,2019-01-04T09:59:00Z,2018-06-27T12:39:00Z,CAL FIRE Fresno-Kings Unit,Fresno,"Anchor Ave and Hills Valley Rd, north of Orange Cove",76,-119.304499,36.696879,595f6f52-a55b-40e7-8aa6-b409ff9a7a5b,https://www.fire.ca.gov/incidents/2018/6/27/anchor-fire/,2019-01-04T09:59:00Z,1/4/2019,6/27/2018
Shippee Fire,2022-10-24T10:26:43Z,2018-06-26T12:56:00Z,CAL FIRE Butte Unit - Butte County Fire Department,Butte,"Midway Road and Esquon Road , 4 miles SE  of Durham",460,-121.78208,39.59872,a3ba8fc0-37f7-4c1a-9386-627d3369a03e,https://www.fire.ca.gov/incidents/2018/6/26/shippee-fire/,2019-01-04T09:59:00Z,1/4/2019,6/26/2018
Fox Fire,2019-01-04T10:00:00Z,2018-06-26T11:16:00Z,CAL FIRE San Luis Obispo Unit,San Luis Obispo,"Camp San Luis Obispo Range Echo, 3 miles NW of San Luis Obispo",260,-120.71488,35.33916,91b94b02-cd05-471a-a4e7-5168d56c46ba,https://www.fire.ca.gov/incidents/2018/6/26/fox-fire/,2019-01-04T10:00:00Z,1/4/2019,6/26/2018
Hyatt Fire,2022-10-24T10:27:20Z,2018-06-27T15:09:00Z,CAL FIRE Lassen Modoc Unit,Lassen,"Hyatt Ln and Standish Buntingville Rd, 5 miles east of Janesville",383,-120.45053,40.316137,218619b5-ad0c-4238-8e31-ab6d98932a73,https://www.fire.ca.gov/incidents/2018/6/27/hyatt-fire/,2019-01-04T09:59:00Z,1/4/2019,6/27/2018
Cherry Fire,2019-01-04T09:59:00Z,2018-06-27T19:46:00Z,Klamath National Forest,Siskiyou,"Cherry Maple Road Klamath River, NW of Yreka, Klamath National Forest",63,-122.99272,41.83359,5aa13874-fb24-44f0-969a-d12dbc7edca8,https://www.fire.ca.gov/incidents/2018/6/27/cherry-fire/,2019-01-04T09:59:00Z,1/4/2019,6/27/2018
Par Fire,2019-01-04T09:56:00Z,2018-07-04T13:30:00Z,CAL FIRE Butte Unit/Butte County Fire Department,Butte,"off Par Four Way and Highway 162, west of the City of Oroville ",191,-121.637759,39.491737,cbf84797-7cc2-40a4-8157-d74c89792e9e,https://www.fire.ca.gov/incidents/2018/7/4/par-fire/,2019-01-04T09:56:00Z,1/4/2019,7/4/2018
Grant Fire,2019-01-04T09:58:00Z,2018-06-29T15:46:00Z,Unified Command: CAL FIRE Amador-El Dorado Unit and Sacramento Metro Fire,Sacramento,"off Grant Line Rd and White Rock Rd, southwest of Folsom",30,-121.17693,38.595865,c8060137-4a83-479b-9f36-429a698aac06,https://www.fire.ca.gov/incidents/2018/6/29/grant-fire/,2019-01-04T09:58:00Z,1/4/2019,6/29/2018
Valley Fire,2019-01-04T09:58:00Z,2018-06-29T16:06:00Z,Unified Command: CAL FIRE and Contra Costa County Fire Department,Contra Costa,"Ygnaciao Valley Road and Cowell Road, Concord",268,-121.9921,37.94714,53770321-4d20-4db9-bfad-754f9eeabc2b,https://www.fire.ca.gov/incidents/2018/6/29/valley-fire/,2019-01-04T09:58:00Z,1/4/2019,6/29/2018
Tesla Fire,2019-01-04T09:57:00Z,2018-06-29T20:59:00Z,CAL FIRE Santa Clara Unit,Santa Clara,"Tesla Road and Reuss Road, east of Livermore",70,-121.67144,37.66074,a4d4923c-cf9e-43a9-b62e-dc9c04f0ec24,https://www.fire.ca.gov/incidents/2018/6/29/tesla-fire/,2019-01-04T09:57:00Z,1/4/2019,6/29/2018
Creek Fire,2019-01-04T09:57:00Z,2018-06-30T12:12:00Z,San Bernardino National Forest,San Bernardino,"Hwy 330 and Old City Creek Rd, Community of Running Springs",33,-117.15381,34.17711,d4618db6-e417-4590-8c1f-9b5ace341bb3,https://www.fire.ca.gov/incidents/2018/6/30/creek-fire/,2019-01-04T09:57:00Z,1/4/2019,6/30/2018
County Fire,2022-10-24T10:27:53Z,2018-06-30T14:12:00Z,CAL FIRE Sonoma-Lake-Napa Unit,"Napa, Yolo",east of Lake Berryessa,90000,-122.18183,38.80583,97ff14e8-6d08-4214-ad3b-847fa3a0e84a,https://www.fire.ca.gov/incidents/2018/6/30/county-fire/,2019-01-04T09:57:00Z,1/4/2019,6/30/2018
Benton Fire,2019-01-04T09:56:00Z,2018-07-04T14:20:00Z,CAL FIRE / Riverside County Fire,Riverside,off Benton Road and Crams Corner Drive in Anza,63,-116.732032,33.56349,28599f05-c64d-49a5-be59-23879eecb980,https://www.fire.ca.gov/incidents/2018/7/4/benton-fire/,2019-01-04T09:56:00Z,1/4/2019,7/4/2018
Lariat Fire,2019-01-04T09:46:00Z,2018-07-14T20:40:00Z,CAL FIRE Tehama-Glenn Unit,Tehama,"off Oakridge Rd & Horseshoe Dr, Rancho Tehama, southwest of Red Bluff",33,-122.44008,40.00293,15d8c9e7-7029-4027-85d8-95f308f83790,https://www.fire.ca.gov/incidents/2018/7/14/lariat-fire/,2019-01-04T09:46:00Z,1/4/2019,7/14/2018
School Fire,2019-01-04T09:50:00Z,2018-07-10T17:31:00Z,CAL FIRE Madera-Mariposa-Merced ,Madera,"in the area of Road 230 and Road 225, North Fork",12,-119.50461,37.22791,f5d14543-5d98-41ca-99f5-09c1197161b2,https://www.fire.ca.gov/incidents/2018/7/10/school-fire/,2019-01-04T09:50:00Z,1/4/2019,7/10/2018
Petersburg Fire,2019-01-04T09:56:00Z,2018-07-01T18:13:00Z,Klamath National Forest,Siskiyou,Petersburg and Caribou Creek Rd 3 MI SW of Cecilville,215,-123.051,41.085,6103c099-a3eb-481e-8a76-1296f5fdb25d,https://www.fire.ca.gov/incidents/2018/7/1/petersburg-fire/,2019-01-04T09:56:00Z,1/4/2019,7/1/2018
West Fire,2019-10-25T09:43:52Z,2018-07-06T23:39:00Z,"Unified Command: CAL FIRE San Diego, Alpine Fire District and Cleveland National Forest",San Diego,"off I-8 & West Willows Rd, Community of Alpine",504,-116.7311,32.833674,2a1c14d1-2a88-4564-bd09-585e09ffc9a7,https://www.fire.ca.gov/incidents/2018/7/6/west-fire/,2019-01-04T09:55:00Z,1/4/2019,7/6/2018
Buckingham Fire,2019-01-04T09:57:00Z,2018-07-02T14:25:00Z,Moraga-Olinda Fire District ,Contra Costa,"Buckingham Dr and Moraga Rd, southwest of Walnut Creek ",45,-122.12351,37.86339,f7bacdf4-ba33-436a-ad94-549395286fc2,https://www.fire.ca.gov/incidents/2018/7/2/buckingham-fire/,2019-01-04T09:57:00Z,1/4/2019,7/2/2018
Building Fire,2019-01-04T09:55:00Z,2018-07-06T10:11:00Z,CAL FIRE San Diego Unit / San Diego County Fire Authority,San Diego,off Highway 94 and Community Building Road near Dulzura,10,-116.764733,32.619855,59c697e4-5083-4f45-b03a-ef580f6618dd,https://www.fire.ca.gov/incidents/2018/7/6/building-fire/,2019-01-04T09:55:00Z,1/4/2019,7/6/2018
Shingle Fire,2019-01-04T09:56:00Z,2018-07-04T17:09:00Z,CAL FIRE Amador-El Dorado Unit,El Dorado,"off South Shingle Road and Latrobe Road, west of Latrobe",316,-121.059979,38.539806,29a5f777-bea5-411e-9139-fe0d094616b0,https://www.fire.ca.gov/incidents/2018/7/4/shingle-fire/,2019-01-04T09:56:00Z,1/4/2019,7/4/2018
Klamathon Fire,2019-10-25T09:41:00Z,2018-07-05T12:31:00Z,CAL FIRE Siskiyou Unit,Siskiyou,"off Klamathon Road and Copco Road, south of Hornbrook",38008,-122.534655,41.893332,d7e7eaca-5716-48b3-bd34-37acea282634,https://www.fire.ca.gov/incidents/2018/7/5/klamathon-fire/,2019-01-04T09:55:00Z,1/4/2019,7/5/2018
Irish Fire,2022-10-24T10:21:26Z,2018-07-06T14:42:00Z,CAL FIRE Amador - El Dorado Unit,Amador,"off Irish Ridge Road and Carbondale Road, southeast of Plymouth",825,-120.95408,38.42623,be804253-e994-4f40-9e07-5c215533231c,https://www.fire.ca.gov/incidents/2018/7/6/irish-fire/,2019-01-04T09:54:00Z,1/4/2019,7/6/2018
Valley Fire,2019-01-04T09:55:00Z,2018-07-06T13:29:00Z,San Bernardino National Forest ,San Bernardino,Valley of the Falls Dr & Service Road 1S08,1350,-116.958806,34.095568,b90be7b6-e9ec-4a18-a910-957f700c6ed6,https://www.fire.ca.gov/incidents/2018/7/6/valley-fire/,2019-01-04T09:55:00Z,1/4/2019,7/6/2018
Eagle Fire,2019-01-04T09:46:00Z,2018-07-13T22:03:00Z,BLM Northern District (NOD) ,Modoc,"County Rd 40/ County Rd1, South West of Eagleville",2100,-120.11461,41.29363,656c37d9-6876-47ba-bf8e-ec6c351c3595,https://www.fire.ca.gov/incidents/2018/7/13/eagle-fire/,2019-01-04T09:46:00Z,1/4/2019,7/13/2018
Holiday Fire,2019-10-25T09:42:00Z,2018-07-06T20:40:00Z,Santa Barbara County Fire,Santa Barbara,"off north Fairview Ave and Holiday Hill Road, City of Goleta",113,-119.831389,34.463889,76725105-a814-4e8d-bd5b-d0f2f1879dae,https://www.fire.ca.gov/incidents/2018/7/6/holiday-fire/,2019-01-04T09:54:00Z,1/4/2019,7/6/2018
Bridle Fire,2019-01-04T09:54:00Z,2018-07-06T10:40:00Z,CAL FIRE Santa Clara Unit,Santa Clara,"off Bridal Path Drive and Butch Drive, east of Gilroy",116,-121.53586,37.06367,8d5856ff-4cd4-4b88-afb0-c6df08f548a8,https://www.fire.ca.gov/incidents/2018/7/6/bridle-fire/,2019-01-04T09:54:00Z,1/4/2019,7/6/2018
Stoney Fire,2019-01-04T09:48:00Z,2018-07-12T22:45:00Z,Chico City Fire,Butte,"Bidwell Park, Upper Park Rd, Chico",962,-121.76859,39.77124,3c17be70-66f8-4df2-97be-873fe924d99c,https://www.fire.ca.gov/incidents/2018/7/12/stoney-fire/,2019-01-04T09:48:00Z,1/4/2019,7/12/2018
Gray Fire,2019-01-04T09:47:00Z,2018-07-13T14:32:00Z,CAL FIRE San Bernardino Unit,San Bernardino,Muscoy,12,-117.35606,34.171786,8ff78ab4-378d-4e1b-9ba0-b90d8be07a06,https://www.fire.ca.gov/incidents/2018/7/13/gray-fire/,2019-01-04T09:47:00Z,1/4/2019,7/13/2018
Ferguson Fire,2019-01-04T09:48:00Z,2018-07-13T21:36:00Z,USFS Sierra National Forest ,Mariposa,"Highway 140 and Hite Cove, near El Portal",96901,-119.88581,37.6549,29d15973-a999-409e-adf4-486854df44ed,https://www.fire.ca.gov/incidents/2018/7/13/ferguson-fire/,2019-01-04T09:48:00Z,1/4/2019,7/13/2018
Lebec Fire,2019-01-04T09:54:00Z,2018-07-08T13:38:00Z,Kern County Fire Department,Kern,"off Lebec Road and Lebec Oaks Road, North of Lebec",62,-118.87881,34.86022,22171870-baaf-480f-902a-45ec9282df35,https://www.fire.ca.gov/incidents/2018/7/8/lebec-fire/,2019-01-04T09:54:00Z,1/4/2019,7/8/2018
Dark Fire,2019-01-04T09:51:00Z,2018-07-10T12:42:00Z,CAL FIRE Butte Unit,Butte,"south of Rich Gulch, near Lake Oroville",11,-121.51772,39.66492,c2dc8734-e165-4fa1-9a1a-f393516bd5a5,https://www.fire.ca.gov/incidents/2018/7/10/dark-fire/,2019-01-04T09:51:00Z,1/4/2019,7/10/2018
Curie Fire,2019-01-04T09:50:00Z,2018-07-10T15:08:00Z,Unitied Command: CAL FIRE & San Jose City Fire Department,Santa Clara,"Curie Dr and San Ignacio Ave, southeast of San Jose",70,-121.79189,37.22545,01018620-8f10-4de0-a7e6-78cc9a77cc9a,https://www.fire.ca.gov/incidents/2018/7/10/curie-fire/,2019-01-04T09:50:00Z,1/4/2019,7/10/2018
Hale Fire,2019-01-04T09:51:00Z,2018-07-10T16:45:00Z,CAL FIRE Santa Clara Unit,Santa Clara,at Hale Ave and Monterey St. in Morgan Hill ,51,-121.702547,37.163594,a125058d-abfe-4593-bd53-503ceea3f4f0,https://www.fire.ca.gov/incidents/2018/7/10/hale-fire/,2019-01-04T09:51:00Z,1/4/2019,7/10/2018
Kelley Fire,2019-01-04T09:46:00Z,2018-07-14T20:46:00Z,US Forest Service - Modoc National Forest,Modoc,"off Hwy 299 E & County Rd 74, west of Devils Garden Conservation Camp",52,-120.61108,41.50105,20495cc8-cb22-4fd1-9bc3-0b9c654d12a0,https://www.fire.ca.gov/incidents/2018/7/14/kelley-fire/,2019-01-04T09:46:00Z,1/4/2019,7/14/2018
Panoche Fire,2019-01-04T09:49:00Z,2018-07-11T16:40:00Z,CAL FIRE San Benito-Monterey,San Benito,"off Panoche Road, 2 miles north of CAL FIRE Antelope Station, southeast of Hollister",278,-121.0454,36.65351,68957772-711e-4874-99f2-2b9267dbe725,https://www.fire.ca.gov/incidents/2018/7/11/panoche-fire/,2019-01-04T09:49:00Z,1/4/2019,7/11/2018
Georges Fire,2019-01-04T09:54:00Z,2018-07-08T13:36:00Z,Inyo National Forest Service ,Inyo,"off Hogback and Whitney Portal Road, Alabama Hills",2883,-118.21881,36.6734,09395db0-1c76-43c3-a3db-d18081b31a35,https://www.fire.ca.gov/incidents/2018/7/8/georges-fire/,2019-01-04T09:54:00Z,1/4/2019,7/8/2018
Vista Fire,2019-01-04T09:53:00Z,2018-07-08T14:41:00Z,CAL FIRE Shasta-Trinity Unit,Shasta,"off Hwy 299 E and Deschutes Rd, Bella Vista",31,-122.23449,40.62693,9636bdf4-8754-4745-80c8-90a5fcd90ec2,https://www.fire.ca.gov/incidents/2018/7/8/vista-fire/,2019-01-04T09:53:00Z,1/4/2019,7/8/2018
Bruce Fire,2019-01-04T09:53:00Z,2018-07-08T16:45:00Z,CAL FIRE Santa Clara Unit,Contra Costa,"off Bruce Lane and Joseph Lane, east of San Ramon",56,-121.85311,37.79718,7e24911d-5dc9-4449-ba08-f718c094ac9e,https://www.fire.ca.gov/incidents/2018/7/8/bruce-fire/,2019-01-04T09:53:00Z,1/4/2019,7/8/2018
Grant Fire,2022-10-24T10:28:18Z,2018-07-08T17:38:00Z,CAL FIRE Santa Clara Unit,Alameda,"off I580 and Grantline Rd, Altamont Area",480,-121.60646,37.75646,d0e1cdc0-9dea-467a-8ae8-040e0f94178d,https://www.fire.ca.gov/incidents/2018/7/8/grant-fire/,2019-01-04T09:53:00Z,1/4/2019,7/8/2018
Box Fire,2019-01-04T09:55:00Z,2018-07-06T09:36:00Z,San Bernardino National Forest ,San Bernardino,"off Interstate 15 and Kenwood Ave, north of San Bernardino",100,-117.40967,34.22526,1a4aeaa6-7f90-420f-ad6b-6942658a7fee,https://www.fire.ca.gov/incidents/2018/7/6/box-fire/,2019-01-04T09:55:00Z,1/4/2019,7/6/2018
Cornerstone Fire,2019-01-04T09:52:00Z,2018-07-09T17:54:00Z,CAL FIRE Madera-Mariposa-Merced ,Madera,"Cornerstone Court, Yosemite Lakes",11,-119.80414,37.19817,dc55524d-c29f-4990-8f73-2974348c7fc7,https://www.fire.ca.gov/incidents/2018/7/9/cornerstone-fire/,2019-01-04T09:52:00Z,1/4/2019,7/9/2018
Spring 2 Fire,2019-10-25T09:44:45Z,2018-07-09T16:46:00Z,CAL FIRE Sonoma-Lake-Napa Unit,Lake,"Pawnee Dr. and New Long Valley Dr., northeast of Clearlake ",80,-122.59789,39.06715,78eabcbb-32b9-4438-ab84-8eb65c044db7,https://www.fire.ca.gov/incidents/2018/7/9/spring-2-fire/,2019-01-04T09:51:00Z,1/4/2019,7/9/2018
Dale Fire,2019-01-04T09:52:00Z,2018-07-09T18:30:00Z,CAL FIRE Tehama-Glenn Unit,Tehama,"off Hwy 36 and Manton Rd, 10 miles NE of Red Bluff ",856,-121.93908,40.33682,3b576efa-90b7-4b87-983d-b38630e10576,https://www.fire.ca.gov/incidents/2018/7/9/dale-fire/,2019-01-04T09:52:00Z,1/4/2019,7/9/2018
Idria Fire,2019-01-04T09:49:00Z,2018-07-12T12:57:00Z,CAL FIRE San Benito-Monterey,San Benito,"Panoche Rd and New Idria Rd, west of San Joaquin",116,-120.82355,36.59036,a0b16523-d6f9-4a21-809d-4f2bdbc2bea7,https://www.fire.ca.gov/incidents/2018/7/12/idria-fire/,2019-01-04T09:49:00Z,1/4/2019,7/12/2018
3-2 Fire,2019-01-04T09:45:00Z,2018-07-14T15:00:00Z,CAL FIRE Lassen-Modoc Unit,Lassen,"off Homestead Ranch Road, southeast of Doyle ",14,-120.02137,39.99309,b89ae0bb-4b8b-47f6-b7c6-5e689a265288,https://www.fire.ca.gov/incidents/2018/7/14/3-2-fire/,2019-01-04T09:45:00Z,1/4/2019,7/14/2018
Steamboat Fire,2019-01-04T09:44:00Z,2018-07-15T09:58:00Z,CAL FIRE Siskiyou Unit,Siskiyou,"Shasta Valley Wildlife Area, 4 miles south east of Montague ",224,-122.47293,41.70877,052acbfd-0552-47ac-8be7-6f79b4aecf0e,https://www.fire.ca.gov/incidents/2018/7/15/steamboat-fire/,2019-01-04T09:44:00Z,1/4/2019,7/15/2018
3-10 Fire,2019-01-04T09:44:00Z,2018-07-15T11:55:00Z,CAL FIRE Lassen-Modoc Unit,Lassen,"Hwy 299 E and Little Valley Rd, Dixie Valley Peak, 16 miles east of Fall River Mills",56,-121.21597,40.95234,8d7302b1-605f-404d-9641-a890720e8657,https://www.fire.ca.gov/incidents/2018/7/15/3-10-fire/,2019-01-04T09:44:00Z,1/4/2019,7/15/2018
Johnson Fire,2019-01-04T09:43:00Z,2018-07-15T16:14:00Z,CAL FIRE Humboldt-Del Norte Unit,Humboldt,Highway 169 in Pecwan,16,-123.85404,41.34453,8c94a8f0-1d63-4ea7-88af-52fee196a9a6,https://www.fire.ca.gov/incidents/2018/7/15/johnson-fire/,2019-01-04T09:43:00Z,1/4/2019,7/15/2018
3-18 Fire,2019-01-04T09:42:00Z,2018-07-15T16:45:00Z,CAL FIRE Lassen-Modoc Unit,Lassen,"Punkin Center Road and Juniper Road, 6 miles southwest of the Community of Bieber",32,-121.05722,41.08583,f141dba0-ae4b-4972-b926-81d1595d0917,https://www.fire.ca.gov/incidents/2018/7/15/3-18-fire/,2019-01-04T09:42:00Z,1/4/2019,7/15/2018
3-16 Fire,2019-01-04T09:42:00Z,2018-07-15T18:54:00Z,CAL FIRE Lassen-Modoc Unit,Lassen,near Little Valley,89,-121.27049,40.94666,62b14189-aea8-4dcb-8702-a1dfc11abda7,https://www.fire.ca.gov/incidents/2018/7/15/3-16-fire/,2019-01-04T09:42:00Z,1/4/2019,7/15/2018
Tuscan Fire,2019-01-04T09:43:00Z,2018-07-15T17:15:00Z,CAL FIRE Tehama-Glenn Unit,Tehama,"Hwy 36 E and Tuscan Lookout Road, 7 miles NE of Red Bluff near Hog Lake",50,-122.11375,40.27754,02ebd2cc-c4da-4508-92f6-30446d041ae9,https://www.fire.ca.gov/incidents/2018/7/15/tuscan-fire/,2019-01-04T09:43:00Z,1/4/2019,7/15/2018
Mill Creek 1 Fire,2019-01-04T09:17:00Z,2018-08-16T09:18:00Z,Hoopa Valley Tribe ,Humboldt,"Hwy 96 & Mill Creek Road, northeast of the Town of Hoopa",3674,-123.688056,41.07944,d3ead5e1-12bb-4d27-8c1d-c723c0747265,https://www.fire.ca.gov/incidents/2018/8/16/mill-creek-1-fire/,2019-01-04T09:17:00Z,1/4/2019,8/16/2018
Camp Fire,2019-01-04T09:41:00Z,2018-07-17T11:13:00Z,CAL FIRE San Luis Obispo Unit,San Luis Obispo,"off Gage Irving Road, South Lake Nacimiento",14,-120.97339,35.70086,0194a44a-0c12-4e47-a053-f3b9b2382858,https://www.fire.ca.gov/incidents/2018/7/17/camp-fire/,2019-01-04T09:41:00Z,1/4/2019,7/17/2018
Border Fire,2019-01-04T09:41:00Z,2018-07-17T14:05:00Z,CAL FIRE San Diego County Fire Authority,San Diego,north of the Meixcan border and east of the Otay port of entry,28,-116.8663,32.557566,1dad019f-12c1-47a0-a20c-2408d942f1c4,https://www.fire.ca.gov/incidents/2018/7/17/border-fire/,2019-01-04T09:41:00Z,1/4/2019,7/17/2018
Lott Fire,2019-01-04T09:40:00Z,2018-07-17T19:03:00Z,CAL FIRE Siskiyou Unit,Siskiyou,"off Lott Rd and Bunny Ln, 15 miles north of Weed ",10,-122.37985,41.632373,14207c18-f9a3-4a69-9f3a-d778d2f6960f,https://www.fire.ca.gov/incidents/2018/7/17/lott-fire/,2019-01-04T09:40:00Z,1/4/2019,7/17/2018
Cruces Fire,2019-01-04T09:40:00Z,2018-07-18T11:55:00Z,Santa Barbara County Fire,Santa Barbara,"off Highway 1 and Highway 101, North of Gaviota",77,-120.3180556,34.54305556,756cceab-80e1-47af-8c85-9e650352b48e,https://www.fire.ca.gov/incidents/2018/7/18/cruces-fire/,2019-01-04T09:40:00Z,1/4/2019,7/18/2018
Eighty Eight Fire,2019-01-04T09:40:00Z,2018-07-18T14:24:00Z,CAL FIRE Sonoma-Lake-Napa Unit,Yolo,"off County Road 88 and County Road 29, north of Winters",822,-121.9938889,38.59694444,e51ff5f0-09d5-42f3-8bed-c1c6eb85d245,https://www.fire.ca.gov/incidents/2018/7/18/eighty-eight-fire/,2019-01-04T09:40:00Z,1/4/2019,7/18/2018
Simmons Fire,2019-01-04T09:40:00Z,2018-07-19T12:00:00Z,CAL FIRE Butte Unit,Butte,"Off Highway 162 & Simmons Rd, Lake Oroville",43,-121.43131,39.57202,d56aeb11-09a3-4854-b422-9a1e41f18a51,https://www.fire.ca.gov/incidents/2018/7/19/simmons-fire/,2019-01-04T09:40:00Z,1/4/2019,7/19/2018
Ben Fire,2019-01-04T09:39:00Z,2018-07-19T13:07:00Z,CAL FIRE Madera-Mariposa-Merced Unit,Mariposa,"Ben Hur Rd & Preston Rd, south of Ben Hur",40,-119.97546,37.28365,e4c8aa24-e396-46d1-ae6e-bc9c7889967a,https://www.fire.ca.gov/incidents/2018/7/19/ben-fire/,2019-01-04T09:39:00Z,1/4/2019,7/19/2018
Cinnamon Fire,2019-01-04T09:39:00Z,2018-07-20T13:07:00Z,CAL FIRE San Diego Unit,San Diego,"Old Julian Way & Cinnamon Rock Rd, east of Ramona",13,-116.78928,33.04898,05fb81ea-7e85-4d0d-9587-64c907a45561,https://www.fire.ca.gov/incidents/2018/7/20/cinnamon-fire/,2019-01-04T09:39:00Z,1/4/2019,7/20/2018
Skyline Fire,2019-01-04T09:39:00Z,2018-07-19T17:22:00Z,Unified Command: CAL FIRE/Riverside County Fire Department and Corona City Fire ,Riverside,"off Skyline Drive and Burrero Way, in an unincorporated county area west of Corona Cit",282,-117.607577,33.836101,022bee6b-1559-4792-a2d2-014d3adfecad,https://www.fire.ca.gov/incidents/2018/7/19/skyline-fire/,2019-01-04T09:39:00Z,1/4/2019,7/19/2018
Highland Fire,2019-01-04T09:38:00Z,2018-07-20T13:26:00Z,CAL FIRE Shasta-Trinity Unit,Shasta,"Highland Ridge Rd & Trinity Mt Rd, French Gulch",63,-122.649626,40.741186,9626db35-9c2a-4431-8c91-00e0bba794fa,https://www.fire.ca.gov/incidents/2018/7/20/highland-fire/,2019-01-04T09:38:00Z,1/4/2019,7/20/2018
Windmill Fire,2019-01-04T09:38:00Z,2018-07-20T14:23:00Z,Santa Barbara County Fire,Santa Barbara,"Highway 246, west of Buellton",110,-120.22298,34.62412,389e3075-51b9-45a8-ab9a-a75b03225c8d,https://www.fire.ca.gov/incidents/2018/7/20/windmill-fire/,2019-01-04T09:38:00Z,1/4/2019,7/20/2018
Carder Fire,2019-10-25T09:45:58Z,2018-07-21T14:40:00Z,CAL FIRE Lake-Napa Unit,Lake,"Adobe Creek Rd & Peterson Ln, Kelseyville",50,-122.86854,38.91152,d7745759-07bd-40a7-a66c-003b174851b2,https://www.fire.ca.gov/incidents/2018/7/21/carder-fire/,2019-01-04T09:38:00Z,1/4/2019,7/21/2018
Rock Fire,2019-01-04T09:38:00Z,2018-07-21T15:50:00Z,CAL FIRE San Luis Obispo Unit,San Luis Obispo,"off Chimney Rock Rd and Gage Irving Rd, south of Lake Nacimiento (San Luis Obispo County)",30,-120.95157,35.68539,5b5274df-2cb7-402e-b002-778cce00ac1d,https://www.fire.ca.gov/incidents/2018/7/21/rock-fire/,2019-01-04T09:38:00Z,1/4/2019,7/21/2018
Mustang Fire,2019-01-04T09:38:00Z,2018-07-21T15:01:00Z,CAL FIRE San Luis Obispo Unit,San Luis Obispo,"Paso Robles Rd & Adelaida Rd, west of Paso Robles",37,-120.71907,35.64917,a710f41c-aa03-41e1-813f-a98812aea01b,https://www.fire.ca.gov/incidents/2018/7/21/mustang-fire/,2019-01-04T09:38:00Z,1/4/2019,7/21/2018
Country Fire,2019-01-04T09:37:00Z,2018-07-22T13:06:00Z,Unified Command: CAL FIRE Santa Clara Unit and Milpitas Fire Department,Santa Clara,County Club Rd & N Park Victoria Rd in Milpitas ,320,-121.88807,37.449425,0dd9bca6-35b9-4a75-8f3b-a5e57e1b90e7,https://www.fire.ca.gov/incidents/2018/7/22/country-fire/,2019-01-04T09:37:00Z,1/4/2019,7/22/2018
Heart Fire,2019-01-04T09:37:00Z,2018-07-21T16:22:00Z,CAL FIRE Mendocino Unit,Mendocino,"Hwy 101 at mile marker 38, west of Redwood Valley (Mendocino County) ",67,-123.258319,39.279833,fb7f7795-ede7-40cc-acf6-3ee6e761d0a9,https://www.fire.ca.gov/incidents/2018/7/21/heart-fire/,2019-01-04T09:37:00Z,1/4/2019,7/21/2018
Horse Creek Fire,2019-01-04T09:39:00Z,2018-07-19T16:25:00Z,Sequoia Kings National Park,Tulare,"Mineral King Rd, Ash Mountain area",34,-118.70443,36.42638,f6693336-817b-4424-8aea-1c966fae5e23,https://www.fire.ca.gov/incidents/2018/7/19/horse-creek-fire/,2019-01-04T09:39:00Z,1/4/2019,7/19/2018
Carr Fire,2022-10-24T10:31:23Z,2018-07-23T13:15:00Z,"Unified Command: CAL FIRE Shasta-Trinity Unit, US Forest Service and NPS Whiskeytown National Recreation Area","Shasta, Trinity","Hwy 299 and Carr Powerhouse Rd, Whiskeytown",229651,-122.62357,40.65428,240b1f55-0f4e-448d-a4ce-3ecfec7a6c9d,https://www.fire.ca.gov/incidents/2018/7/23/carr-fire/,2018-08-30T09:37:00Z,8/30/2018,7/23/2018
Pico Fire,2019-01-04T09:37:00Z,2018-07-23T12:55:00Z,Los Angeles County Fire Department ,Los Angeles,"off West Pico Canyon Rd and Potrero Canyon Rd, Stevenson Ranch area",128,-118.60441,34.38039,6e0b516c-9da1-4ff7-a0ce-3251b2cbabb9,https://www.fire.ca.gov/incidents/2018/7/23/pico-fire/,2019-01-04T09:37:00Z,1/4/2019,7/23/2018
Martinez Fire,2019-01-04T09:36:00Z,2018-07-23T14:55:00Z,CAL FIRE Riverside County Fire,Riverside,"Off Martinez Road & Avenue 66, Thermal",40,-116.154398,33.56921,e18c9556-706f-4bb7-b908-e7b44293923d,https://www.fire.ca.gov/incidents/2018/7/23/martinez-fire/,2019-01-04T09:36:00Z,1/4/2019,7/23/2018
Ridge Fire,2019-01-04T09:11:00Z,2018-09-02T14:02:00Z,CAL FIRE Sonoma-Lake-Napa Unit,Lake,"Highland Springs Rd & Old Toll Rd, Kelseyville",36,-122.97222,38.981389,9b9b6d81-9590-48a0-a750-fc7da05bfecc,https://www.fire.ca.gov/incidents/2018/9/2/ridge-fire/,2019-01-04T09:11:00Z,1/4/2019,9/2/2018
Crestline Fire,2019-01-04T09:36:00Z,2018-07-24T15:24:00Z,CAL FIRE Shasta-Trinity Unit,Shasta,"Crest Line Dr and Hunt Rd, Montgomery Creek, west of Burney",51,-121.90215,40.824,2fdf2c14-77b4-458c-96fc-bd883dec3ad3,https://www.fire.ca.gov/incidents/2018/7/24/crestline-fire/,2019-01-04T09:36:00Z,1/4/2019,7/24/2018
Roxie Fire (Formerly 1-1 Fire),2019-01-04T09:35:00Z,2018-07-24T16:02:00Z,CAL FIRE Lassen-Modoc Unit / Lassen National Forest,Lassen,"Roxie Peconom Campground, west of Willard Cr, 10 mi west of Susanville",167,-120.82497,40.34822,a18ed51c-1083-4f48-ab1b-6ae0c5454073,https://www.fire.ca.gov/incidents/2018/7/24/roxie-fire-formerly-1-1-fire/,2019-01-04T09:35:00Z,1/4/2019,7/24/2018
Church Fire,2019-01-04T09:33:00Z,2018-07-25T16:14:00Z,CAL FIRE Santa Clara Unit,Santa Clara,"Monterey Road and Church Ave, San Martin",20,-121.600023,37.07793,655b2bde-09c6-43b8-9cdb-43096bcf1155,https://www.fire.ca.gov/incidents/2018/7/25/church-fire/,2019-01-04T09:33:00Z,1/4/2019,7/25/2018
Marsh Fire,2019-10-25T09:49:20Z,2018-07-25T14:41:00Z,Unified Command: CAL FIRE Santa Clara Unit & East Contra Costa Fire,Contra Costa,"Marsh Creek Rd and  Bragdon way, east of Mount Diablo ",247,-121.85847,37.89612,df681456-a50e-4400-a95a-77533a0978ba,https://www.fire.ca.gov/incidents/2018/7/25/marsh-fire/,2019-01-04T09:34:00Z,1/4/2019,7/25/2018
Hidden Fire,2019-01-04T09:35:00Z,2018-07-25T14:11:00Z,CAL FIRE San Benito-Monterey Unit,San Benito,"Hidden Valley Rd & Cienega Rd, south of Hollister",39,-121.40604,36.796,708b3dde-3f1a-4813-8501-8a52bf3b1d9c,https://www.fire.ca.gov/incidents/2018/7/25/hidden-fire/,2019-01-04T09:35:00Z,1/4/2019,7/25/2018
Patterson Fire,2019-01-04T09:34:00Z,2018-07-25T16:05:00Z,CAL FIRE Santa Clara Unit,Alameda,"Patterson Pass Road and Midway Rd, Altamont ",34,-121.55604,37.71173,f306893c-d6b5-4d68-a2a3-4a306822e041,https://www.fire.ca.gov/incidents/2018/7/25/patterson-fire/,2019-01-04T09:34:00Z,1/4/2019,7/25/2018
Western Fire,2019-01-04T09:26:00Z,2018-08-01T15:53:00Z,CAL FIRE Mendocino Unit,Mendocino,"Off Highway 101, south of Hopland",106,-123.0496,38.8802,9d63cbd8-7dbf-4b2d-918d-036e3a282d2d,https://www.fire.ca.gov/incidents/2018/8/1/western-fire/,2019-01-04T09:26:00Z,1/4/2019,8/1/2018
Pasqual Fire,2019-01-04T09:32:00Z,2018-07-27T13:28:00Z,Unified Command: CAL FIRE San Diego County Fire Authority and San Diego County Fire ,San Diego,"San Pasqual Valley Rd, west of Ramona",365,-116.91845,33.07892,2b56b06d-46d6-43f2-b474-2598dd163e82,https://www.fire.ca.gov/incidents/2018/7/27/pasqual-fire/,2019-01-04T09:32:00Z,1/4/2019,7/27/2018
Ribbon Fire,2019-01-04T09:33:00Z,2018-07-26T10:12:00Z,Bureau of Indian Affairs - CAL FIRE / Riverside County Fire,Riverside,Highway 74 and Ribbonwood Dr. near Pinyon,205,-116.500058,33.571763,1f942827-c242-49a1-bccd-f2375be91ad9,https://www.fire.ca.gov/incidents/2018/7/26/ribbon-fire/,2019-01-04T09:33:00Z,1/4/2019,7/26/2018
Parrots Fire,2019-01-04T09:24:00Z,2018-08-05T04:19:00Z,CAL FIRE Tuolumne-Calaveras Unit,Calaveras,"Parrots Ferry Rd x Camp 9 Rd, South of the community of Vallecito",136,-120.46078,38.08424,190306eb-357b-40d2-9871-92cdd8784332,https://www.fire.ca.gov/incidents/2018/8/5/parrots-fire/,2019-01-04T09:24:00Z,1/4/2019,8/5/2018
Wagner Fire,2019-10-25T10:10:14Z,2018-08-04T13:57:00Z,CAL FIRE Madera-Mariposa-Merced ,Mariposa,"Texas Hill Rd and Bondurant Mine Rd, east of Coulterville",22,-120.0545,37.69965,deb9364c-ab73-4661-b287-2ffc1797296e,https://www.fire.ca.gov/incidents/2018/8/4/wagner-fire/,2019-01-04T09:24:00Z,1/4/2019,8/4/2018
Creek Fire,2019-01-04T09:25:00Z,2018-08-04T17:32:00Z,CAL FIRE Santa Clara Unit,Alameda,"Welch Creek Rd and Geary Rd., southeast of Sunol",30,-121.79733,37.533026,6bc7ef6f-2d81-4bdc-ab41-9db6af9d4abb,https://www.fire.ca.gov/incidents/2018/8/4/creek-fire/,2019-01-04T09:25:00Z,1/4/2019,8/4/2018
Tarina Fire,2022-10-24T10:29:19Z,2018-08-03T14:48:00Z,Kern County Fire Department,Kern,"Breckenridge Rd & Comanche Dr, east of Bakersfield",3156,-118.83556,35.37444,676aa48b-d962-4026-a354-db047f14233f,https://www.fire.ca.gov/incidents/2018/8/3/tarina-fire/,2019-01-04T09:26:00Z,1/4/2019,8/3/2018
Ranch Fire (Mendocino Complex),2022-10-24T10:23:14Z,2018-07-27T12:05:00Z,USFS Mendocino National Forest ,"Colusa, Mendocino, Glenn, Lake","off Highway 20 near Potter Valley, northeast of Ukiah ",410203,-123.103367,39.243283,90b0daf7-5d84-42d9-bb35-bb78d4faf950,https://www.fire.ca.gov/incidents/2018/7/27/ranch-fire-mendocino-complex/,2019-01-04T09:33:00Z,1/4/2019,7/27/2018
Balch Fire,2019-01-04T09:33:00Z,2018-07-27T12:14:00Z,CAL FIRE Tulare Unit,Tulare,"off Balch Park Road and Yokohl Drive, northeast of Porterville",100,-118.82989,36.21634,e775e724-0a1b-4156-a477-623031c09b0e,https://www.fire.ca.gov/incidents/2018/7/27/balch-fire/,2019-01-04T09:33:00Z,1/4/2019,7/27/2018
River Fire (Mendocino Complex),2022-10-24T10:22:31Z,2018-07-27T13:01:00Z,Unified command: CAL FIRE Mendocino Unit and USFS Mendocino National Forest ,"Colusa, Lake, Mendocino","Old River Rd, near Mile Marker Post 7.9, Hopland ",48920,-123.11971,39.04786,af30fe23-6cfd-4fd6-b2d9-91648eeae814,https://www.fire.ca.gov/incidents/2018/7/27/river-fire-mendocino-complex/,2019-01-04T09:18:00Z,1/4/2019,7/27/2018
Breckenridge Fire,2019-01-04T09:32:00Z,2018-07-27T16:12:00Z,Kern County Fire Department,Kern,"off Breckenridge Road and Tarina Ct, east of Bakersfield",993,-118.817934,35.387408,53a9be88-6d10-483e-8dc7-59cb84326ab8,https://www.fire.ca.gov/incidents/2018/7/27/breckenridge-fire/,2019-01-04T09:32:00Z,1/4/2019,7/27/2018
Whaleback Fire,2019-01-04T09:32:00Z,2018-07-27T13:32:00Z,Unified Command: CAL FIRE and USFS Lassen National Forest,Lassen,"off Whaleback Mountain and Antelope Valley Road, West of Spaulding",18703,-120.868091,40.633536,684ded31-5a60-4c05-bbdb-2fb913ca0041,https://www.fire.ca.gov/incidents/2018/7/27/whaleback-fire/,2019-01-04T09:32:00Z,1/4/2019,7/27/2018
Donnell Fire,2019-01-04T09:26:00Z,2018-08-01T17:48:00Z,Stanislaus National Forest,Tuolumne,"Near Hwy 108, Donnell Lake area in the Carson Iceburg Wilderness",36450,-119.929,38.349,c62fc5e2-2340-49b7-b3d8-b883a266827f,https://www.fire.ca.gov/incidents/2018/8/1/donnell-fire/,2019-01-04T09:26:00Z,1/4/2019,8/1/2018
Owens Fire,2019-01-04T09:29:00Z,2018-07-31T15:07:00Z,Inyo National Forest,Inyo,"Owens River Rd & Indiana Summit Rd, north of Mammoth Lakes",338,-118.970443,37.735461,574b0b35-4c66-44ac-8797-3eadf09e495d,https://www.fire.ca.gov/incidents/2018/7/31/owens-fire/,2019-01-04T09:29:00Z,1/4/2019,7/31/2018
Sobrante Fire,2019-01-04T09:30:00Z,2018-07-28T15:38:00Z,CAL FIRE Riverside Coounty,Riverside,"El Sobrante Road at McAllister Street, Lake Matthews",30,-117.43521,33.85852,45845135-0abc-4964-9038-db1e26fa9b22,https://www.fire.ca.gov/incidents/2018/7/28/sobrante-fire/,2019-01-04T09:30:00Z,1/4/2019,7/28/2018
Rock Fire,2019-01-04T09:31:00Z,2018-07-28T15:14:00Z,CAL FIRE San Diego Fire Authority,San Diego,Rock Mountain Dr. and Sandia Creek Dr. in the community of Fallbrook. ,207,-117.24044,33.41476,e3406861-3e7f-4a4b-b16d-6004f3edc5e6,https://www.fire.ca.gov/incidents/2018/7/28/rock-fire/,2019-01-04T09:31:00Z,1/4/2019,7/28/2018
Butte Fire,2019-01-04T09:28:00Z,2018-07-31T17:34:00Z,Sutter County Fire Protection District,Sutter,"Pass Road and W Butte Road, 9 miles northwest of Yuba City ",1200,-121.792885,39.186144,ea58640a-7837-4d93-a145-96e48b7df8ee,https://www.fire.ca.gov/incidents/2018/7/31/butte-fire/,2019-01-04T09:28:00Z,1/4/2019,7/31/2018
Steele Fire,2019-10-25T10:08:47Z,2018-07-28T16:30:00Z,CAL FIRE Sonoma-Lake-Napa Unit,Napa,"off Arroyo Grande Drive and Steele Canyon Road, Capell",135,-122.18353,38.51943,2410754e-b988-4f4f-b7ee-21f954c2bbf2,https://www.fire.ca.gov/incidents/2018/7/28/steele-fire/,2019-01-04T09:30:00Z,1/4/2019,7/28/2018
Eel Fire,2019-01-04T09:29:00Z,2018-07-31T15:28:00Z,USFS Mendocino National Forest,Mendocino,"off Indian Dick Road and Mendocino Pass Road, east of Covelo",972,-123.08489,39.82877,fa745e18-be7a-42e0-b3c7-30333ddcf3aa,https://www.fire.ca.gov/incidents/2018/7/31/eel-fire/,2019-01-04T09:29:00Z,1/4/2019,7/31/2018
Corner Fire,2019-01-04T09:29:00Z,2018-07-29T16:22:00Z,CAL FIRE Shasta-Trinity Unit,Shasta,"Hwy 299 E & Hwy 89, east of Burney",35,-121.6002,40.95673,46f35b6b-9c64-41e3-a7e2-f76dc6719145,https://www.fire.ca.gov/incidents/2018/7/29/corner-fire/,2019-01-04T09:29:00Z,1/4/2019,7/29/2018
Reservoir Fire,2019-01-04T09:04:00Z,2018-09-16T08:34:00Z,CAL FIRE San Luis Obispo Unit,San Luis Obispo,"off Reservoir Canyon Road and Highway 101, east of San Luis Obispo",51,-120.64398,35.30151,6832f18a-6515-4436-bf3b-553bf6302de4,https://www.fire.ca.gov/incidents/2018/9/16/reservoir-fire/,2019-01-04T09:04:00Z,1/4/2019,9/16/2018
Casner Fire,2019-01-04T09:24:00Z,2018-08-06T10:31:00Z,CAL FIRE San Diego Unit,San Diego,"off Old Julian Highway and Creek Hollow, west of Ramona",14,-116.77154,33.05737,775494c3-ae61-40aa-82b0-667a3ddcbdcc,https://www.fire.ca.gov/incidents/2018/8/6/casner-fire/,2019-01-04T09:24:00Z,1/4/2019,8/6/2018
Bumper Fire,2019-01-04T09:28:00Z,2018-08-01T13:57:00Z,CAL FIRE Amador - El Dorado Unit,El Dorado,"Bumper Rd & China Hill Rd, east of Frenchtown",67,-120.874167,38.645,d8de1c4a-9b2c-46ad-aab4-3b2012571e4a,https://www.fire.ca.gov/incidents/2018/8/1/bumper-fire/,2019-01-04T09:28:00Z,1/4/2019,8/1/2018
Omega Fire,2019-10-25T10:09:32Z,2018-08-01T14:40:00Z,CAL FIRE Amador - El Dorado Unit,El Dorado,"off Omega Lane and Alpha Circle, west of Pilot Hill",66,-121.03918,38.82128,6e4ecf7a-2864-4fc6-85cb-9b2a0ac324df,https://www.fire.ca.gov/incidents/2018/8/1/omega-fire/,2019-01-04T09:27:00Z,1/4/2019,8/1/2018
Sunset Fire,2022-10-24T10:28:36Z,2018-08-01T13:11:00Z,CAL FIRE Nevada-Yuba-Placer Unit,Placer,"off Sunset Blvd. West and South Brewer Rd, northwest of Roseville",695,-121.451307,38.82426,4f3f4f66-871c-4d50-bd3f-f641210552c9,https://www.fire.ca.gov/incidents/2018/8/1/sunset-fire/,2019-01-04T09:28:00Z,1/4/2019,8/1/2018
Turkey Fire,2019-01-04T09:23:00Z,2018-08-06T12:59:00Z,CAL FIRE San Benito-Monterey Unit,Monterey,"near Highway 46 and Turkey Flats, near Parkfield",2225,-120.343056,35.847778,c7152819-8f07-489c-a219-b58bed82733e,https://www.fire.ca.gov/incidents/2018/8/6/turkey-fire/,2019-01-04T09:23:00Z,1/4/2019,8/6/2018
Holy Fire,2019-10-25T10:12:42Z,2018-08-06T13:20:00Z,Cleveland National Forest,Orange,"Holy Jim Canyon, west of N. Main Divide",23136,-117.52055,33.69888,5b9e5ea7-1f63-46dd-aabd-8cf407c6f4ba,https://www.fire.ca.gov/incidents/2018/8/6/holy-fire/,2019-01-04T09:23:00Z,1/4/2019,8/6/2018
Terra Fire,2019-01-04T09:23:00Z,2018-08-06T14:19:00Z,CAL FIRE/Riverside County Fire Department,Riverside,"off Terramor Road and Temescal Canyon Road, community of Temescal Valley",35,-117.460278,33.759722,dd114f40-6fcb-487b-931e-7a9107371daa,https://www.fire.ca.gov/incidents/2018/8/6/terra-fire/,2019-01-04T09:23:00Z,1/4/2019,8/6/2018
South Fire,2019-01-04T09:23:00Z,2018-08-06T16:26:00Z,CAL FIRE Tuolumne-Calaveras Unit,Calaveras,"Near Milton Road and South Gulch Road, Rancho Calaveras",290,-120.872244,38.061298,a1e73f5c-68e2-4109-b741-046eb7349265,https://www.fire.ca.gov/incidents/2018/8/6/south-fire/,2019-01-04T09:23:00Z,1/4/2019,8/6/2018
Murphy Fire,2019-01-04T09:22:00Z,2018-08-07T02:11:00Z,USFS Plumas National Forest ,Plumas,"off Hwy 70 near Chips Creek, west of Belden",117,-121.27,39.996944,b9f703f7-18bb-4845-a480-ce7d63b5f57a,https://www.fire.ca.gov/incidents/2018/8/7/murphy-fire/,2019-01-04T09:22:00Z,1/4/2019,8/7/2018
Five Fire,2019-01-04T09:23:00Z,2018-08-06T17:29:00Z,Kings County Fire Department,Kings,"off Interstate 5 and Milham Rd, Kettleman Hills area",2995,-119.98329,35.97896,0ba9a90d-6615-4fa8-9a10-3efb660437ca,https://www.fire.ca.gov/incidents/2018/8/6/five-fire/,2019-01-04T09:23:00Z,1/4/2019,8/6/2018
Bridge Fire,2019-01-04T09:22:00Z,1969-12-31T16:00:00Z,Marin County Fire,Marin,"Platform Bridge Rd. and Point Reyes Station, northeast of Olema ",45,-122.76751,38.07135,49232e73-c3ba-4dc3-b673-b973a918fa7c,https://www.fire.ca.gov/incidents/2018/12/31/bridge-fire/,2019-01-04T09:22:00Z,1/4/2019,12/31/1969
Pine Fire,2019-01-04T09:17:00Z,2018-08-16T16:06:00Z,Kern County Fire ,Kern,"off Pine Mountain Road and Granite Road, north of Bakersfield",114,-118.8013889,35.56888889,471980a3-9ffb-4b1f-8e51-eabb9736b51b,https://www.fire.ca.gov/incidents/2018/8/16/pine-fire/,2019-01-04T09:17:00Z,1/4/2019,8/16/2018
Hirz Fire,2019-01-04T09:21:00Z,2018-08-09T01:55:00Z,USFS Shasta-Trinity National Forest,Shasta,"off Gilman and Moore Creek Campground, east of Lakehead ",46150,-122.219,40.896,cb647b06-1772-4d65-8087-0b841fcfb502,https://www.fire.ca.gov/incidents/2018/8/9/hirz-fire/,2019-01-04T09:21:00Z,1/4/2019,8/9/2018
Land Fire,2019-01-04T09:15:00Z,2018-08-22T13:45:00Z,CAL FIRE / Riverside County Fire,Riverside,"Hwy 60 and Jack Rabbit Trail, Beaumont",23,-117.066643,33.946896,f81830b2-ece2-4f59-87c7-fd43193bd996,https://www.fire.ca.gov/incidents/2018/8/22/land-fire/,2019-01-04T09:15:00Z,1/4/2019,8/22/2018
Rangeland Fire,2019-01-04T09:21:00Z,2018-08-09T13:09:00Z,CAL FIRE San Diego Unit,San Diego,off Rangeland Road and Highway 78 in Ramona,250,-116.902985,33.076239,8dddf572-84de-4b20-b740-f5c7847cec3b,https://www.fire.ca.gov/incidents/2018/8/9/rangeland-fire/,2019-01-04T09:21:00Z,1/4/2019,8/9/2018
Hat Fire,2019-01-04T09:21:00Z,2018-08-09T14:34:00Z,CAL FIRE Shasta-Trinity Unit,Shasta,"Hwy 299 east and Fish Hatchery rd, northeast of Burney ",1900,-121.52225,40.99344,ce93c72c-eb9c-4176-a2b6-7750a4a6bb20,https://www.fire.ca.gov/incidents/2018/8/9/hat-fire/,2019-01-04T09:21:00Z,1/4/2019,8/9/2018
Syar Fire,2019-01-04T09:20:00Z,2018-08-09T14:21:00Z,CAL FIRE Sonoma-Lake Napa Unit,Napa,Napa Vallejo Highway and Syar Industrial Way,10,-122.26389,38.27229,1bdf7030-adc6-442f-ab31-d182e53b4a73,https://www.fire.ca.gov/incidents/2018/8/9/syar-fire/,2019-01-04T09:20:00Z,1/4/2019,8/9/2018
Alhambra Fire,2019-01-04T09:17:00Z,2018-08-17T19:19:00Z,Contra Costa County Fire,Contra Costa,"off Highway 4 and Alhambra Ave, Martinez",30,-122.14097,37.99618,f012f0ea-4102-47dc-9c6d-609ebac85142,https://www.fire.ca.gov/incidents/2018/8/17/alhambra-fire/,2019-01-04T09:17:00Z,1/4/2019,8/17/2018
Snell Fire,2019-01-04T09:06:00Z,2018-09-08T14:29:00Z,CAL FIRE Sonoma-Lake-Napa Unit,Napa,"off Butts Canyon Rd and Snell Valley Rd, southeast of Middletown",2490,-122.44468,38.69601,db2344ac-f195-4f94-8999-e8c8ebb4a7a2,https://www.fire.ca.gov/incidents/2018/9/8/snell-fire/,2019-01-04T09:06:00Z,1/4/2019,9/8/2018
Nelson Fire,2022-10-24T10:23:54Z,2018-08-10T16:57:00Z,"Unified Command: CAL FIRE Sonoma-Lake-Napa Unit, Solano County Fire",Solano,"Nelson Rd and Cherry Glen Rd, Vacaville",2162,-122.043747,38.431278,2ce8de99-7e66-4de8-9426-48a4fc8500ac,https://www.fire.ca.gov/incidents/2018/8/10/nelson-fire/,2019-01-04T09:20:00Z,1/4/2019,8/10/2018
Marcel Fire,2019-01-04T09:16:00Z,2018-08-17T18:47:00Z,Kern County Fire ,Kern,"off Marcel Drive and Woodford-Tehachapi Road, west of Tehachapi",34,-118.51651,35.17156,b03ec37e-8596-4e7e-8826-729957a794f8,https://www.fire.ca.gov/incidents/2018/8/17/marcel-fire/,2019-01-04T09:16:00Z,1/4/2019,8/17/2018
Oak Fire,2019-01-04T09:19:00Z,2018-08-12T14:20:00Z,CAL FIRE Nevada-Yuba-Placer Unit,Nevada,"off Oak Lane and Buck Mountain Road, south of Grass Valley",16,-121.07039,39.10494,b2695350-87ea-49f4-a579-ce0c4cf7f926,https://www.fire.ca.gov/incidents/2018/8/12/oak-fire/,2019-01-04T09:19:00Z,1/4/2019,8/12/2018
Cloverdale Fire,2019-01-04T09:19:00Z,2018-08-13T14:58:00Z, San Diego Fire-Rescue Department,San Diego,"off San Pasqual Valley Rd, near Escondido.",100,-117.0242529,33.0971179,791a3a00-2c51-4679-b4b7-27cc77ec699d,https://www.fire.ca.gov/incidents/2018/8/13/cloverdale-fire/,2019-01-04T09:19:00Z,1/4/2019,8/13/2018
Gulch Fire,2022-10-24T10:29:42Z,2018-08-11T14:12:00Z,CAL FIRE San Benito-Monterey Unit,Monterey,"Dead Mans Gulch Rd and Sargents Rd, south of San Ardo",700,-120.82226,36.00912,3bb731cc-eb21-421f-b5f5-4949346dc316,https://www.fire.ca.gov/incidents/2018/8/11/gulch-fire/,2019-01-04T09:20:00Z,1/4/2019,8/11/2018
River Fire,2022-10-24T10:30:03Z,2018-08-15T17:14:00Z,CAL FIRE Tulare Unit,Tulare,"Old Stage Rd and White River Rd, southeast of Porterville",496,-118.7393,35.79012,b83feee5-a799-4481-bd25-1d4cc3befd7d,https://www.fire.ca.gov/incidents/2018/8/15/river-fire/,2019-01-04T09:19:00Z,1/4/2019,8/15/2018
Stone Fire,2019-01-04T09:20:00Z,2018-08-15T18:05:00Z,Modoc National Forest,Modoc,"Big Canyon, 10 miles SW of Canby",39387,-121.04386,41.38544,58e6dde2-eeae-4a9e-be1e-bfd654d4405b,https://www.fire.ca.gov/incidents/2018/8/15/stone-fire/,2019-01-04T09:20:00Z,1/4/2019,8/15/2018
Castro Fire,2019-01-04T09:14:00Z,2018-08-26T14:23:00Z,CAL FIRE Santa Clara Unit,Alameda,"I 580 and Paloverde Rd., Castro Valley",48,-122.02805,37.69926,a2fbfcae-d658-41f4-88c6-98239d08ff29,https://www.fire.ca.gov/incidents/2018/8/26/castro-fire/,2019-01-04T09:14:00Z,1/4/2019,8/26/2018
Call Fire,2019-01-04T09:16:00Z,2018-08-18T15:17:00Z,USFS Sequoia National Forest,Kern,"off Cow Flat Road and Highway 178, west of Lake Isabella",367,-118.6525,35.51777778,5eab06a3-5deb-4934-98a7-7c42eb86cbf9,https://www.fire.ca.gov/incidents/2018/8/18/call-fire/,2019-01-04T09:16:00Z,1/4/2019,8/18/2018
Gorge Fire,2019-01-04T09:16:00Z,2018-08-19T07:32:00Z,CAL FIRE Shasta-Trinity Unit,Shasta,"off Highway 36 west and Beegum Gorge road, Platina area",155,-122.8905556,40.36888889,5dbbbc9f-deec-4c33-a172-19614492d860,https://www.fire.ca.gov/incidents/2018/8/19/gorge-fire/,2019-01-04T09:16:00Z,1/4/2019,8/19/2018
Front Fire,2019-01-04T09:16:00Z,2018-08-19T13:37:00Z,USFS Los Padres National Forest,Santa Barbara,off Highway 166 and Sierra Madre Road,1014,-120.0922222,35.11416667,8dd81979-48ba-48db-bb24-e4f1bf85d262,https://www.fire.ca.gov/incidents/2018/8/19/front-fire/,2019-01-04T09:16:00Z,1/4/2019,8/19/2018
Keller Fire,2019-01-04T09:16:00Z,2018-08-19T15:55:00Z,CAL FIRE/Riverside County Fire Department,Riverside,off Scenic View Drive and Keller Road,10,-117.171731,33.627006,23f8d2d9-0e9e-4f07-b830-8c02cf74b5d0,https://www.fire.ca.gov/incidents/2018/8/19/keller-fire/,2019-01-04T09:16:00Z,1/4/2019,8/19/2018
Eastman Fire,2019-01-04T09:15:00Z,2018-08-23T15:40:00Z,CAL FIRE Madera-Mariposa-Merced Unit,Madera,"Road 29 & Road 607, southwest of Eastman Lake",289,-120.002619,37.197039,eeb859ef-dc44-48e2-a2d7-dce44bc47d01,https://www.fire.ca.gov/incidents/2018/8/23/eastman-fire/,2019-01-04T09:15:00Z,1/4/2019,8/23/2018
Country Fire,2019-01-04T09:15:00Z,2018-08-25T11:58:00Z,CAL FIRE / Riverside County Fire,Riverside,off High Country Drive in Moreno Valley,32,-117.20534,33.97902,2bdeaf01-fe98-4f63-b2e8-4857815bc87c,https://www.fire.ca.gov/incidents/2018/8/25/country-fire/,2019-01-04T09:15:00Z,1/4/2019,8/25/2018
Redinger Fire,2019-01-04T09:13:00Z,2018-08-27T23:19:00Z,USFS Sierra National Forest ,Madera,"Mammoth Road, 29 miles north of Clovis",88,-119.431667,37.179167,f6555118-f01e-4524-a14d-e01303a482db,https://www.fire.ca.gov/incidents/2018/8/27/redinger-fire/,2019-01-04T09:13:00Z,1/4/2019,8/27/2018
Cache Fire,2019-01-04T09:14:00Z,2018-08-26T18:04:00Z,CAL FIRE Sonoma-Lake-Napa Unit,Lake,"Hwy 20 and New Long Valley Rd, Clear Lake Oaks          ",103,-122.57496,39.02017,ef9c8f82-8607-4c53-9bdd-5196e6a1071c,https://www.fire.ca.gov/incidents/2018/8/26/cache-fire/,2019-01-04T09:14:00Z,1/4/2019,8/26/2018
Winchester Fire,2019-01-04T09:13:00Z,2018-08-27T10:49:00Z,CAL FIRE / Riverside County Fire,Riverside,"Hidden Falls Road, Winchester",36,-117.085354,33.640051,e69be637-e9e9-4964-96ed-4d6a1a1c159d,https://www.fire.ca.gov/incidents/2018/8/27/winchester-fire/,2019-01-04T09:13:00Z,1/4/2019,8/27/2018
Fork Fire,2019-01-04T09:05:00Z,2018-09-09T12:10:00Z,Angeles National Forest,Los Angeles,"East Fork Rd & San Gabriel Canyon Rd, Azusa",166,-117.846111,34.2325,9bffc947-2f15-4486-98df-9a632b2038a7,https://www.fire.ca.gov/incidents/2018/9/9/fork-fire/,2019-01-04T09:05:00Z,1/4/2019,9/9/2018
Grade Fire,2019-01-04T09:12:00Z,2018-08-30T15:44:00Z,CAL FIRE Sonoma-Lake-Napa Unit,Lake,"off Knoxville Road and Knoxville Devilhead Road, Knoxville",60,-122.3625,38.8275,c203606a-d2eb-4ba2-97cc-2ee7403432b1,https://www.fire.ca.gov/incidents/2018/8/30/grade-fire/,2019-01-04T09:12:00Z,1/4/2019,8/30/2018
Ogilvy Fire,2019-01-04T09:12:00Z,2018-09-01T14:22:00Z,Los Padres National Forest,Santa Barbara,"Pie Canyon Rd and Mono-Alamar Rd, NE of Gibraltar Reservoir",172,-119.61416,34.576944,c9001401-a2b0-4cae-9e03-e60509342a53,https://www.fire.ca.gov/incidents/2018/9/1/ogilvy-fire/,2019-01-04T09:12:00Z,1/4/2019,9/1/2018
Essex Fire,2019-01-04T09:11:00Z,2018-09-02T14:53:00Z,Modoc National Forest,Modoc,"East of Essex Reservoir, northeast of Canby.",15,-120.72362,41.52123,e9d48e43-940e-4151-9ffb-20881d03c151,https://www.fire.ca.gov/incidents/2018/9/2/essex-fire/,2019-01-04T09:11:00Z,1/4/2019,9/2/2018
Sterling,2019-01-04T09:12:00Z,2018-08-31T17:58:00Z,San Bernardino National Forest/San Bernardino County Fire,San Bernardino,"Sterling Ave and Foothill Dr, City of San Bernardino",125,-117.244366,34.15475,0683b4a7-6a8c-4339-abc1-dfbe64dcb5a1,https://www.fire.ca.gov/incidents/2018/8/31/sterling/,2019-01-04T09:12:00Z,1/4/2019,8/31/2018
Delta Fire,2019-10-25T10:17:21Z,2018-09-05T12:51:00Z,USFS Shasta-Trinity National Forest,"Shasta, Trinity","I-5 and Lamoine, 2 miles NW of Lakehead ",63311,-122.43,40.9425,ba818380-4001-46a2-ac04-d5f322cdf3b9,https://www.fire.ca.gov/incidents/2018/9/5/delta-fire/,2019-01-04T09:07:00Z,1/4/2019,9/5/2018
Kelsey Fire,2019-01-04T09:11:00Z,2018-09-03T13:58:00Z,CAL FIRE Sonoma-Lake-Napa Unit,Lake,"Kelsey Creek Rd & Conklin Ln, Kelseyville",24,-122.85276,38.91842,1a3ccacd-e743-4a0b-97ab-4d99a133654e,https://www.fire.ca.gov/incidents/2018/9/3/kelsey-fire/,2019-01-04T09:11:00Z,1/4/2019,9/3/2018
North Fire,2019-01-04T09:10:00Z,2018-09-03T16:38:00Z,Tahoe National Forest,Placer,"North Fork Campground, south of Emigrant Gap",1120,-120.658333,39.268611,d8235a76-7b43-4e23-8f60-dc308c250fab,https://www.fire.ca.gov/incidents/2018/9/3/north-fire/,2019-01-04T09:10:00Z,1/4/2019,9/3/2018
Sliger Fire,2019-01-04T09:09:00Z,2018-09-04T15:03:00Z,CAL FIRE Amador-El Dorado Unit,El Dorado,"Sliger Mine Rd and Hida Way, northwest of Georgetown",150,-120.92611,38.94388,94e0a869-04f6-4265-9c1f-c53fbdde98ad,https://www.fire.ca.gov/incidents/2018/9/4/sliger-fire/,2019-01-04T09:09:00Z,1/4/2019,9/4/2018
Ranchera Fire,2019-01-04T09:08:00Z,2018-09-04T14:43:00Z,Shasta Lake Fire Protection District,Shasta,"Ranchera Road and Hill Boulevard, Shasta Lake City",13,-122.400556,40.678889,20b57ee7-b0b7-47db-8a12-e5fcdb114459,https://www.fire.ca.gov/incidents/2018/9/4/ranchera-fire/,2019-01-04T09:08:00Z,1/4/2019,9/4/2018
Tulloch Fire,2019-01-04T09:06:00Z,2018-09-08T13:34:00Z,CAL FIRE Tuolumne-Calaveras Unit,Tuolumne,"Hwy 108 and Tulloch Road, east of Oakdale",573,-120.61746,37.83388,849ad1a0-472b-4cc6-a513-030491fa1ffb,https://www.fire.ca.gov/incidents/2018/9/8/tulloch-fire/,2019-01-04T09:06:00Z,1/4/2019,9/8/2018
Kerlin Fire,2019-01-04T09:08:00Z,2018-09-04T15:20:00Z,Shasta-Trinity National Forest,Trinity,"Kerlin Creek, west of Hyampom",1751,-123.52019,40.616251,3506eaf5-e815-4a7f-9c52-816fe5eee7d5,https://www.fire.ca.gov/incidents/2018/9/4/kerlin-fire/,2019-01-04T09:08:00Z,1/4/2019,9/4/2018
Boot Fire,2019-01-04T09:09:00Z,2018-09-04T14:26:00Z,Humboldt-Toiyabe National Forest,Mono,"Hwy 395 & Hwy 108, Sonora Junction",6974,-119.45186,38.347395,a81f5149-5ac2-48de-a189-609e46f5fad8,https://www.fire.ca.gov/incidents/2018/9/4/boot-fire/,2019-01-04T09:09:00Z,1/4/2019,9/4/2018
Metz Fire,2022-10-24T10:30:18Z,2018-09-13T15:37:00Z,CAL FIRE San Benito-Monterey Unit,Monterey,"Metz Road and Topo Road, east of Greenfield",411,-121.1563,36.35502,7fc0b9c8-dec7-430d-9790-1bbebae404eb,https://www.fire.ca.gov/incidents/2018/9/13/metz-fire/,2019-01-04T09:04:00Z,1/4/2019,9/13/2018
Irving Fire,2019-01-04T09:05:00Z,2018-09-10T19:00:00Z,Marin County Fire,Marin,"Samuel P Taylor State Park, northwest of the Community of Lagunitas",152,-122.727,38.02447,65689d5f-910c-4e00-9bf3-e5626cd1361c,https://www.fire.ca.gov/incidents/2018/9/10/irving-fire/,2019-01-04T09:05:00Z,1/4/2019,9/10/2018
Water Fire,2019-01-04T09:06:00Z,2018-09-12T11:25:00Z,Kern County Fire,Kern,"southbound I-5, south of Grapevine Rd.",200,-118.92485,34.91482,f694c74c-adad-459c-b357-4cd2f10f16df,https://www.fire.ca.gov/incidents/2018/9/12/water-fire/,2019-01-04T09:06:00Z,1/4/2019,9/12/2018
Soboba Fire,2019-01-04T09:04:00Z,2018-09-14T19:32:00Z,Soboba Fire Department,Riverside,"off Soboba Rd. San Jacinto, northeast of San Jacinto City, Soboba ",25,-116.93188,33.80406,d5885e9d-1310-4f84-a658-d972d17ecad9,https://www.fire.ca.gov/incidents/2018/9/14/soboba-fire/,2019-01-04T09:04:00Z,1/4/2019,9/14/2018
Meyers Fire,2019-10-25T10:18:56Z,2018-09-20T12:39:00Z,"CAL FIRE Amador, El Dorado Unit",El Dorado,Meyers Rd in Camino,12,-120.65672,38.7448,9ea41d38-ee7c-4394-9ea8-cbf33e788f13,https://www.fire.ca.gov/incidents/2018/9/20/meyers-fire/,2019-01-04T09:03:00Z,1/4/2019,9/20/2018
Charlie Fire,2019-01-04T09:03:00Z,2018-09-22T14:30:00Z,US Forest Service - Angeles National Forest,Los Angeles,"Charlie Canyon Rd  and Tapia Canyon Rd, Castaic",3380,-118.60858,34.48229,4fa2e1e0-a920-4991-beb6-3c080b6c1500,https://www.fire.ca.gov/incidents/2018/9/22/charlie-fire/,2019-01-04T09:03:00Z,1/4/2019,9/22/2018
Oak Fire,2019-01-04T09:03:00Z,2018-09-22T15:44:00Z,CAL FIRE Madera Mariposa Merced Unit,Madera,"Lonesome Oak Ln and Bissett Station Rd, Ahwahnee",360,-119.68912,37.38789,6b6dff76-8fab-4852-a71c-e735f87bd6fa,https://www.fire.ca.gov/incidents/2018/9/22/oak-fire/,2019-01-04T09:03:00Z,1/4/2019,9/22/2018
Copper Fire,2019-01-04T09:03:00Z,2018-09-22T14:41:00Z,CAL FIRE Lassen-Modoc Unit,Lassen,"McKenzie Meadows and Hwy 36, 15 miles west of Susanville",53,-120.93005,40.33642,b9d64431-d96d-413f-84df-ef3b381d3002,https://www.fire.ca.gov/incidents/2018/9/22/copper-fire/,2019-01-04T09:03:00Z,1/4/2019,9/22/2018
Wilson Fire,2019-01-04T08:59:00Z,2018-09-28T13:08:00Z,Lassen National Forest,Tehama,"Wilson Lake Rd and Lost Creek Rd, 10 miles NW of Chester  ",261,-121.43025,40.34256,d0ae0a7f-dd7b-4cb1-8f4a-2a784a17d6d4,https://www.fire.ca.gov/incidents/2018/9/28/wilson-fire/,2019-01-04T08:59:00Z,1/4/2019,9/28/2018
Silver Fire,2019-01-04T08:58:00Z,2018-09-28T14:44:00Z,CAL FIRE Shasta-Trinity Unit,Shasta,"Oak Run Rd and Little Ridge Rd, Palo Cedro",76,-122.17173,40.5939,b181e69a-5864-44c1-b5b4-f4c5832a4539,https://www.fire.ca.gov/incidents/2018/9/28/silver-fire/,2019-01-04T08:58:00Z,1/4/2019,9/28/2018
Quimby Fire,2019-01-04T09:02:00Z,2018-09-23T16:23:00Z,CAL FIRE Santa Clara Unit,Santa Clara,"Quimby Rd & Borden Dr, East San Jose ",30,-121.75815,37.33563,04100255-b014-4a69-92c2-5388c7f9b9d6,https://www.fire.ca.gov/incidents/2018/9/23/quimby-fire/,2019-01-04T09:02:00Z,1/4/2019,9/23/2018
Nimshew Fire,2019-01-04T09:01:00Z,2018-09-24T00:41:00Z,CAL FIRE Butte Unit,Butte,"Nimshew Rd & Centerville Rd, Magalia",33,-121.62168,39.84151,9856efb8-4d41-4276-9d4e-a5b29d912996,https://www.fire.ca.gov/incidents/2018/9/24/nimshew-fire/,2019-01-04T09:01:00Z,1/4/2019,9/24/2018
Shandon Fire,2019-01-04T08:58:00Z,2018-09-29T09:30:00Z,CAL FIRE San Luis Obispo Unit,San Luis Obispo,"Gillis Canyon Road and San Juan Road, east of Paso Robles",80,-120.258,-120.258,9c03d484-e442-4eaa-8a7b-99d6c769750a,https://www.fire.ca.gov/incidents/2018/9/29/shandon-fire/,2019-01-04T08:58:00Z,1/4/2019,9/29/2018
Keenbrook Fire,2019-01-04T09:00:00Z,2018-09-26T10:56:00Z,San Bernardino National Forest,San Bernardino,"Cajon Blvd and Kenwood Ave, Devore",53,-117.42431,34.24138,2c41731e-1e13-494c-b7f7-928b89bb7d32,https://www.fire.ca.gov/incidents/2018/9/26/keenbrook-fire/,2019-01-04T09:00:00Z,1/4/2019,9/26/2018
Nacimiento Fire,2019-01-04T08:57:00Z,2018-10-02T12:32:00Z,Fort Hunter Liggett Military Reservation,Monterey,"Nacimiento Fergusson Rd, west of Jolon",150,-121.24898,35.97677,9d69b6cb-1dee-43df-83ca-b2b5485006d7,https://www.fire.ca.gov/incidents/2018/10/2/nacimiento-fire/,2019-01-04T08:57:00Z,1/4/2019,10/2/2018
Eagle Fire,2019-01-04T09:47:00Z,2018-10-02T15:45:00Z,Sierra National Forest,Fresno," Bobs Flat Trail, 3 miles north of Trimmer",32,-119.3127769,36.938674,8c4b830f-be4f-4469-9448-f0e98ea1d189,https://www.fire.ca.gov/incidents/2018/10/2/eagle-fire/,2019-01-04T09:47:00Z,1/4/2019,10/2/2018
Sun Fire,2019-01-04T08:57:00Z,2018-10-07T12:51:00Z,CAL FIRE Tehama-Glenn Unit,Tehama,"Hwy 36 and Sunriver Road, east of Red Bluff",3889,-122.18,40.22027778,8f633ae7-b5f0-455f-a60e-13d9566e5844,https://www.fire.ca.gov/incidents/2018/10/7/sun-fire/,2019-01-04T08:57:00Z,1/4/2019,10/7/2018
Park Fire,2019-01-04T08:57:00Z,2018-10-07T12:57:00Z,CAL FIRE Santa Clara Unit/San Jose City Fire & South Santa Clara County FPD,Santa Clara,"Monterey Road and Coyote Creek Golf Drive, north of Morgan Hill",63,-121.6869444,37.1769444,f19a49b4-9d0f-4c61-83ea-9b4a741b0bef,https://www.fire.ca.gov/incidents/2018/10/7/park-fire/,2019-01-04T08:57:00Z,1/4/2019,10/7/2018
Iron Gate Fire,2019-01-04T08:55:00Z,2018-10-10T21:50:00Z,CAL FIRE Siskiyou Unit,Siskiyou,1 mile northwest of Iron Gate Dam,15,-122.43933,41.94046,28725d54-51bc-41f9-99ed-aca0396be12a,https://www.fire.ca.gov/incidents/2018/10/10/iron-gate-fire/,2019-01-04T08:55:00Z,1/4/2019,10/10/2018
Winters Fire,2019-01-04T08:55:00Z,2018-10-12T11:21:00Z,Solano County Fire Protection District,Solano,"Winters Rd & Allendale Rd, south of Winters",160,-121.94658,38.45673,e9c8c0aa-4d21-4f09-9858-890ea163d580,https://www.fire.ca.gov/incidents/2018/10/12/winters-fire/,2019-01-04T08:55:00Z,1/4/2019,10/12/2018
Priest Fire,2019-01-04T08:54:00Z,2018-10-13T14:43:00Z,CAL FIRE San Benito - Monterey Unit,Monterey," Hwy 198 & Priest Valley Rd, east of San Lucas",167,-120.69955,36.18401,8a79c31d-0df0-4448-a855-b04cfc384825,https://www.fire.ca.gov/incidents/2018/10/13/priest-fire/,2019-01-04T08:54:00Z,1/4/2019,10/13/2018
Tower Fire,2019-01-04T08:54:00Z,2018-10-14T06:45:00Z,CAL FIRE Shasta - Trinity Unit,Shasta,"Cloverdale & Clear Creek, Near the community of Igo",12,-122.51597,40.49618,a8f54d41-fc8c-476c-9122-f1357aa166a0,https://www.fire.ca.gov/incidents/2018/10/14/tower-fire/,2019-01-04T08:54:00Z,1/4/2019,10/14/2018
Masonic Fire,2019-01-04T08:53:00Z,2018-10-14T11:33:00Z,Redding City Fire,Shasta,"Lake Blvd & Masonic Ave, Redding",38,-122.38366,40.60866,83c539f5-64c1-4156-86e5-ac6cf4c947d5,https://www.fire.ca.gov/incidents/2018/10/14/masonic-fire/,2019-01-04T08:53:00Z,1/4/2019,10/14/2018
Powellton Fire,2019-01-04T08:52:00Z,2018-10-15T11:57:00Z,CAL FIRE Butte Unit,Butte,"Upper Powellton Rd and Skyway, north of Stirling City",10,-121.54103,39.93427,b8dc21be-0807-4434-9536-45a4a660ed83,https://www.fire.ca.gov/incidents/2018/10/15/powellton-fire/,2019-01-04T08:52:00Z,1/4/2019,10/15/2018
Camino Fire,2019-01-04T08:52:00Z,2018-10-19T14:10:00Z,CAL FIRE San Luis Obispo Unit,San Luis Obispo,Off Lopez Drive east of Arroyo Grande,58,-120.48861,35.17693,a728d915-1c00-43b6-bd5b-228be34a38fe,https://www.fire.ca.gov/incidents/2018/10/19/camino-fire/,2019-01-04T08:52:00Z,1/4/2019,10/19/2018
Market Fire,2019-01-04T08:51:00Z,2018-10-24T12:18:00Z,CAL FIRE Tulare Unit,Tulare,"Road 208 and Avenue 380, 5 miles north of Woodlake",120,-119.10433,36.47766,87760805-5b1a-486e-91c4-590557929182,https://www.fire.ca.gov/incidents/2018/10/24/market-fire/,2019-01-04T08:51:00Z,1/4/2019,10/24/2018
June Fire,2019-01-04T08:50:00Z,2018-10-30T14:46:00Z,CAL FIRE Butte Unit/Butte County Fire Department,Butte,"Four Junes Way and Palermo, south of Palermo ",550,-121.51707,39.36529,7ee82e4f-f5e8-4278-b4e7-e82c390b395e,https://www.fire.ca.gov/incidents/2018/10/30/june-fire/,2019-01-04T08:50:00Z,1/4/2019,10/30/2018
Rincon Fire,2019-01-04T08:50:00Z,2018-11-03T21:28:00Z,CAL FIRE San Mateo - Santa Cruz Unit,Santa Cruz,"off Highway 9 and Rincon Crossing, north of Santa Cruz  ",17,-122.046,37.0125,7d1f523d-6940-4b64-bc5a-7ecb5a63538a,https://www.fire.ca.gov/incidents/2018/11/3/rincon-fire/,2019-01-04T08:50:00Z,1/4/2019,11/3/2018
Brushy Fire,2019-01-04T08:49:00Z,2018-11-08T11:58:00Z,CAL FIRE Mendocino Unit,Mendocino,"near Dos Rios, off Highway 162, East of Highway 101 and West of Covelo",35,-123.28774,39.62194,10d67079-faa9-4034-a4d7-8346b450e7de,https://www.fire.ca.gov/incidents/2018/11/8/brushy-fire/,2019-01-04T08:49:00Z,1/4/2019,11/8/2018
Camp Fire,2024-09-26T13:34:16Z,2018-11-08T06:33:00Z,"Unified Command: CAL FIRE, Butte County Sheriff Department, Paradise Police Department, USFS",Butte,Pulga Road at Camp Creek Road near Jarbo Gap,153336,-121.4347,39.8134,75dafe80-f18a-4a4a-9a37-4b564c5f6014,https://www.fire.ca.gov/incidents/2018/11/8/camp-fire/,2018-11-25T08:00:00Z,11/25/2018,11/8/2018
Adams Fire,2019-01-04T08:50:00Z,2018-11-05T10:17:00Z,CAL FIRE Tehama - Glenn Unit,Tehama,"off Adams Road at Barr Lane, southwest of Cottonwood ",60,-122.308479,40.346652,8030a870-0453-48e0-b243-86dbae075434,https://www.fire.ca.gov/incidents/2018/11/5/adams-fire/,2019-01-04T08:50:00Z,1/4/2019,11/5/2018
Horn Fire,2019-01-04T08:47:00Z,2018-11-08T11:25:00Z,CAL FIRE Lassen - Modoc Unit,Lassen,"Horn Road and Mail Route Road, 9 miles southeast of Termo  ",88,-120.19336,40.83116,79968306-21a9-465e-acbe-4ea715c70ab5,https://www.fire.ca.gov/incidents/2018/11/8/horn-fire/,2019-01-04T08:47:00Z,1/4/2019,11/8/2018
Nurse Fire,2019-01-04T08:47:00Z,2018-11-08T13:28:00Z,Suisun City Fire Protection District,Solano,"off Highway 12 and Nurse Blue Road, Suisun City",1500,-121.9424,38.21396,b8fe54be-15a8-4088-b0bb-16992df93a7e,https://www.fire.ca.gov/incidents/2018/11/8/nurse-fire/,2019-01-04T08:47:00Z,1/4/2019,11/8/2018
Hill Fire,2022-10-24T10:30:57Z,2018-11-08T14:03:00Z,"Unified Command: CAL FIRE, Ventura County Fire, Ventura Sheriff Dept, LA County Fire, LA City Fire, LA Sherriff Dept, LA Police Dept",Ventura,"Hill Canyon Rd and Santa Rosa Rd, Santa Rosa Valley",4381,-118.93444,34.22685,bc95da49-28a0-4e56-88d9-72e7455063c0,https://www.fire.ca.gov/incidents/2018/11/8/hill-fire/,2019-01-04T08:43:00Z,1/4/2019,11/8/2018
Woolsey Fire,2025-07-07T09:59:35Z,2018-11-08T14:24:00Z,Ventura County Fire Dept. and Los Angeles County Fire Dept.,"Los Angeles, Ventura","E Street and Alfa Road Rd, South of Simi Valley",96949,-118.70128,34.235,92d7aeea-7abf-47a4-bf76-a4fe0fac65c6,https://www.fire.ca.gov/incidents/2018/11/8/woolsey-fire/,2019-01-04T08:42:00Z,1/4/2019,11/8/2018
Pilot Fire,2019-01-15T10:38:00Z,2019-01-01T14:14:00Z,CAL FIRE Humbolt-Del Norte Unit,Humboldt,"Pilot Ridge Rd & USFS Route 1, southwest of Willow Creek",30,-123.6755556,40.61805556,6004d3e5-66f8-487a-80a4-689d3852378c,https://www.fire.ca.gov/incidents/2019/1/1/pilot-fire/,2019-01-15T10:38:00Z,1/15/2019,1/1/2019
Honey Flooding,2019-07-09T13:45:23Z,2018-11-29T23:30:00Z,CAL FIRE Butte Unit,Butte,"Lower Skyway and Lower Honey Run, Between Chico and Paradise ",0,-121.77385,39.71217,e6b8af54-15fb-42bb-8be9-f323c9d5cc78,https://www.fire.ca.gov/incidents/2018/11/29/honey-flooding/,2019-01-04T08:42:00Z,1/4/2019,11/29/2018
Morgan Fire,2019-01-04T08:44:00Z,2018-11-15T13:31:00Z,CAL FIRE Santa Clara Unit,Contra Costa,"Off Morgan Territory Rd & Storybook Ln, east of San Ramon",20,-121.7944,37.81111,e83e7346-5b83-4e3a-845c-867fd84d17f0,https://www.fire.ca.gov/incidents/2018/11/15/morgan-fire/,2019-01-04T08:44:00Z,1/4/2019,11/15/2018
Green Hill Fire,2019-01-04T08:46:00Z,2018-11-12T17:39:00Z,CAL FIRE Humboldt - Del Norte Unit,Humboldt,off Highway 299 in the area of Green Hill,10,-124.001849,40.888785,116fabb6-7440-4d6d-aa89-668989c028db,https://www.fire.ca.gov/incidents/2018/11/12/green-hill-fire/,2019-01-04T08:46:00Z,1/4/2019,11/12/2018
Sierra Fire,2019-01-04T08:45:00Z,2018-11-13T08:19:00Z,Rialto Fire Department,San Bernardino,off Sierra Ave and Riverside Ave,147,-117.43184,34.18075,d18da394-5ed4-4004-8dea-600e15d398e4,https://www.fire.ca.gov/incidents/2018/11/13/sierra-fire/,2019-01-04T08:45:00Z,1/4/2019,11/13/2018
Niles Fire,2019-01-04T08:45:00Z,2018-11-14T14:56:00Z,CAL FIRE Santa Clara Unit,Alameda," off Palomares Road Niles Canyon Road, northwest of Sunol",20,-121.94182,37.61158,03f49769-b928-44a5-be82-236d3d341eba,https://www.fire.ca.gov/incidents/2018/11/14/niles-fire/,2019-01-04T08:45:00Z,1/4/2019,11/14/2018
Briggs Fire,2019-01-04T08:44:00Z,2018-11-15T01:39:00Z,Ventura County Fire Department,Ventura,"off Shell Road and Orr Road, Santa Paula",150,-119.0991667,34.30166667,c003df4f-d19c-4e21-a90f-81d3f14aaf99,https://www.fire.ca.gov/incidents/2018/11/15/briggs-fire/,2019-01-04T08:44:00Z,1/4/2019,11/15/2018
Peak Fire,2020-08-13T11:21:59Z,2018-11-12T10:06:00Z,Ventura County Fire Department,Ventura,"off Highway 118 and Rocky Peak Road, east of Simi Valley",186,-118.6438159,34.26734825,c3b66e33-ef00-4874-a29b-b36640c16122,https://www.fire.ca.gov/incidents/2018/11/12/peak-fire/,2019-01-04T08:46:00Z,1/4/2019,11/12/2018
Bear Fire ,2019-01-04T08:44:00Z,2018-11-16T11:01:00Z,CAL FIRE San Mateo-Santa Cruz Unit,Santa Cruz,"off Bear Creek Road and Mayfair Road, Boulder Creek north of Santa Cruz",10,-122.12036,37.12857,b6fb27e6-073c-4092-b8a8-51e96be987a4,https://www.fire.ca.gov/incidents/2018/11/16/bear-fire/,2019-01-04T08:44:00Z,1/4/2019,11/16/2018
Scott Fire,2019-06-27T08:24:51Z,2019-06-25T13:51:09Z,CAL FIRE Nevada-Yuba-Placer Unit,Yuba,"off Scott Forbes Rd, 5 miles east of Browns Valley",80,-121.32399,39.24678,31cbc968-6d9d-412b-8bc3-6846ca398fe2,https://www.fire.ca.gov/incidents/2019/6/25/scott-fire/,2019-06-25T13:50:00Z,6/25/2019,6/25/2019
York Fire,2019-06-24T11:45:00Z,2019-04-28T22:20:00Z,Fresno-Kings County,Kings,"Hwy 41 and York Ave, 13 miles south of Avenal (Kings County)",161,-120.09715,35.81778,85bdd89a-4ce5-4539-a274-23fa2b030e7d,https://www.fire.ca.gov/incidents/2019/4/28/york-fire/,2019-06-24T11:45:00Z,6/24/2019,4/28/2019
Cana Fire,2019-05-08T08:47:00Z,2019-04-30T12:20:00Z,CAL FIRE / Butte County Fire,Butte,"Off Hamilton Nord Cana Hwy & Cana Hwy, northeast of Chico",10,-121.957,39.83958,34abbc65-5bbe-474b-85c8-16d07bb5b503,https://www.fire.ca.gov/incidents/2019/4/30/cana-fire/,2019-05-08T08:47:00Z,5/8/2019,4/30/2019
Woody Fire,2019-05-08T08:47:00Z,2019-04-30T18:37:00Z,Kern County Fire Department,Kern,"Woody Rd & Horseshoe Ranch Rd, northeast of Bakersfield",115,-118.92545,35.65189,d3beabf6-63e9-4cad-a17c-58bb36abd7ac,https://www.fire.ca.gov/incidents/2019/4/30/woody-fire/,2019-05-08T08:47:00Z,5/8/2019,4/30/2019
Meridian Fire,2019-05-08T08:47:00Z,2019-05-01T16:46:00Z,CAL FIRE Butte Unit,Butte,"Off Munjar Rd, north of Chico",50,-121.905,39.85484,398bb669-190d-4dbf-9af0-6ccb27817c13,https://www.fire.ca.gov/incidents/2019/5/1/meridian-fire/,2019-05-08T08:47:00Z,5/8/2019,5/1/2019
Vulcan Fire,2019-05-08T08:48:00Z,2019-05-03T15:04:00Z,Kern County Fire,Kern,Off Highway 166 at Wind Wolves Preserve,172,-119.19454,35.03855,ee290ec6-3815-4c44-a96a-edb331fcc925,https://www.fire.ca.gov/incidents/2019/5/3/vulcan-fire/,2019-05-08T08:48:00Z,5/8/2019,5/3/2019
Refuge Fire,2019-05-09T09:37:00Z,2019-05-07T15:47:00Z,Kern County Fire and the US Fish and Wildlife Service,Kern,"off Twisselmen Road, in the Kern National Wildlife Refuge,15 miles west of Delano",2500,-119.62762,35.72057,6f329208-5aa0-45fc-a4ec-db9caf865ca7,https://www.fire.ca.gov/incidents/2019/5/7/refuge-fire/,2019-05-09T09:37:00Z,5/9/2019,5/7/2019
Sugar Fire,2019-05-24T14:28:00Z,2019-05-10T14:14:00Z,US Forest Service - Tahoe National Forest,Placer,"Sugar Pine Road and Big Reservoir Lane, northeast of Foresthill",65,-120.76088,39.11536,0888bb9d-0d9b-4a49-bf3d-a55a7c40a707,https://www.fire.ca.gov/incidents/2019/5/10/sugar-fire/,2019-05-24T14:28:00Z,5/24/2019,5/10/2019
Border Fire,2019-05-19T09:26:00Z,2019-05-13T18:46:00Z,CAL FIRE/San Diego County Fire,San Diego,off Tin Can Canyon along the border in Otay Mesa,22,-116.8663,32.557566,a81e03a3-de18-48e4-93bf-f8da83a17927,https://www.fire.ca.gov/incidents/2019/5/13/border-fire/,2019-05-19T09:26:00Z,5/19/2019,5/13/2019
Shady Fire,2019-05-24T14:23:00Z,2019-05-18T22:53:00Z,CAL FIRE/Riverside County Fire Department,Riverside,"off Airport Boulevard and Shady Lane in Thermal, southwest of Coachella",130,-116.172534,33.650237,e98603d2-f44e-4a9e-b83d-5e9f94766b53,https://www.fire.ca.gov/incidents/2019/5/18/shady-fire/,2019-05-24T14:23:00Z,5/24/2019,5/18/2019
Paskenta Fire,2019-05-24T14:23:00Z,2019-05-20T10:57:00Z,CAL FIRE Tehama-Glenn Unit,Tehama,"Paskenta Rd and Canal View Road, northwest of Corning",63,-122.30737,39.98097,aed86291-4631-4d79-ba5f-6b2c8ca399c9,https://www.fire.ca.gov/incidents/2019/5/20/paskenta-fire/,2019-05-24T14:23:00Z,5/24/2019,5/20/2019
Foothill Fire,2019-05-24T14:23:00Z,2019-05-20T13:50:00Z,CAL FIRE / Riverside County Fire,Riverside,"Off Foothill Avenue & Orange Avenue, in Nuevo",26,-117.18194,33.81678,9d7c5ad0-6682-430a-b4d1-d39cfea73a29,https://www.fire.ca.gov/incidents/2019/5/20/foothill-fire/,2019-05-24T14:23:00Z,5/24/2019,5/20/2019
Belmont Fire,2019-06-03T08:44:00Z,2019-05-29T17:10:00Z,CAL FIRE San Luis Obispo Unit,San Luis Obispo,"Belmont & Costa Mesa Rd, In California Valley",835,-119.96498,35.30759,e2d77e59-b831-4267-a50b-89ede499a885,https://www.fire.ca.gov/incidents/2019/5/29/belmont-fire/,2019-06-03T08:44:00Z,6/3/2019,5/29/2019
Hill Fire,2019-06-05T15:07:00Z,2019-05-29T17:18:00Z,CAL FIRE / Fresno County Fire,Fresno," S. Hills Valley Road, north of Orange Cove",121,-119.3046,36.66909,72cb3684-c194-4180-bdfe-22775f86a594,https://www.fire.ca.gov/incidents/2019/5/29/hill-fire/,2019-06-05T15:07:00Z,6/5/2019,5/29/2019
Diversion Fire,2019-06-03T08:48:00Z,2019-05-30T12:41:00Z,CAL FIRE/ Riverside County Fire,Riverside,"Near the Intersection of Highway 95 and 2nd Avenue, in Blythe",45,-114.57265,33.69078,e354cde8-d0e6-4150-9f6b-1c12045e77d0,https://www.fire.ca.gov/incidents/2019/5/30/diversion-fire/,2019-06-03T08:48:00Z,6/3/2019,5/30/2019
Canyon Fire,2019-06-11T14:40:00Z,2019-05-30T16:19:00Z,CAL FIRE Santa Clara Unit,Santa Clara,"Off Del Puerto Canyon Rd & Diablo Grande Pkwy, west of Patterson",144,-121.22093,37.45899,329ac0b8-a2c1-4a72-bd09-dd86c477162b,https://www.fire.ca.gov/incidents/2019/5/30/canyon-fire/,2019-06-11T14:40:00Z,6/11/2019,5/30/2019
66 Fire,2019-06-24T11:46:00Z,2019-05-29T21:06:00Z,Bureau of Indian Affairs,Riverside,Off Avenue 66 in Thermal,55,-116.1466,33.57039,b4616173-5807-4c04-a416-5374139f3fcc,https://www.fire.ca.gov/incidents/2019/5/29/66-fire/,2019-06-24T11:46:00Z,6/24/2019,5/29/2019
Spruce Fire,2019-06-11T14:48:00Z,2019-06-01T15:49:00Z,CAL FIRE Tulare Unit,Tulare,"Off Spruce Rd & Myer Dr, east of Exeter",155,-119.10974,36.28001,812a492e-35cb-4bb0-9e5a-1ec181d8b97e,https://www.fire.ca.gov/incidents/2019/6/1/spruce-fire/,2019-06-11T14:48:00Z,6/11/2019,6/1/2019
Citrus Fire,2019-06-11T14:48:00Z,2019-06-02T16:12:00Z,CAL FIRE Tulare Unit,Tulare,"Off Rd 256 & Ave 220, east of Strathmore",257,-118.99229,36.18479,11e0324e-e8ff-4591-b592-9e704ade60d6,https://www.fire.ca.gov/incidents/2019/6/2/citrus-fire/,2019-06-11T14:48:00Z,6/11/2019,6/2/2019
Yokohl Fire,2019-06-04T16:03:00Z,2019-06-03T12:18:00Z,CAL FIRE Tulare Unit,Tulare,off of Yokohl Drive in Tulare County ,33,-118.85712,36.23012,db2a5b4c-260b-4888-aeb3-663b8bf41106,https://www.fire.ca.gov/incidents/2019/6/3/yokohl-fire/,2019-06-04T16:03:00Z,6/4/2019,6/3/2019
Bear Fire,2019-06-11T14:48:00Z,2019-06-03T12:18:00Z,CAL FIRE Tulare Unit,Tulare,Off of Balch Park Rd in Springville,25,-118.80582,36.14246,e1f34f39-beea-4a6d-9ba6-64b6b55ff567,https://www.fire.ca.gov/incidents/2019/6/3/bear-fire/,2019-06-11T14:48:00Z,6/11/2019,6/3/2019
Boulder Fire,2022-10-21T13:48:23Z,2019-06-05T10:49:00Z,CAL FIRE San Luis Obispo Unit,San Luis Obispo,"off Highway 58 and Boulder Creek Road, California Valley",1075,-119.913717,35.343761,107dd529-31b8-4b5f-ab09-4aa79c770d4b,https://www.fire.ca.gov/incidents/2019/6/5/boulder-fire/,2019-06-11T14:49:00Z,6/11/2019,6/5/2019
Willow Fire,2019-06-11T14:47:00Z,2019-06-06T14:24:00Z,CAL FIRE Santa Clara Unit,Contra Costa,"Highway 4 and Willow Pass Rd, 2 miles west of Bay Point",23,-121.9763,38.02503,2e71d51a-49f1-4e86-82e2-054637efd1a5,https://www.fire.ca.gov/incidents/2019/6/6/willow-fire/,2019-06-11T14:47:00Z,6/11/2019,6/6/2019
Nelson Fire ,2019-06-17T08:49:00Z,2019-06-07T12:59:00Z,City of Fairfield,Solano,Cordelia Road and Link Road ,24,-122.12214,38.21416,b433dceb-f5b4-4b46-8eb3-2aae9fc2d45a,https://www.fire.ca.gov/incidents/2019/6/7/nelson-fire/,2019-06-17T08:49:00Z,6/17/2019,6/7/2019
Watt Fire,2019-06-11T14:50:00Z,2019-06-07T12:59:00Z,CAL FIRE Nevada-Yuba-Placer Unit ,Placer,Watt Ave near Baseline Road ,27,-121.39259,38.75263,24997ef5-a558-4ea6-8a96-b3cdff79fe2b,https://www.fire.ca.gov/incidents/2019/6/7/watt-fire/,2019-06-11T14:50:00Z,6/11/2019,6/7/2019
Stuhr Fire,2022-10-21T13:48:50Z,2019-06-07T16:55:00Z,CAL FIRE Santa Clara Unit,Stanislaus,"Interstate 5 and Pete Miller Road, southwest of Newman",581,-121.09375,37.25988,8edf51ea-1e4f-4e73-8e04-e168417ed39b,https://www.fire.ca.gov/incidents/2019/6/7/stuhr-fire/,2019-06-11T17:14:00Z,6/11/2019,6/7/2019
Levee Fire,2019-06-17T08:34:00Z,2019-06-08T13:07:00Z,City of Marysville,Yuba,"Highway 20 & E 22nd Street, in Marysville",70,-121.56363,39.15641,3fd43a39-4e82-4b7e-a642-be86b5c73522,https://www.fire.ca.gov/incidents/2019/6/8/levee-fire/,2019-06-17T08:34:00Z,6/17/2019,6/8/2019
Sand Fire,2022-10-21T13:49:13Z,2019-06-08T14:50:00Z,CAL FIRE Sonoma-Lake-Napa Unit,Yolo,Guinda,2220,-122.23922,38.88978,1760d7f8-57a2-4a04-b7e5-0861cc0ee963,https://www.fire.ca.gov/incidents/2019/6/8/sand-fire/,2019-06-17T10:40:00Z,6/17/2019,6/8/2019
Ink Fire,2019-06-17T08:46:00Z,2019-06-08T14:37:00Z,CAL FIRE Sonoma-Lake-Napa Unit,Napa,"Pope Valley Rd, northeast of Calistoga",50,-122.47282,38.63047,78c1dacb-653a-42fe-b025-ab80ec4996bd,https://www.fire.ca.gov/incidents/2019/6/8/ink-fire/,2019-06-17T08:46:00Z,6/17/2019,6/8/2019
West Butte Fire,2019-06-17T15:16:00Z,2019-06-08T14:37:00Z,Sutter County Fire Department,Sutter,"North Butte Rd & West Butte Rd, northeast of Colusa",1350,-121.85906,39.28926,23cee99c-662f-4409-80d0-b9eb3a6287b3,https://www.fire.ca.gov/incidents/2019/6/8/west-butte-fire/,2019-06-17T15:16:00Z,6/17/2019,6/8/2019
McMillan Fire,2022-10-21T13:49:52Z,2019-06-12T12:48:00Z,CAL FIRE San Luis Obispo County ,San Luis Obispo,"Highway 46 East and McMillan Canyon Road, North of Shandon",1763,-120.41128,35.66318,88a285bc-0dc7-4c51-a35a-5026850b0a6d,https://www.fire.ca.gov/incidents/2019/6/12/mcmillan-fire/,2019-06-24T10:25:00Z,6/24/2019,6/12/2019
Malech Fire,2019-06-11T17:17:00Z,2019-06-09T14:29:00Z,CAL FIRE Santa Clara Unit,Santa Clara,"Malech Rd & Bailey Rd, South San Jose",210,-121.70768,37.21638,6f509c42-9d2b-45df-b705-02dcb9147dde,https://www.fire.ca.gov/incidents/2019/6/9/malech-fire/,2019-06-11T17:17:00Z,6/11/2019,6/9/2019
Calaveras Fire ,2019-06-17T08:46:00Z,2019-06-10T15:16:00Z,CAL FIRE Santa Clara Unit,Santa Clara,Calaveras Road and Weller Road East of Milpitas,35,-121.84082,37.44422,0cd5a369-2f91-4786-9df1-98ece3e9e78c,https://www.fire.ca.gov/incidents/2019/6/10/calaveras-fire/,2019-06-17T08:46:00Z,6/17/2019,6/10/2019
Ardo Fire,2019-06-17T08:46:00Z,2019-06-12T17:23:00Z,CAL FIRE San Benito - Monterey Unit,Monterey,near San Ardo,43,-120.88241,35.97059,20ccd7ec-de69-4967-9877-db5e143fe99a,https://www.fire.ca.gov/incidents/2019/6/12/ardo-fire/,2019-06-17T08:46:00Z,6/17/2019,6/12/2019
Springs Fire,2019-06-11T17:18:00Z,2019-06-10T17:51:00Z,CAL FIRE Tulare Unit ,Tulare,Off Mountain Road 56 East of Ducor ,47,-118.94106,35.89593,b671965d-2369-4107-98fe-432eab6ffdc0,https://www.fire.ca.gov/incidents/2019/6/10/springs-fire/,2019-06-11T17:18:00Z,6/11/2019,6/10/2019
Bitter Fire ,2019-06-11T17:18:00Z,2019-06-10T11:55:00Z,CAL FIRE San Luis Obispo Unit,San Luis Obispo,Bitterwater Road East of Paso Robles,120,-120.11738,35.57376,e1e4dad4-7ea6-48ec-b34d-3128cf55cc43,https://www.fire.ca.gov/incidents/2019/6/10/bitter-fire/,2019-06-11T17:18:00Z,6/11/2019,6/10/2019
Pauma Fire,2019-06-24T11:44:00Z,2019-06-10T14:25:00Z,CAL FIRE / San Diego County Fire,San Diego,Highway 76 and Pauma Valley Road ,15,-116.97772,33.30267,77671ac0-0868-4cc9-a699-26f0131cd493,https://www.fire.ca.gov/incidents/2019/6/10/pauma-fire/,2019-06-24T11:44:00Z,6/24/2019,6/10/2019
32 Fire,2019-06-24T11:06:00Z,2019-06-15T15:29:00Z,CAL FIRE Chico Butte Unit,Butte,Humboldt Road and Highway 32,17,-121.73659,39.76242,921a69d2-ddde-4fd8-a874-f5ba15a4edd2,https://www.fire.ca.gov/incidents/2019/6/15/32-fire/,2019-06-24T11:06:00Z,6/24/2019,6/15/2019
Rocky Fire,2019-06-17T10:39:00Z,2019-06-14T16:14:00Z,CAL FIRE Siskiyou,Siskiyou,"Rocky Rd and Harry Cash Rd, 9 miles east of Grenada ",17,-122.35962,41.64895,45cad03f-97e7-4301-92e2-e63a0040913a,https://www.fire.ca.gov/incidents/2019/6/14/rocky-fire/,2019-06-17T10:39:00Z,6/17/2019,6/14/2019
IronGate Fire,2019-07-03T13:12:42Z,2019-06-16T20:33:00Z,CAL FIRE Siskiyou Unit,Siskiyou,"Deer Run Road, east of Iron Gate Reservoir",10,-122.40157,41.94622,fe63d965-9069-4a96-b9da-99d5fefdaa19,https://www.fire.ca.gov/incidents/2019/6/16/irongate-fire/,2019-06-21T14:23:00Z,6/21/2019,6/16/2019
Weisgarber Fire,2019-06-21T14:22:00Z,2019-06-20T14:56:00Z,Camp Pendleton,San Diego,"one mile west of the DeLuz gate, Camp Pendleton",120,-117.29665,33.39684,779c4b9a-19bf-487f-ba65-6589aea27420,https://www.fire.ca.gov/incidents/2019/6/20/weisgarber-fire/,2019-06-21T14:22:00Z,6/21/2019,6/20/2019
Lumgrey Fire,2019-06-24T16:56:00Z,2019-06-17T17:50:00Z,USFS Klamath National Forest,Siskiyou,"off Highway 96 and Lumgrey Road, West of Gottsville",207,-121.85906,39.28926,48d3b3c4-fcf5-47d9-920f-3b3c1b0f6fb1,https://www.fire.ca.gov/incidents/2019/6/17/lumgrey-fire/,2019-06-24T16:56:00Z,6/24/2019,6/17/2019
Jerry Fire,2022-10-21T13:50:06Z,2019-06-21T13:02:00Z,CAL FIRE/Riverside County Fire Department,Riverside,"off Gilman Springs Road, between Highway 60 and Jack Rabbit Trail",500,-117.103765,33.919507,8c666963-1f9d-43c6-bc3a-cab623d81f27,https://www.fire.ca.gov/incidents/2019/6/21/jerry-fire/,2019-06-24T11:43:00Z,6/24/2019,6/21/2019
Mountain Fire,2019-06-24T11:06:00Z,2019-06-21T14:42:00Z,Alameda County Fire,Alameda,off Grant Line Rd and Mountain House Rd,30,-121.57382,37.75427,bc5d73ab-3100-4117-9978-a99b8e3daf5c,https://www.fire.ca.gov/incidents/2019/6/21/mountain-fire/,2019-06-24T11:06:00Z,6/24/2019,6/21/2019
Paskenta Fire,2019-06-24T11:43:00Z,2019-06-22T03:12:00Z,CAL FIRE Tehama - Glenn Unit,Tehama,"off Corning Road and Paskenta Road, West of Corning",46,-122.48277,39.97083,50328016-5e03-4e90-bff0-95d36942728f,https://www.fire.ca.gov/incidents/2019/6/22/paskenta-fire/,2019-06-24T11:43:00Z,6/24/2019,6/22/2019
Scott Fire,2019-06-27T08:24:28Z,2019-06-24T11:57:00Z,CAL FIRE Nevada-Yuba-Placer Unit,Yuba,"off Scott Forbes Rd, 5 miles east of Browns Valley",80,-121.32399,39.24678,937f9f26-8d23-4ee7-a0f3-61313dcc63f3,https://www.fire.ca.gov/incidents/2019/6/24/scott-fire/,2019-06-24T18:30:00Z,6/24/2019,6/24/2019
Rock Fire,2022-10-21T13:51:14Z,2019-06-25T08:54:24Z,CAL FIRE ,Stanislaus,"Del Puerto Canyon Rd, east of Patterson  ",2420,-121.28312,37.46577,4edb5c7c-08d6-4ae0-b8b3-7bb471e26d8e,https://www.fire.ca.gov/incidents/2019/6/25/rock-fire/,2019-06-27T19:06:00Z,6/27/2019,6/25/2019
Lonoak Fire,2022-10-21T13:50:31Z,2019-06-25T09:18:22Z,CAL FIRE San Benito-Monterey Unit,Monterey,"Lonoak Rd & Airline Hwy, East of King City  ",2546,-120.94771,36.28426,35ba5eb8-520f-4660-af60-9e0e00e7b42b,https://www.fire.ca.gov/incidents/2019/6/25/lonoak-fire/,2019-06-26T18:02:00Z,6/26/2019,6/25/2019
Trinity Fire,2019-06-26T15:41:37Z,2019-06-26T15:35:00Z,CAL FIRE Shasta-Trinity Unit,Shasta,"Trinity Alps Vista Road and Bland Road, southwest of Ono",90,-122.66779,40.41404,2f3e47bb-8595-4c9f-bfa6-6fd76e465c12,https://www.fire.ca.gov/incidents/2019/6/26/trinity-fire/,2019-06-26T06:00:00Z,6/26/2019,6/26/2019
Mines Fire,2019-06-30T15:51:33Z,2019-06-26T18:06:54Z,CAL FIRE Santa Clara Unit,Santa Clara,Mines Road and Turner Gulch in the San Antone Valley. ,17,-121.534827,37.494136,7a0029c7-64c8-442d-8c7a-080a553e2b8e,https://www.fire.ca.gov/incidents/2019/6/26/mines-fire/,2019-06-27T08:48:00Z,6/27/2019,6/26/2019
Dyer Fire,2019-06-27T08:36:32Z,2019-06-26T22:43:07Z,CAL FIRE Nevada-Yuba-Placer Unit,Placer,"Watt Ave & Dyer Road, northeast of Rio Linda",148,-121.39419,38.73817,ac723863-413e-43f8-b4b6-2311e81e36ae,https://www.fire.ca.gov/incidents/2019/6/26/dyer-fire/,2019-06-27T08:26:00Z,6/27/2019,6/26/2019
Nuevo Fire,2019-06-30T15:51:46Z,2019-06-27T16:14:25Z,CAL FIRE/Riverside County Fire Department,Riverside,Nuevo Road and Menifee Road,20,-117.15738,33.80493,c6e38284-336a-4435-a3a1-b2b91ee84a91,https://www.fire.ca.gov/incidents/2019/6/27/nuevo-fire/,2019-06-27T17:36:00Z,6/27/2019,6/27/2019
Long Fire,2019-06-30T15:52:01Z,2019-06-28T15:03:04Z,CAL FIRE Nevada-Yuba-Placer Unit ,Nevada,"Off of  Long Point Road and Old Mill Road, Southeast of Camptonville in Nevada County ",2,-121.0005556,39.40972222,b38c0563-b321-431b-9174-6336c5a0d449,https://www.fire.ca.gov/incidents/2019/6/28/long-fire/,2019-06-28T17:33:00Z,6/28/2019,6/28/2019
Otay Fire,2019-07-01T13:10:46Z,2019-06-29T11:11:55Z,CAL FIRE San Diego County Fire Unit,San Diego,"East of the Lower Otay Reservoir, East of Chula Vista",28,-116.9141667,32.62305556,c51a2db5-6d0b-4b4a-8692-a6d73714829f,https://www.fire.ca.gov/incidents/2019/6/29/otay-fire/,2019-06-30T16:50:00Z,6/30/2019,6/29/2019
Wolf Fire ,2019-07-01T13:10:39Z,2019-06-29T12:54:13Z,CAL FIRE / Riverside County Fire,Riverside,"Off of Lamb Canyon Road and California Avenue, Southeast of Beaumont",214,-116.980528,33.911,24d9c2ae-8b11-4536-9b9c-5f4e0d476af0,https://www.fire.ca.gov/incidents/2019/6/29/wolf-fire/,2019-06-30T15:51:00Z,6/30/2019,6/29/2019
Merced Fire ,2019-07-08T07:51:01Z,2019-06-29T15:09:52Z,CAL FIRE Madera- Mariposa- Merced Unit ,Merced,"Off of Merced Fall Road and La Grange Road, East of Snelling",210,-120.242411,37.312877,cc06431a-5153-4f66-8ada-07af53c175c3,https://www.fire.ca.gov/incidents/2019/6/29/merced-fire/,2019-07-02T15:51:00Z,7/2/2019,6/29/2019
Mayberry Fire ,2019-06-30T15:52:19Z,2019-06-29T22:07:59Z,CAL FIRE Butte County Fire Unit ,Butte,"Off Craig Access Road, Near Lake Oroville ",12,-121.23431,39.32889,42e2b6f0-2d63-4fbf-bbb4-4fc2eda4805d,https://www.fire.ca.gov/incidents/2019/6/29/mayberry-fire/,2019-06-29T18:20:00Z,6/29/2019,6/29/2019
Coyote Fire,2019-07-08T07:51:09Z,2019-07-02T16:10:02Z,San Jose Fire,Santa Clara,Northbound US 101 at Coyote Creek Golf Drive in San Jose,74,-121.694968,37.18904,be4489fb-f51f-4109-8132-c7a28e0d9995,https://www.fire.ca.gov/incidents/2019/7/2/coyote-fire/,2019-07-02T18:32:00Z,7/2/2019,7/2/2019
Hollow Fire,2019-07-08T07:50:42Z,2019-07-03T15:34:12Z,CAL FIRE Santa Clara Unit,San Joaquin,"West Corral Hollow Road, Carnegie State Vehicular Recreational Area, southwest of Tracy",283,-121.538382,37.63206,89db8bb4-6e3b-4de7-b7d9-287c1a9032c0,https://www.fire.ca.gov/incidents/2019/7/3/hollow-fire/,2019-07-05T07:50:00Z,7/5/2019,7/3/2019
Bikeway Fire,2019-07-05T09:46:01Z,2019-07-05T09:46:01Z,CAL FIRE Santa Clara Unit,Alameda,"Christensen Road, Near Bethany Reservoir ",25,-121.3697,37.469,65e8fbe1-5300-4c90-9f48-0e7bfe55b1bc,https://www.fire.ca.gov/incidents/2019/7/5/bikeway-fire/,2019-07-05T03:20:00Z,7/5/2019,7/5/2019
Fellow Fire,2019-07-08T07:51:17Z,2019-07-05T13:33:56Z,CAL FIRE Santa Clara Unit,Contra Costa, Franklin Canyon Rd. ,24,-122.16201,37.99837,bc3e7037-5022-4e6a-8a1f-925c7e9aafc8,https://www.fire.ca.gov/incidents/2019/7/5/fellow-fire/,2019-07-05T14:58:00Z,7/5/2019,7/5/2019
Ranch Fire,2019-07-08T07:51:24Z,2019-07-05T14:46:33Z,CAL FIRE Shasta-Trinity Unit,Shasta,Near Yolla Bolla Rd & Roaring Creek in Igo,30,-122.767256,40.41741,65330473-c21f-446b-a6f4-7bd76bf0ebdc,https://www.fire.ca.gov/incidents/2019/7/5/ranch-fire/,2019-07-06T20:03:00Z,7/6/2019,7/5/2019
Snowstorm Fire,2019-07-08T07:49:17Z,2019-07-05T16:37:04Z,Susanville Bureau of Land Management,Lassen,"Snowstorm Rd, south of Ravendale",263,-120.392768,40.679318,0f965f2f-3977-4ba5-bf7c-29feef27ee82,https://www.fire.ca.gov/incidents/2019/7/5/snowstorm-fire/,2019-07-06T07:49:00Z,7/6/2019,7/5/2019
Gillis Fire,2022-10-21T13:51:35Z,2019-07-08T16:44:08Z,CAL FIRE San Luis Obispo Unit,San Luis Obispo,Gillis Canyon and South East of Shandon,1010,-120.2691666,35.6311111,1fd11e53-a132-4b89-bc8f-f7061f685ad3,https://www.fire.ca.gov/incidents/2019/7/8/gillis-fire/,2019-07-09T18:22:00Z,7/9/2019,7/8/2019
Sargent Fire,2019-07-10T16:05:08Z,2019-07-09T21:43:36Z,CAL FIRE San Benito-Monterey Unit,Monterey,"Sargent Canyon Road and Sheep Canyon, San Ardo Oil Fields",190,-120.8092,35.95191,f32eaf92-82dc-4c31-8a05-76c21845f078,https://www.fire.ca.gov/incidents/2019/7/9/sargent-fire/,2019-07-10T16:04:00Z,7/10/2019,7/9/2019
Gibbel Fire ,2019-07-12T08:27:20Z,2019-07-11T16:27:17Z,CAL FIRE Riverside County Fire Department ,Riverside,Off of Girard Street and Quiet Hills Drive ,20,-116.953889,33.69055556,6564081d-5ce7-4330-8ad7-2d1d976d778a,https://www.fire.ca.gov/incidents/2019/7/11/gibbel-fire/,2019-07-11T08:26:00Z,7/11/2019,7/11/2019
Border Fire,2019-07-15T21:56:00Z,2019-07-12T13:20:39Z,CAL FIRE San Diego County Fire ,San Diego,Off of Cottonwood Creak and Barrett Truck Trail along the US/Mexico border,100,-116.7525,32.566389,8c46fde6-7a1c-482b-97cc-afff1bc5d27c,https://www.fire.ca.gov/incidents/2019/7/12/border-fire/,2019-07-15T17:10:00Z,7/15/2019,7/12/2019
Lincoln Fire,2019-07-17T14:04:28Z,2019-07-12T17:15:31Z,CAL FIRE Riverside Unit,Riverside,"Lincoln St and Ave 66, Mecca, 6 miles south of Coachella",80,-116.07896,33.56938,6311a921-f8e9-45c1-b10d-fee8be8dae29,https://www.fire.ca.gov/incidents/2019/7/12/lincoln-fire/,2019-07-17T10:00:00Z,7/17/2019,7/12/2019
Mid Fire,2019-07-15T18:38:20Z,2019-07-12T18:40:09Z,CAL FIRE SCU,Alameda,"patterson pass and mid way, eastern",22,-121.586846,37.093243,3fc9ae75-8844-43a5-8330-6956cdb6e3a7,https://www.fire.ca.gov/incidents/2019/7/12/mid-fire/,2019-07-12T19:20:00Z,7/12/2019,7/12/2019
Orange fire,2019-07-15T18:33:50Z,2019-07-13T10:36:00Z,CAL FIRE / Riverside County Fire,Riverside,27000 block of Orange Avenue in Nuevo,96,-117.1228851,33.8128372,777caabb-3850-4db2-ba02-2d95fda38db6,https://www.fire.ca.gov/incidents/2019/7/13/orange-fire/,2019-07-13T15:13:00Z,7/13/2019,7/13/2019
Doyle Fire,2019-09-26T14:49:49Z,2019-07-14T14:02:31Z,Bureau of Land Management,Lassen,"Off Old Highway and Cowboy Joe Road, Northwest of Doyle",193,-120.158273,40.072739,0ab090de-1ec9-41db-b6cf-c7acd370626a,https://www.fire.ca.gov/incidents/2019/7/14/doyle-fire/,2019-07-16T09:00:00Z,7/16/2019,7/14/2019
South Fire ,2019-07-15T21:55:43Z,2019-07-14T11:45:00Z,CAL FIRE San Luis Obispo ,Ventura,Off of South Mountain Rd and Balcom Canyon Road East of Santa Paula,131,-118.96,34.366111,c1574fd4-92ca-400f-84cb-b10f18ebb4bd,https://www.fire.ca.gov/incidents/2019/7/14/south-fire/,2019-07-15T14:10:00Z,7/15/2019,7/14/2019
Milton Fire ,2019-07-16T14:08:35Z,2019-07-15T10:49:00Z,CAL FIRE Tuolumne-Calaveras Unit ,Stanislaus,"Off of Milton Road and Highway 4, North of Oakdale ",202,-120.84372,37.944751,a03c52ec-7366-43c5-965e-52e2b73df452,https://www.fire.ca.gov/incidents/2019/7/15/milton-fire/,2019-07-16T06:48:00Z,7/16/2019,7/15/2019
Aborn Fire,2019-07-15T21:55:31Z,2019-07-15T11:12:00Z,CAL FIRE Santa Clara Unit ,Santa Clara,"Off Aborn Road and Murillo Avenue, East San Jose ",47,-121.7644444,37.32555556,42dab7c3-458f-4838-b70f-d5bb3d0f0b80,https://www.fire.ca.gov/incidents/2019/7/15/aborn-fire/,2019-07-15T18:19:00Z,7/15/2019,7/15/2019
Madera Fire ,2019-07-16T14:08:48Z,2019-07-15T18:19:31Z,CAL FIRE Madera-Mariposa-Merced Unit,Madera,"Off Road 33 and Highway 145, Bonadelle",213,-119.934167,37.016944,f2629bc3-1c8c-4a97-95fa-7d08566dc246,https://www.fire.ca.gov/incidents/2019/7/15/madera-fire/,2019-07-16T06:49:00Z,7/16/2019,7/15/2019
Meadow Fire,2019-07-18T06:37:29Z,2019-07-16T13:45:43Z,CAL FIRE / Riverside County Fire,Riverside,Highway 371 near Lake Riverside Drive,81,-116.7884,33.514658,72384606-035c-4d00-8887-84a9da7d0e57,https://www.fire.ca.gov/incidents/2019/7/16/meadow-fire/,2019-07-17T21:29:00Z,7/17/2019,7/16/2019
Goose 2 Fire,2019-09-26T14:49:37Z,2019-07-17T16:13:41Z,Modoc National Forest,Modoc,"Off Highway 395 and South Willow Ranch Road, West of Fort Bidwell ",128,-120.306,41.909,d5ebf295-49d5-4a6a-ae13-47a921355e19,https://www.fire.ca.gov/incidents/2019/7/17/goose-2-fire/,2019-07-20T09:05:00Z,7/20/2019,7/17/2019
Vista Fire,2019-07-18T15:58:48Z,2019-07-17T17:42:04Z,CAL FIRE / San Diego County Fire,San Diego,Off Vista De La Montana in the Dehesa area,25,-116.839743,32.794768,06fa2750-afea-4f88-b1c4-48b9bc21f4eb,https://www.fire.ca.gov/incidents/2019/7/17/vista-fire/,2019-07-18T15:58:00Z,7/18/2019,7/17/2019
Rains Fire,2019-07-18T13:02:21Z,2019-07-18T09:07:57Z,CAL FIRE Santa Clara Unit,Stanislaus,"Frank Raines Park on Del Puerto Canyon Road, west of Patterson",35,-121.371276,37.420988,900997e0-f30a-48bf-9358-971ca2afa1d6,https://www.fire.ca.gov/incidents/2019/7/18/rains-fire/,2019-07-18T10:29:00Z,7/18/2019,7/18/2019
Whiskey Fire,2019-07-20T08:56:09Z,2019-07-18T18:31:00Z,CAL FIRE Tuolumne-Calaveras Unit,Calaveras,near the Whiskey Creek Day Use area of New Hogan Lake,27,-120.78068,38.115224,17596a7a-31fc-4270-8aaf-efe1df3ba848,https://www.fire.ca.gov/incidents/2019/7/18/whiskey-fire/,2019-07-20T08:56:00Z,7/20/2019,7/18/2019
Tucker Fire,2019-09-26T14:49:08Z,2019-07-28T15:58:00Z,Modoc National Forest,Modoc,"Hwy 139 and Tucker Butte Rd, 6 miles SW of Clear Lake Reservoir",14217,-121.260305,41.79591,2939928b-0308-4d76-b232-246f064ddd11,https://www.fire.ca.gov/incidents/2019/7/28/tucker-fire/,2019-08-11T12:16:00Z,8/11/2019,7/28/2019
Range Fire,2019-09-26T14:48:59Z,2019-07-28T22:39:05Z,Los Padres National Forest,Santa Barbara,north of Lake Cachuma,100,-119.94974,34.665699,bc2edb86-fb4b-4dba-a9e0-5339f27d9bce,https://www.fire.ca.gov/incidents/2019/7/28/range-fire/,2019-08-05T12:27:00Z,8/5/2019,7/28/2019
Mill Fire,2019-09-26T14:48:51Z,2019-07-30T13:28:17Z,Los Padres National Forest,Monterey,"In Los Padres National Forest, West of Fort Hunter Liggett ",280,-121.466944,36.008889,233708cc-ed2d-4b85-ba8c-60cf71c912c8,https://www.fire.ca.gov/incidents/2019/7/30/mill-fire/,2019-08-12T08:20:00Z,8/12/2019,7/30/2019
Carson Fire,2019-08-02T12:57:57Z,2019-07-30T19:27:46Z,CAL FIRE Amador-El Dorado Unit,El Dorado,"Northeast of Placerville in the community of Camino, off of Shadow Ridge Road",13,-120.75664,38.757636,6ac64fee-1420-420c-bff1-1d4908b059be,https://www.fire.ca.gov/incidents/2019/7/30/carson-fire/,2019-07-31T06:47:00Z,7/31/2019,7/30/2019
Caliente Fire,2019-09-26T14:48:39Z,2019-08-01T14:53:15Z,City of San Diego Fire-Rescue ,San Diego,"Off Airway Road and Caliente Ave, in San Ysidro ",448,-117.026667,32.575556,ca65fae0-e6d7-4600-890c-62da03753131,https://www.fire.ca.gov/incidents/2019/8/1/caliente-fire/,2019-08-03T09:10:00Z,8/3/2019,8/1/2019
Browns Fire,2019-08-02T21:42:25Z,2019-08-02T09:23:00Z,CAL FIRE Amador El Dorado Unit ,Sacramento,"Off Twin Cities Road and Clay Station Road, Northeast of Herald ",84,-121.123611,38.3525,12e44df4-d425-4f09-96b9-25256ffbdcb2,https://www.fire.ca.gov/incidents/2019/8/2/browns-fire/,2019-08-02T14:03:00Z,8/2/2019,8/2/2019
Prairie Fire ,2019-08-02T21:41:13Z,2019-08-02T14:45:00Z,CAL FIRE Amador-El Dorado Unit,Sacramento,off White Rock Road and Prairie City Road ,50,-121.114095,38.622058,a0d95805-48db-467e-8dd5-db761eb5ae74,https://www.fire.ca.gov/incidents/2019/8/2/prairie-fire/,2019-08-02T17:00:00Z,8/2/2019,8/2/2019
Meadow Fire (Not a CAL FIRE incident),2019-09-26T14:11:17Z,2019-08-02T16:53:18Z,Davis Creek Fire Department,Modoc,"County Road 48 and Highway 395, northeast of Alturas",103,-120.23976,41.43783,2f735b66-c275-4557-a8ad-0ff60e0552f3,https://www.fire.ca.gov/incidents/2019/8/2/meadow-fire-not-a-cal-fire-incident/,2019-08-02T21:39:00Z,8/2/2019,8/2/2019
Marsh Complex,2022-10-21T13:52:48Z,2019-08-03T08:16:00Z,Unified Command: CAL FIRE Santa Clara Unit and East Contra Costa Fire Protection District,Contra Costa,"Marsh Creek Rd and Morgan Territory Rd, southwest of Brentwood",340,-121.872941,37.908362,1f576988-2ad0-4a7b-afed-f650caafc579,https://www.fire.ca.gov/incidents/2019/8/3/marsh-complex/,2019-08-06T18:42:00Z,8/6/2019,8/3/2019
Five Fire,2019-09-26T14:48:14Z,2019-08-03T17:01:15Z,Angeles National Forest,Los Angeles,Off Interstate 5 & Templin Hwy,156,-118.752395,34.677864,ed5e111d-e34a-42c0-9ce7-818270037c2c,https://www.fire.ca.gov/incidents/2019/8/3/five-fire/,2019-08-05T12:25:00Z,8/5/2019,8/3/2019
La Barisa Fire,2019-10-02T16:07:20Z,2019-08-03T17:22:51Z,CAL FIRE San Bernardino Unit,San Bernardino,Off La Barisa Dr & Hwy 247 in Landers,26,-116.4449,34.202883,4433d477-a962-4ad9-a306-71f0f79fff65,https://www.fire.ca.gov/incidents/2019/8/3/la-barisa-fire/,2019-08-04T06:39:00Z,8/4/2019,8/3/2019
Caliente Fire,2019-08-06T18:43:17Z,2019-08-05T13:56:02Z,Kern County Fire Department ,Kern,"Caliente Bodfish Rd, east of Bakersfield",29,-118.623651,35.287373,fbe088d0-2a17-4d04-aac7-0e32ac8a1ef7,https://www.fire.ca.gov/incidents/2019/8/5/caliente-fire/,2019-08-06T18:43:00Z,8/6/2019,8/5/2019
Toro Fire ,2019-08-06T18:42:43Z,2019-08-05T15:36:23Z,CAL FIRE Riverside County Fire Department ,Riverside,"26000 Block El Toro Road, North of Lake Elsinore",94,-117.333728,33.740219,0089d3c4-c554-46e1-8eb9-af95e4dfae0c,https://www.fire.ca.gov/incidents/2019/8/5/toro-fire/,2019-08-06T18:42:00Z,8/6/2019,8/5/2019
Golf Fire,2019-08-17T18:37:59Z,2019-08-08T14:55:59Z,CAL FIRE Sonoma-Lake-Napa Unit,Lake,"Soda Bay Road and Golf Drive, northwest of Clearlake",20,-122.7751,38.99174,280f9652-7843-4275-9016-b95296fbf571,https://www.fire.ca.gov/incidents/2019/8/8/golf-fire/,2019-08-11T10:28:00Z,8/11/2019,8/8/2019
Preston Fire,2019-08-12T15:06:18Z,2019-08-08T16:16:40Z,CAL FIRE TCU,Tuolumne,"10,000 Block Preston Lane, Jamestown",21,-120.420058,37.949747,3e020c0d-e35b-4e01-96b7-a3c8e40fd281,https://www.fire.ca.gov/incidents/2019/8/8/preston-fire/,2019-08-08T17:12:00Z,8/8/2019,8/8/2019
W1 McDonald Fire,2019-08-12T11:36:27Z,2019-08-08T18:42:41Z,USFS Lassen National Forest,Lassen,"Cold Springs Rd and McDonald Peak, 11 miles southeast of Madeline",1020,-120.275298,40.943799,94cdd032-ea04-4713-b54a-dc3476635684,https://www.fire.ca.gov/incidents/2019/8/8/w1-mcdonald-fire/,2019-08-11T11:35:00Z,8/11/2019,8/8/2019
Heavy Range Fire,2019-08-12T15:08:30Z,2019-08-10T18:47:02Z,Beale Air Force Base,Yolo,"Hammonton Smartsville Rd. and Kendal Rd, Beale Air Force Base",33,-121.423281,39.171091,f044a406-06ab-457d-8a93-c52bb1930604,https://www.fire.ca.gov/incidents/2019/8/10/heavy-range-fire/,2019-08-10T15:07:00Z,8/10/2019,8/10/2019
Radio Fire,2019-08-13T08:23:01Z,2019-08-12T10:53:10Z,CAL FIRE/Riverside County Fire Department,Riverside,David Mountain Radio Road at David Mountain Road in Beaumont,20,-117.004667,33.909792,073d3328-3d8c-459a-8ac8-5dc6095511ec,https://www.fire.ca.gov/incidents/2019/8/12/radio-fire/,2019-08-12T08:21:00Z,8/12/2019,8/12/2019
Lower Fire,2019-08-17T18:38:18Z,2019-08-12T14:16:53Z,CAL FIRE Shasta-Trinity Unit,Shasta,Gas Point Rd & Lower Gas Point Rd in Igo,46,-122.54364,40.46968,618ca03c-28fd-4d66-abf3-d065d72d8cb4,https://www.fire.ca.gov/incidents/2019/8/12/lower-fire/,2019-08-13T16:15:00Z,8/13/2019,8/12/2019
Moose Fire,2019-08-18T07:10:42Z,2019-08-12T17:10:00Z,CAL FIRE Mendocino Unit,Mendocino,Off Moose Rd & Bus McGall Rd northwest of Hopland,225,-123.195306,39.005262,c8f94c30-d0ee-450a-8501-30678aa37c0f,https://www.fire.ca.gov/incidents/2019/8/12/moose-fire/,2019-08-17T18:15:00Z,8/17/2019,8/12/2019
Timm Fire ,2019-08-17T18:37:44Z,2019-08-13T15:41:24Z,CAL FIRE Sonoma Lake Napa Unit,Solano,"Off of Timm Road and Allendale Road, South of Winters ",81,-121.969167,38.455,ce97fe6d-a635-45f1-bc18-cdd1698673c2,https://www.fire.ca.gov/incidents/2019/8/13/timm-fire/,2019-08-13T18:00:00Z,8/13/2019,8/13/2019
Greenstone Fire ,2019-08-15T09:57:06Z,2019-08-14T16:07:49Z,CAL FIRE Amador El Dorado Unit ,El Dorado,Off of Greenstone Road and Buck Mountain Road ,16,-120.890556,38.703889,22c3cb30-55b1-4fcd-9606-6a0dcedce4ef,https://www.fire.ca.gov/incidents/2019/8/14/greenstone-fire/,2019-08-14T18:52:00Z,8/14/2019,8/14/2019
Spring Fire ,2019-08-15T10:10:44Z,2019-08-14T12:52:00Z,CAL FIRE Sonoma Lake Napa Unit & William Fire Department ,Colusa,Off of Spring Valley Road and Highway 20,20,-122.309167,39.088333,f2a78d1c-66be-40f8-a2d8-5756eb265162,https://www.fire.ca.gov/incidents/2019/8/14/spring-fire/,2019-08-14T18:51:00Z,8/14/2019,8/14/2019
Cottage Fire,2019-08-18T07:10:16Z,2019-08-15T15:09:55Z,CAL FIRE Shasta-Trinity Unit,Shasta,"Dersch Rd and Cottage Hill Dr, northeast of Anderson ",156,-122.159393,40.484329,2443f637-15d7-4cf9-a405-133cf1748300,https://www.fire.ca.gov/incidents/2019/8/15/cottage-fire/,2019-08-17T18:43:00Z,8/17/2019,8/15/2019
Border 9 Fire,2019-08-17T21:36:51Z,2019-08-15T16:24:24Z,CAL FIRE San Diego County Fire,San Diego,"Off of Marron Valley Road and Border Road, Southeast of Dulzura  ",80,-116.760465,32.57394,e094035d-ac9c-4ea9-a23b-bb55321a64d6,https://www.fire.ca.gov/incidents/2019/8/15/border-9-fire/,2019-08-16T18:44:00Z,8/16/2019,8/15/2019
Patterson Fire,2019-08-17T10:36:30Z,2019-08-15T17:47:43Z,CAL FIRE Amador-El Dorado Unit,El Dorado,"Patterson Drive, south of Placerville",35,-120.826165,38.652475,2760040b-e17b-430f-b581-a81694b450ac,https://www.fire.ca.gov/incidents/2019/8/15/patterson-fire/,2019-08-16T10:35:00Z,8/16/2019,8/15/2019
Patterson Fire,2019-08-22T15:33:02Z,2019-08-21T17:56:05Z,CAL FIRE Santa Clara Unit,Alameda,"Patterson Pass and Midway Road, west of Tracy",139,-121.55867,37.71734,d35fa87b-0f19-4dd8-8739-4bdbc92d1361,https://www.fire.ca.gov/incidents/2019/8/21/patterson-fire/,2019-08-21T18:27:00Z,8/21/2019,8/21/2019
Mountain Fire,2019-10-02T16:06:52Z,2019-08-22T11:02:09Z,CAL FIRE Shasta-Trinity Unit,Shasta,"Bear Mountain Road and Dry Creek Road, north of Bella Vista",600,-122.241944,40.715556,1bf3e829-5fb3-43d2-9179-6c337709df19,https://www.fire.ca.gov/incidents/2019/8/22/mountain-fire/,2019-08-26T17:00:00Z,8/26/2019,8/22/2019
Yucca Fire,2019-08-24T06:54:07Z,2019-08-22T19:31:10Z,CAL FIRE/Riverside County Fire Department,Riverside,Highway 371 cross of Yucca Road,34,-116.857817,33.4506,46896a04-8502-403c-b362-e4adc9e7ad4d,https://www.fire.ca.gov/incidents/2019/8/22/yucca-fire/,2019-08-23T23:00:00Z,8/23/2019,8/22/2019
Horse Fire,2019-09-26T14:47:35Z,2019-08-24T16:33:58Z,Bureau of Land Management ,Lassen,"Off Highway 139  and Horselake Road, North of Susanville",131,-120.544,40.562,97c4d72f-c1e9-425e-9dcf-44150047af92,https://www.fire.ca.gov/incidents/2019/8/24/horse-fire/,2019-08-27T10:44:00Z,8/27/2019,8/24/2019
Long Valley Fire ,2019-08-28T09:01:23Z,2019-08-24T17:25:04Z,Bureau of Land Management,Lassen,"Off Highway 395 and Red Rock Road, North of Hallelujah Junction",2438,-120.029722,39.892222,2ce810c9-88f1-4efe-9254-8cbd339d2397,https://www.fire.ca.gov/incidents/2019/8/24/long-valley-fire/,2019-08-27T09:01:00Z,8/27/2019,8/24/2019
Ivy Fire,2019-08-25T16:24:02Z,2019-08-25T10:58:28Z,CAL FIRE / Riverside County Fire,Riverside,near Northbound Intestate 15 and Temescal Canyon,80,-117.487578,33.77777348,cb87a6f4-a560-41a5-81c0-1064d0c368b6,https://www.fire.ca.gov/incidents/2019/8/25/ivy-fire/,2019-08-25T13:00:00Z,8/25/2019,8/25/2019
Sage Fire,2019-08-28T08:55:30Z,2019-08-27T11:33:56Z,CAL FIRE / Riverside County Fire,Riverside,"near the intersection of Sage Road and Highway 79, in Aguanga",12,-116.914799,33.463991,faf6064e-fc50-4289-8486-1235f20289d7,https://www.fire.ca.gov/incidents/2019/8/27/sage-fire/,2019-08-27T08:54:00Z,8/27/2019,8/27/2019
R-1 Fire,2019-09-26T14:47:23Z,2019-08-28T19:48:14Z,Bureau of Land Management ,Lassen,"Hagata Canyon, east of Eagle Lake",3380,-120.581,40.593,4ee8f023-1c92-4266-bb79-d41fdb3a5826,https://www.fire.ca.gov/incidents/2019/8/28/r-1-fire/,2019-09-04T16:22:00Z,9/4/2019,8/28/2019
Carroll Fire,2019-08-31T12:55:31Z,2019-08-31T12:55:15Z,CAL FIRE Santa Clara Unit,Alameda,eastbound 580 and North Flynn Road,19,-121.657011,37.718636,40ce99a7-fbca-4b41-b3bf-e2f863fdcc7e,https://www.fire.ca.gov/incidents/2019/8/31/carroll-fire/,2019-08-31T12:50:00Z,8/31/2019,8/31/2019
Jolon Fire,2019-09-03T10:19:31Z,2019-09-01T16:35:55Z,CAL FIRE San Benito-Monterey Unit,Monterey,"Jolon Road and New Pleyto Road, Lockwood",66,-120.992914,35.906482,954bfbe7-424c-49e0-9611-23e9f7a475a2,https://www.fire.ca.gov/incidents/2019/9/1/jolon-fire/,2019-09-02T10:08:00Z,9/2/2019,9/1/2019
Snail Fire,2019-09-26T14:47:14Z,2019-09-01T17:37:43Z,Los Padres National Forest,Ventura,3 miles northwest of Reyes Creek,279,-119.3547,34.71011,1b6cdbc8-4ab9-49e9-b6ed-e38d55e263cc,https://www.fire.ca.gov/incidents/2019/9/1/snail-fire/,2019-09-05T08:14:00Z,9/5/2019,9/1/2019
Mines Fire,2019-09-03T10:20:30Z,2019-09-02T14:36:35Z,CAL FIRE Santa Clara Unit,Alameda,"Mines Road, Livermore",11,-121.596667,37.545167,de9cacb4-0be2-47d1-8cf2-7a25aabacfae,https://www.fire.ca.gov/incidents/2019/9/2/mines-fire/,2019-09-02T19:13:00Z,9/2/2019,9/2/2019
Antelope Fire,2019-09-04T18:26:03Z,2019-09-02T15:40:37Z,CAL FIRE San Benito-Monterey Unit,San Benito,"Panoche Road and New Idria Road, Paicines",167,-120.8405,36.600167,ebdceb89-fa30-486a-94f8-3eff8eedbd67,https://www.fire.ca.gov/incidents/2019/9/2/antelope-fire/,2019-09-03T07:11:00Z,9/3/2019,9/2/2019
Telephone Fire,2019-09-06T10:10:55Z,2019-09-02T20:27:29Z,CAL FIRE San Bernardino Unit,San Bernardino,"Old Dump Road, south of Summit Valley Road, Hesperia",15,-117.343833,34.353667,a5331bf6-d695-4309-a846-96808e41d757,https://www.fire.ca.gov/incidents/2019/9/2/telephone-fire/,2019-09-06T08:00:00Z,9/6/2019,9/2/2019
Country Fire,2019-09-08T18:11:21Z,2019-09-03T14:57:31Z,CAL FIRE Amador - El Dorado Unit,El Dorado,"Highway 193 and Penobscot Rd, east of Cool",85,-120.946657,38.898915,89008310-149d-480f-946f-4ce5a2a71c3f,https://www.fire.ca.gov/incidents/2019/9/3/country-fire/,2019-09-06T07:24:00Z,9/6/2019,9/3/2019
Deer Fire,2019-09-06T19:49:01Z,2019-09-03T15:36:45Z,CAL FIRE San Mateo-Santa Cruz Unit,Santa Cruz,"Deer Creek Road and Rons Road, northeast of Boulder Creek",10,-122.07743,37.178353,23f65de3-bf4d-4edf-a5eb-b21299195b0f,https://www.fire.ca.gov/incidents/2019/9/3/deer-fire/,2019-09-06T19:48:00Z,9/6/2019,9/3/2019
Tenaja,2022-10-21T13:46:11Z,2019-09-04T16:43:36Z,CAL FIRE/Riverside County Fire Department ,Riverside,"Tenaja Road and Clinton Keith Road, in La Cresta",1926,-117.273157,33.528469,f68808fb-a705-4083-a136-1a45c61c7f74,https://www.fire.ca.gov/incidents/2019/9/4/tenaja/,2019-09-14T19:00:00Z,9/14/2019,9/4/2019
Glass Fire,2019-09-05T19:04:01Z,2019-09-04T16:26:00Z,Sonoma-Lake-Napa Unit,Lake,"Highway 29 and DNA Ridge Rock, Southwest of Clear Lake.",28,-122.642572,38.910498,da7fa4d6-cbf3-4cf9-babf-1cc79aa2f536,https://www.fire.ca.gov/incidents/2019/9/4/glass-fire/,2019-09-05T10:03:00Z,9/5/2019,9/4/2019
Foster Fire ,2019-09-04T20:37:36Z,2019-09-04T20:33:59Z,CAL FIRE San Benito Monterey Unit ,San Benito,"off of Grass Valley Road and Cienega Road, in Hollister",17,-121.39478,36.732866,d8c705d2-2820-43d2-bee4-8335354bcab0,https://www.fire.ca.gov/incidents/2019/9/4/foster-fire/,2019-09-04T20:33:00Z,9/4/2019,9/4/2019
Red Bank Fire,2022-10-21T13:53:28Z,2019-09-05T13:19:56Z,CAL FIRE Tehama Glenn Unit ,Tehama,"Off Hammer Loop Road and Petty John Road, West of Red Bluff ",8836,-122.64,40.12,14ad161c-bfc6-41ae-af84-a464084a4142,https://www.fire.ca.gov/incidents/2019/9/5/red-bank-fire/,2019-09-13T19:00:00Z,9/13/2019,9/5/2019
Flood Fire ,2019-09-08T19:56:30Z,2019-09-05T14:33:01Z,CAL FIRE Tuolumne Calaveras Unit,San Joaquin,"near Flood Rd and N. Waverly Road, Southwest of Rancho Calaveras",44,-120.945044,38.017138,3d4c2809-cd37-4f07-b86e-68dcd52c7434,https://www.fire.ca.gov/incidents/2019/9/5/flood-fire/,2019-09-05T19:56:00Z,9/5/2019,9/5/2019
Henthorne Fire,2019-09-26T14:46:47Z,2019-09-05T09:25:00Z,USFS Mendocino National Forest ,Trinity,"Yolla Bolly Middle Eel Wilderness near Henthorne Lake, North of Covelo",244,-123.222196,40.062304,791059a2-b50f-4ab0-924a-bfdac001e4b9,https://www.fire.ca.gov/incidents/2019/9/5/henthorne-fire/,2019-09-18T12:17:00Z,9/18/2019,9/5/2019
South Fire,2020-01-10T16:13:09Z,2019-09-05T19:59:46Z,Shasta-Trinity National Forest ,Tehama,"Southeast aspect of Tomhead Mountain, South of Platina",5332,-122.789,40.109,38d46a2f-d1f6-4ed8-a502-e57e393844ea,https://www.fire.ca.gov/incidents/2019/9/5/south-fire/,2019-12-02T16:12:00Z,12/2/2019,9/5/2019
Lone Fire,2019-09-26T14:46:26Z,2019-09-06T11:34:27Z,USFS - Modoc National Forest,Modoc,"Pinnacle Lake, Doublehead Ranger district, Modoc National Forest",5737,-121.056,41.748,81977367-45ad-4962-92f3-ae30f22ef723,https://www.fire.ca.gov/incidents/2019/9/6/lone-fire/,2019-09-13T07:19:00Z,9/13/2019,9/6/2019
Cow Fire,2020-01-10T16:08:48Z,2019-09-06T12:23:00Z,USFS - Inyo National Forest ,Inyo,"Golden Trout Wilderness, Inyo National Forest",1975,-118.228,36.284,c3b236b9-3a1d-481d-b1eb-b0aa77c5b462,https://www.fire.ca.gov/incidents/2019/9/6/cow-fire/,2019-11-21T16:08:00Z,11/21/2019,9/6/2019
Taboose Fire,2020-01-10T16:10:00Z,2019-09-06T12:43:35Z,Inyo National Forest     ,Inyo,south west of Big Pine and north west of Aberdeen,10296,-118.345,37.034,e7ea56c5-4290-4406-b0a5-c9d1718e9700,https://www.fire.ca.gov/incidents/2019/9/6/taboose-fire/,2019-11-21T16:09:00Z,11/21/2019,9/6/2019
Forbestown Fire,2019-09-13T09:42:08Z,2019-09-06T15:18:52Z,CAL FIRE Butte Unit,Butte,"Forbestown Road and Hurleton Swedes Flat Road, east of Oroville ",58,-121.412333,39.470333,2de3ab6b-60c5-4400-9bff-74c79ed7d553,https://www.fire.ca.gov/incidents/2019/9/6/forbestown-fire/,2019-09-12T18:49:00Z,9/12/2019,9/6/2019
R-6 Fire,2019-09-26T14:46:00Z,2019-09-06T13:20:00Z,Bureau of Land Management - Northern CA District,Lassen,"North of Fredonyer Peak, southwest of Termo",260,-120.606,44.734,393edada-d2bf-4a33-94f2-2d2123357015,https://www.fire.ca.gov/incidents/2019/9/6/r-6-fire/,2019-09-11T18:30:00Z,9/11/2019,9/6/2019
Kidder 2 Fire,2019-10-24T11:14:22Z,2019-09-07T08:47:46Z,Klamath National Forest,Siskiyou,"Marble Mountain Wilderness and Kidder Creek, Northwest of Etna",227,-123.2129356,41.4929742,69b0cca6-c0c6-4a96-8f61-07ebb0ff9dc7,https://www.fire.ca.gov/incidents/2019/9/7/kidder-2-fire/,2019-09-26T08:00:00Z,9/26/2019,9/7/2019
Rams Horn Fire,2019-09-26T14:45:36Z,2019-09-07T08:49:58Z,Shasta-Trinity National Forest,Trinity,"Highway 3 and Bear Creek Loop, Northeast of Coffee Creek",280,-122.634108,41.150392,b24dc89c-632d-46a1-8984-2ce037e37834,https://www.fire.ca.gov/incidents/2019/9/7/rams-horn-fire/,2019-09-12T10:08:00Z,9/12/2019,9/7/2019
Oak Fire,2019-09-08T07:45:11Z,2019-09-07T14:00:00Z,CAL FIRE Sonoma Lake Napa Unit,Lake,"Highway 29 and Cole Creek Road, South of Kelseyville",53,-122.833831,38.955024,25e65946-2e28-453b-bcb4-617b623be750,https://www.fire.ca.gov/incidents/2019/9/7/oak-fire/,2019-09-08T07:00:00Z,9/8/2019,9/7/2019
Swedes Fire,2022-10-21T13:46:32Z,2019-09-07T15:06:00Z,CAL FIRE Butte County Fire ,Butte,"Swedes Flat Road and Oro Bangor Highway, east of Oroville",496,-121.412619,39.45296,63a43984-64ce-40aa-bbc3-98330a46353f,https://www.fire.ca.gov/incidents/2019/9/7/swedes-fire/,2019-09-13T19:00:00Z,9/13/2019,9/7/2019
Duzel Fire,2019-09-11T14:26:56Z,2019-09-07T18:19:16Z,CAL FIRE Siskiyou unit,Siskiyou,"Near Duzel Rock Lookout, northeast of Etna",15,-122.740333,41.512917,efba4d61-2027-4b05-8506-04d9858154ca,https://www.fire.ca.gov/incidents/2019/9/7/duzel-fire/,2019-09-10T19:27:00Z,9/10/2019,9/7/2019
Sycamore Fire,2019-09-26T14:45:22Z,2019-09-07T20:31:46Z,Riverside City Fire Department,Riverside,"Kangaroo Court and River Ridge Drive, Riverside ",250,-117.3063,33.9369,a14c1f49-8e49-4709-a21b-6c06471a1002,https://www.fire.ca.gov/incidents/2019/9/7/sycamore-fire/,2019-09-08T18:00:00Z,9/8/2019,9/7/2019
McMurray Fire,2019-09-14T08:47:56Z,2019-09-09T17:42:43Z,Santa Barbara County Fire,Santa Barbara,"McMurray Rd and Hwy 101, north of Buellton",200,-120.187368,34.630919,4cebaf5a-70a7-4262-864b-fb3fe3b1d84d,https://www.fire.ca.gov/incidents/2019/9/9/mcmurray-fire/,2019-09-14T08:00:00Z,9/14/2019,9/9/2019
Bailey Fire,2019-09-10T10:46:34Z,2019-09-10T10:43:58Z,CAL FIRE/Riverside County Fire Department,Riverside,Bailey Road and Terwilliger Road in Anza,10,-116.631106,33.496633,5a4639e4-0d1d-4cee-8215-0aa1d53a5160,https://www.fire.ca.gov/incidents/2019/9/10/bailey-fire/,2019-09-10T10:45:00Z,9/10/2019,9/10/2019
Bridge Fire,2019-09-13T21:47:39Z,2019-09-13T20:00:29Z,CAL FIRE TCU (Tuolumne-Calaveras Unit),Stanislaus,Knights Ferry,11,-120.401028,37.492002,a8b79d35-dab7-4513-ac65-25fd99541662,https://www.fire.ca.gov/incidents/2019/9/13/bridge-fire/,2019-09-13T21:43:00Z,9/13/2019,9/13/2019
Bautista Fire,2019-10-24T11:05:12Z,2019-09-15T20:13:05Z,San Bernardino National Forest,Riverside,"Bautista Road and Tripp Flats, West of Lake Hemet",167,-116.801111,33.635,980c4c7d-dcc9-45b3-b5c1-181c1cd445e9,https://www.fire.ca.gov/incidents/2019/9/15/bautista-fire/,2019-09-22T18:00:00Z,9/22/2019,9/15/2019
Reservoir Fire,2019-09-24T18:28:45Z,2019-09-21T11:49:00Z,CAL FIRE Santa Clara Unit,Santa Clara,"Calaveras Rd and Felter Road, 5 miles northeast of Milpitas",128,-121.842751,37.467744,3934f762-ba99-471a-b1d9-dc064276c383,https://www.fire.ca.gov/incidents/2019/9/21/reservoir-fire/,2019-09-24T18:00:00Z,9/24/2019,9/21/2019
Lopez Fire,2019-10-24T11:23:10Z,2019-09-21T14:26:00Z,Los Padres National Forest,San Luis Obispo,"Upper Lopez Canyon Road & Wittenberg Creek Rd, southeast of San Luis Obispo",220,-120.455883,35.214364,840010ca-aef0-4f91-b771-3bf196317d03,https://www.fire.ca.gov/incidents/2019/9/21/lopez-fire/,2019-09-27T18:00:00Z,9/27/2019,9/21/2019
Kennedy Fire,2019-09-22T18:36:33Z,2019-09-21T17:22:00Z,CAL FIRE / Riverside County Fire,Riverside,"Moreno Beach Dr & John F. Kennedy Dr, near Lake Perris",98,-117.170588,33.900994,7b283f4f-c613-4840-aa90-1f6e9fa1573a,https://www.fire.ca.gov/incidents/2019/9/21/kennedy-fire/,2019-09-22T17:00:00Z,9/22/2019,9/21/2019
Tulloch Fire,2019-09-25T06:56:27Z,2019-09-23T15:55:57Z,CAL FIRE Tuolumne-Calaveras Unit,Tuolumne,"By the intersection of Tulloch Road and Highway 108 in Jamestown, California.",83,-120.625556,37.838333,e7910549-a5ca-4712-bd04-349c49c1ba15,https://www.fire.ca.gov/incidents/2019/9/23/tulloch-fire/,2019-09-24T10:21:00Z,9/24/2019,9/23/2019
Cow Fire,2019-09-24T14:52:49Z,2019-09-24T08:40:45Z,CAL FIRE Shasta-Trinity Unit,Shasta,at Whitmore Road and Cow Creek Ranch Road in Millville,16,-122.039167,40.612556,f24e0e23-63ee-4038-a04d-41fe70cac747,https://www.fire.ca.gov/incidents/2019/9/24/cow-fire/,2019-09-24T14:52:00Z,9/24/2019,9/24/2019
Electra Fire,2019-09-25T17:41:10Z,2019-09-25T13:13:41Z,CAL FIRE Amador-El Dorado Unit,Amador,"Electra Road and Highway 49, east of Jackson",10,-120.67131,38.332083,755df0b3-ad02-406b-af5d-738b67d8c755,https://www.fire.ca.gov/incidents/2019/9/25/electra-fire/,2019-09-25T17:00:00Z,9/25/2019,9/25/2019
Willow Fire,2019-09-25T20:04:20Z,2019-09-25T14:17:25Z,Unified Command: CAL FIRE San Diego County Fire & Lakeside Fire Protection District ,San Diego,"near 14000 block of Willow Rd, Northeast Lakeside ",52,-116.88,32.87833333,abdb011f-15d8-475b-b08e-4df583700411,https://www.fire.ca.gov/incidents/2019/9/25/willow-fire/,2019-09-25T20:00:00Z,9/25/2019,9/25/2019
Hwy Fire,2019-10-02T16:03:59Z,2019-09-28T17:48:10Z,CAL FIRE Butte/ Butte County Fire,Butte,"Off of Hwy 99 and Hwy 149, Southeast of Chico",300,-121.693472,39.622137,b8e5a940-0fb5-4c63-93ab-a855cfdc4e0c,https://www.fire.ca.gov/incidents/2019/9/28/hwy-fire/,2019-09-28T18:40:00Z,9/28/2019,9/28/2019
Chaparral Fire,2019-09-30T09:21:49Z,2019-09-29T21:44:45Z,CAL FIRE Amador-El Dorado,El Dorado,Chaparral Drive and Latrobe Road in Latrobe,22,-120.965105,38.538467,48f89096-4641-42cc-8ec4-9cba635e79a1,https://www.fire.ca.gov/incidents/2019/9/29/chaparral-fire/,2019-09-29T21:35:00Z,9/29/2019,9/29/2019
Warren Fire,2019-09-30T09:09:09Z,2019-09-30T07:07:00Z,CAL FIRE / Riverside County Fire,Riverside,Warren Rd & Old Mine Rd in Hemet,19,-117.033598,33.703546,1e85b2a3-0d55-4c3a-9fbb-5208d615cccd,https://www.fire.ca.gov/incidents/2019/9/30/warren-fire/,2019-09-30T09:05:00Z,9/30/2019,9/30/2019
Del Fire,2019-10-04T10:39:31Z,2019-10-03T13:36:04Z,CAL FIRE Santa Clara Unit ,Stanislaus,Del Puerto Canyon Road east of Frank Raines Park west of Patterson,18,-121.336465,37.429506,2e4017ba-5c18-4de6-8098-54b2a6caf5bd,https://www.fire.ca.gov/incidents/2019/10/3/del-fire/,2019-10-04T10:39:00Z,10/4/2019,10/3/2019
Elk Fire,2019-12-06T11:10:27Z,2019-10-04T12:03:48Z,CAL FIRE Tehama-Glenn Unit,Glenn,Elk Creek,63,-123.4375,41.70611111,082bd2d3-457b-496b-a469-0d2550aac7ef,https://www.fire.ca.gov/incidents/2019/10/4/elk-fire/,2019-10-03T12:03:00Z,10/3/2019,10/4/2019
American Fire,2019-10-09T13:52:17Z,2019-10-06T16:36:50Z,Unified Command: CAL FIRE Sonoma-Lake-Napa Unit and American Canyon Fire Protection District,Napa,"American Canyon and Highway 80, east of American Canyon",526,-122.211671,38.165873,74c3d01f-8809-40bc-a0e2-b1cc24bf1a7d,https://www.fire.ca.gov/incidents/2019/10/6/american-fire/,2019-10-07T18:34:00Z,10/7/2019,10/6/2019
Point Fire ,2019-10-07T09:58:51Z,2019-10-07T09:58:51Z,CAL FIRE Santa Clara Unit,Santa Clara,Highway 152 and Dinosaur Point Rd ,29,-121.219163,37.066483,25e80e7d-5790-4192-9cf0-a190f36158f0,https://www.fire.ca.gov/incidents/2019/10/7/point-fire/,2019-10-07T09:58:00Z,10/7/2019,10/7/2019
Dales Fire,2019-10-07T11:03:29Z,2019-10-07T11:03:29Z,CAL FIRE Tehama Glenn Unit,Tehama,Highway 36E east of Dales Station and Manton Road,11,-122.070055,40.314187,a4bd4cbb-53de-47c8-972f-cca4c36aaf74,https://www.fire.ca.gov/incidents/2019/10/7/dales-fire/,2019-10-07T11:03:00Z,10/7/2019,10/7/2019
Little Fire,2019-10-09T13:51:55Z,2019-10-08T17:25:12Z,CAL FIRE Santa Clara Unit,Alameda,SR 84 and Little Valley Road in Sunol,12,-121.853,37.606,a87ab8be-3da9-4cb0-a72c-5125acc001ef,https://www.fire.ca.gov/incidents/2019/10/8/little-fire/,2019-10-08T17:51:00Z,10/8/2019,10/8/2019
Cross Fire,2019-10-11T07:38:50Z,2019-10-09T06:52:14Z,CAL FIRE San Benito-Monterey Unit and CAL FIRE San Luis Obispo Unit,"Monterey, San Luis Obispo",Indian Valley Road and Monterey County Line near Camp Robert's,289,-120.73102,35.79069,207f72f7-1453-40dc-919e-3551f7041b22,https://www.fire.ca.gov/incidents/2019/10/9/cross-fire/,2019-10-11T07:30:00Z,10/11/2019,10/9/2019
Corning Fire ,2019-10-09T12:39:56Z,2019-10-09T08:31:40Z,CAL FIRE Tehama-Glenn Unit,Tehama,"Inghram Road, South Corning",68,-122.1604,39.847708,18fe1e24-799d-4aa9-a7ec-fa8e331ae3e9,https://www.fire.ca.gov/incidents/2019/10/9/corning-fire/,2019-10-09T12:39:00Z,10/9/2019,10/9/2019
Inghram Fire,2019-10-09T09:52:52Z,2019-10-09T09:52:52Z,CAL FIRE Tehama-Glenn Unit,Tehama,"Inghram Road, South Corning",10,-122.160416,39.847708,d6114db7-8a39-4b86-92a5-5c3dea1f348f,https://www.fire.ca.gov/incidents/2019/10/9/inghram-fire/,2019-10-08T09:52:00Z,10/8/2019,10/9/2019
Merrill Fire,2019-10-12T14:00:58Z,2019-10-10T06:42:19Z,City of Moraga,Contra Costa,"Merrill Circle N and Merrill Dr, Moraga",40,-122.103867,37.828267,19578ef2-6101-45b0-a82e-db3004c3a8a5,https://www.fire.ca.gov/incidents/2019/10/10/merrill-fire/,2019-10-10T12:00:00Z,10/10/2019,10/10/2019
Eagle Fire,2019-10-10T18:11:59Z,2019-10-10T12:08:00Z,CAL FIRE / Riverside County Fire,Riverside,"Eagle Canyon Rd. and Cajalco Rd., southwest of Corona",9,-117.499619,33.827979,6e93b252-99a3-4214-9921-238373b17535,https://www.fire.ca.gov/incidents/2019/10/10/eagle-fire/,2019-10-10T18:11:00Z,10/10/2019,10/10/2019
Reche Fire,2019-10-14T10:56:50Z,2019-10-10T14:18:17Z,CAL FIRE / Riverside County Fire ,Riverside,"Reche Canyon Rd and Jordan Dr, Moreno Valley",350,-117.207068,33.975405,8739a46c-9d9b-464c-87d0-31738601d96f,https://www.fire.ca.gov/incidents/2019/10/10/reche-fire/,2019-10-13T07:30:00Z,10/13/2019,10/10/2019
Plains Fire,2019-10-10T19:05:53Z,2019-10-10T15:49:07Z,CAL FIRE Shasta-Trinity Unit,Shasta,Millville Plains Road and Sprig Road in Millville,42,-122.19911,40.4988,f20ba27e-4c6c-4ca9-a356-ef88c4f788bb,https://www.fire.ca.gov/incidents/2019/10/10/plains-fire/,2019-10-10T19:05:00Z,10/10/2019,10/10/2019
Wolf Fire,2019-10-12T17:29:29Z,2019-10-10T18:36:46Z,CAL FIRE/Riverside County Fire Department,Riverside,"Wolfskill Truck Road near Silver Creek Drive, south of Banning",75,-116.897333,33.8615,d37acb3f-94c8-47ef-b3da-6eb0d7353aa7,https://www.fire.ca.gov/incidents/2019/10/10/wolf-fire/,2019-10-12T17:22:00Z,10/12/2019,10/10/2019
Saddle Ridge Fire,2019-11-05T12:06:11Z,2019-10-10T21:02:00Z,Unified Command: Los Angeles County Fire Department and Los Angeles City Fire Department and Angeles National Forest,Los Angeles,"Saddle Ridge Rd, Sylmar",8799,-118.48161,34.32988,c52717d6-0297-4c5b-a0f1-f17abcd7ac27,https://www.fire.ca.gov/incidents/2019/10/10/saddle-ridge-fire/,2019-10-31T09:10:00Z,10/31/2019,10/10/2019
Bitter Fire,2019-10-11T16:24:37Z,2019-10-11T12:30:19Z,CAL FIRE San Luis Obispo County,San Luis Obispo,Highway 46 and Bitterwater Rd,30,-120.312856,35.709176,fd1bc30a-4377-45f6-ba2b-b4e1c7e65ee7,https://www.fire.ca.gov/incidents/2019/10/11/bitter-fire/,2019-10-11T16:21:00Z,10/11/2019,10/11/2019
Olivas Fire,2019-10-14T11:02:03Z,2019-10-11T15:57:10Z,Ventura County Fire Department ,Ventura,"Olivas Park Drive, near the Buenaventura Golf Course",200,-119.20187,34.23955,02e6023e-d306-4a67-a09c-b9224b98661e,https://www.fire.ca.gov/incidents/2019/10/11/olivas-fire/,2019-10-12T18:00:00Z,10/12/2019,10/11/2019
Horse Fire,2019-10-16T13:53:19Z,2019-10-13T14:45:37Z,Bureau of Land Management - Northern California District,Lassen,"Shaffer Mountain, Northeast of Susanville in Lassen County",55,-120.304341,40.387772,72c6a0db-a014-4cd9-9788-926707ef839c,https://www.fire.ca.gov/incidents/2019/10/13/horse-fire/,2019-10-16T13:44:00Z,10/16/2019,10/13/2019
Johnson Fire ,2020-08-13T11:53:25Z,2019-10-14T15:32:20Z,Bureau of Indian Affairs,Riverside,Johnson Street and Ave 82,75,-116.05898,33.45148,8bf75401-999f-42bd-8c0a-8db508591545,https://www.fire.ca.gov/incidents/2019/10/14/johnson-fire/,2019-10-16T11:53:00Z,10/16/2019,10/14/2019
Fairmont Fire,2019-10-16T13:51:19Z,2019-10-15T17:41:57Z,San Diego City Fire Department ,San Diego,"Off Fairmont Avenue and Aldine Drive, Northwest of Talmadge",10,-117.097441,32.762706,2a516d14-36ce-43b0-b34c-7483759a9c84,https://www.fire.ca.gov/incidents/2019/10/15/fairmont-fire/,2019-10-16T13:50:00Z,10/16/2019,10/15/2019
Real Fire,2019-10-21T11:36:43Z,2019-10-17T16:31:00Z,Santa Barbara County Fire Department,Santa Barbara,Calle Real & Hwy 101 west of El Capitan ,420,-120.190833,34.484722,baa2a51c-40bc-420c-9f88-db4783872d65,https://www.fire.ca.gov/incidents/2019/10/17/real-fire/,2019-10-21T06:00:00Z,10/21/2019,10/17/2019
Mud Fire ,2019-10-19T15:22:29Z,2019-10-18T12:17:32Z,CAL FIRE Fresno-Kings Unit,Fresno,"Los Gatos Creek Road and Joaquin Rocks Lookout Road, east of Coalinga",137,-120.460189,36.319291,ff8701f0-a12a-4b40-baa9-b58c4e2e31f3,https://www.fire.ca.gov/incidents/2019/10/18/mud-fire/,2019-10-19T15:00:00Z,10/19/2019,10/18/2019
Beaumont Fire,2019-10-24T07:12:22Z,2019-10-21T08:16:33Z,CAL FIRE San Bernardino Unit ,San Bernardino,Beaumont and San Timorese Canyon,11,-117.21545,34.033117,6ad5dc4a-bd52-4cb4-9664-2ab606289d21,https://www.fire.ca.gov/incidents/2019/10/21/beaumont-fire/,2019-10-22T13:30:00Z,10/22/2019,10/21/2019
Palisades Fire,2019-11-05T14:16:11Z,2019-10-21T11:52:52Z,Los Angeles Fire Department ,Los Angeles,"North Palisades Dr., Pacific Palisades",42,-118.554091,34.055768,24eb323e-b97f-4087-886b-7efae8937bae,https://www.fire.ca.gov/incidents/2019/10/21/palisades-fire/,2019-10-31T14:16:00Z,10/31/2019,10/21/2019
Kincade Fire,2020-03-03T15:35:35Z,2019-10-23T21:27:00Z,CAL FIRE Sonoma-Lake-Napa Unit,Sonoma,"John Kincade Road and Burned Mountain Road, northeast of Geyserville",77758,-122.780053,38.792458,809d101c-8aa3-4a53-bf20-f38ae7ec7941,https://www.fire.ca.gov/incidents/2019/10/23/kincade-fire/,2019-11-06T19:00:00Z,11/6/2019,10/23/2019
Nelson Fire ,2019-10-25T07:49:16Z,2019-10-24T14:43:10Z,CALFIRE/Butte County Fire ,Butte,Between Durham and Richvale,80,-121.800538,39.551423,6890469e-78d7-4dac-b162-6c23498fabcc,https://www.fire.ca.gov/incidents/2019/10/24/nelson-fire/,2019-10-24T17:15:00Z,10/24/2019,10/24/2019
Cabrillo Fire,2019-10-27T12:11:20Z,2019-10-24T20:15:36Z,CAL FIRE San Mateo- Santa Cruz Unit,San Mateo,"Highway 1 and Gazos Creek Rd, south of Pescadero",62,-122.361112,37.166674,ab8109fd-e8eb-4690-9f5c-3a8c9c47ff48,https://www.fire.ca.gov/incidents/2019/10/24/cabrillo-fire/,2019-10-27T12:11:00Z,10/27/2019,10/24/2019
Mines Fire,2019-10-27T14:00:06Z,2019-10-24T23:16:18Z,CAL FIRE Santa Clara Unit,Alameda,"Mines Rd and Del Valle Rd, southeast of Livermore",35,-121.68598,37.62782,87404846-bc30-41b8-82fe-31c9aedb9ef7,https://www.fire.ca.gov/incidents/2019/10/24/mines-fire/,2019-10-27T13:55:00Z,10/27/2019,10/24/2019
Sawday Fire ,2019-10-29T19:04:38Z,2019-10-25T10:52:04Z,CALFIRE San Diego ,San Diego,"Sawday Truck Trail and Little Page Rd, Community of Witch Creek ",97,-116.742508,33.055124,a6701bb9-7086-4dbc-ac5f-8c98eeb0279a,https://www.fire.ca.gov/incidents/2019/10/25/sawday-fire/,2019-10-28T19:31:00Z,10/28/2019,10/25/2019
Miller Fire,2019-10-27T18:29:19Z,2019-10-25T15:05:52Z,CAL FIRE San Diego County Fire,San Diego,"Miller Lane and Cole Grade Lane, North of Valley Center ",37,-117.027333,33.259861,7ff229e4-be94-4319-8916-19eb43753843,https://www.fire.ca.gov/incidents/2019/10/25/miller-fire/,2019-10-27T18:05:00Z,10/27/2019,10/25/2019
Rawson Fire,2022-10-21T13:47:05Z,2019-10-27T02:47:20Z,CAL FIRE Tehama-Glenn Unit,Tehama,"Gyle Road and Long Dirt Road, Northwest of Corning",605,-122.25421,40.00171,828b2492-fc44-4fc0-97fa-f0b439e6fa0d,https://www.fire.ca.gov/incidents/2019/10/27/rawson-fire/,2019-10-28T07:22:00Z,10/28/2019,10/27/2019
Cypress Complex,2019-10-28T16:26:20Z,2019-10-27T08:50:23Z, East Contra Costa County Fire Protection District,Contra Costa,"East Cypress Rd and Bethel Island Road, Knightsen, CA  ",200,-121.64118,37.99136,d299dec7-b09f-47f7-80c9-859ddd1ecef3,https://www.fire.ca.gov/incidents/2019/10/27/cypress-complex/,2019-10-28T16:26:00Z,10/28/2019,10/27/2019
Sky Fire ,2019-10-29T11:40:36Z,2019-10-27T11:29:03Z,"Unified Command: CAL FIRE Santa Clara Unit, Crockett Fire and Contra Costa Fire. ",Contra Costa,"Commings Skyway and I-80, south of Crockett",150,-122.2241,38.03545,64104ca2-a187-4b11-bb43-e22253bbcb52,https://www.fire.ca.gov/incidents/2019/10/27/sky-fire/,2019-10-28T16:30:00Z,10/28/2019,10/27/2019
Glencove Fire ,2019-10-28T16:30:13Z,2019-10-27T11:52:15Z,Vallejo city fire,Solano,"Glen Cove Pkwy and Lookout Dr, south of Vallejo",140,-122.22463,38.07205,c9f9ded3-170f-4b04-a50e-2c03153c663f,https://www.fire.ca.gov/incidents/2019/10/27/glencove-fire/,2019-10-28T16:28:00Z,10/28/2019,10/27/2019
Burris Fire,2019-11-03T18:54:27Z,2019-10-27T14:54:40Z,CAL FIRE Mendocino Unit,Mendocino,"Potter Valley Road and  Highway 20, east of Calpella in Mendocino County",703,-123.12887,39.22431,9cc1af36-29f2-4af5-afa7-23b9ce17630e,https://www.fire.ca.gov/incidents/2019/10/27/burris-fire/,2019-11-03T18:52:00Z,11/3/2019,10/27/2019
Forest Fire,2019-10-28T16:28:20Z,2019-10-27T17:36:15Z,Contra Costa Fire Department ,Contra Costa,"Alhambra Ave and Alhambra Hills Dr, Martinez in Contra Costa County",50,-122.11092,37.97911,b36ed23e-a3de-4aff-bdbc-d6ebf8d8f077,https://www.fire.ca.gov/incidents/2019/10/27/forest-fire/,2019-10-28T16:26:00Z,10/28/2019,10/27/2019
Getty Fire ,2019-11-08T15:26:39Z,2019-10-28T06:46:55Z, Los Angeles Fire Department,Los Angeles,East Sepulveda Blvd and I-405 near Los Angeles City ,745,-118.478717,34.098191,e693477a-37d2-4aba-9e73-a63421a2b3a6,https://www.fire.ca.gov/incidents/2019/10/28/getty-fire/,2019-11-05T17:30:00Z,11/5/2019,10/28/2019
Easy Fire,2022-10-21T13:54:43Z,2019-10-30T07:45:14Z,Ventura County Fire Department,Ventura,"West Easy Street and West Los Angeles Avenue, Simi Valley",2375,-118.803389,34.282179,00e6d6d5-f168-45fa-817a-f7758a5170b7,https://www.fire.ca.gov/incidents/2019/10/30/easy-fire/,2019-11-02T18:57:00Z,11/2/2019,10/30/2019
Hill Fire ,2022-10-21T13:55:18Z,2019-10-31T08:19:00Z,CAL FIRE Riverside County Fire Department ,Riverside,"Granite Hill and Pyrite Street, in Jurupa Valley ",628,-117.4625,34.01778,8f23653c-1a4c-4609-bfb3-72b1665eab69,https://www.fire.ca.gov/incidents/2019/10/31/hill-fire/,2019-11-02T18:44:00Z,11/2/2019,10/31/2019
46 Fire,2022-10-21T13:47:40Z,2019-10-31T06:22:34Z,CAL FIRE Riverside County Fire Department,Riverside,"5300 block of 46th Street, East Jurupa Valley ",328,-117.414111,33.985972,e59fa47f-0f47-49a9-a2c5-092cfaf68ed5,https://www.fire.ca.gov/incidents/2019/10/31/46-fire/,2019-11-03T16:15:00Z,11/3/2019,10/31/2019
Hillside Fire,2019-11-12T09:03:33Z,2019-10-31T06:53:47Z,San Bernardino County Fire Department/ San Bernardino Nation Forest Service,San Bernardino,"off of W 59th and Hill Dr, in San Bernardino National Forest",200,-117.285,34.183,dfc32e06-b88e-4d30-ae3d-22bc18792f5e,https://www.fire.ca.gov/incidents/2019/10/31/hillside-fire/,2019-11-05T09:03:00Z,11/5/2019,10/31/2019
Maria Fire ,2020-03-03T15:19:43Z,2019-10-31T20:58:28Z,Ventura County Fire Department ,Ventura,"off of Bradley Road and Solano Verde Dr, Top of South Mt, Santa Paula",9999,-118.997115,34.302212,31852a71-e639-496f-9e7d-0968d1c218b3,https://www.fire.ca.gov/incidents/2019/10/31/maria-fire/,2019-11-06T18:00:00Z,11/6/2019,10/31/2019
Sobrante Fire ,2019-11-05T08:56:21Z,2019-11-01T13:04:34Z,CAL FIRE Riverside County Fire Department ,Riverside,"off of La Sierra Ave and Tin Mine Road,  East of Corona ",19,-117.461363,33.849906,305f30f5-622d-4c55-8813-45ffbc15aed0,https://www.fire.ca.gov/incidents/2019/11/1/sobrante-fire/,2019-11-01T08:55:00Z,11/1/2019,11/1/2019
Ranch Fire,2022-10-21T13:48:01Z,2019-11-03T14:16:17Z,CAL FIRE Tehama-Glenn Unit,Tehama,"Colyer Springs Rd and Raglin Ridge Rd, southwest of Red Bluff",2534,-122.637837,40.036379,69d98a94-4980-4dc0-b388-61c37c635f32,https://www.fire.ca.gov/incidents/2019/11/3/ranch-fire/,2019-11-14T18:02:00Z,11/14/2019,11/3/2019
Eagle Fire,2019-11-14T18:26:01Z,2019-11-05T06:52:14Z,CAL FIRE Sonoma-Lake-Napa Unit,Lake,"Walker Ridge Road and Bartlett Springs Road, northeast of Clearlake",75,-122.496548,39.100408,600d608d-6279-435d-bc9b-99aacaa5e80f,https://www.fire.ca.gov/incidents/2019/11/5/eagle-fire/,2019-11-06T18:30:00Z,11/6/2019,11/5/2019
Cave Fire,2022-11-30T10:24:01Z,2019-11-25T19:59:12Z,Los Padres National Forest,Santa Barbara,Highway 154 and E Camino Cielo near Painted Cave in the Los Padres National Forest,3126,-119.785,34.5025,7555692b-f672-4660-8f15-d0dab068a193,https://www.fire.ca.gov/incidents/2019/11/25/cave-fire/,2019-12-14T08:22:00Z,12/14/2019,11/25/2019
Antelope Fire,2020-02-24T14:41:27Z,2020-02-17T15:04:08Z,USFS Tahoe National Forest,Sierra,"Hwy 49 and Fillippini Road, Sierraville",102,-120.3291855,39.6923001,c9bb59f7-be32-4296-8c11-3f1233116827,https://www.fire.ca.gov/incidents/2020/2/17/antelope-fire/,2020-02-20T14:40:00Z,2/20/2020,2/17/2020
Beegum Fire,2020-02-24T14:32:24Z,2020-02-23T08:35:30Z,CAL FIRE Tehama-Glenn Unit,Tehama,"Off of Highway 36 West and Tedoc Rd, West of Red Bluff",75,-122.8472222,40.33583333,f6e7a62d-4796-452d-8e41-66ed1aef6d63,https://www.fire.ca.gov/incidents/2020/2/23/beegum-fire/,2020-02-24T14:32:00Z,2/24/2020,2/23/2020
Wood Fire,2020-02-24T14:45:55Z,2020-02-23T17:50:20Z,Bureau of Land Management,Lassen,"Off Horselake Road and Woodranch Road, East of Susanville",57,-120.49392,40.62155,edd2012d-0574-46a1-97d5-9ca42e7c5912,https://www.fire.ca.gov/incidents/2020/2/23/wood-fire/,2020-02-23T14:45:00Z,2/23/2020,2/23/2020
Baseball Fire,2020-03-09T11:22:07Z,2020-02-25T14:17:21Z,Mendocino National Forest,"Glenn, Mendocino","Off Atchison Creek, East of Covelo",211,-122.9411111,39.75638899,ad9ab6b9-53ed-417c-a490-6b594974f110,https://www.fire.ca.gov/incidents/2020/2/25/baseball-fire/,2020-03-03T11:21:00Z,3/3/2020,2/25/2020
Grizzly Fire,2020-03-05T07:27:29Z,2020-03-02T14:08:05Z,CAL FIRE Tehama-Glenn Unit ,Glenn,"Grizzly Flat Recreation Area, west of Orland",154,-122.384532,39.774968,405d5f3f-66c9-4b69-8660-82780fa582b5,https://www.fire.ca.gov/incidents/2020/3/2/grizzly-fire/,2020-03-05T07:26:00Z,3/5/2020,3/2/2020
Carter Fire ,2020-04-20T13:51:38Z,2020-04-04T20:22:08Z,Imperial County Fire Departmant,Imperial,"Off Austin Road  and Weaver Road, South of Brawley",275,-115.5865,32.93432,a87d4713-817a-47ac-9fa5-427c474cf9a5,https://www.fire.ca.gov/incidents/2020/4/4/carter-fire/,2020-04-12T13:51:00Z,4/12/2020,4/4/2020
Red Fire ,2020-04-26T09:53:40Z,2020-04-23T20:52:04Z,CAL FIRE Tehama-Glenn Unit,Tehama,"Red Bank Road, Southwest of Red Bluff",26,-122.43905,40.09554,3eff88c0-89ee-4abe-8f6d-f74b90c42f30,https://www.fire.ca.gov/incidents/2020/4/23/red-fire/,2020-04-24T09:53:00Z,4/24/2020,4/23/2020
Byron Fire,2020-04-27T20:34:21Z,2020-04-27T14:59:04Z,Contra Costa Fire Protection District,Contra Costa,"Byron Highway and Bruns Ave, southeast of Byron",47,-121.595225,37.82066,18b88d88-2c76-41cb-9b07-5c9dda8f56d9,https://www.fire.ca.gov/incidents/2020/4/27/byron-fire/,2020-04-27T20:33:00Z,4/27/2020,4/27/2020
Interstate 5 Fire,2020-05-07T13:31:33Z,2020-05-03T15:52:04Z,Kings County Fire Department,Kings,"Interstate 5 & Avenal Cutoff, south of Fresno County line",2060,-120.106407,36.075003,2dac9fb4-1c2a-405a-93be-92ed7788a1d2,https://www.fire.ca.gov/incidents/2020/5/3/interstate-5-fire/,2020-05-03T13:31:00Z,5/3/2020,5/3/2020
Hollister Fire,2020-05-18T13:50:33Z,2020-05-07T08:10:19Z,Santa Barbara County Fire Department,Santa Barbara,"Hollister Ranch, West of Goleta in Gaviota",156,-120.29379,34.47438,d0dbf515-0e04-42d9-a46b-8ea21d18374a,https://www.fire.ca.gov/incidents/2020/5/7/hollister-fire/,2020-05-09T13:50:00Z,5/9/2020,5/7/2020
Candy Fire,2020-07-24T15:35:00Z,2020-05-08T14:46:20Z,CAL FIRE/Butte County Fire,Butte,"Candy Cane Ln and Apache Hill Rd, west of Palermo",17,-121.47273,39.42208,9a8425a9-f3ba-4afe-82d2-d9a9776959aa,https://www.fire.ca.gov/incidents/2020/5/8/candy-fire/,2020-05-08T15:21:00Z,5/8/2020,5/8/2020
Gilman Fire,2020-05-19T12:01:22Z,2020-05-18T13:38:14Z,CAL FIRE / Riverside County Fire ,Riverside,"Gilman Springs Road and Slegers Street, Southeast of Moreno Valley",20,-117.024114,33.861054,3788f0dd-0d61-4458-95a2-ebda03b815b2,https://www.fire.ca.gov/incidents/2020/5/18/gilman-fire/,2020-05-18T18:11:00Z,5/18/2020,5/18/2020
Spanish Fire ,2020-05-23T14:42:38Z,2020-05-22T15:27:09Z,CAL FIRE Sonoma Lake Napa Unit ,Napa,"Spanish Valley Trail and Stagecoach Canyon, Northwest of Lake Berryessa",20,-122.403634,38.697834,adbbc326-9f9a-434d-b18b-67a44f3906e5,https://www.fire.ca.gov/incidents/2020/5/22/spanish-fire/,2020-05-23T14:00:00Z,5/23/2020,5/22/2020
Range Fire,2020-05-28T08:23:28Z,2020-05-27T19:33:55Z,Department of Defense,San Luis Obispo,Range M22 Camp Roberts Military Reserve,5000,-120.70524,35.34237,53d70cde-ef0f-49c1-80a9-dc306a8cc043,https://www.fire.ca.gov/incidents/2020/5/27/range-fire/,2020-05-28T06:45:00Z,5/28/2020,5/27/2020
Harley Fire,2020-05-28T21:18:24Z,2020-05-28T17:08:59Z,CAL FIRE / Riverside County Fire ,Riverside,"19000 Block of Gustin Road, East of Lake Mathews",60,-117.34934,33.83167,57f40970-22b5-4d75-a8f2-2482a18f5bca,https://www.fire.ca.gov/incidents/2020/5/28/harley-fire/,2020-05-28T20:30:00Z,5/28/2020,5/28/2020
Horn Fire ,2020-06-02T18:33:56Z,2020-06-02T17:01:52Z,Northern California District - Susanville,Lassen,"Horn Road and Mail Route Road, east of Ravendale in Lassen County. ",37,-120.288882,40.809323,0eca3343-e9f9-4d09-9fc3-95ab90b153ae,https://www.fire.ca.gov/incidents/2020/6/2/horn-fire/,2020-06-02T18:33:00Z,6/2/2020,6/2/2020
Smoketree Fire,2020-06-17T08:35:01Z,2020-06-02T19:38:16Z,City of Palm Springs City Fire/ California Desert District,Riverside,East Murray Canyon Dr and S Toledo Ave,129,-116.524014,33.782532,94b147a7-68ac-4e60-ba42-81fce8facd30,https://www.fire.ca.gov/incidents/2020/6/2/smoketree-fire/,2020-06-07T08:34:00Z,6/7/2020,6/2/2020
Wildlife Fire,2020-06-10T09:27:21Z,2020-06-03T18:26:25Z,Suisun City Fire Department,Solano,Kellogg St and Maple St,300,-122.042199,38.232281,2672d8d0-6523-40da-ae4e-6ae6d48e810a,https://www.fire.ca.gov/incidents/2020/6/3/wildlife-fire/,2020-06-04T09:26:00Z,6/4/2020,6/3/2020
Brock Fire,2020-06-10T07:31:01Z,2020-06-04T16:36:17Z,U.S Forest Service - Shasta-Trinity National Forest,Shasta,"Lake Shasta, West of Round Mountain",15,-122.097933,40.837885,a5085c95-252d-4d1c-9e8a-6657a74b7ed5,https://www.fire.ca.gov/incidents/2020/6/4/brock-fire/,2020-06-04T07:30:00Z,6/4/2020,6/4/2020
Colleen Fire,2020-06-07T07:43:06Z,2020-06-04T19:36:47Z,Unified Command: CAL FIRE Santa Clara Unit and City of San Jose,Santa Clara,"Colleen Dr, South San Jose",126,-121.851895,37.229703,3837f75a-208d-41d0-8d89-5719a11912ef,https://www.fire.ca.gov/incidents/2020/6/4/colleen-fire/,2020-06-07T07:42:00Z,6/7/2020,6/4/2020
Karchner Fire,2020-06-05T12:33:42Z,2020-06-05T09:04:00Z,CAL FIRE Nevada Yuba Placer Unit ,Placer,"Karchner Road and Riosa Road, East of Wheatland",39,-121.340239,38.98487,57a6f6b7-eba1-4ed7-ba7b-6b078b06731d,https://www.fire.ca.gov/incidents/2020/6/5/karchner-fire/,2020-06-05T12:32:00Z,6/5/2020,6/5/2020
Lakeville Fire,2020-06-06T18:39:42Z,2020-06-05T16:56:55Z,CAL FIRE Sonoma Lake Napa Unit ,Sonoma,"Lakeville Highway and Stage Gulch Road, Southeast of Petaluma",141,-122.549816,38.224849,db5ad2e7-dc3d-41f2-91b4-4019857ee51e,https://www.fire.ca.gov/incidents/2020/6/5/lakeville-fire/,2020-06-06T18:37:00Z,6/6/2020,6/5/2020
McGary Fire ,2020-06-10T15:11:25Z,2020-06-05T17:09:00Z,Cordelia Fire Department,Solano,"McGary Road and Highway 80, Southwest of Cordelia",79,-122.156313,38.196893,5698ae57-d61f-421b-8b75-623e9aa6debb,https://www.fire.ca.gov/incidents/2020/6/5/mcgary-fire/,2020-06-05T15:10:00Z,6/5/2020,6/5/2020
Gulch Fire,2020-06-08T18:33:16Z,2020-06-06T16:19:20Z,CAL FIRE Sonoma Lake Napa Unit ,Sonoma,"Stage Gulch Road and  Lakeville Highway, North of Lakeville",107,-122.536406,38.216134,e3e89516-4647-44bf-bd24-3293303f0776,https://www.fire.ca.gov/incidents/2020/6/6/gulch-fire/,2020-06-08T18:30:00Z,6/8/2020,6/6/2020
Quail Fire,2020-08-13T11:22:09Z,2020-06-06T16:36:26Z,CALFIRE Sonoma Lake Napa Unit ,Solano,"Quail Canyon Road and Pleasants Valley Road, Southwest of Winters",1837,-122.038208,38.470809,74b04a44-7cc1-4c8e-bd9e-9f3efa631df4,https://www.fire.ca.gov/incidents/2020/6/6/quail-fire/,2020-06-10T07:48:00Z,6/10/2020,6/6/2020
Willow Fire ,2020-06-07T07:55:42Z,2020-06-06T18:00:51Z,CALFIRE Santa Clara Unit ,Contra Costa,"Willow Pass Court and Evora Road, Northeast of Concord",100,-122.002811,37.994368,b5527f83-ebbe-4b09-a701-4b4fe6d37b45,https://www.fire.ca.gov/incidents/2020/6/6/willow-fire/,2020-06-07T07:52:00Z,6/7/2020,6/6/2020
Hunters Fire,2020-06-10T07:03:48Z,2020-06-07T19:15:00Z,CAL FIRE Madera-Mariposa-Merced Unit,Mariposa, Hunters Valley Road and Detwiler Road in Mariposa County. ,85,-120.215454,37.61955,876b63ff-62a2-4584-8aa2-d99f027c0e9f,https://www.fire.ca.gov/incidents/2020/6/7/hunters-fire/,2020-06-10T07:03:00Z,6/10/2020,6/7/2020
Sperry Fire,2020-08-13T11:22:26Z,2020-06-08T13:55:53Z,CAL FIRE Santa Clara Unit ,Stanislaus,"Diablo Grande Parkway and Del Puerto Canyon Road, West of Patterson",80,-121.16483,37.463636,5a6e0c14-2906-4547-8024-e7b33071104b,https://www.fire.ca.gov/incidents/2020/6/8/sperry-fire/,2020-06-08T18:42:00Z,6/8/2020,6/8/2020
Grand Fire,2020-06-09T12:24:46Z,2020-06-08T15:45:17Z,CAL FIRE / Riverside County Fire ,Riverside,"S Main Divide Road near DeCariso Road, West of Lake Elsinore ",27,-117.37581,33.638067,8a4b6636-55b6-4999-9de4-7b0cb22390a2,https://www.fire.ca.gov/incidents/2020/6/8/grand-fire/,2020-06-09T09:51:00Z,6/9/2020,6/8/2020
Bradley Fire ,2020-06-09T12:24:17Z,2020-06-08T16:16:07Z,CAL FIRE San Benito Monterey Unit ,Monterey,"Sargents Canyon and Alvardo Road, North of Bradley",230,-120.81509,35.94979,6b50bab1-7dcf-43c8-b4d1-afada595dd32,https://www.fire.ca.gov/incidents/2020/6/8/bradley-fire/,2020-06-09T12:24:00Z,6/9/2020,6/8/2020
Sierra Fire,2020-08-13T11:22:36Z,2020-06-08T17:46:04Z,Corona Fire Department,Riverside, La Sierra Avenue and Cajalco Road,100,-117.46036,33.82925,125e30fa-37fb-46ea-86ab-13058518aab6,https://www.fire.ca.gov/incidents/2020/6/8/sierra-fire/,2020-06-09T18:45:00Z,6/9/2020,6/8/2020
Oak Fire,2020-06-08T20:50:06Z,2020-06-08T20:50:06Z, CAL FIRE Riverside County Fire Department,Riverside," 45000 Block of Castile Canyon Road, East of San Jacinto in Riverside County is 15 acres.",20,-116.89655,33.78275,fdd59b55-6aa2-442f-b788-e1291bb49cb1,https://www.fire.ca.gov/incidents/2020/6/8/oak-fire/,2020-06-08T20:46:00Z,6/8/2020,6/8/2020
Vineyard Fire ,2020-06-10T18:59:05Z,2020-06-09T15:22:55Z,CAL FIRE Mendocino Unit ,Mendocino,"Highway 128 and Elkhorn Road, South of Yorkville",151,-123.21318,38.89695,dc1f8080-9c95-40e3-859b-71f6a080f05b,https://www.fire.ca.gov/incidents/2020/6/9/vineyard-fire/,2020-06-10T18:57:00Z,6/10/2020,6/9/2020
India Fire,2020-06-25T09:23:48Z,2020-06-09T21:51:40Z,Camp Pendleton,San Diego,"Roblar Rd and Basilone Rd, Camp Pendleton Marine Corps Base",1100,-117.47166,33.37579,21f49b4c-a5cd-4f17-90fd-b9f464b823c1,https://www.fire.ca.gov/incidents/2020/6/9/india-fire/,2020-06-12T09:23:00Z,6/12/2020,6/9/2020
Elizabeth Fire,2022-10-21T13:20:17Z,2020-06-10T13:11:26Z,Ventura County Fire Department,Ventura,"Elizabeth and Foothill Rd, north of Ventura   ",300,-119.17808,34.29475,c3c10b8f-a073-4ca6-bb7f-fdc57cf82b4c,https://www.fire.ca.gov/incidents/2020/6/10/elizabeth-fire/,2020-06-12T07:53:00Z,6/12/2020,6/10/2020
Soda Fire,2022-10-21T13:19:53Z,2020-06-10T14:52:42Z,CAL FIRE San Luis Obispo Unit,San Luis Obispo,"Hwy 58 and Soda Lake Rd, California Valley",1680,-120.00521,35.35146,3e6e0977-3563-442d-8bf3-d87c97b49880,https://www.fire.ca.gov/incidents/2020/6/10/soda-fire/,2020-06-11T20:23:00Z,6/11/2020,6/10/2020
Lime Fire,2020-06-17T13:43:05Z,2020-06-10T18:30:38Z,"Unified Command: CAL FIRE, Ventura County Fire Department and Las Padres National Forrest",Ventura,"Lime Canyon Rd and Piru Canyon Rd, west of Lake Piru     ",803,-118.77347,34.46182,4561c1c7-f447-4450-9ea8-f9717ee19f8d,https://www.fire.ca.gov/incidents/2020/6/10/lime-fire/,2020-06-17T13:42:00Z,6/17/2020,6/10/2020
Skyline Fire,2020-06-14T18:48:11Z,2020-06-11T13:08:40Z,CAL FIRE San Diego Unit,San Diego,Skyline Truck Trail,100,-116.7862,32.73044,36e3b13b-c2d3-44f5-ba9f-23c1e9f73878,https://www.fire.ca.gov/incidents/2020/6/11/skyline-fire/,2020-06-14T18:47:00Z,6/14/2020,6/11/2020
Border 7 Fire,2020-06-13T18:00:48Z,2020-06-11T16:57:46Z,CAL FIRE San Diego Unit,San Diego,Marron Valley,90,-116.690712,32.580882,203115aa-8ef9-436c-9d18-32613f9fa286,https://www.fire.ca.gov/incidents/2020/6/11/border-7-fire/,2020-06-13T18:00:00Z,6/13/2020,6/11/2020
Watt Fire,2020-06-11T20:51:28Z,2020-06-11T18:25:12Z,CAL FIRE Nevada-Yuba-Placer Unit,Placer,PFE Rd and Watt Ave,40,-121.378879,38.733421,e86309b6-2223-4448-a7a2-bb83d4bc8352,https://www.fire.ca.gov/incidents/2020/6/11/watt-fire/,2020-06-11T20:46:00Z,6/11/2020,6/11/2020
Grant Fire,2020-06-17T08:11:28Z,2020-06-12T12:41:17Z,CAL FIRE Amador-El Dorado Unit,Sacramento,Grantline Road and Keifer Blvd,5042,-121.201927,38.520981,86e91f38-4e2e-406f-ad97-5a3b47a9ce76,https://www.fire.ca.gov/incidents/2020/6/12/grant-fire/,2020-06-17T08:11:00Z,6/17/2020,6/12/2020
Hog Fire,2020-07-10T08:31:59Z,2020-06-12T17:35:38Z,USFS Sierra National Forest,Fresno,E Trimmer Springs Rd and Pine Flat Lake ,533,-119.36572,36.82276,50adb8e9-d672-49fa-95d0-657879169302,https://www.fire.ca.gov/incidents/2020/6/12/hog-fire/,2020-07-08T08:31:00Z,7/8/2020,6/12/2020
Cornetts Fire,2020-06-16T19:19:03Z,2020-06-13T14:27:51Z,CALFIRE Madera-Mariposa-Merced Unit,Mariposa,Cornetts Road and Old Highway South,191,-120.08522,37.40827,44bf7479-689e-4203-9f38-8b05917db66b,https://www.fire.ca.gov/incidents/2020/6/13/cornetts-fire/,2020-06-16T19:17:00Z,6/16/2020,6/13/2020
Dawson Fire ,2020-06-17T08:27:01Z,2020-06-13T18:32:06Z,CAL FIRE Riverside County Fire,Riverside,Dawson Canyon Road and Park Canyon Road ,10,-117.461925,33.776033,90d7bf99-5b46-4a48-a07c-7468829e50b3,https://www.fire.ca.gov/incidents/2020/6/13/dawson-fire/,2020-06-13T08:26:00Z,6/13/2020,6/13/2020
Hopland Fire,2020-06-14T07:40:56Z,2020-06-13T18:52:54Z, CAL FIRE Mendocino Unit,Mendocino,"Highway 101, southwest of Hopland",34,-80.49163,39.14783,2aa93d4d-809e-42ed-8025-7449711f667d,https://www.fire.ca.gov/incidents/2020/6/13/hopland-fire/,2020-06-14T07:36:00Z,6/14/2020,6/13/2020
Avila Fire,2020-07-24T15:34:29Z,2020-06-15T16:44:39Z,CAL FIRE San Luis Obispo Unit ,San Luis Obispo,"Avila Beach Drive and Hwy 101, East of Avila Beach",445,-120.69959,35.17977,4382036a-3c19-479e-9a78-325007c1de3b,https://www.fire.ca.gov/incidents/2020/6/15/avila-fire/,2020-06-19T07:27:00Z,6/19/2020,6/15/2020
Bitter Fire ,2022-10-21T13:20:38Z,2020-06-16T14:11:55Z,CAL FIRE San Benito-Monterey Unit ,San Benito,"Highway 25 and Hernandez-Coalinga Road, North of King City",813,-120.92925,36.3011,2190e4db-2b64-4d98-a5f9-00cc6221eec8,https://www.fire.ca.gov/incidents/2020/6/16/bitter-fire/,2020-06-21T19:27:00Z,6/21/2020,6/16/2020
Riata Fire ,2020-06-17T14:59:47Z,2020-06-16T14:44:53Z,CAL FIRE San Luis Obispo Unit,San Luis Obispo,"5900 Block West Pozo Road near Hwy 58, East of Santa Margarita",18,-120.56823,35.40953,2250dea8-20a0-4e5e-b86e-bfe7821892c2,https://www.fire.ca.gov/incidents/2020/6/16/riata-fire/,2020-06-17T14:59:00Z,6/17/2020,6/16/2020
Walker Fire,2022-10-21T13:10:00Z,2020-06-16T16:58:00Z,CAL FIRE Tuolumne-Calaveras Unit,Calaveras,"Walker Trail Road and Hogan Dam Road, North of Copperopolis",1455,-120.72958,38.07741,55a8e286-c088-45dc-8010-5c604dba3b69,https://www.fire.ca.gov/incidents/2020/6/16/walker-fire/,2020-06-20T19:10:00Z,6/20/2020,6/16/2020
Nelson Fire ,2020-06-17T19:22:36Z,2020-06-17T12:54:12Z,CAL FIRE/Butte County Fire Department,Butte,"Nelson Ave and 16th St, Oroville",95,-121.60037,39.52408,fc3411f0-f9e0-4d0c-86a3-71afbac23f4a,https://www.fire.ca.gov/incidents/2020/6/17/nelson-fire/,2020-06-17T19:20:00Z,6/17/2020,6/17/2020
Liberty Fire,2020-06-18T10:44:50Z,2020-06-17T15:49:46Z,CAL FIRE Amador-El Dorado Unit,San Joaquin,"Liberty Rd and Hwy 88, east of Galt",89,-121.20828,38.23432,7fc52805-21d4-4a56-b711-859d8c39e704,https://www.fire.ca.gov/incidents/2020/6/17/liberty-fire/,2020-06-18T10:44:00Z,6/18/2020,6/17/2020
Baker Fire,2020-06-18T19:34:33Z,2020-06-17T20:22:58Z,Kern County Fire Department,Kern,"Bena Rd and Caliente Bodfish Rd, east of Bakersfield  ",165,-118.6894,35.27678,c276a99a-8208-4402-b538-1e50aae50d63,https://www.fire.ca.gov/incidents/2020/6/17/baker-fire/,2020-06-18T19:17:00Z,6/18/2020,6/17/2020
Nelson Fire,2020-06-18T19:24:38Z,2020-06-18T16:56:59Z,CAL FIRE Nevada-Yuba-Placer Unit,Placer,"Nelson Rd and Rockwell Ln, west of Lincoln",110,-121.33956,38.89178,2a79a833-693d-4dff-a199-c93b5a3ebe39,https://www.fire.ca.gov/incidents/2020/6/18/nelson-fire/,2020-06-18T19:24:00Z,6/18/2020,6/18/2020
Fork Fire,2020-07-24T15:34:43Z,2020-06-18T20:28:41Z,CAL FIRE Tulare Unit,Tulare,"South Fork Dr and Salt Creek Fire Control Rd, East of Three Rivers",130,-118.845123,36.37085,0fc1bc5b-7ac5-4a2c-8048-9ed74623b838,https://www.fire.ca.gov/incidents/2020/6/18/fork-fire/,2020-06-22T19:26:00Z,6/22/2020,6/18/2020
Teddy Fire,2020-06-25T08:53:58Z,2020-06-18T22:33:51Z,CAL FIRE Butte Unit/Butte County Fire Department,Butte,"Teddy Lane and Bangor Park Rd., Bangor",13,-121.45372,39.37577,036cc8f1-ab4e-488c-8c46-86ebbb176d3e,https://www.fire.ca.gov/incidents/2020/6/18/teddy-fire/,2020-06-18T08:53:00Z,6/18/2020,6/18/2020
Springs Fire,2020-07-24T15:35:27Z,2020-06-19T15:19:44Z,CAL FIRE Tulare Unit,Tulare,Hot Springs Dr and M-56,217,-118.8613,35.89133,0413caad-a48e-447b-8ed8-1c8933360f21,https://www.fire.ca.gov/incidents/2020/6/19/springs-fire/,2020-06-22T19:22:00Z,6/22/2020,6/19/2020
Honcut Fire,2020-06-20T19:14:48Z,2020-06-20T14:24:00Z,CALFIRE Butte Unit,Butte,"Palermo Honcut Hwy and Four Junes Way, south of Palermo",89,-121.53976,39.36894,a1959cb6-24e4-45e6-bcca-b792abe932ce,https://www.fire.ca.gov/incidents/2020/6/20/honcut-fire/,2020-06-20T19:14:00Z,6/20/2020,6/20/2020
Quarter Fire,2020-07-07T14:35:05Z,2020-06-21T11:33:36Z,USFS Stanislaus National Forest,Tuolumne,"Italian Bar Road and Grant Ridge Road, North of Twain Harte",10,-120.20316,38.08264,641c7a44-b74a-4dce-bd7d-44078847003b,https://www.fire.ca.gov/incidents/2020/6/21/quarter-fire/,2020-07-07T14:34:00Z,7/7/2020,6/21/2020
Hunter Fire,2020-06-25T18:55:30Z,2020-06-21T16:29:28Z,CAL FIRE San Benito Unit ,Monterey,"River Road and Interlake Road, South of Lockwood",195,-121.08753,35.90835,c50ced87-e83c-406c-b349-49cad87e680f,https://www.fire.ca.gov/incidents/2020/6/21/hunter-fire/,2020-06-25T18:55:00Z,6/25/2020,6/21/2020
Stage Fire,2020-06-22T19:12:25Z,2020-06-21T21:50:06Z,CAL FIRE San Benito Unit ,Monterey,"  Old Stage Road and Williams Road, Northeast of Salinas",52,-121.57407,36.69845,d0e31652-2b1e-4316-a1e0-c18ecb4ddbd7,https://www.fire.ca.gov/incidents/2020/6/21/stage-fire/,2020-06-22T19:12:00Z,6/22/2020,6/21/2020
Grade Fire ,2020-07-24T15:35:14Z,2020-06-22T08:16:27Z,CAL FIRE Tulare Unit,Tulare,"Boyd Dr and Rd 168, east of Orosi",1050,-119.19677,36.5537,e7d05a34-0fdc-4db2-b713-0e10119d105d,https://www.fire.ca.gov/incidents/2020/6/22/grade-fire/,2020-06-26T06:39:00Z,6/26/2020,6/22/2020
Rico Fire ,2022-10-21T13:20:52Z,2020-06-22T15:55:55Z,CAL FIRE San Benito-Monterey Unit,Monterey,"Sargents Canyon Rd and Dead Mans Gulch Rd, southeast of San Ardo",348,-120.87858,35.9789,cf392ebe-9c69-4a28-b52b-3772c06b493c,https://www.fire.ca.gov/incidents/2020/6/22/rico-fire/,2020-06-23T07:07:00Z,6/23/2020,6/22/2020
Sycamore Fire,2020-06-26T18:04:12Z,2020-06-23T08:23:48Z,CAL FIRE Fresno County Fire,Fresno,Sycamore Road and Coyote Drive Southeast of Tollhouse,19,-119.33439,36.97511,c5071feb-80ec-4fbb-9d2f-eee1f1cea68a,https://www.fire.ca.gov/incidents/2020/6/23/sycamore-fire/,2020-06-26T18:04:00Z,6/26/2020,6/23/2020
R-2 Fire,2020-07-02T14:21:37Z,2020-06-23T21:12:11Z,Bureau of Land Management Northern California District,Lassen,"Highway 395 and Smoke Creek Rod, Northeast of Susanville ",563,-120.28147,40.43203,7d7f682a-0266-4758-93e6-795488af0687,https://www.fire.ca.gov/incidents/2020/6/23/r-2-fire/,2020-06-26T18:00:00Z,6/26/2020,6/23/2020
58 Fire,2020-06-29T07:00:24Z,2020-06-24T17:49:08Z,CAL FIRE Riverside County Fire ,Riverside,"Van Buren Street and Avenue 58, Thermal",12,-115.96594,33.27665,5b8b9b63-9cc6-4d55-9502-87009d75732c,https://www.fire.ca.gov/incidents/2020/6/24/58-fire/,2020-06-27T06:58:00Z,6/27/2020,6/24/2020
Diablo Fire,2020-06-26T18:32:50Z,2020-06-25T06:47:01Z,CAL FIRE Santa Clara Unit,Stanislaus,Del Puerto Canyon and Diablo Grande,202,-121.18355,37.46265,64b9cf19-314a-4986-ae35-cf89f1f8bc2a,https://www.fire.ca.gov/incidents/2020/6/25/diablo-fire/,2020-06-26T18:32:00Z,6/26/2020,6/25/2020
Bend Fire,2020-06-29T07:06:13Z,2020-06-25T17:28:46Z,BLM California Central District,San Luis Obispo,"Belmont Trail and Bend Rd, California Valley ",263,-119.88048,35.30742,d10cd103-f627-497d-a338-6430438ed7fb,https://www.fire.ca.gov/incidents/2020/6/25/bend-fire/,2020-06-28T07:06:00Z,6/28/2020,6/25/2020
Aurora Fire,2020-07-03T11:08:11Z,2020-06-26T15:13:24Z,BLM Central California District,Mono,"Bodie Rd, east of Bridgeport",280,-119.00289,38.22554,5b2b1489-ad5b-4104-b267-fdd61c0c48e9,https://www.fire.ca.gov/incidents/2020/6/26/aurora-fire/,2020-07-02T11:07:00Z,7/2/2020,6/26/2020
Gage Fire,2020-07-03T11:06:37Z,2020-06-28T15:58:46Z,CAL FIRE San Luis Obispo Unit,San Luis Obispo,Running Deer Rd and Gage Irving Road,33,-120.96759,35.69993,a6c54f7f-20f5-4c3b-a27b-745d7274def6,https://www.fire.ca.gov/incidents/2020/6/28/gage-fire/,2020-06-28T11:06:00Z,6/28/2020,6/28/2020
Muck Fire ,2020-06-29T18:49:13Z,2020-06-29T12:35:41Z,CAL FIRE Lassen- Modoc Unit ,Lassen,"Highway 299 and Muck Valley Road, South of Nubieber ",12,-121.2199939,41.0336731,58a3d354-a532-440e-bfa8-aca414cf4cd0,https://www.fire.ca.gov/incidents/2020/6/29/muck-fire/,2020-06-29T18:49:00Z,6/29/2020,6/29/2020
Avacado Fire,2020-07-03T19:15:31Z,2020-06-30T15:43:01Z,CAL FIRE Butte Unit ,Butte,"Bangor Park Road and Teddy Lane, West of Bangor  ",136,-121.4319,39.3784,fd24cc01-1057-4572-a83b-1775d49f42f7,https://www.fire.ca.gov/incidents/2020/6/30/avacado-fire/,2020-07-03T19:15:00Z,7/3/2020,6/30/2020
Flat Fire,2020-07-30T15:25:36Z,2020-06-30T17:40:16Z,Shasta Trinity National Forest,Trinity,"Highway 299W and Mill Creek Road, Southeast of Burnt Ranch  ",62,-123.437051,40.791509,49378c25-ecdb-406d-829b-755f2b248fcd,https://www.fire.ca.gov/incidents/2020/6/30/flat-fire/,2020-07-24T15:25:00Z,7/24/2020,6/30/2020
Bena Fire,2022-10-21T13:21:06Z,2020-07-01T16:32:50Z,Kern County Fire Department,Kern,"Bena Road and Caliente Bodfish Road, East of Bakersfield",4000,-118.702732,35.310132,14042a79-1fd0-4e82-b17d-1b201306de22,https://www.fire.ca.gov/incidents/2020/7/1/bena-fire/,2020-07-03T07:30:00Z,7/3/2020,7/1/2020
Rowher Fire,2020-08-13T10:43:47Z,2020-07-01T16:43:16Z,Angeles National Forest ,Los Angeles,"Spring Canyon Road and Anthony Road, North of Santa Clarita ",648,-118.324601,34.542742,ba60e1c4-d812-4b33-9a2e-b240a1b29408,https://www.fire.ca.gov/incidents/2020/7/1/rowher-fire/,2020-07-05T10:43:00Z,7/5/2020,7/1/2020
Bonadelle Fire,2022-10-21T13:21:26Z,2020-07-02T15:27:03Z,Madera County Fire Department,Madera,"Avenue 15 and Road 35, Bonadelle",500,-119.9252132,36.9678542,f969420f-82a1-4edd-b7d3-28672e9d74b3,https://www.fire.ca.gov/incidents/2020/7/2/bonadelle-fire/,2020-07-03T07:33:00Z,7/3/2020,7/2/2020
Soda Fire ,2020-07-15T18:43:43Z,2020-07-03T14:00:40Z,BLM Central California District,San Luis Obispo,"Soda Lake Rd and Culver City Rd, California Valley",157,-120.053275,35.393889,ac5dad8d-89f2-4f3f-b710-34661754ebb6,https://www.fire.ca.gov/incidents/2020/7/3/soda-fire/,2020-07-05T18:43:00Z,7/5/2020,7/3/2020
Mount R Fire,2020-07-06T13:27:32Z,2020-07-03T16:29:04Z,USFS San Bernardino National Forest,San Bernardino,"Highway 330 and Old City Creek Road, Southwest of Running Springs",62,-117.124353,34.182436,b564196f-6499-4e1e-b896-7b6211d97f90,https://www.fire.ca.gov/incidents/2020/7/3/mount-r-fire/,2020-07-06T13:27:00Z,7/6/2020,7/3/2020
Sheridan Fire,2020-07-05T18:48:49Z,2020-07-04T15:04:41Z,CAL FIRE Santa Clara Unit,Alameda,"Sheridan Road, south of Sunol in Santa Clara county. ",108,-121.876277,37.536015,43289809-2636-4d90-8ed2-0012575d9e1d,https://www.fire.ca.gov/incidents/2020/7/4/sheridan-fire/,2020-07-05T18:47:00Z,7/5/2020,7/4/2020
Park Fire,2024-09-16T23:29:51Z,2020-07-04T07:13:22Z,CAL FIRE Santa Clara Unit ,Santa Clara,"East Dunne Avenue and Finley Ridge Road, East of Morgan Hill",353,-121.567505,37.166733,7f3042f1-3e76-4c3e-82c9-a0761c1c8b90,https://www.fire.ca.gov/incidents/2020/7/4/park-fire/,2020-07-06T19:23:00Z,7/6/2020,7/4/2020
Crews Fire,2022-10-21T13:12:20Z,2020-07-05T14:55:49Z,CAL FIRE Santa Clara Unit ,Santa Clara,"Crews Road and Oak Spring Circle, North of Gilroy",5513,-121.501532,37.034839,304a6ef7-53f6-4d2d-8d11-be431a7d75e8,https://www.fire.ca.gov/incidents/2020/7/5/crews-fire/,2020-07-13T19:06:00Z,7/13/2020,7/5/2020
Soledad Fire,2020-07-15T18:44:23Z,2020-07-05T17:18:35Z,Los Angeles County Fire Department and Angeles National Forest,Los Angeles,"Soledad Canyon Road and Agua Dulce Canyon Rd, South of Agua Dulce ",1525,-118.328877,34.467915,2102ace4-f67b-4060-8795-f3cea12917e3,https://www.fire.ca.gov/incidents/2020/7/5/soledad-fire/,2020-07-10T18:44:00Z,7/10/2020,7/5/2020
Patterson Fire,2020-07-06T19:04:39Z,2020-07-06T16:04:20Z,CAL FIRE Santa Clara Unit,San Joaquin,"Hwy 580 and Patterson Pass Rd, west of Tracy",150,-121.53524,37.71984,ce7dddd1-7a79-4aa4-b6bc-f4181aa2ac05,https://www.fire.ca.gov/incidents/2020/7/6/patterson-fire/,2020-07-06T19:02:00Z,7/6/2020,7/6/2020
Mountain Meadow Fire ,2020-07-28T11:50:34Z,2020-07-06T18:22:56Z,Cordelia Fire Protection District and Fairfield City Fire Department,Solano,"Mountain Meadows Drive and Cedar Creek Court, Southwest of Fairfield",75,-122.12447,38.21614,deaaf3fb-e0b2-4430-97cc-10d6d626df27,https://www.fire.ca.gov/incidents/2020/7/6/mountain-meadow-fire/,2020-07-09T11:50:00Z,7/9/2020,7/6/2020
Nail Fire,2020-07-28T15:55:23Z,2020-07-07T17:32:13Z,USFS Mendocino National Forest,Colusa,"Fouts Springs, Southwest of Stonyford",25,-122.65813,39.35498,a378ae17-9133-433f-8b63-23a1a7c6a4c6,https://www.fire.ca.gov/incidents/2020/7/7/nail-fire/,2020-07-09T15:20:00Z,7/9/2020,7/7/2020
Tripp Fire ,2020-07-11T07:44:38Z,2020-07-09T14:27:09Z,CAL FIRE / Riverside County Fire ,Riverside,"Cary Road and Tripp Flats Road, West of Anza ",10,-116.7464168,33.551838,b4413d75-dc78-4810-9db3-c644a1afc5f3,https://www.fire.ca.gov/incidents/2020/7/9/tripp-fire/,2020-07-09T07:44:00Z,7/9/2020,7/9/2020
Alum Fire,2020-07-11T17:28:58Z,2020-07-11T10:50:33Z,Unified Command: CAL FIRE and San Jose Fire Department,Santa Clara,"Mt Hamilton Rd and Crothers Rd, northeast of San Jose",31,-121.79349,37.37731,49be3366-f2b6-4ff5-8541-a25ad9bdc607,https://www.fire.ca.gov/incidents/2020/7/11/alum-fire/,2020-07-11T17:28:00Z,7/11/2020,7/11/2020
Power Fire,2020-07-15T19:09:02Z,2020-07-11T17:57:49Z,CAL FIRE Madera-Mariposa-Merced Unit,Madera,"Road 222 and Road 235, South of North Fork",108,-119.50307,37.1487,1d6a3faf-2e35-4c7e-9efd-54339ad56ed6,https://www.fire.ca.gov/incidents/2020/7/11/power-fire/,2020-07-15T19:07:00Z,7/15/2020,7/11/2020
Elliot Fire,2020-07-15T18:45:16Z,2020-07-13T12:55:16Z,CALFIRE Riverside County Fire Unit,Riverside,"Block Elliot Rd, south of  Winchester",2,-117.108421,33.623968,2865a54c-f7c1-4595-b4b9-1c8082df22ce,https://www.fire.ca.gov/incidents/2020/7/13/elliot-fire/,2020-07-13T18:45:00Z,7/13/2020,7/13/2020
Robinson Fire,2020-07-15T19:11:29Z,2020-07-13T15:06:35Z,CAL FIRE Butte County Fire Unit,Butte,"Gold Mountain Rd and Stoney Oaks Blvd, northeast of Bangor",33,-121.37994,39.43227,dd705c7f-d18b-49a5-be60-c828d5c047fb,https://www.fire.ca.gov/incidents/2020/7/13/robinson-fire/,2020-07-15T19:09:00Z,7/15/2020,7/13/2020
Casino Fire,2020-07-16T07:11:10Z,2020-07-13T15:08:00Z,CALFIRE Riverside County Fire Unit/ USFS San Bernardino National Forest,Riverside,"Hwy 371 and Santos Rd, south of Anza",91,-116.83552,33.48429,777f38a7-7d43-4641-998f-8524c692980c,https://www.fire.ca.gov/incidents/2020/7/13/casino-fire/,2020-07-15T07:07:00Z,7/15/2020,7/13/2020
Mineral Fire,2020-07-26T19:40:58Z,2020-07-13T16:40:36Z,CAL FIRE Fresno-Kings Unit,Fresno,"Hwy 198 and S Coalinga Mineral Springs Rd, west of Coalinga",29667,-120.52193,36.09493,ef5e4d08-bf3f-4df1-90b7-92e4e2a2fc91,https://www.fire.ca.gov/incidents/2020/7/13/mineral-fire/,2020-07-26T19:41:00Z,7/26/2020,7/13/2020
Coyote Fire,2022-10-21T13:22:54Z,2020-07-15T14:04:08Z,CAL FIRE San Benito- Monterey Unit ,San Benito,"Panoche Road and Coyote Creek, West of Panoche",1485,-121.04401,36.653,03459423-a538-4952-ba0c-c020face9151,https://www.fire.ca.gov/incidents/2020/7/15/coyote-fire/,2020-07-18T07:36:00Z,7/18/2020,7/15/2020
Ben Fire,2020-07-18T07:58:22Z,2020-07-15T16:44:16Z,CAL FIRE Madera-Mairposa-Merced Unit,Mariposa,"Ben Hur Road and Buckeye Road, South of Mariposa  ",48,-119.95807,37.42319,79575aba-0ca4-446e-a28e-39bafbad368e,https://www.fire.ca.gov/incidents/2020/7/15/ben-fire/,2020-07-18T07:58:00Z,7/18/2020,7/15/2020
Valley Fire ,2020-07-15T19:12:02Z,2020-07-15T17:18:23Z,Department of Defense ,Yuba,"Spenceville Road and Gandry Drive, Southeast of Beale Air Force base ",500,-121.33589,39.10112,d268fd6c-a177-47b2-b13c-2ac26a02289e,https://www.fire.ca.gov/incidents/2020/7/15/valley-fire/,2020-07-15T19:11:00Z,7/15/2020,7/15/2020
Hollow Fire,2020-07-19T13:26:27Z,2020-07-16T18:14:18Z,CAL FIRE Santa Clara Unit,Alameda,"Tesla Road and McLaughlin Road, Southeast of Livermore",253,-121.59374,37.64044,a417d993-c3bf-4c5b-a01a-7d56a209a12d,https://www.fire.ca.gov/incidents/2020/7/16/hollow-fire/,2020-07-19T13:26:00Z,7/19/2020,7/16/2020
Pitzer Fire,2020-07-20T20:55:04Z,2020-07-17T14:59:54Z,CAL FIRE San Bernardino Unit,San Bernardino,"Pitzer Buttes Road and Power line Road,  South of Lucerne Valley ",119,-116.97557,34.39464,4035078f-8136-447e-8daf-3a63462a73d9,https://www.fire.ca.gov/incidents/2020/7/17/pitzer-fire/,2020-07-20T20:54:00Z,7/20/2020,7/17/2020
Badger Fire,2020-08-13T11:22:45Z,2020-07-18T17:18:20Z,CAL FIRE Siskiyou ,Siskiyou,Badger Mountain Road and Hawkinsville Humbug Road,557,-122.69296,41.79319,9520d0cb-1a4f-4dc0-bd38-967f5ee353f0,https://www.fire.ca.gov/incidents/2020/7/18/badger-fire/,2020-07-28T18:21:00Z,7/28/2020,7/18/2020
Hog Fire,2020-08-17T21:07:24Z,2020-07-18T17:28:18Z,CAL FIRE Lassen-Modoc Unit,Lassen," Hog Flat Reservoir, West of Susanville",9564,-120.86375,40.420886,fc0b7761-54a3-4275-a550-313d2b604f5e,https://www.fire.ca.gov/incidents/2020/7/18/hog-fire/,2020-08-17T21:07:00Z,8/17/2020,7/18/2020
Platina Fire,2022-10-21T13:23:24Z,2020-07-19T17:05:41Z,CAL FIRE Shasta-Trinity Unit,Shasta,"Platina Rd and Big Foot Rd, southwest of Redding",333,-122.792645,40.462621,c4d60e70-ee95-41f1-9e6e-4df4bdae3748,https://www.fire.ca.gov/incidents/2020/7/19/platina-fire/,2020-07-27T19:20:00Z,7/27/2020,7/19/2020
Gold Fire,2022-10-21T13:23:42Z,2020-07-20T14:12:25Z,Unified Command: CAL FIRE Lassen-Modoc Unit and BLM Northern CA District,Lassen,"Highway 139 and County Road A-2, South of Adin",22614,-120.923293,41.11037,9d4f56ae-b319-49b0-9a77-10088a2defda,https://www.fire.ca.gov/incidents/2020/7/20/gold-fire/,2020-08-12T19:21:00Z,8/12/2020,7/20/2020
Milepost 21 Fire,2021-05-19T16:31:35Z,2020-07-20T15:44:53Z,Hoopa Valley Indian Reservation,Humboldt,"Highway 96 and Deerhorn Rd, southeast of Weitchpec",100,-123.6986222,41.1849445,1c0e692a-8afc-41e9-8ac7-d27b977f0cdd,https://www.fire.ca.gov/incidents/2020/7/20/milepost-21-fire/,2020-08-18T18:09:00Z,8/18/2020,7/20/2020
Feather Fire,2020-07-22T14:40:34Z,2020-07-20T16:09:57Z,CAL FIRE/Butte County Fire Department,Butte,"Feather Ave and 18th Street, Oroville",30,-121.604579,39.506597,64390cd6-42d4-4e9e-8dd9-1077f5191243,https://www.fire.ca.gov/incidents/2020/7/20/feather-fire/,2020-07-21T14:40:00Z,7/21/2020,7/20/2020
Holland Fire ,2020-07-29T11:20:47Z,2020-07-20T18:04:37Z,East Contra Costa Fire Protection District,Contra Costa,"Delta Rd and Holland Tract Rd, northeast of Brentwood",75,-121.620238,37.977309,cac8f4bf-d269-4f13-b59c-07670b34f81f,https://www.fire.ca.gov/incidents/2020/7/20/holland-fire/,2020-07-20T11:20:00Z,7/20/2020,7/20/2020
Easton Fire,2020-08-04T16:01:51Z,2020-07-20T19:10:36Z,City of San Bernardino and San Bernardino National Forest   ,San Bernardino,"Highway 330 and East Highland Avenue, Northeast of San Bernardino",71,-117.192142,34.135626,f66fb4e4-cd4c-4410-9c00-43fed5882fb4,https://www.fire.ca.gov/incidents/2020/7/20/easton-fire/,2020-07-21T16:01:00Z,7/21/2020,7/20/2020
Rabbit Fire ,2020-07-21T07:19:09Z,2020-07-20T19:15:32Z,CAL FIRE Madera-Mariposa-Merced Unit ,Madera,"Road 603 and Road 600, East of Chowchilla",135,-119.932391,37.118075,8146a328-05df-4b38-b11e-1c6fcedb1df7,https://www.fire.ca.gov/incidents/2020/7/20/rabbit-fire/,2020-07-21T07:18:00Z,7/21/2020,7/20/2020
Iris Fire,2020-08-12T16:38:04Z,2020-07-21T19:26:58Z,Inyo National Forest,Mono,"Iris Meadow and Rock Creek Rd, South of Crowley Lake",120,-118.711135,37.518879,1505ac89-a71c-4c77-9ae4-fb3eb34dbc66,https://www.fire.ca.gov/incidents/2020/7/21/iris-fire/,2020-08-12T16:37:00Z,8/12/2020,7/21/2020
July Complex,2020-11-10T14:27:47Z,2020-07-24T07:33:21Z,Modoc National Foresst ,"Siskiyou, Modoc","Caldwell Trail and Hill Road, Northwest of Tionesta",83261,-121.477,41.699,c002a55a-95ef-4286-b358-daa8fd3ad086,https://www.fire.ca.gov/incidents/2020/7/24/july-complex/,2020-08-20T14:27:00Z,8/20/2020,7/24/2020
Jack Fire,2020-07-25T19:43:34Z,2020-07-24T17:32:36Z,CAL FIRE / Riverside County Fire ,Riverside,"Hwy 60 and Jackrabbit Trail, West of Beaumont",145,-117.033124,33.93327,22bb346a-660e-46cb-8c54-dbcda18fc4d6,https://www.fire.ca.gov/incidents/2020/7/24/jack-fire/,2020-07-25T19:42:00Z,7/25/2020,7/24/2020
Hill Fire,2020-07-25T07:09:24Z,2020-07-24T17:47:17Z,CAL FIRE Sonoma-Lake-Napa Unit ,Colusa,"Highway 20 and Highway 16, East of Wilbur Springs",138,-122.359663,39.013591,0364a8dd-0971-4f24-a020-6f4e97ccbace,https://www.fire.ca.gov/incidents/2020/7/24/hill-fire/,2020-07-25T07:07:00Z,7/25/2020,7/24/2020
Karen Fire,2020-08-01T07:23:51Z,2020-07-25T18:16:54Z,San Bernardino County Fire,Riverside,Sierra Avenue and Karen Lane in Riverside County. ,250,-117.429598,34.028116,4d799b0d-240a-40fa-9ca7-f64aa1cd4002,https://www.fire.ca.gov/incidents/2020/7/25/karen-fire/,2020-07-28T07:21:00Z,7/28/2020,7/25/2020
Ione Fire ,2020-07-29T11:26:43Z,2020-07-26T12:57:35Z,CAL FIRE Amador-El Dorado Unit,Sacramento,Ione Road at North end of Carbondale road in Sacramento County. ,51,-121.044895,38.420382,1cffff17-9678-4f17-837a-e4e11ae77c1b,https://www.fire.ca.gov/incidents/2020/7/26/ione-fire/,2020-07-26T11:26:00Z,7/26/2020,7/26/2020
Ridge Fire,2020-07-30T19:44:55Z,2020-07-27T17:19:21Z,Los Angeles County Fire Department,Los Angeles,Old Ridge Route Rd in the community of Quail Lake,321,-118.72004,34.75844,dfc476d5-b274-4bfb-bf55-4af5ef611f5e,https://www.fire.ca.gov/incidents/2020/7/27/ridge-fire/,2020-07-30T19:43:00Z,7/30/2020,7/27/2020
Lincoln Fire,2020-08-03T09:44:30Z,2020-07-27T18:50:25Z,Samoa Fire Protection District,Humboldt,"Bendixsen Street and Simpson Private Road, Samoa",25,-124.19954,40.78804,4751b58f-771f-4d9c-b742-4aad10ef45eb,https://www.fire.ca.gov/incidents/2020/7/27/lincoln-fire/,2020-07-31T09:44:00Z,7/31/2020,7/27/2020
Branch Fire,2022-10-21T13:24:10Z,2020-07-28T14:59:38Z,CAL FIRE San Luis Obispo Unit,San Luis Obispo,"Hwy 58 and Soda Lake Rd, California Valley",3222,-120.00521,35.35146,b7cf91b3-e441-46c7-8214-a2ce84a21a3d,https://www.fire.ca.gov/incidents/2020/7/28/branch-fire/,2020-08-01T19:45:00Z,8/1/2020,7/28/2020
Brook Fire,2020-08-01T07:08:05Z,2020-07-29T17:24:17Z,San Bernardino National Forest,San Bernardino,Keenbrook Rd and Cajon Blvd,185,-117.45479,34.25143,71cf5cd0-78c3-482c-b0d3-148bb24c4853,https://www.fire.ca.gov/incidents/2020/7/29/brook-fire/,2020-08-01T07:07:00Z,8/1/2020,7/29/2020
Clay Fire,2022-10-21T13:29:43Z,2020-07-29T18:05:20Z,CAL FIRE Amador-El Dorado Unit,Sacramento,Clay Station Road and Momtoma Lane,741,-121.17197,38.40329,3481e6e5-c6e8-4891-9e65-fdc3147ae579,https://www.fire.ca.gov/incidents/2020/7/29/clay-fire/,2020-07-30T07:27:00Z,7/30/2020,7/29/2020
Rabbit Fire,2020-07-31T09:04:37Z,2020-07-30T14:40:11Z,CAL FIRE Riverside County Unit,Riverside,Hwy 60 and Jack Rabbit Trail,104,-117.034461,33.934137,aa193e22-7d46-42fa-8638-8ee1e1cbaa2c,https://www.fire.ca.gov/incidents/2020/7/30/rabbit-fire/,2020-07-31T09:03:00Z,7/31/2020,7/30/2020
Dam Fire,2020-11-10T14:26:48Z,2020-07-30T15:23:01Z,Angeles National Forest,Los Angeles,San Gabriel Canyon Rd and Silverfish Rd Morris Reservoir,220,-117.889503,34.17363,2806bdb9-c1d2-4ace-b602-734e24282852,https://www.fire.ca.gov/incidents/2020/7/30/dam-fire/,2020-08-14T14:26:00Z,8/14/2020,7/30/2020
Sheep Fire,2020-08-01T09:00:00Z,2020-07-30T16:14:47Z,CAL FIRE/ Kern County Fire Department,Kern,"Comanche Point Rd, south east of Bakersfield ",233,-118.7933,35.14357,04013e6f-d207-4043-8d3d-00aa5d332d85,https://www.fire.ca.gov/incidents/2020/7/30/sheep-fire/,2020-07-31T08:56:00Z,7/31/2020,7/30/2020
Stump Fire,2020-11-10T14:26:03Z,2020-08-01T16:39:21Z,Lassen National Forest ,Tehama,"Childs Meadow and Highway 89/36, Northeast of Mineral",684,-121.6415,40.34659,eeb8174a-f5a7-4fb1-b611-45e85c858326,https://www.fire.ca.gov/incidents/2020/8/1/stump-fire/,2020-09-14T14:25:00Z,9/14/2020,8/1/2020
Castaic Fire,2020-11-10T14:25:24Z,2020-08-01T18:04:58Z,Angeles National Forest,Los Angeles,"Main Ramp Road and Lake Hughes Road, South of Castaic Lake  ",178,-118.59699,34.51853,00f6ca27-183c-4c2d-99f4-0362ddb522ae,https://www.fire.ca.gov/incidents/2020/8/1/castaic-fire/,2020-09-14T14:25:00Z,9/14/2020,8/1/2020
Pond Fire,2025-08-13T22:01:35Z,2020-08-01T18:44:52Z,Unified Command: United States Forest Service,San Luis Obispo,"Kata Creek Road and Oak Creek Place, East of Santa Margarita",2005,-120.47346,35.43128,5f88019a-39cf-43ff-921f-d5442e47f98d,https://www.fire.ca.gov/incidents/2020/8/1/pond-fire/,2020-08-09T19:17:00Z,8/9/2020,8/1/2020
Sophia Fire,2020-08-02T09:12:41Z,2020-08-02T09:12:41Z,CAL FIRE Amador-El Dorado Unit,El Dorado,Sophia Park Way and Alexandra Dr near El Dorado Hills in El Dorado County. ,36,-121.103299,38.686478,dddf569c-7540-4822-8bf4-bd15d5c4473e,https://www.fire.ca.gov/incidents/2020/8/2/sophia-fire/,2020-08-02T09:11:00Z,8/2/2020,8/2/2020
Water Fire,2020-08-04T15:13:28Z,2020-08-02T15:11:20Z,CAL FIRE/ Riverside County Fire Department,Riverside,Whitewater Canyon Road at the Whitewater Preserve In Riverside County. ,52,-116.641846,33.924086,f05306b4-6281-4140-9d63-ea077c080ce9,https://www.fire.ca.gov/incidents/2020/8/2/water-fire/,2020-08-04T15:12:00Z,8/4/2020,8/2/2020
North Fire,2020-08-13T11:27:37Z,2020-08-02T16:51:26Z,Bureau of Land Management Nevada-Carson District,Lassen,"Highway 395 and Highway 70, east of Chilcoot in Lassen County, ",6882,-120.44811,40.36764,91f3f77d-6b4a-47fb-bc79-a0250cded29a,https://www.fire.ca.gov/incidents/2020/8/2/north-fire/,2020-08-10T11:27:00Z,8/10/2020,8/2/2020
Sites Fire ,2020-08-05T07:16:44Z,2020-08-02T17:13:36Z,CAL FIRE Sonoma Lake Napa Unit,Colusa,"Sites Lodoga Road and Campground Road, Southeast of Stonyford in Colusa County. ",560,-122.48525,39.31313,7482a8eb-a31c-4556-b8d5-e6f86c4f3904,https://www.fire.ca.gov/incidents/2020/8/2/sites-fire/,2020-08-05T07:16:00Z,8/5/2020,8/2/2020
Post Fire,2020-08-24T14:47:09Z,2020-08-02T20:49:07Z,Los Angeles County Fire,Los Angeles,"NB I-5 and High way 138, South of Gorman in Los Angeles County. ",120,-118.21608,34.04447,8d4fb3c6-8522-491b-a388-afad50660bfb,https://www.fire.ca.gov/incidents/2020/8/2/post-fire/,2020-08-04T14:34:00Z,8/4/2020,8/2/2020
Elsmere Fire,2020-08-24T14:47:49Z,2020-08-03T15:45:29Z,Los Angeles County Fire Department and USFS Angeles National Forest,Los Angeles,"Elsmere Grapevine Rd and Santa Clarita Truck Trail, Newhall",200,-118.49731,34.3428,e2d97d53-bcff-4f0d-8b94-0ccfeb100f15,https://www.fire.ca.gov/incidents/2020/8/3/elsmere-fire/,2020-08-06T13:32:00Z,8/6/2020,8/3/2020
Stagecoach Fire,2020-08-18T17:51:29Z,2020-08-03T17:33:03Z,"Unified Command: Kern County Fire Department,  Bureau of Land Management and Sequoia National Forest",Kern,Stagecoach Drive and Piute Meadow Road South of Lake Isabella in Kern County. ,7760,-118.53361,35.43044,e2334135-81c5-44a5-b20d-c3a9b1301531,https://www.fire.ca.gov/incidents/2020/8/3/stagecoach-fire/,2020-08-18T17:50:00Z,8/18/2020,8/3/2020
Trimmer Fire,2020-11-10T14:23:45Z,2020-08-04T09:44:14Z,USFS Sierra National Forest,Fresno,"Big Creek Rd and Trimmer Springs Rd, Sycamore Flats",594,-119.2439,36.90933,2b313120-5794-40d5-aa39-c7e621856d14,https://www.fire.ca.gov/incidents/2020/8/4/trimmer-fire/,2020-08-20T14:23:00Z,8/20/2020,8/4/2020
Pass Fire,2022-10-21T13:31:09Z,2020-08-04T17:18:17Z,CAL FIRE San Luis Obispo Unit ,San Luis Obispo,"Hwy 41, northeast of Shandon",322,-120.40457,35.61521,7ece0a57-ab39-4d98-83bd-2a09f32b5242,https://www.fire.ca.gov/incidents/2020/8/4/pass-fire/,2020-08-05T07:19:00Z,8/5/2020,8/4/2020
Fort Fire,2020-08-07T07:19:08Z,2020-08-06T08:24:00Z,Kern County Fire Department,Kern,Grapevine Rd and I-5,277,-118.92967,34.93929,a79536eb-5ceb-4219-9b96-fa0632c4a289,https://www.fire.ca.gov/incidents/2020/8/6/fort-fire/,2020-08-07T07:18:00Z,8/7/2020,8/6/2020
Texas Fire,2020-11-10T14:22:20Z,2020-08-06T15:37:43Z,Angeles National Forest & Los Angeles County Fire Department,Los Angeles,Texas Canyon Rd and Bouquet Canyon Rd,210,-118.46115,-118.46115,338b5a8b-d5d6-4845-8a36-f92663339c2a,https://www.fire.ca.gov/incidents/2020/8/6/texas-fire/,2020-09-14T14:22:00Z,9/14/2020,8/6/2020
Mina Fire,2020-08-12T19:15:36Z,2020-08-10T18:31:57Z,CAL FIRE Mendocino Unit,Mendocino,Hopper Ln and Crawford Rd,177,-123.262437,39.82454,c4e48556-0c23-45e6-aebe-d1bcda4e52c5,https://www.fire.ca.gov/incidents/2020/8/10/mina-fire/,2020-08-12T19:15:00Z,8/12/2020,8/10/2020
Duluth Fire,2020-08-13T14:26:10Z,2020-08-10T18:58:13Z,Placer County Fire Department and Roseville Fire Department,Placer,Duluth Ave and Nichols Dr,65,-121.318472,38.81111,56e82924-7e7b-4cd0-9221-7f299718b493,https://www.fire.ca.gov/incidents/2020/8/10/duluth-fire/,2020-08-11T14:25:00Z,8/11/2020,8/10/2020
R-1 Fire,2020-08-12T16:47:37Z,2020-08-11T07:37:23Z,Bureau of Land Management Northern California District,Lassen,Horse Lake Mountain,285,-120.549595,40.590714,3d5e2cbc-f2f3-4cd3-b6cc-0b2483940f8d,https://www.fire.ca.gov/incidents/2020/8/11/r-1-fire/,2020-08-12T16:46:00Z,8/12/2020,8/11/2020
Soda Fire,2020-08-12T16:23:22Z,2020-08-12T11:43:49Z,Kern County Fire Department,Kern,"Soda Lake Rd and Hwy 33, south of Maricopa",424,-119.444977,34.962524,14e1721e-3907-4b2f-b9f9-3842a7d7106e,https://www.fire.ca.gov/incidents/2020/8/12/soda-fire/,2020-08-12T16:22:00Z,8/12/2020,8/12/2020
Lake Fire,2020-09-29T07:01:32Z,2020-08-12T17:13:02Z,Angeles National Forest and Los Angeles County Fire Department,Los Angeles,"Lake Hughes Rd and Prospect Rd, southwest Lake Hughes ",31089,-118.452,34.679,49ef4e59-6a57-4219-a29b-d75f1297e356,https://www.fire.ca.gov/incidents/2020/8/12/lake-fire/,2020-09-28T06:59:00Z,9/28/2020,8/12/2020
Carrizo Fire,2020-08-13T11:44:19Z,2020-08-12T19:12:15Z,CAL FIRE San Luis Obispo Unit,San Luis Obispo,Soda Lake rd and Belmont Trail,183,-119.987565,35.308259,d6ac2ead-0f03-4c79-bda7-a7a2f11050b6,https://www.fire.ca.gov/incidents/2020/8/12/carrizo-fire/,2020-08-12T11:44:00Z,8/12/2020,8/12/2020
Meiss Fire,2020-08-14T08:50:51Z,2020-08-13T17:01:18Z,CAL FIRE Amador-El Dorado Unit,Sacramento,"Dillard Rd and Meiss Rd, southwest of Rancho Murieta",512,-121.172572,38.474502,5258de73-6c10-44ac-99e0-88602a8a83f5,https://www.fire.ca.gov/incidents/2020/8/13/meiss-fire/,2020-08-14T07:16:00Z,8/14/2020,8/13/2020
Ranch 2 Fire,2020-11-10T14:17:37Z,2020-08-13T14:49:55Z,Angeles National Forest ,Los Angeles,"North San Gabriel Canyon Rd and Ranch Rd, San Gabriel Canyon",4237,-117.910498,34.160265,5671f6fd-7689-48e6-b792-03e3cfe95ff2,https://www.fire.ca.gov/incidents/2020/8/13/ranch-2-fire/,2020-10-05T14:17:00Z,10/5/2020,8/13/2020
Clark Fire,2020-08-14T19:24:05Z,2020-08-14T17:55:25Z,CAL FIRE Butte County Fire ,Butte,"Durham Pentz Road and Clark Road, southwest of Pentz in Butte County. ",110,-121.633994,39.647686,0707e044-ba48-42eb-9263-6e2aff583b33,https://www.fire.ca.gov/incidents/2020/8/14/clark-fire/,2020-08-14T19:23:00Z,8/14/2020,8/14/2020
Loyalton Fire,2020-08-27T06:54:38Z,2020-08-14T18:52:58Z,USFS Tahoe National Forest,Sierra,Mount Ina Coolbrith East of Loyalton in Sierra County. ,47029,-120.143473,39.702438,ab24840f-90e8-460c-bc88-d25091d7b61f,https://www.fire.ca.gov/incidents/2020/8/14/loyalton-fire/,2020-08-26T06:54:00Z,8/26/2020,8/14/2020
Whale Fire,2022-10-21T13:31:38Z,2020-08-15T13:21:11Z,CAL FIRE San Luis Obispo,San Luis Obispo,"Old Creek Road and Sant Rita Road, north of Cayucos in San Luis Obispo County. ",320,-120.856731,35.472114,36aa4641-bb29-4b34-baad-e96406b4f702,https://www.fire.ca.gov/incidents/2020/8/15/whale-fire/,2020-08-19T14:50:00Z,8/19/2020,8/15/2020
3-2 Fire,2020-08-17T19:24:20Z,2020-08-16T07:56:39Z,CAL FIRE San Luis Obispo Unit ,San Luis Obispo,"Sunrise Ridge Rd and Santa Rita Rd, East of Cayucos",20,-120.801074,35.519723,f6f24a2c-2072-4736-bca7-9a615af3156d,https://www.fire.ca.gov/incidents/2020/8/16/3-2-fire/,2020-08-17T19:23:00Z,8/17/2020,8/16/2020
Elk Fire,2020-08-17T21:01:45Z,2020-08-16T10:14:46Z,CAL FIRE Tehama-Glenn Unit,Glenn,west of Willows,727,-122.427358,39.52452,119469ac-fe6b-4934-ac17-36a73cefe958,https://www.fire.ca.gov/incidents/2020/8/16/elk-fire/,2020-08-17T21:01:00Z,8/17/2020,8/16/2020
August Complex (includes Doe Fire),2020-11-18T10:22:42Z,2020-08-16T20:37:26Z,Mendocino National Forest,"Mendocino, Humboldt, Trinity, Tehama, Glenn, Lake, Colusa"," Mendocino, Humboldt, Trinity, Tehama, Glenn, Lake, & Colusa ",1032648,-122.673,39.776,b8f267be-9911-44ee-8a73-7a0537fbd6fa,https://www.fire.ca.gov/incidents/2020/8/16/august-complex-includes-doe-fire/,2020-11-11T10:21:44Z,11/11/2020,8/16/2020
Jones Fire,2022-10-21T13:34:27Z,2020-08-17T08:00:32Z,Unified Command: CAL FIRE Nevada-Yuba-Placer Unit and Nevada County Consolidated Fire Protection District,Nevada,"Jones Bar Rd, Yuba River Drainage, northwest of Nevada City",705,-121.100352,39.29241,a7b2fc4a-18ce-4a89-b192-24c1389c014c,https://www.fire.ca.gov/incidents/2020/8/17/jones-fire/,2020-08-28T16:19:00Z,8/28/2020,8/17/2020
4-8 Fire,2020-08-19T21:08:52Z,2020-08-17T14:16:58Z,CAL FIRE Tehama-Glenn Unit,Glenn,"Highway 162 and County Road 302, west of Willows",275,-122.5012461,39.555943,625e0c82-b8a2-4acc-8ff5-19787ca65b69,https://www.fire.ca.gov/incidents/2020/8/17/4-8-fire/,2020-08-19T21:08:00Z,8/19/2020,8/17/2020
Murphy Fire,2020-08-19T18:51:15Z,2020-08-17T20:06:44Z,CAL FIRE Amador – El Dorado Unit,El Dorado,"Johntown Creek Road, Garden Valley",14,-120.876546,38.840068,1b0a862b-8fd9-4aa9-8ac7-f6ca6b3cbd39,https://www.fire.ca.gov/incidents/2020/8/17/murphy-fire/,2020-08-19T18:50:00Z,8/19/2020,8/17/2020
CZU Lightning Complex (Including Warnella Fire) ,2022-10-21T13:32:14Z,2020-08-16T08:00:00Z,"Unified Command Agencies: Santa Cruz Co. Sheriff’s Office, San Mateo Co. Sheriff’s Office, Felton Fire Protection District, Santa Cruz County Fire Department, San Mateo County Fire Department, Boulder Creek Fire Department, Ben Lomond Fire Protection District","Santa Cruz, San Mateo",Various locations across San Mateo and Santa Cruz Counties,86509,-122.22275,37.17162,d19ac7c7-c899-4600-82c9-fe24dc29f3c9,https://www.fire.ca.gov/incidents/2020/8/16/czu-lightning-complex-including-warnella-fire/,2020-09-22T19:53:00Z,9/22/2020,8/16/2020
SCU Lightning Complex,2022-10-21T15:13:34Z,2020-08-16T09:25:25Z,CAL FIRE Santa Clara Unit,"Santa Clara, San Joaquin, Contra Costa, Alameda, Stanislaus","Multiple locations throughout Santa Clara County, Alameda County, Contra Costa County, San Joaquin County, Merced and Stanislaus County",396624,-121.30435,37.439437,22c6ea3c-304c-4b3b-bfba-7c9dfc63d9da,https://www.fire.ca.gov/incidents/2020/8/16/scu-lightning-complex/,2020-10-01T10:29:00Z,10/1/2020,8/16/2020
3-19 Fire,2020-11-10T14:20:24Z,2020-08-18T15:27:56Z,CAL FIRE Mendocino Unit,Mendocino,Burris Lane in Potter Valley,62,-123.013667,39.276,c387f9ae-a783-4dab-b9b7-12866c8a6a34,https://www.fire.ca.gov/incidents/2020/8/18/3-19-fire/,2020-08-21T08:08:00Z,8/21/2020,8/18/2020
Creek Fire,2022-10-21T13:15:06Z,2020-08-18T17:58:52Z,CAL FIRE Mendocino Unit,Mendocino,"Covelo, Highway 162 and Short Creek Rd",820,-123.2111007,39.8174372,1eadad68-344e-4728-8390-b0d31b96333d,https://www.fire.ca.gov/incidents/2020/8/18/creek-fire/,2020-08-21T21:00:00Z,8/21/2020,8/18/2020
LNU Lightning Complex,2023-03-20T13:16:19Z,2020-08-17T08:00:00Z,CAL FIRE Sonoma-Lake-Napa Unit ,"Napa, Solano, Lake, Sonoma, Yolo",See details below,363220,-122.14864,38.48193,9645c55f-2b11-40ab-9ae7-df424d685a2d,https://www.fire.ca.gov/incidents/2020/8/17/lnu-lightning-complex/,2020-10-02T10:38:00Z,10/2/2020,8/17/2020
Butte/Tehama/Glenn Lightning Complex (Tehama/Glenn Zone) ,2022-10-21T13:33:18Z,2020-08-17T09:12:42Z,CAL FIRE Tehama-Glenn Unit,"Tehama, Glenn",Southwest of Red Bank Rd,19609,-122.4393,40.09571,f6aba342-3b28-460b-a88a-96ccbdcb3c14,https://www.fire.ca.gov/incidents/2020/8/17/butte-tehama-glenn-lightning-complex-tehama-glenn-zone/,2020-10-09T15:20:00Z,10/9/2020,8/17/2020
Flint Fire,2020-08-19T20:16:41Z,2020-08-19T16:44:58Z,CAL FIRE/ Tuolumne–Calaveras Unit,Calaveras,Flint St and Rock Creek Rd,55,-120.85258,38.03106,7486c76a-019a-496f-9d5c-f4b962906fe4,https://www.fire.ca.gov/incidents/2020/8/19/flint-fire/,2020-08-19T20:16:00Z,8/19/2020,8/19/2020
Moc Fire,2020-11-17T15:36:09Z,2020-08-20T14:26:08Z,CAL FIRE Tuolumne-Calaveras Unit and Central California District,Tuolumne,"Hwy 49 and Hwy 120, Moccasin",2857,-120.312565,37.813779,c57a1d32-216b-443e-bb67-87be3232bf8b,https://www.fire.ca.gov/incidents/2020/8/20/moc-fire/,2020-08-30T19:14:00Z,8/30/2020,8/20/2020
Volcano Fire,2020-08-22T21:22:19Z,2020-08-20T16:18:49Z,CAL FIRE /San Diego County Fire Department,San Diego,"De Luz Rd and Tenaja Truck Trail, west of Temecula City",45,-117.328234,33.454896,d09da426-ed85-4909-892b-2505c4813d93,https://www.fire.ca.gov/incidents/2020/8/20/volcano-fire/,2020-08-22T21:17:00Z,8/22/2020,8/20/2020
Coyote Fire,2020-09-08T11:47:36Z,2020-08-21T14:36:08Z,Unified command with CAL FIRE and San Jose City Fire Department,Santa Clara,Monterey Rd and Coyote Creek Golf Dr,143,-121.68465,37.18725,a453303f-cb87-430a-9a3c-d9b2f0b7ceb2,https://www.fire.ca.gov/incidents/2020/8/21/coyote-fire/,2020-08-26T17:00:00Z,8/26/2020,8/21/2020
Sheep Fire ,2020-09-13T07:53:32Z,2020-08-22T22:02:57Z,"Unified Command: Plumas National Forest, Lassen National Forest, Lassen-Modoc Unit",Plumas,"Gold Run Road, Southwest of Susanville in Plumas County. ",29570,-120.757,40.274,6edfd658-def5-451c-86bd-83cb2280e34f,https://www.fire.ca.gov/incidents/2020/8/22/sheep-fire/,2020-09-09T09:00:00Z,9/9/2020,8/22/2020
Woodward Fire,2020-10-06T07:37:32Z,2020-08-18T14:27:00Z,Point Reyes National Seashore National Park Service,Marin,"Woodward Valley Trail, East of Olema",4929,-122.836701,38.018089,60c2ba16-9296-4fb9-aba2-1331c25129c6,https://www.fire.ca.gov/incidents/2020/8/18/woodward-fire/,2020-10-02T07:21:00Z,10/2/2020,8/18/2020
R-8 Pinecone Fire ,2020-11-10T14:19:52Z,2020-08-26T08:03:48Z,BLM Northern CA District Bureau of Land Management,Lassen,"Highway 395 and Termo Grasshopper Road, West of Termo",567,-120.536,40.773,a89673de-1c0d-43cc-9a96-bd83f632bf65,https://www.fire.ca.gov/incidents/2020/8/26/r-8-pinecone-fire/,2020-08-31T14:19:00Z,8/31/2020,8/26/2020
Johnson Fire ,2020-08-30T19:27:40Z,2020-08-28T16:21:25Z,Los Angeles County Fire Dept,Los Angeles,"Johnson Road and Limeridge Dr, East of Elizabeth Lake in Los Angeles County",290,-118.36411,34.65979,1a62a4b4-ad1a-4e12-b8ed-a3a50e3d1722,https://www.fire.ca.gov/incidents/2020/8/28/johnson-fire/,2020-08-30T19:27:00Z,8/30/2020,8/28/2020
Hensley Fire ,2022-10-21T13:36:33Z,2020-08-30T11:11:55Z,CAL FIRE Madera-Mariposa-Merced Unit,Madera,"Road 400 and Road 406, south of Hensley Lake in Madera County",400,-119.88673,37.08053,5937fad1-a332-4d92-ba83-c8022173b5ba,https://www.fire.ca.gov/incidents/2020/8/30/hensley-fire/,2020-08-30T19:11:00Z,8/30/2020,8/30/2020
Catholic Fire,2020-09-02T07:19:00Z,2020-09-01T17:34:38Z,CAL FIRE Sonoma-Lake-Napa Unit,Lake,"Highway 20 and Catholic Church Rd, east of Clearlake Oaks",13,-122.637037,39.012743,44276cce-9fe4-472d-aac6-4d08e9d01365,https://www.fire.ca.gov/incidents/2020/9/1/catholic-fire/,2020-09-02T07:18:00Z,9/2/2020,9/1/2020
El Dorado Fire,2020-11-18T10:41:54Z,2020-09-05T12:51:00Z,"San Bernardino National Forest, San Bernardino County Fire Department ","San Bernardino, Riverside","Oak Glen Rd Road and Potato Canyon Road, West of Oak Glen",22744,-116.98669,34.08056,5367d20e-b24c-40ef-acd1-93c05e4b73b9,https://www.fire.ca.gov/incidents/2020/9/5/el-dorado-fire/,2020-11-16T08:00:00Z,11/16/2020,9/5/2020
Valley Fire,2020-09-25T07:25:30Z,2020-09-05T16:02:32Z,Cleveland National Forest ,San Diego,"Japatul Road and  Carveacre Road, Southeast of Alpine",16390,-116.692705,32.765615,9277ab02-734d-4b01-ac35-c27ba62c2af3,https://www.fire.ca.gov/incidents/2020/9/5/valley-fire/,2020-09-24T15:30:00Z,9/24/2020,9/5/2020
Oak Fire,2020-10-16T07:31:42Z,2020-09-07T13:26:45Z,CAL FIRE MEU Mendocino Unit,Mendocino,"West of Highway 101--Big John Road & Skyview Road, Brooktrails Township, Willits",1100,-123.3965,39.4935,6fd76607-08af-4c44-9e40-edde0bc9d6cf,https://www.fire.ca.gov/incidents/2020/9/7/oak-fire/,2020-09-14T19:38:00Z,9/14/2020,9/7/2020
Willow Fire,2022-10-21T13:37:06Z,2020-09-09T08:04:43Z,CAL FIRE Nevada-Yuba-Placer Unit ,Yuba,"Neptune Lane and Willow Glen Road, North of Smartville ",1311,-121.32361,39.3637,7442faa1-3681-4b85-8ed7-229e34ee3011,https://www.fire.ca.gov/incidents/2020/9/9/willow-fire/,2020-09-14T17:35:00Z,9/14/2020,9/9/2020
Sperry Fire,2020-09-16T07:28:21Z,2020-09-08T22:27:00Z,CAL FIRE Santa Clara Unit ,Stanislaus,"Interstate 5 and Sperry Road, West of Patterson ",45,-121.18018,37.46377,a7f3e6f3-3e15-4350-a0f7-2a5392e0708d,https://www.fire.ca.gov/incidents/2020/9/8/sperry-fire/,2020-09-09T07:27:00Z,9/9/2020,9/8/2020
Schoolhouse Fire,2020-09-17T19:57:01Z,2020-09-09T15:59:31Z,CAL FIRE Siskiyou Unit,Siskiyou,Schoolhouse Gap Rd And McAdams Creek Rd,45,-122.84057,41.68229,2cdf609e-de06-4e0b-a2bc-527ffde51064,https://www.fire.ca.gov/incidents/2020/9/9/schoolhouse-fire/,2020-09-17T19:56:00Z,9/17/2020,9/9/2020
Shackleford Fire,2020-10-05T09:45:31Z,2020-09-11T10:05:44Z,CAL FIRE Siskiyou Unit,Siskiyou,"Shackleford Rd, southwest of Quartz Valley Reservation",50,-123.021635,41.575549,8ffb7148-7668-452a-8fbc-3a2b49b753ea,https://www.fire.ca.gov/incidents/2020/9/11/shackleford-fire/,2020-09-21T19:57:00Z,9/21/2020,9/11/2020
Bullfrog Fire,2020-11-10T14:06:11Z,2020-09-12T13:57:57Z,Sierra National Forest,Fresno,"Dinkey Lakes and Nelson Lake, SE of Bullfrog Lake",1185,-119.027309,37.135474,aab65b54-103c-4101-a70b-5983533d49e9,https://www.fire.ca.gov/incidents/2020/9/12/bullfrog-fire/,2020-11-09T14:06:00Z,11/9/2020,9/12/2020
Fox Fire,2020-10-06T08:32:25Z,2020-09-16T11:08:31Z,Klamath National Forest ,Siskiyou,"Fox Creek, Southwest of Callahan ",2188,-122.847359,41.211022,4f2c2a0b-d187-4e11-8841-3a014cadd739,https://www.fire.ca.gov/incidents/2020/9/16/fox-fire/,2020-09-30T08:31:00Z,9/30/2020,9/16/2020
Glass Fire,2022-10-21T13:37:57Z,2020-09-27T08:48:00Z,"Unified Command: CAL FIRE Sonoma Lake Napa, Sonoma County Sheriff’s Office, Napa County Sheriff’s Office, Santa Rosa Fire Department and Santa Rosa Police Department.","Napa, Sonoma",North Fork Crystal Springs Rd & Crystal Springs Rd,67484,-122.49745,38.56295,d6b00a56-682d-4908-bf07-45eef54c9198,https://www.fire.ca.gov/incidents/2020/9/27/glass-fire/,2020-10-20T11:00:00Z,10/20/2020,9/27/2020
Zogg Fire,2020-10-16T15:08:18Z,2020-09-27T16:03:27Z,CALFIRE Shasta-Trinity Unit,"Shasta, Tehama","Zogg Mine Road and Jenny Bird Lane, North of Igo",56338,-122.56656,40.53927,f0a3f022-0d5a-4d47-93c7-2a73cb081740,https://www.fire.ca.gov/incidents/2020/9/27/zogg-fire/,2020-10-13T17:02:00Z,10/13/2020,9/27/2020
Martindale Fire ,2020-10-20T13:33:54Z,2020-09-28T17:08:09Z,Angeles National Forest ,Los Angeles,"Bouquet Canyon Road, East of Hawthorne",230,-118.4,34.563,26f0d1c5-8df4-4201-810f-0b136677e4c6,https://www.fire.ca.gov/incidents/2020/9/28/martindale-fire/,2020-09-30T08:36:00Z,9/30/2020,9/28/2020
Candy Fire,2022-10-21T13:38:16Z,2020-09-29T13:32:00Z,Riverside County Fire Department,Riverside,"Gavilan Road and Lake Mathews Dr, Perris in Riverside County.",454,-117.374419,33.764357,eef565af-d64a-4c72-a4a2-6a9d13e6211c,https://www.fire.ca.gov/incidents/2020/9/29/candy-fire/,2020-09-30T19:12:00Z,9/30/2020,9/29/2020
Copper Fire ,2020-10-05T09:45:18Z,2020-09-30T13:09:00Z,CALFIRE Amador-El Dorado Unit ,Amador,"Copper Hill Rd. off Hwy 16, east of Rancho Murieta",48,-121.003602,38.49375,fdae8b5d-95f3-4eaa-bd71-35cd402a94f9,https://www.fire.ca.gov/incidents/2020/9/30/copper-fire/,2020-10-03T07:08:00Z,10/3/2020,9/30/2020
Pony Fire,2020-10-04T07:22:52Z,2020-10-03T15:38:00Z,CAL FIRE/ Amador-El Dorado Unit,Sacramento,"Pony Brown Rd and Ione Rd, Sloughhouse",20,-121.039236,38.464074,745a276b-488e-40e6-b62d-065111a98139,https://www.fire.ca.gov/incidents/2020/10/3/pony-fire/,2020-10-04T07:22:00Z,10/4/2020,10/3/2020
Lambert Fire,2020-10-06T19:05:45Z,2020-10-04T12:46:20Z,CAL FIRE Amador El Dorado Unit ,Amador,"Lambert Road and Carbondale Road, North of Carbondale",21,-121.006635,38.424016,8b25feb1-9eb7-433d-8abf-d6ab554c9fe3,https://www.fire.ca.gov/incidents/2020/10/4/lambert-fire/,2020-10-06T19:04:00Z,10/6/2020,10/4/2020
Fields Fire ,2021-06-15T10:05:39Z,2020-10-07T06:06:33Z,CAL FIRE Nevada Yuba Placer Unit ,Yuba,"Gold Field Road and Hammonton Road, Northeast of Marigold ",56,-121.450982,39.181047,b341b09d-2024-4b2a-a439-f39409abb432,https://www.fire.ca.gov/incidents/2020/10/7/fields-fire/,2020-10-07T08:34:00Z,10/7/2020,10/7/2020
Irvine Fire,2020-10-12T06:12:20Z,2020-10-11T18:04:00Z,CALFIRE/ Santa Clara Unit,Contra Costa,Irvine Drive in Moraga ,30,-122.104314,37.821737,65b0ce28-b5e6-4dfc-b569-96716e556c90,https://www.fire.ca.gov/incidents/2020/10/11/irvine-fire/,2020-10-12T00:00:00Z,10/12/2020,10/11/2020
Diamond Fire,2020-10-15T16:06:46Z,2020-10-13T14:31:29Z,CAL FIRE Tuolumne Calaveras Unit ,Calaveras,"Highway 4 and Main Street, North of Copperopolis",21,-120.64541,37.98337,4a85b108-3756-4b00-9767-56591a517c8d,https://www.fire.ca.gov/incidents/2020/10/13/diamond-fire/,2020-10-15T09:00:00Z,10/15/2020,10/13/2020
Bruder Fire,2020-10-20T13:33:23Z,2020-10-15T05:40:14Z,CAL FIRE San Bernardino Unit  ,San Bernardino,"Bruder Lane and Helen Drive, South of Redlands",170,-117.138078,34.014728,45c76674-7d01-4fff-bb00-a08013019a86,https://www.fire.ca.gov/incidents/2020/10/15/bruder-fire/,2020-10-16T13:33:00Z,10/16/2020,10/15/2020
Cameron Fire,2020-10-21T17:16:51Z,2020-10-18T20:42:24Z,CAL FIRE Amador-El Dorado Unit,El Dorado,North of Durock Road and South of Highway 50 between Cameron Park Drive and Ponderosa Road in El Dorado county. ,15,-120.964726,38.659387,cbd8fd0c-8d0f-4df3-aea3-1355a685bb96,https://www.fire.ca.gov/incidents/2020/10/18/cameron-fire/,2020-10-21T17:16:00Z,10/21/2020,10/18/2020
Ferry Fire,2020-10-22T17:12:47Z,2020-10-22T14:43:49Z,City of Oroville Fire Department,Butte,"Montgomery St and Linden Ave, Oroville",6,-121.54475,39.51694,64ea3d93-de8b-41fc-b5eb-af37e8ac1f95,https://www.fire.ca.gov/incidents/2020/10/22/ferry-fire/,2020-10-22T17:12:00Z,10/22/2020,10/22/2020
Pope Fire,2020-11-03T11:28:47Z,2020-10-23T17:25:43Z,CAL FIRE/ Sonoma Lake Napa Unit,Napa,Lower Chiles Valley Rd and Chiles Pope Valley Rd,61,-122.37828,38.56184,67cd9b6f-a40b-4f0d-8efc-2dbe4fd9d990,https://www.fire.ca.gov/incidents/2020/10/23/pope-fire/,2020-10-25T19:10:00Z,10/25/2020,10/23/2020
Olinda Fire,2020-12-08T16:17:38Z,2020-10-25T14:22:27Z,CAL FIRE Shasta-Trinity Unit,Shasta,"West Anderson Dr and Davidson Ln, southwest of Anderson",5,-122.342,40.41486,fb6cb221-c303-4573-bd63-0c8b1468d4a2,https://www.fire.ca.gov/incidents/2020/10/25/olinda-fire/,2020-10-25T07:07:00Z,10/25/2020,10/25/2020
Silverado Fire ,2022-10-21T13:16:51Z,2020-10-26T07:54:50Z,CAL FIRE & Orange County Fire Authority and Orange County Sheriff ,Orange,Off the 241 in the Irvine area ,12466,-117.65719,33.73614,a2b27cff-5d89-423a-853e-3a78e63f79ef,https://www.fire.ca.gov/incidents/2020/10/26/silverado-fire/,2020-11-07T07:07:00Z,11/7/2020,10/26/2020
Blue Ridge Fire ,2022-10-21T13:17:57Z,2020-10-26T14:32:41Z,CAL FIRE & Orange County Fire Authority ,Orange,North of the 91 in the Yorba Linda and Chino Hills area in Orange and San Bernardino Counties,13964,-117.675067,33.877257,21b0622c-8b4d-439b-8175-d4ba20507d02,https://www.fire.ca.gov/incidents/2020/10/26/blue-ridge-fire/,2020-11-07T07:06:00Z,11/7/2020,10/26/2020
San Dimas Fire,2020-12-07T09:19:55Z,2020-11-06T07:28:52Z,Angeles National Forest and Los Angeles County Fire Department,Los Angeles,San Dimas Canyon Rd and Golden Hills Rd,131,-117.778561,34.146195,e9482561-8193-48a9-a152-2ff8d993ce06,https://www.fire.ca.gov/incidents/2020/11/6/san-dimas-fire/,2020-11-07T14:43:00Z,11/7/2020,11/6/2020
Airport Fire,2020-12-12T07:26:46Z,2020-12-01T17:27:18Z,CAL FIRE RRU & City of Corona,Riverside,Butterfield Dr and Aviation Dr,1087,-117.62109,33.893351,2b6aedb5-87fe-447c-a772-bec58abb8820,https://www.fire.ca.gov/incidents/2020/12/1/airport-fire/,2020-12-12T07:26:17Z,12/12/2020,12/1/2020
Bond Fire,2020-12-17T13:15:07Z,2020-12-02T22:14:00Z,"Unified Command: CAL FIRE, Orange County Fire Authority, and USFS",Orange,Silverado Canyon,6686,-117.674967,33.743842,a2665121-7dd7-4a4c-8c6e-0731ed9e1888,https://www.fire.ca.gov/incidents/2020/12/2/bond-fire/,2020-12-10T18:59:25Z,12/10/2020,12/2/2020
Thomas Fire,2020-12-03T18:36:42Z,2020-12-03T13:32:00Z,CAL FIRE Lassen Modoc Unit,Lassen,"County Road 267 and Mountain Spring Drive, Northeast of Alturas",24,-120.374514,41.591948,ad807579-4f4f-4a5a-a17a-7ca299aca978,https://www.fire.ca.gov/incidents/2020/12/3/thomas-fire/,2020-12-03T17:40:29Z,12/3/2020,12/3/2020
Cornell Fire,2020-12-17T11:18:15Z,2020-12-07T11:44:00Z,Ventura County Fire,Ventura,"Cornell Drive and Shell Road, East of Santa Paula",174,-119.078,34.33622,e8721404-3d22-4b27-b152-8a7f4a97a8e5,https://www.fire.ca.gov/incidents/2020/12/7/cornell-fire/,2020-12-08T11:17:54Z,12/8/2020,12/7/2020
Sanderson Fire,2022-10-21T13:38:36Z,2020-12-13T08:00:00Z,CAL FIRE Riverside County Unit,Riverside,La Borde Canyon Rd and Jack Rabbit Trail,1954,-117.03459,33.93244,0dad0a68-239b-41b5-bfe0-033e6a216fac,https://www.fire.ca.gov/incidents/2020/12/13/sanderson-fire/,2020-12-14T17:50:00Z,12/14/2020,12/13/2020
Erbes Fire,2021-01-25T13:45:12Z,2021-01-14T16:00:00Z,Ventura County Fire Department,Ventura,Erbes Road and Westland Place,250,-118.83967,34.20955,2347b6fb-8468-46bb-9917-d5cea3f1efdd,https://www.fire.ca.gov/incidents/2021/1/14/erbes-fire/,2021-01-15T13:45:05Z,1/15/2021,1/14/2021
Wolf Fire,2022-10-12T08:15:55Z,2021-01-19T11:47:00Z,Kern County Fire Department,Kern,Hwy 166 along the Wind Wolves Preserve,865,-119.185309,34.99432,75711186-5792-4c41-9309-48dbac8e667d,https://www.fire.ca.gov/incidents/2021/1/19/wolf-fire/,2021-01-20T07:12:18Z,1/20/2021,1/19/2021
72 Fire,2021-01-25T13:47:05Z,2021-01-19T14:48:24Z,CAL FIRE/ Riverside County Fire Department,Riverside,"Ave 72 and Pierce St, south of Oasis",43,-116.10723,33.52871,b38fdc2c-3108-4273-8a67-8d69bdbfb6bb,https://www.fire.ca.gov/incidents/2021/1/19/72-fire/,2021-01-20T13:46:53Z,1/20/2021,1/19/2021
Towsley Fire,2021-02-18T14:10:17Z,2021-01-19T15:04:08Z,Los Angeles County Fire Department,Los Angeles,"Towsley Canyon Road and I-5, South of Santa Clarita",184,-118.5553174,34.3585229,79aca6f4-ee40-44e8-9dff-069c36c36fc1,https://www.fire.ca.gov/incidents/2021/1/19/towsley-fire/,2021-01-22T18:12:36Z,1/22/2021,1/19/2021
Panther Ridge Fire,2021-02-19T11:21:26Z,2021-01-19T15:25:39Z,CAL FIRE San Mateo-Santa Cruz Unit,Santa Cruz,"Stapp Rd and Hwy 9, north of Boulder Creek",20,-122.13372,37.18381,7be84564-edf7-4724-99ba-5c1ee7f86e30,https://www.fire.ca.gov/incidents/2021/1/19/panther-ridge-fire/,2021-01-22T18:02:12Z,1/22/2021,1/19/2021
Freedom Fire,2021-03-02T20:32:36Z,2021-01-19T19:13:18Z,CAL FIRE San Mateo  Santa Cruz Unit,Santa Cruz,"Freedom Boulevard and Hames Road, East of Aptos.",37,-121.83627,36.98767,1ebddf4e-0190-4363-a858-ac789206b5fd,https://www.fire.ca.gov/incidents/2021/1/19/freedom-fire/,2021-01-22T18:09:27Z,1/22/2021,1/19/2021
Grapevine Fire,2021-03-24T10:03:09Z,2021-03-14T18:35:00Z,Bureau of Land Management,Kern,"Grapevine Canyon & West of Hwy 395, Northwest of Ridgecrest",86,-117.5910734,35.58198161,21a360ea-3a4e-4267-986e-3bb1416ca05b,https://www.fire.ca.gov/incidents/2021/3/14/grapevine-fire/,2021-03-20T09:54:54Z,3/20/2021,3/14/2021
Refuge Fire,2022-10-12T08:16:36Z,2021-03-27T17:02:04Z,CAL FIRE/Siskiyou unit,Siskiyou,Lower Klamath Lake Rd and Dorris Brownell Rd,873,-121.627082,41.927772,762d7abb-ec4e-4e50-9137-617c8445b0d1,https://www.fire.ca.gov/incidents/2021/3/27/refuge-fire/,2021-03-29T17:21:30Z,3/29/2021,3/27/2021
Woodman Fire,2021-04-01T21:19:22Z,2021-04-01T15:56:00Z,CAL FIRE Shasta-Trinity Unit,Shasta,"Oak Run Road and Snider Ranch Road, South West of Oak Run in Shasta County.",35,-122.0536419,40.6758842,da35c08b-9f0a-42b2-9e1f-b6e9a545d3fb,https://www.fire.ca.gov/incidents/2021/4/1/woodman-fire/,2021-04-01T21:19:17Z,4/1/2021,4/1/2021
Westwood Fire,2021-04-05T17:25:05Z,2021-04-04T15:52:00Z,Ventura County Fire Department,Ventura,Westwood Street and Cottonwood Drive in Simi Valley,25,-118.700095,34.30277328465364,1f31ac02-436e-4555-b7d1-32b636c11c17,https://www.fire.ca.gov/incidents/2021/4/4/westwood-fire/,2021-04-05T17:24:38Z,4/5/2021,4/4/2021
Paso Fire,2021-04-13T18:48:26Z,2021-04-12T18:44:23Z,CAL FIRE San Diego Unit,San Diego,"Lookout Road and Hwy 79, North of Cuyamaca Rancho State Park",28,-116.582369,32.958961,02ba1be4-fecc-49a6-927d-8da38d215851,https://www.fire.ca.gov/incidents/2021/4/12/paso-fire/,2021-04-13T18:00:00Z,4/13/2021,4/12/2021
Turnout Fire,2021-04-25T02:09:40Z,2021-04-18T17:46:54Z,CAL FIRE Mendocino Unit,Mendocino,Highway 253 and Boonville Rd,200,-123.35838,38.99914,6a7cee19-fc90-4f87-a306-48ccd9cee200,https://www.fire.ca.gov/incidents/2021/4/18/turnout-fire/,2021-04-24T19:04:15Z,4/24/2021,4/18/2021
River Fire,2021-05-06T16:35:39Z,2021-04-19T20:29:35Z,Sutter County Fire Department,Sutter,"Garden Hwy  and Star Bend Road, South of Yuba City",80,-121.5896697,38.9743823,81d9dc1d-9cff-4a22-a6c6-2a4f94cf30ed,https://www.fire.ca.gov/incidents/2021/4/19/river-fire/,2021-05-01T09:35:18Z,5/1/2021,4/19/2021
Luis Fire,2021-04-25T02:01:24Z,2021-04-24T14:50:00Z,CAL FIRE MMU,Merced,San Luis Reservoir near Santa Nella,93,-121.143154,37.0953436,92aa05b8-83d8-45ec-b079-86d7698086a5,https://www.fire.ca.gov/incidents/2021/4/24/luis-fire/,2021-04-24T19:01:18Z,4/24/2021,4/24/2021
North Fire,2021-05-10T16:58:15Z,2021-04-28T23:04:57Z,Los Angeles County Fire Department,Los Angeles,"West Live Oak Rd and Biscailuz Rd , Castaic",650,-118.616276,34.449686,4f4775e4-cd91-4f78-a1de-9c15213ebed2,https://www.fire.ca.gov/incidents/2021/4/28/north-fire/,2021-05-03T09:57:29Z,5/3/2021,4/28/2021
Sky Fire,2021-05-02T00:34:13Z,2021-04-29T12:44:00Z,CAL FIRE Sonoma-Lake Napa Unit,Lake,"Morgan Valley Road and Sloan Ranch Road, Southeast of Clearlake",65,-122.5177156,38.88437128468345,5f8ebcac-e1f0-4659-9f38-f3e862a3a440,https://www.fire.ca.gov/incidents/2021/4/29/sky-fire/,2021-05-01T17:32:27Z,5/1/2021,4/29/2021
Southern Fire,2022-10-12T08:43:33Z,2021-05-02T00:56:04Z,CAL FIRE San Diego,San Diego,"14000 Blk Great Southern Overland , Agua Caliente in San Diego County.",5366,-116.443391,32.987532,89467f5f-2562-47dc-99b6-cb8ec90c3a12,https://www.fire.ca.gov/incidents/2021/5/2/southern-fire/,2021-05-06T06:53:36Z,5/6/2021,5/2/2021
Creek Fire,2021-05-06T15:47:51Z,2021-05-04T13:28:00Z,CAL FIRE Riverside Unit,Riverside,Cahuilla Creek Motocross and Highway 371 in Anza,32,-116.767011,33.532246,fb63695d-fd59-47dd-9247-e5a7099b5fce,https://www.fire.ca.gov/incidents/2021/5/4/creek-fire/,2021-05-04T18:00:00Z,5/4/2021,5/4/2021
Bridge Fire,2021-05-06T13:56:57Z,2021-05-05T23:30:06Z,CAL FIRE/Riverside County Fire Department,Riverside,Gilman Springs Road and Bridge Street,226,-117.044072,33.86972,c3f573fc-ece2-4b19-a67e-069bf3fc0c16,https://www.fire.ca.gov/incidents/2021/5/5/bridge-fire/,2021-05-06T06:56:43Z,5/6/2021,5/5/2021
Gunnison Fire,2022-10-12T08:44:05Z,2021-05-08T13:44:53Z,CAL FIRE Butte County Unit,Butte,Munjar Road and Meridian Road,550,-121.91936,39.85479,25d0bdd9-c422-459a-bc12-d9cae4843518,https://www.fire.ca.gov/incidents/2021/5/8/gunnison-fire/,2021-05-08T10:13:00Z,5/8/2021,5/8/2021
Granite Fire,2021-05-11T22:24:27Z,2021-05-08T15:02:45Z,CAL FIRE Tuolumne-Calaveras Unit,Calaveras,Milton Road and Rock Creek Road,118,-120.85258,38.03106,baef627e-c3ba-4c3c-8a55-a168839aa2c8,https://www.fire.ca.gov/incidents/2021/5/8/granite-fire/,2021-05-08T21:35:49Z,5/8/2021,5/8/2021
Dillard Fire,2021-05-12T22:21:17Z,2021-05-08T17:29:49Z,Sacramento County Metro Fire Department,Sacramento,Fig Road,44,-121.45965,38.28328,0b59568a-ab13-4acf-965a-18e9b18ae223,https://www.fire.ca.gov/incidents/2021/5/8/dillard-fire/,2021-05-08T20:05:33Z,5/8/2021,5/8/2021
Quail Fire,2021-05-12T21:53:44Z,2021-05-12T20:48:43Z,CAL FIRE Nevada-Yuba-Placer Unit,Yuba,"Quail Run Ave and Key Ct, northwest of Smartsville",35,-121.361339,39.2510745,ee1dc476-97d4-4da9-a2ba-d3e9f5116309,https://www.fire.ca.gov/incidents/2021/5/12/quail-fire/,2021-05-12T14:53:27Z,5/12/2021,5/12/2021
Pine Fire,2021-05-21T12:24:23Z,2021-05-12T22:46:39Z,Los Angeles County Fire Department,Los Angeles,"Hwy 138 and 248th St, Pinion Hills",442,-117.663815,34.454231,3bd5d90f-8131-48a0-a02f-1677e5394ce1,https://www.fire.ca.gov/incidents/2021/5/12/pine-fire/,2021-05-20T12:23:55Z,5/20/2021,5/12/2021
Fields Fire,2021-05-15T19:03:07Z,2021-05-14T14:00:00Z,CAL FIRE Madera-Mariposa-Merced Unit,Merced,"La Grange Rd and Fields Rd, Community of Snelling",97,-120.419624,37.560209,5afc3e64-eb8a-4aad-9bb5-1f9a20f84bb0,https://www.fire.ca.gov/incidents/2021/5/14/fields-fire/,2021-05-15T11:58:36Z,5/15/2021,5/14/2021
R-1 Fire,2021-05-26T12:48:47Z,2021-05-14T13:03:00Z,BLM Northern Operations District,Lassen,Cottonwood Mountains northeast Ravendale,29,-120.094517,40.971612,0c1abd92-b131-40f4-bcf7-f6d1871af6a1,https://www.fire.ca.gov/incidents/2021/5/14/r-1-fire/,2021-05-15T12:48:28Z,5/15/2021,5/14/2021
Palisades Fire,2021-06-01T16:00:12Z,2021-05-14T21:50:41Z,Los Angeles County Fire Department,Los Angeles,"Palisades Court and Michael Lane, Topanga Canyon",1202,-118.558938,34.079046,8c1bfb66-4002-498a-ae39-62b584718519,https://www.fire.ca.gov/incidents/2021/5/14/palisades-fire/,2021-05-26T18:00:00Z,5/26/2021,5/14/2021
Davis Fire,2021-05-20T08:07:58Z,2021-05-18T13:30:00Z,CAL FIRE Riverside County Fire Department,Riverside,"Davis Road and Theodore Street, Southeast of Moreno Valley",300,-117.1116,33.8948,1882364c-9710-47ab-9871-349a76a60173,https://www.fire.ca.gov/incidents/2021/5/18/davis-fire/,2021-05-19T07:44:21Z,5/19/2021,5/18/2021
Parkside Fire,2021-05-21T10:26:30Z,2021-05-19T15:54:00Z,CAL FIRE Riverside/ Riverside County Fire Department,Riverside,"Highway 111 And Parkside Drive, Southeast of  Mecca",17,-115.917099,33.50994,e8b4ee36-20b5-4d20-93a4-831ef2e5c659,https://www.fire.ca.gov/incidents/2021/5/19/parkside-fire/,2021-05-20T19:53:00Z,5/20/2021,5/19/2021
Settlers Fire,2021-05-21T12:59:28Z,2021-05-19T14:56:00Z,CAL FIRE Amador El Dorado Unit,El Dorado,"Settlers Trail, East of Latrobe",45,-121.01365,38.56101,aefbc94c-63b5-4767-aa12-a8bc8ed80d87,https://www.fire.ca.gov/incidents/2021/5/19/settlers-fire/,2021-05-21T12:59:21Z,5/21/2021,5/19/2021
WeeVill Fire,2021-05-24T13:35:57Z,2021-05-20T09:27:00Z,Los Angeles County Fire Department,Los Angeles,"Hwy 138 and 210th Street W, 15 miles west of Lancaster",300,-118.5044868,34.7591895,a5bcf6ba-3e09-49f8-b4c4-1b134aa5c83f,https://www.fire.ca.gov/incidents/2021/5/20/weevill-fire/,2021-05-22T13:35:16Z,5/22/2021,5/20/2021
Bluff Fire,2021-06-07T08:27:30Z,2021-05-21T06:55:59Z,USFS Six Rivers National Forest,Humboldt,"Bluff Creek and Wright Place,  north of Weitchpec",25,-123.66003,41.23106,8e8900a0-814f-425a-8b37-bd5098222959,https://www.fire.ca.gov/incidents/2021/5/21/bluff-fire/,2021-06-06T12:26:00Z,6/6/2021,5/21/2021
Tomki Fire,2021-05-24T18:47:48Z,2021-05-21T15:36:15Z,CAL FIRE Mendocino Unit,Mendocino,"Tomki Road and Appaloosa Way, North of Redwood Valley",18,-123.23205,39.384319,53d124c0-3cc9-436a-8c35-87a9019a3d24,https://www.fire.ca.gov/incidents/2021/5/21/tomki-fire/,2021-05-24T18:47:21Z,5/24/2021,5/21/2021
Lake Fire,2021-05-27T07:04:31Z,2021-05-24T13:30:26Z,CAL FIRE/Riverside County Fire Department,Riverside,"Santa Ana River Bottom near Lakeview Ave and Pedley Rd, Jurupa Valley",115,-117.471517,33.965596,9116b7e9-66c8-417b-a1f6-b9b078e240d6,https://www.fire.ca.gov/incidents/2021/5/24/lake-fire/,2021-05-27T07:04:11Z,5/27/2021,5/24/2021
Live Oak Fire,2021-05-31T18:51:36Z,2021-05-27T14:36:00Z,CAL FIRE Madera Mariposa Merced Unit,Mariposa,"Live Oak Rd and Yaqui Gulch Rd, West of Mormon Bar",197,-120.00392,37.45646,4f6bdd52-abdc-4c93-a48b-7d7adae05cfc,https://www.fire.ca.gov/incidents/2021/5/27/live-oak-fire/,2021-05-31T18:50:19Z,5/31/2021,5/27/2021
Mile Fire,2021-05-28T06:44:42Z,2021-05-27T18:44:00Z,CAL FIRE Tuolomne- Calaveras Unit,Stanislaus,"E. Sonora Road and 28 Mile Road, Northeast of Woodward Reservoir",508,-120.8391587,37.89346196853137,cfdab623-d2b2-4d61-a227-be32ebb3fac4,https://www.fire.ca.gov/incidents/2021/5/27/mile-fire/,2021-05-28T06:44:37Z,5/28/2021,5/27/2021
Smalley Fire,2021-06-04T07:25:08Z,2021-05-31T19:12:45Z,Madera-Mariposa-Merced Unit,Madera,"Road 222 and Tunoi Place , South of the town of North Fork in Madera County.",45,-119.5166045,37.1619216,033ee676-f2f0-4ea8-bbc9-b0bb02de3462,https://www.fire.ca.gov/incidents/2021/5/31/smalley-fire/,2021-06-03T07:24:58Z,6/3/2021,5/31/2021
Scott Fire,2021-06-01T20:19:22Z,2021-06-01T13:06:00Z,CAL FIRE Riverside/ Riverside County Fire Department,Riverside,"Winchester Road and Scott Road, South of Winchester",28,-117.089849,33.631955,c8ae5d37-89ac-4d57-904e-720ef7012edc,https://www.fire.ca.gov/incidents/2021/6/1/scott-fire/,2021-06-01T20:14:45Z,6/1/2021,6/1/2021
Coyote Fire,2021-06-04T17:11:51Z,2021-06-02T18:30:00Z,CAL FIRE/Riverside County Fire Department,Riverside,"Old Banning Idyllwild Road, south of Shirleon Drive",43,-116.90145,33.895007,760bd55e-7296-44c7-a8ea-917e1751d811,https://www.fire.ca.gov/incidents/2021/6/2/coyote-fire/,2021-06-04T17:11:26Z,6/4/2021,6/2/2021
Buck Fire,2021-06-08T18:33:01Z,2021-06-06T15:20:52Z,CAL FIRE/ Madera-Mariposa-Merced Unit,Madera,"Rd 600 and Rd 612,  East of Raymond",50,-119.8604784,37.24484944019164,1a1a9275-f16f-4a06-abe6-3ba18e5e9b33,https://www.fire.ca.gov/incidents/2021/6/6/buck-fire/,2021-06-08T18:32:58Z,6/8/2021,6/6/2021
Farm Fire,2021-06-14T17:04:24Z,2021-06-09T13:15:00Z,Unified Command: CAL FIRE San Bernardino Unit and San Bernardino County Fire Department,San Bernardino,"Ranchero Road and Caliente Road, West of Hesperia",250,-117.4183546,34.383247203440405,1eea5329-95c3-4a41-974f-7b3693441b1e,https://www.fire.ca.gov/incidents/2021/6/9/farm-fire/,2021-06-11T17:04:08Z,6/11/2021,6/9/2021
Sierra Fire,2021-06-11T10:04:04Z,2021-06-09T13:53:00Z,Camp Pendleton,San Diego,"Basilone Road and Stagecoach Road, West of Camp Pendleton North",1000,-117.3483228,33.315711565249096,b6391e06-889a-4d69-ba3e-8491af004029,https://www.fire.ca.gov/incidents/2021/6/9/sierra-fire/,2021-06-11T10:03:47Z,6/11/2021,6/9/2021
Creek Fire,2021-06-10T07:03:48Z,2021-06-09T20:00:00Z,CAL FIRE Sonoma-Lake-Napa,Yolo,"Highway 16 and Road 41, North of Rumsey",34,-122.238889,38.899722,09996c3f-3186-4c5d-8006-ced791b3ff40,https://www.fire.ca.gov/incidents/2021/6/9/creek-fire/,2021-06-10T07:03:23Z,6/10/2021,6/9/2021
Flats Fire,2021-06-21T12:29:05Z,2021-06-13T11:12:13Z,San Bernardino National Forest,Riverside,"Pinyon Flats Transfer Station and Elks Trail Rd, near Mountain Center",341,-116.4518615,33.5812044,ddcef5cf-9417-4c41-b64b-910e096522fc,https://www.fire.ca.gov/incidents/2021/6/13/flats-fire/,2021-06-21T12:28:30Z,6/21/2021,6/13/2021
Beale Fire,2021-06-14T17:56:57Z,2021-06-13T19:39:00Z,CAL FIRE Nevada Yuba Placer Unit,Yuba,Hammonton Smartsville Rd and Henwood Ranch Rd east of Yuba City,150,-121.3587065,39.1956433,92fd111b-2d3a-48c8-bc43-d505eaceb423,https://www.fire.ca.gov/incidents/2021/6/13/beale-fire/,2021-06-14T17:54:43Z,6/14/2021,6/13/2021
Silicon Fire,2021-06-14T18:36:58Z,2021-06-14T11:40:00Z,CAL FIRE Santa Clara Unit,Santa Clara,"Silicon Valley Road and Basking Ridge, East San Jose",35,-121.76309,37.24042,8d9ee304-6918-4f74-b7f1-ec8441020bf9,https://www.fire.ca.gov/incidents/2021/6/14/silicon-fire/,2021-06-14T18:36:39Z,6/14/2021,6/14/2021
Kathryn Fire,2021-06-17T12:36:48Z,2021-06-15T13:30:00Z,CAL FIRE / Riverside County Fire Department,Riverside,"Sage Road and Cactus Valley Road, South of Hemet",15,-116.94956,33.67127,08a000bd-2c35-4409-abe9-961da323bbe2,https://www.fire.ca.gov/incidents/2021/6/15/kathryn-fire/,2021-06-15T08:00:19Z,6/15/2021,6/15/2021
Rock Fire,2021-06-20T12:47:07Z,2021-06-15T17:14:55Z,CAL FIRE Shasta Trinity Unit,Shasta,"Benson Dr and Rock Creek Rd, East of Whiskeytown",108,-122.49164,40.61468,2b42f885-f296-4659-98e0-c33585215fa9,https://www.fire.ca.gov/incidents/2021/6/15/rock-fire/,2021-06-20T12:46:57Z,6/20/2021,6/15/2021
Dairy Fire,2021-06-28T09:27:26Z,2021-06-15T18:59:10Z,U.S. Fish and Wildlife Service,Tehama,"East Canal Rd and Tyler Rd, northeast of Proberta",165,-122.16025,40.10806,e86265b9-2ac9-471e-bff4-deb2f46b7b7d,https://www.fire.ca.gov/incidents/2021/6/15/dairy-fire/,2021-06-24T08:00:00Z,6/24/2021,6/15/2021
Equestrian Fire,2021-06-16T17:08:03Z,2021-06-16T14:03:42Z,CAL FIRE Amador-El Dorado Unit,El Dorado,"Equestrian Way and Square Nail Trail, south of Pilot Hill",10,-121.01273,38.79988,26ec9c89-912e-4c23-a6c9-04b5dcb31970,https://www.fire.ca.gov/incidents/2021/6/16/equestrian-fire/,2021-06-16T17:07:52Z,6/16/2021,6/16/2021
Pomo Fire,2021-09-14T07:19:04Z,2021-06-17T16:45:06Z,North Shore Fire Protection District,Lake,"Pomo Road Cross and Hwy 20, Upper Lake",42,-122.916,39.16338,83e251e4-196f-4db5-b5ba-bed8e300380c,https://www.fire.ca.gov/incidents/2021/6/17/pomo-fire/,2021-06-17T10:40:44Z,6/17/2021,6/17/2021
Park Fire,2021-06-19T19:24:26Z,2021-06-17T21:37:07Z,Unified Command: CAL FIRE/Butte Unit and City of Chico,Butte,"Upper Park Road and  Bidwell Park, northeast of Chico",402,-121.76629,39.77144,6672b6ad-981e-43e8-b4ad-a75285ab9f90,https://www.fire.ca.gov/incidents/2021/6/17/park-fire/,2021-06-19T19:24:22Z,6/19/2021,6/17/2021
Alabama Fire,2022-10-12T10:14:56Z,2021-06-18T08:00:00Z,CAL FIRE San Bernardino Unit,Inyo,"Whitney Portal Road and Hogback Road, Northwest of Lone Pine",560,-118.20355,36.59717,2947b64d-5835-411b-a603-afcbaf8d53d8,https://www.fire.ca.gov/incidents/2021/6/18/alabama-fire/,2021-06-21T07:17:16Z,6/21/2021,6/18/2021
Antelope Fire,2021-06-20T07:18:38Z,2021-06-18T06:33:00Z,CAL FIRE Tulare Unit,Tulare,"Avenue 380 and Road 208, Northeast of Woodlake",11,-119.10788,36.47887,587e51fd-ad97-4894-b53e-300a78e4dc80,https://www.fire.ca.gov/incidents/2021/6/18/antelope-fire/,2021-06-20T07:18:21Z,6/20/2021,6/18/2021
Success Fire,2022-10-12T10:17:08Z,2021-06-18T08:00:00Z,CAL FIRE Tulare Unit,Tulare,"Success Valley Road and  Reservation Road, East of Porterville",800,-118.85799,36.03223,8e8e1a5e-0855-4751-8ad1-70730007657c,https://www.fire.ca.gov/incidents/2021/6/18/success-fire/,2021-06-22T18:00:00Z,6/22/2021,6/18/2021
Nettle Fire,2021-07-12T09:11:05Z,2021-06-18T10:11:21Z,Tule River Indian Reservation,Tulare,"Indian Service Rd BIA 70 and Bond Creek , east of Porterville",1265,-118.76857,36.03887,ecdd77c3-2919-44d8-9ee9-c176271b04d0,https://www.fire.ca.gov/incidents/2021/6/18/nettle-fire/,2021-07-01T08:58:19Z,7/1/2021,6/18/2021
Willow Fire,2021-07-12T08:24:18Z,2021-06-18T11:49:41Z,Los Padres National Forest,Monterey,"Willow Creek and Marble Peak Trail, Southeast of Big Sur",2877,-121.558858,36.151231,961a9b24-0bad-4c53-9809-14fe98d515c4,https://www.fire.ca.gov/incidents/2021/6/18/willow-fire/,2021-07-11T08:24:03Z,7/11/2021,6/18/2021
Crane Fire,2021-06-21T17:23:35Z,2021-06-18T18:35:00Z,Kern County Fire Department,Kern,"Lebec Service Road and Crane Canyon Road, Northeast of Lebec",48,-118.86258,34.83498,f5d44748-ed74-4660-ab1a-b94f483ab5df,https://www.fire.ca.gov/incidents/2021/6/18/crane-fire/,2021-06-20T18:07:44Z,6/20/2021,6/18/2021
Overland Fire,2021-06-24T18:51:04Z,2021-06-19T08:00:00Z,CAL FIRE San Diego Unit,San Diego,"Canebrake Canyon Road  and Great Southern Overland Stage Route , East of Mount Laguna",515,-116.233056,32.903917,8992a229-a245-431d-9a61-11f8d545d93b,https://www.fire.ca.gov/incidents/2021/6/19/overland-fire/,2021-06-24T18:50:12Z,6/24/2021,6/19/2021
Bautista Fire,2021-06-21T20:03:09Z,2021-06-19T13:36:00Z,CAL FIRE Riverside Unit,Riverside,"Hwy 371 and Bautista Road, West of Anza",95,-116.707967,33.551747,cfcf1a2b-e358-4dc0-ab39-93ebe94fc843,https://www.fire.ca.gov/incidents/2021/6/19/bautista-fire/,2021-06-21T20:02:53Z,6/21/2021,6/19/2021
Cow Fire,2021-06-26T18:29:11Z,2021-06-20T16:38:04Z,CAL FIRE Shasta-Trinity Unit,Shasta,"Highway 44 and South Cow Creek Rd,  southeast of Millville in Shasta County",761,-122.12107,40.53297,37385589-19f2-43fd-96fb-6a5cd28c607c,https://www.fire.ca.gov/incidents/2021/6/20/cow-fire/,2021-06-26T18:25:36Z,6/26/2021,6/20/2021
76 Fire,2021-06-22T09:08:43Z,2021-06-20T17:32:36Z,CAL FIRE Riverside County Fire,Riverside,"89000 Block of Avenue 76, Thermal Riverside County",20,-116.1147496,33.499081,c9ccf962-449a-4fe8-a1ec-42672f023868,https://www.fire.ca.gov/incidents/2021/6/20/76-fire/,2021-06-21T09:09:11Z,6/21/2021,6/20/2021
Watt Fire,2021-06-21T19:04:51Z,2021-06-21T16:41:35Z,Placer County Fire Department,Placer,"Watt Ave at PFE Rd, north of Sacramento",42,-121.39247,38.728881,1702e4de-4414-4604-a70d-e0f54df154bd,https://www.fire.ca.gov/incidents/2021/6/21/watt-fire/,2021-06-21T19:04:05Z,6/21/2021,6/21/2021
Antelope Fire,2021-07-12T08:33:53Z,2021-06-22T11:19:00Z,Modoc National Forest,Modoc,"Antelope Reservoir, 10 miles northeast of Canby",580,-120.729446,41.583949,4c9c4b27-d45d-453d-82f9-39da5ccfe176,https://www.fire.ca.gov/incidents/2021/6/22/antelope-fire/,2021-06-29T08:33:42Z,6/29/2021,6/22/2021
Panoche Fire,2021-06-24T18:43:22Z,2021-06-23T13:38:00Z,CAL FIRE San Benito - Monterey Unit,San Benito,"Panoche Road and Moody Canyon, East of Panoche Valley",145,-120.987172,36.63228,348304a5-5d65-46bb-a9f6-4e8ce6ca985b,https://www.fire.ca.gov/incidents/2021/6/23/panoche-fire/,2021-06-24T18:42:38Z,6/24/2021,6/23/2021
Mesa Fire,2021-06-27T16:51:52Z,2021-06-23T16:01:58Z,CAL FIRE San Diego Unit,San Diego,"Hwy 76 and Cousier Canyon, Community of Pala",350,-117.095858,33.337282,9bacadf6-c7e2-43c9-b8e6-41be7a79579b,https://www.fire.ca.gov/incidents/2021/6/23/mesa-fire/,2021-06-27T16:51:24Z,6/27/2021,6/23/2021
4-3 Fire,2021-06-28T12:50:16Z,2021-06-24T18:38:46Z,CAL FIRE Lassen-Modoc Unit,Modoc,"Hwy 395 and Pencil Road, north of Alturas",134,-120.497502,41.562302,e9761340-1808-42f6-b773-fb7047a2a638,https://www.fire.ca.gov/incidents/2021/6/24/4-3-fire/,2021-06-28T12:49:19Z,6/28/2021,6/24/2021
Paseo Fire,2021-06-25T23:13:16Z,2021-06-25T14:23:00Z,CAL FIRE Santa Clara,Santa Clara,"Paseo Robles Ave and Paseo Vista Ave, East of Morgan Hill",37,-121.584194,37.118582,909624c0-d36c-4b9a-8f34-a9e02961b883,https://www.fire.ca.gov/incidents/2021/6/25/paseo-fire/,2021-06-25T23:13:01Z,6/25/2021,6/25/2021
Steins Fire,2021-06-27T16:52:41Z,2021-06-26T13:05:41Z,CAL FIRE/ Amador-El Dorado Unit,El Dorado,Kingvale Rd and Wildcrest Rd,11,-120.876096,38.659971,b3136d0f-6ef3-46ea-9342-6d6b0d82d274,https://www.fire.ca.gov/incidents/2021/6/26/steins-fire/,2021-06-27T15:35:26Z,6/27/2021,6/26/2021
Lava Fire,2021-09-03T07:04:31Z,2021-06-24T20:35:24Z,Shasta-Trinity National Forest,Siskiyou,Hotlum Rd and Lumm Rd,26409,-122.329,41.459,9d7c19c4-f146-4b3e-a4c3-5ea9c3247208,https://www.fire.ca.gov/incidents/2021/6/24/lava-fire/,2021-09-03T06:51:30Z,9/3/2021,6/24/2021
Canyon Fire,2021-06-28T07:08:25Z,2021-06-26T20:47:10Z,Lean Agency: Kern County Fire,Kern,Hwy 178 and Rancheria Rd,220,-118.793912,35.442533,eddffab0-51af-490d-b60e-640300fe6085,https://www.fire.ca.gov/incidents/2021/6/26/canyon-fire/,2021-06-28T07:08:15Z,6/28/2021,6/26/2021
Shell Fire,2021-07-07T15:45:31Z,2021-06-27T13:07:06Z,Lead Agency: Kern County Fire,Kern,Interstate 5 and Grapevine Rd,1984,-118.891,34.919,62f7b39d-1213-47c2-8118-88eb98908af7,https://www.fire.ca.gov/incidents/2021/6/27/shell-fire/,2021-06-30T18:00:00Z,6/30/2021,6/27/2021
Sky Fire,2021-07-12T08:02:18Z,2021-06-27T17:49:34Z,Lassen National Forest,Butte,Philbrook Rd.,76,-121.406,40.039,9128e6fe-a114-479a-a43c-64ea56411eb5,https://www.fire.ca.gov/incidents/2021/6/27/sky-fire/,2021-07-09T08:02:17Z,7/9/2021,6/27/2021
Vulcan Fire,2021-06-29T15:35:31Z,2021-06-27T17:05:33Z,"CAL FIRE/ Fresno-Kings Unit, Fresno City",Fresno,Friant Rd and Willow Rd,140,-119.735,36.932,4376d68e-4093-4d4c-aa6f-e0df6d50e9fb,https://www.fire.ca.gov/incidents/2021/6/27/vulcan-fire/,2021-06-29T15:35:19Z,6/29/2021,6/27/2021
Peak Fire,2021-07-12T09:14:34Z,2021-06-28T10:52:00Z,San Bernardino National Forest,San Bernardino,"Old Waterman Canyon Road and Highway 18, North of Waterman Canyon",35,-117.280416,34.20849,d6b89198-5fd8-498f-8429-3d2994f496f9,https://www.fire.ca.gov/incidents/2021/6/28/peak-fire/,2021-07-01T09:14:18Z,7/1/2021,6/28/2021
Stowe Fire,2021-06-29T07:35:01Z,2021-06-28T16:48:08Z,CAL FIRE/ Riverside County Fire Department,Riverside,California Avenue and Lyn Avenue,122,-117.050236,33.740058,2aaf4aba-1155-4f25-a5a6-fd6ee8d66f8c,https://www.fire.ca.gov/incidents/2021/6/28/stowe-fire/,2021-06-29T07:34:49Z,6/29/2021,6/28/2021
Lilly Fire,2021-06-29T17:51:10Z,2021-06-28T16:07:00Z,CAL FIRE Madera - Mariposa - Merced Unit,Madera,"Road 400 and Lilley Mountain Drive,  Southwest of the Community of Coarsegold",35,-122.054254,41.665191,0794cd0a-12e3-4576-8692-45603ad6b246,https://www.fire.ca.gov/incidents/2021/6/28/lilly-fire/,2021-06-29T17:51:06Z,6/29/2021,6/28/2021
Tennant Fire,2021-07-15T16:13:43Z,2021-06-28T16:07:00Z,Klamath National Forest,Siskiyou,"Tennant Road and Pengrass Road, South of Mount Hebron",10580,-122.054254,41.665191,3a83c4bc-28cc-4792-849b-fedb5629e4bc,https://www.fire.ca.gov/incidents/2021/6/28/tennant-fire/,2021-07-15T16:13:33Z,7/15/2021,6/28/2021
Beswick Fire,2021-07-03T17:13:04Z,2021-06-28T18:14:00Z,CAL FIRE Siskiyou Unit,Siskiyou,"Ager-Beswick Road and Desavado Road, North of Montague",118,-122.374848,41.917209,9692e02d-4a87-48b7-b261-f83f4a951642,https://www.fire.ca.gov/incidents/2021/6/28/beswick-fire/,2021-07-03T17:12:39Z,7/3/2021,6/28/2021
Blue Fire,2021-07-12T08:05:31Z,2021-06-30T16:22:00Z,Sierra National Forest,Fresno,"Big Creek Road and Soaproot Saddle Road, South of Shaver",277,-119.2548441,37.02865766813302,ac0c072d-d926-49f2-8a3d-c18ea5d32010,https://www.fire.ca.gov/incidents/2021/6/30/blue-fire/,2021-07-08T08:05:21Z,7/8/2021,6/30/2021
Salt Fire,2021-07-20T08:46:22Z,2021-06-30T14:55:56Z,Shasta-Trinity National Forest,Shasta,"Gilman Rd and Coal Creek Rd, north of Shasta Lake City",12660,-122.348956,40.860525,b07cd929-6dde-4ad9-b845-a2fdc5ba3f97,https://www.fire.ca.gov/incidents/2021/6/30/salt-fire/,2021-07-19T08:46:09Z,7/19/2021,6/30/2021
Main Fire,2021-07-04T17:40:09Z,2021-07-03T08:00:32Z,CAL FIRE Tulare Unit,Tulare,"Drive 242 and Reid Ave, East of Porterville",384,-119.017899,36.10007,421fd9f2-1fbb-4bec-bf19-3318fa4830dc,https://www.fire.ca.gov/incidents/2021/7/3/main-fire/,2021-07-04T17:39:44Z,7/4/2021,7/3/2021
Beckwourth Complex,2021-09-26T08:38:14Z,2021-07-04T09:26:06Z,Plumas National Forest,Plumas,northeast of Beckwourth,105670,-120.3415,39.83203,882f419d-ff9e-4533-b8da-a428ffcfec6e,https://www.fire.ca.gov/incidents/2021/7/4/beckwourth-complex/,2021-09-22T08:37:37Z,9/22/2021,7/4/2021
Tumbleweed Fire,2021-07-12T13:23:09Z,2021-07-04T14:49:36Z,Los Angeles County Fire Department,Los Angeles,"Southbound I-5, south of Gorman",868,-118.87933,34.808751,a7d2c14e-66e8-4ac6-9538-ad9612dce2d5,https://www.fire.ca.gov/incidents/2021/7/4/tumbleweed-fire/,2021-07-12T13:22:50Z,7/12/2021,7/4/2021
Fish Fire,2021-07-05T17:15:57Z,2021-07-04T17:46:54Z,CAL FIRE Fresno-Kings Unit,Fresno,"Trimmer Springs Rd and Fish Creek Fire Control Rd, Piedra",75,-119.393795,36.802809,be285500-c0c4-4f7e-83ae-1f9a991578b1,https://www.fire.ca.gov/incidents/2021/7/4/fish-fire/,2021-07-05T17:15:45Z,7/5/2021,7/4/2021
Juniper Fire,2021-07-15T16:10:13Z,2021-07-05T16:34:58Z,Modoc National Forest,Modoc,"South Mountain Reservoir and South Mountain Spur, west of Goose Lake",1011,-120.638464,41.80728,5eaaed19-b38a-49f1-84f8-78d9f8c76656,https://www.fire.ca.gov/incidents/2021/7/5/juniper-fire/,2021-07-15T16:09:58Z,7/15/2021,7/5/2021
Broiler Fire,2021-07-09T08:21:01Z,2021-07-07T14:30:00Z,Redwood Valley FPD,Mendocino,"Uva Drive and Finne Road, Southwest of Redwood Valley",80,-123.224377,39.253647,8c512c44-7ddb-44b4-bf03-bab00c0c0c98,https://www.fire.ca.gov/incidents/2021/7/7/broiler-fire/,2021-07-09T08:20:37Z,7/9/2021,7/7/2021
Basalt Fire,2021-07-09T19:29:10Z,2021-07-09T13:26:01Z,CAL FIRE Madera-Mariposa-Merced Unit,Merced,"Basalt Road, near Basalt Campground",92,-121.05758,37.06047,82af1b59-858c-43c4-9f4f-842605e6c0c1,https://www.fire.ca.gov/incidents/2021/7/9/basalt-fire/,2021-07-09T19:27:16Z,7/9/2021,7/9/2021
Coyote Fire,2021-07-22T11:40:19Z,2021-07-09T16:41:27Z,Modoc National Forest,Modoc,"Highway 139 and Dead Horse Canyon, southeast of Tulelake",110,-121.77593,41.28523,3a4d4c77-ff87-458d-b906-e203fc098aa5,https://www.fire.ca.gov/incidents/2021/7/9/coyote-fire/,2021-07-15T11:39:40Z,7/15/2021,7/9/2021
Road Fire,2025-06-03T14:45:57Z,2021-07-10T13:38:19Z,Cleveland National Forest,San Diego,Japatul Valley Road and I-8 in San Diego County,86,-116.6253,32.82731,f4c4de41-d8d4-4c66-9d9f-4f1ba285bf59,https://www.fire.ca.gov/incidents/2021/7/10/road-fire/,2021-07-17T13:12:30Z,7/17/2021,7/10/2021
Diablo Fire,2021-07-11T16:22:34Z,2021-07-11T09:22:05Z,CAL FIRE Contra Costa-Alameda-Santa Clara unit,Contra Costa,"Vasco Road and Camino Diablo, south of Byron in Contra Costa County.",128,-121.667665,37.865193,215529d8-6c0a-4dfa-8d6f-342a5666e1f2,https://www.fire.ca.gov/incidents/2021/7/11/diablo-fire/,2021-07-11T16:22:18Z,7/11/2021,7/11/2021
Bear Fire,2021-08-18T14:05:04Z,2021-07-11T13:29:14Z,Kern County Fire,Kern,Interstate 5 and Bear Trap Road in Kern County.,71,-118.81448,34.85178,4fde57bd-089f-4c24-b224-b60306e1648d,https://www.fire.ca.gov/incidents/2021/7/11/bear-fire/,2021-07-12T14:04:51Z,7/12/2021,7/11/2021
River Fire,2021-07-19T18:40:14Z,2021-07-11T14:10:26Z,CAL FIRE Madera-Mariposa-Merced,Mariposa,Oak Grove Road and Oak Grove School Road,9656,-119.869785,37.350823,2acb95c8-7a0b-4bfc-9174-6da944037bf2,https://www.fire.ca.gov/incidents/2021/7/11/river-fire/,2021-07-19T18:39:33Z,7/19/2021,7/11/2021
Bradley Fire,2021-07-15T15:59:44Z,2021-07-11T15:08:43Z,Shasta Trinity National Forest,Siskiyou,"Highway 89 and Harris Spring Road, east of McCloud in Siskiyou County.",357,-121.82403,41.25272,a191b2bc-5dee-4511-b34b-ca06ef62b5ab,https://www.fire.ca.gov/incidents/2021/7/11/bradley-fire/,2021-07-15T15:59:36Z,7/15/2021,7/11/2021
Dexter Fire,2021-07-30T09:44:02Z,2021-07-12T14:04:02Z,Inyo National Forest,Mono,"Wickie Up Rd and Pilot Springs Rd, northeast of Mammoth Lakes",2965,-118.8745,37.8024,4b66f232-6ab8-4e00-9f8b-957296920ed9,https://www.fire.ca.gov/incidents/2021/7/12/dexter-fire/,2021-07-30T09:43:42Z,7/30/2021,7/12/2021
Dixie Fire,2022-10-14T08:14:49Z,2021-07-13T17:15:00Z,Lassen National Forest and National Park Service,"Butte, Plumas, Shasta, Lassen, Tehama","Above the Cresta Dam, Feather River Canyon",963309,-121.389439,39.871306,00016d5d-1647-49e4-a02a-abf46b8480ae,https://www.fire.ca.gov/incidents/2021/7/13/dixie-fire/,2021-10-25T07:45:46Z,10/25/2021,7/13/2021
Cannon Fire,2021-07-16T18:56:00Z,2021-07-14T15:18:48Z,CAL FIRE Tehama-Glen Unit,Tehama,"Vestal Road and Pope Drive, west of Red Bluff",43,-122.64768,40.1703,925dcb5b-1885-407d-b441-10765a31ce97,https://www.fire.ca.gov/incidents/2021/7/14/cannon-fire/,2021-07-16T18:55:38Z,7/16/2021,7/14/2021
Dolicini Fire,2021-07-15T07:13:11Z,2021-07-14T15:34:10Z,Marin County Fire Department,Marin,"Point Reyes-Petaluma Rd and Nicasio Valley Rd, northeast of Nicasio Reservoir",35,-122.7418335,38.0975072,f62a9df9-8661-46de-88de-0b76128e0673,https://www.fire.ca.gov/incidents/2021/7/14/dolicini-fire/,2021-07-15T07:13:02Z,7/15/2021,7/14/2021
Henry Fire,2021-07-30T09:47:58Z,2021-06-25T19:53:41Z,Stanislaus National Forest,Alpine,"East of Lake Alpine, Carson-Iceberg Wilderness",1320,-119.7512546,38.4504695,511f1793-96a5-4866-a993-1d271e03b076,https://www.fire.ca.gov/incidents/2021/6/25/henry-fire/,2021-07-30T09:47:10Z,7/30/2021,6/25/2021
Tamarack Fire,2021-10-25T22:16:56Z,2021-07-04T11:57:58Z,Humboldt-Toiyabe National Forest,Alpine,"Pleasant Valley, Southwest of Markleeville",68637,-119.8591887,38.6280042,3a281cd5-4d2b-47a7-89b7-1194e921805a,https://www.fire.ca.gov/incidents/2021/7/4/tamarack-fire/,2021-10-25T22:16:49Z,10/25/2021,7/4/2021
Fork Fire,2021-07-20T15:37:00Z,2021-07-17T17:40:13Z,CAL FIRE Tehama-Glen Unit,Tehama,Lowery Rd and South Fork Dr,43,-122.55195,39.999396,396abb9e-a291-4183-b0f6-798a5438868c,https://www.fire.ca.gov/incidents/2021/7/17/fork-fire/,2021-07-20T15:36:44Z,7/20/2021,7/17/2021
Chicken Fire,2021-07-22T09:10:11Z,2021-07-18T13:34:00Z,Bureau of Land Management Northern California District,Lassen,"Juniper Tree Road and Juniper Ridge Road, East of Termo",55,-120.45187,40.86955,35d04cb5-0455-4d36-b857-d7952670aef0,https://www.fire.ca.gov/incidents/2021/7/18/chicken-fire/,2021-07-22T09:06:48Z,7/22/2021,7/18/2021
Peak Fire,2021-08-17T11:55:25Z,2021-07-20T11:40:00Z,Bureau Land Management,Kern,"Walker Basin Road and Piute Mountain Road, South of Lake Isabella",2098,-118.46461,35.41153,fc8bd27a-c3c8-405d-b13a-d9a1396206e3,https://www.fire.ca.gov/incidents/2021/7/20/peak-fire/,2021-08-13T11:55:13Z,8/13/2021,7/20/2021
Frenchtown Fire,2021-07-22T07:22:14Z,2021-07-20T16:36:32Z,CAL FIRE Nevada-Yuba-Placer Unit,Yuba,"Frenchtown Dobbins Road and Seward Lane, west of Dobbins in Yuba County.",45,-121.24684,39.383922,8f768137-0c58-45e5-a8dd-1df9ecc7870f,https://www.fire.ca.gov/incidents/2021/7/20/frenchtown-fire/,2021-07-22T07:22:01Z,7/22/2021,7/20/2021
Park Fire,2021-08-17T11:54:17Z,2021-07-26T00:00:00Z,Sequoia National Forest,Tulare,"Balch Park Rd and Bear Creek Dr, northeast of Springville",100,-118.722167,36.199833,caf0f448-cdb3-4dc2-a247-35f6f4b41cb3,https://www.fire.ca.gov/incidents/2021/7/26/park-fire/,2021-07-31T08:00:00Z,7/31/2021,7/26/2021
Pinnacles Fire,2021-09-12T10:36:17Z,2021-07-28T00:00:00Z,CAL FIRE San Benito-Monterey Unit ,Monterey,"Hwy 146 Pinnacles West , East of Soledad",171,-121.224797,36.476664,200d07c4-0457-4421-875b-4140d482a03e,https://www.fire.ca.gov/incidents/2021/7/28/pinnacles-fire/,2021-07-31T19:21:56Z,7/31/2021,7/28/2021
Evans Fire,2021-08-17T11:56:06Z,2021-07-29T19:14:42Z,Plumas National Forest,Plumas,"Evans Peak and Cooks Creek, northeast of Greenville in Plumas County.",85,-120.8468224,40.183504,ef12ac40-d6fb-4871-97ec-c06d0ce51efd,https://www.fire.ca.gov/incidents/2021/7/29/evans-fire/,2021-08-08T11:55:53Z,8/8/2021,7/29/2021
McFarland Fire,2021-09-20T08:26:23Z,2021-07-30T18:44:00Z,Shasta-Trinity National Forest,"Shasta, Trinity, Tehama","McFarland Ridge and Baker Flat, west of Platina",122653,-123.034,40.35,d0174b70-8652-4242-bf7f-b00e98a48319,https://www.fire.ca.gov/incidents/2021/7/30/mcfarland-fire/,2021-09-16T18:00:00Z,9/16/2021,7/30/2021
Robie Fire,2021-08-17T21:04:40Z,2021-07-30T00:00:00Z,CAL FIRE Tuolumne-Calaveras,Calaveras,"Milton Road and Main Street, South of Valley Springs in Calaveras County.",153,-120.867498,38.054116,47070a62-2ef3-44a9-8b98-a20e0e574f97,https://www.fire.ca.gov/incidents/2021/7/30/robie-fire/,2021-08-01T17:39:59Z,8/1/2021,7/30/2021
Hungry Fire,2021-08-06T15:46:55Z,2021-07-31T00:00:00Z,Ventura County Fire,Los Angeles,"Quail Canyon Road and Goldhill Road, South of Frazer Park in Los Angeles County.",340,-118.8217926,34.7479248,161f6906-6799-45ae-b6ca-c1d470050d81,https://www.fire.ca.gov/incidents/2021/7/31/hungry-fire/,2021-08-01T09:36:42Z,8/1/2021,7/31/2021
Antelope Fire,2022-10-14T08:05:09Z,2021-08-01T11:28:25Z,Klamath National Forest,Siskiyou,"Antelope Creek and Forest Road 41N28, south of Tennant",145632,-121.9154934,41.5289901,dc3380c7-ff32-4062-a4e8-be99b655f2c6,https://www.fire.ca.gov/incidents/2021/8/1/antelope-fire/,2021-10-15T12:01:36Z,10/15/2021,8/1/2021
Hiding Fire,2021-08-05T09:33:01Z,2021-08-01T00:00:00Z,CAL FIRE Shasta-Trinity Unit,Shasta,"Dale Ln and Panther Rd, south of Cloverdale",50,-122.482826,40.466364,61f3264e-f89f-42cc-820d-0e0a5ee29cdd,https://www.fire.ca.gov/incidents/2021/8/1/hiding-fire/,2021-08-01T20:47:13Z,8/1/2021,8/1/2021
Monument Fire,2022-10-14T08:13:30Z,2021-07-30T12:28:00Z,Shasta Trinity National Forest,Trinity,"Del Loma, CA near Monument Peak",223124,-123.337,40.752,1d1bb813-5955-438a-a2cd-0e2d46074f1a,https://www.fire.ca.gov/incidents/2021/7/30/monument-fire/,2021-10-26T13:15:01Z,10/26/2021,7/30/2021
River Complex,2022-10-14T08:21:12Z,2021-07-30T18:17:40Z,Klamath National Forest,"Siskiyou, Trinity","Scott Salmon Ranger District, west of Callahan",199359,-123.057,41.389,9284625d-a9bd-447b-b215-a40fe4a52697,https://www.fire.ca.gov/incidents/2021/7/30/river-complex/,2021-10-26T13:14:31Z,10/26/2021,7/30/2021
Antonio Fire,2021-08-17T11:50:56Z,2021-08-03T13:02:00Z,Angeles National Forest,Los Angeles,"Glendora Ridge Rd and Sunset Peak, west of Mt. Baldy",50,-117.65989,34.23604,bd71d34c-3ce0-419d-a2fe-2ef46a750e06,https://www.fire.ca.gov/incidents/2021/8/3/antonio-fire/,2021-08-16T08:00:00Z,8/16/2021,8/3/2021
House Fire,2021-08-10T20:50:09Z,2021-08-04T00:00:00Z,CAL FIRE Shasta Trinity Unit,Shasta,"Highway 299 and Tollhouse Road, West of Redding",60,-122.506112,40.604986,1704f47a-b2bc-43fc-8c49-e62ffaf6021e,https://www.fire.ca.gov/incidents/2021/8/4/house-fire/,2021-08-10T20:50:02Z,8/10/2021,8/4/2021
River Fire,2022-10-12T10:17:50Z,2021-08-04T08:00:00Z,CAL FIRE Nevada-Yuba-Placer Unit,"Nevada, Placer","Milk Ranch Road and Bear River Campground Road, north of Applegate",2619,-121.01468,39.08805,178aba5f-4c67-4830-891d-b8fec84706da,https://www.fire.ca.gov/incidents/2021/8/4/river-fire/,2021-08-13T19:54:07Z,8/13/2021,8/4/2021
Nelson Fire,2021-08-13T08:44:56Z,2021-08-07T00:00:00Z,CAL FIRE/ Shasta-Trinity Unit,Shasta,Nelson Creek Rd and Summit Lake Rd,20,-121.89008,41.034362,0249ff45-1a71-4a4f-88a7-6c1fc7a9aa20,https://www.fire.ca.gov/incidents/2021/8/7/nelson-fire/,2021-08-13T08:44:38Z,8/13/2021,8/7/2021
Glen Fire,2021-08-21T07:56:16Z,2021-08-11T00:00:00Z,CAL FIRE Nevada-Yuba-Placer Unit,Yuba,"Willow Glen Rd and Meadow Ln , northwest of Dobbins",184,-121.30845,39.403918,a26becf4-249f-451e-b8a3-e55032e6df61,https://www.fire.ca.gov/incidents/2021/8/11/glen-fire/,2021-08-21T20:07:35Z,8/21/2021,8/11/2021
Coyote Fire,2021-08-15T21:47:04Z,2021-08-13T00:00:00Z,CAL FIRE Sonoma-Lake-Napa Unit,Lake,"State Highway 29 and Spruce Grove Road, Hidden Valley Lake in Lake County",127,-122.581257,38.826123,e8842a17-4f53-4803-9350-838ec34e66e9,https://www.fire.ca.gov/incidents/2021/8/13/coyote-fire/,2021-08-15T21:46:50Z,8/15/2021,8/13/2021
Bell Fire,2021-08-19T19:48:26Z,2021-08-14T00:00:00Z,CAL FIRE Mendocino Unit,Mendocino,"Bell Springs Road and Foster Creek Road, east of Leggett",50,-123.637032,39.834099,3657f103-fe9f-4bfc-a09e-9aa291301266,https://www.fire.ca.gov/incidents/2021/8/14/bell-fire/,2021-08-19T19:48:14Z,8/19/2021,8/14/2021
Caldor Fire,2023-02-16T11:40:23Z,2021-08-14T18:54:00Z,El Dorado National Forest,"El Dorado, Alpine, Amador","East of Omo Ranch, South of the community of Grizzly Flats",221835,-120.537833,38.586,a21c4d1f-87ed-4db1-85ea-eae41c90a0ac,https://www.fire.ca.gov/incidents/2021/8/14/caldor-fire/,2021-10-21T08:18:44Z,10/21/2021,8/14/2021
Walkers Fire,2021-09-20T08:41:18Z,2021-08-16T16:05:54Z,Sequoia National Forest,Tulare,"North of Alpine Creek, northeast of Springville",8777,-118.555,36.268,2eae3252-74cd-4e96-b25a-20ed828395e2,https://www.fire.ca.gov/incidents/2021/8/16/walkers-fire/,2021-09-17T17:45:50Z,9/17/2021,8/16/2021
Cache Fire,2021-09-16T08:29:26Z,2021-08-18T12:34:00Z,Lake County Fire Protection District,Lake,"Dam Rd and Wilkinson Ave, Clearlake",83,-122.601395,38.928133,8e3e3fe1-669f-4cf8-80ee-c8df14929a22,https://www.fire.ca.gov/incidents/2021/8/18/cache-fire/,2021-08-23T07:00:00Z,8/23/2021,8/18/2021
McCash Fire,2021-11-02T11:43:46Z,2021-08-18T08:50:00Z,Six Rivers National Forest,Siskiyou,Ten Bear Mtn McCash Creek,94962,-123.404,41.564,87b59fb2-01f9-4469-8578-87c55b090eac,https://www.fire.ca.gov/incidents/2021/8/18/mccash-fire/,2021-11-02T11:43:33Z,11/2/2021,8/18/2021
Rock Fire,2021-08-27T19:35:23Z,2021-08-24T13:38:00Z,CAL FIRE/Riverside County Fire Department,Riverside,"Gulley View Rd and Rock Canyon Rd, Anza",295,-116.659688,33.474823,46498648-eff1-492f-b88f-1826ecd224a6,https://www.fire.ca.gov/incidents/2021/8/24/rock-fire/,2021-08-27T19:35:10Z,8/27/2021,8/24/2021
Mule Fire,2021-08-25T20:05:04Z,2021-08-25T00:00:00Z,CAL FIRE Shasta-Trinity Unit,Shasta,"Placer Rd & Muletown Rd, southwest of Redding",10,-122.514391,40.616416,f19d2b70-1d83-4abc-a173-7b00584e1c49,https://www.fire.ca.gov/incidents/2021/8/25/mule-fire/,2021-08-25T20:04:50Z,8/25/2021,8/25/2021
Airola Fire,2021-09-04T07:12:08Z,2021-08-25T14:55:00Z,CAL FIRE Tuolumne-Calaveras Unit,Calaveras,"Parrotts Ferry Rd and Airola Rd, west of Columbia",639,-120.454797,38.038795,7b6a10b8-58fb-4906-ad11-dc88fe5b7872,https://www.fire.ca.gov/incidents/2021/8/25/airola-fire/,2021-09-04T07:11:43Z,9/4/2021,8/25/2021
South Fire,2022-10-12T08:45:17Z,2021-08-25T16:11:00Z,San Bernardino National Forest,San Bernardino,"North of Glen Helen, east of Sierra Ave. and Lytle Creek Rd. west of the 15 Fwy.",680,-117.440263,34.186147,4cfd11fa-b33f-4de6-8d17-bbaa27b2c9cb,https://www.fire.ca.gov/incidents/2021/8/25/south-fire/,2021-09-02T15:25:13Z,9/2/2021,8/25/2021
Westward Fire,2021-08-28T09:51:08Z,2021-08-25T14:17:00Z,CAL FIRE Riverside Unit,Riverside,"South San Gorgonio Ave and 4th street, Banning",160,-116.877776,33.918089,8cfa988a-cf5d-418c-8d4d-e0be072e397c,https://www.fire.ca.gov/incidents/2021/8/25/westward-fire/,2021-08-28T09:24:00Z,8/28/2021,8/25/2021
Washington Fire,2021-09-03T08:03:02Z,2021-08-26T13:20:00Z,Unified Command: CAL FIRE Tuolumne-Calaveras Unit & City of Sonora,Tuolumne,"Golf Links Road and Highway 108, West of Sonora",100,-120.402221,37.962933,726eeb97-b91c-4555-a180-be16e599466f,https://www.fire.ca.gov/incidents/2021/8/26/washington-fire/,2021-09-01T19:34:51Z,9/1/2021,8/26/2021
Roadside Fire,2021-09-02T20:02:23Z,2021-08-28T11:25:00Z,San Bernardino National Forest & San Bernardino County Fire,San Bernardino,Cajon Pass near Keenbrook Road and Cajon Blvd.,50,-117.4546,34.25145,9f0d7a3b-ae47-42a5-b360-ea2f4141cad4,https://www.fire.ca.gov/incidents/2021/8/28/roadside-fire/,2021-09-02T20:01:42Z,9/2/2021,8/28/2021
Chaparral Fire,2021-09-14T07:16:02Z,2021-08-28T12:40:00Z,Cleveland National Forest,"Riverside, San Diego",Cleveland Forest Road and Tenaja Road southwest of Murrieta in San Diego County.,1427,-117.39309,33.484721,64a7c61a-5634-410a-a1c4-aeb97b2283e0,https://www.fire.ca.gov/incidents/2021/8/28/chaparral-fire/,2021-09-01T07:02:27Z,9/1/2021,8/28/2021
Railroad Fire,2021-09-08T08:06:31Z,2021-08-29T12:50:00Z,San Bernardino National Forest,San Bernardino,Cajon Pass near NB I-15 and Baldy Mesa,61,-117.466,34.34,cd7d799d-cc81-4ffb-9d55-4e2b18b92d34,https://www.fire.ca.gov/incidents/2021/8/29/railroad-fire/,2021-09-02T08:06:01Z,9/2/2021,8/29/2021
Knob Fire,2021-09-14T07:04:35Z,2021-08-29T08:00:00Z,Six Rivers National Forest,Humboldt,"Friday Spur Rd & China Creek, south of Willow Creek",2421,-123.6744,40.8652,d7b908db-7184-4f9e-923f-f811688cf4eb,https://www.fire.ca.gov/incidents/2021/8/29/knob-fire/,2021-09-13T07:00:00Z,9/13/2021,8/29/2021
K-Rail,2021-09-08T16:25:10Z,2021-08-30T13:30:00Z,Six Rivers National Forest & Hoopa BIA,Humboldt,"Tish Tang Ridge, southeast of Hoopa",16,-123.52733,41.03877,af05ba27-9105-4776-83a8-8ea786117476,https://www.fire.ca.gov/incidents/2021/8/30/k-rail/,2021-09-08T16:25:07Z,9/8/2021,8/30/2021
Lawrence Fire,2021-09-07T08:39:10Z,2021-09-05T10:40:20Z,CAL FIRE Amador-El Dorado Unit,Amador,"Lawrence Road between Tyler Road and Cedar Creek Road, North of Fiddletown ",46,-120.731748,38.529123,5ddee2f6-f32b-4664-a416-5cf4996290a5,https://www.fire.ca.gov/incidents/2021/9/5/lawrence-fire/,2021-09-07T08:39:06Z,9/7/2021,9/5/2021
Bridge Fire,2021-09-14T18:21:02Z,2021-09-05T12:53:14Z,"Unified Command: CALFIRE Nevada-Placer Unit, Placer County Sheriff, California State Parks",Placer,Under the Foresthill bridge in Auburn,411,-121.036613,38.921239,ff71cd3b-2261-4248-92fa-f24733cfdcfe,https://www.fire.ca.gov/incidents/2021/9/5/bridge-fire/,2021-09-14T18:20:39Z,9/14/2021,9/5/2021
Aruba Fire,2021-10-20T08:52:18Z,2021-09-05T15:50:14Z,Unified Command: Cal Fire San Diego County and North County Fire Authority,San Diego,Southeast of the community of Rainbow,54,-117.111157,33.380079,257ee7b8-fe14-45ac-ba58-4fae7003f6de,https://www.fire.ca.gov/incidents/2021/9/5/aruba-fire/,2021-09-09T16:46:17Z,9/9/2021,9/5/2021
Caballo Fire,2021-09-08T16:25:36Z,2021-09-06T14:54:06Z,Lead Agency: Santa Barbara County Fire,Santa Barbara,"Caballo Ln and Avenida Caballo, northeast of Los Olivos ",70,-120.09009,34.6776,6a36efca-0cb1-465f-be4d-06b3e3b528c1,https://www.fire.ca.gov/incidents/2021/9/6/caballo-fire/,2021-09-08T16:25:24Z,9/8/2021,9/6/2021
Route Fire,2021-09-20T08:42:47Z,2021-09-11T16:06:47Z,USFS - Angeles National Forest,Los Angeles,"Golden State Hwy and Templin Hwy, north of Templin Hwy ",464,-118.688821,34.569383,d3668f70-4e85-4962-8e8a-a0b8f1465500,https://www.fire.ca.gov/incidents/2021/9/11/route-fire/,2021-09-17T14:00:00Z,9/17/2021,9/11/2021
Hopkins Fire,2021-09-20T17:10:09Z,2021-09-12T14:15:09Z,CAL FIRE Mendocino Unit ,Mendocino,Hopkins St and North State St. near Calpella in Mendocino County. ,257,-123.202039,39.232362,b7a4e6df-7cef-4920-a585-031324b404f4,https://www.fire.ca.gov/incidents/2021/9/12/hopkins-fire/,2021-09-20T17:09:58Z,9/20/2021,9/12/2021
Childrens Fire,2021-09-19T18:53:27Z,2021-09-19T11:40:00Z,CAL FIRE Madera-Mariposa-Merced Unit,Madera,Childrens Blvd and Rio Mesa Blvd ,42,-119.792528,36.89365,f4be7c50-4b42-4534-90c7-82c52e4fa3cb,https://www.fire.ca.gov/incidents/2021/9/19/childrens-fire/,2021-09-19T18:53:21Z,9/19/2021,9/19/2021
University Fire,2021-09-23T19:20:54Z,2021-09-22T11:27:08Z,San Bernardino City Fire,San Bernardino,"I-215 and University Pkwy, San Bernardino",71,-117.333215,34.164501,e208c4a4-1477-4bfd-9fcd-c2d10271e617,https://www.fire.ca.gov/incidents/2021/9/22/university-fire/,2021-09-23T19:00:00Z,9/23/2021,9/22/2021
Fremont Fire,2021-09-23T07:09:47Z,2021-09-22T14:25:00Z,CAL FIRE Sonoma-Lake-Napa Unit,"Napa, Sonoma","Fremont Drive and Napa Road, Sonoma",116,-122.416983,38.269863,460ab87e-07e7-4931-8390-bd3fe60677b2,https://www.fire.ca.gov/incidents/2021/9/22/fremont-fire/,2021-09-23T07:09:40Z,9/23/2021,9/22/2021
Fawn Fire,2021-10-02T19:08:38Z,2021-09-22T16:45:00Z,CAL FIRE Shasta-Trinity Unit,Shasta,"Fawndale Rd and Radcliff Rd, 5 miles northeast of Shasta Lake",8578,-122.320243,40.729811,1052ac46-526c-4ca1-a75c-7e91920ee6cb,https://www.fire.ca.gov/incidents/2021/9/22/fawn-fire/,2021-10-02T18:53:52Z,10/2/2021,9/22/2021
Maxwell Fire,2021-10-11T18:35:42Z,2021-10-05T15:34:31Z,CAL FIRE Shasta-Trinity Unit,Trinity,"Maxwell Creek Rd and Clems Flat, west of Douglas City ",80,-123.02375,40.649917,ffb98e82-9a8a-44fe-9d91-45ce3db74ef5,https://www.fire.ca.gov/incidents/2021/10/5/maxwell-fire/,2021-10-11T18:35:31Z,10/11/2021,10/5/2021
View Fire ,2021-10-12T18:16:20Z,2021-10-11T14:35:42Z,CAL FIRE Tehama-Glen Unit,Tehama,"View Dr and Digger Pine Rd, Southwest of Cottonwood",24,-122.436754,40.287225,66eaca2a-9aa7-41cf-a850-88f963cbf723,https://www.fire.ca.gov/incidents/2021/10/11/view-fire/,2021-10-12T16:48:30Z,10/12/2021,10/11/2021
Kettle Fire,2021-10-12T07:46:37Z,2021-10-11T18:43:59Z,Unified Command CAL FIRE and Kings County Fire,Kings,"Highway 41 between Interstate 5 and Hwy 33, Southwest of Kettleman City. ",447,-119.960099,35.983649,23a7e559-d8b9-4333-bddc-ccf7cb2e7b3e,https://www.fire.ca.gov/incidents/2021/10/11/kettle-fire/,2021-10-12T07:46:08Z,10/12/2021,10/11/2021
Newell Fire,2021-10-12T18:16:40Z,2021-10-11T20:02:23Z,CAL FIRE Sonoma Lake Napa Unit,Napa,Newell Drive and Silver Oak Trail. ,132,-122.241128,38.170366,8622a38c-551f-4ef0-9b25-0d0280ace921,https://www.fire.ca.gov/incidents/2021/10/11/newell-fire/,2021-10-12T18:16:30Z,10/12/2021,10/11/2021
Alisal Fire,2021-12-03T08:34:52Z,2021-10-11T14:30:12Z,Unified Command Santa Barbara County Fire and Los Padres National Forest,Santa Barbara,Northwest of Refugio Canyon near Hwy 101 along the Gaviota Coast,16970,-120.136,34.553,de52a8d2-2c0e-4481-8d6c-9e4b7c2b9428,https://www.fire.ca.gov/incidents/2021/10/11/alisal-fire/,2021-11-20T08:34:41Z,11/20/2021,10/11/2021
Canal Fire ,2021-10-21T11:04:05Z,2021-10-14T16:49:00Z,CAL FIRE - Tehama-Glenn Unit,Trinity,"Canal View Rd and Paskenta Rd,  northwest of Corning",59,-122.277441,39.986836,16f4a871-6b4e-493c-ada9-cff37913e521,https://www.fire.ca.gov/incidents/2021/10/14/canal-fire/,2021-10-15T08:37:57Z,10/15/2021,10/14/2021
Gravel Fire,2021-10-17T08:52:22Z,2021-10-15T15:15:00Z,USFS - Modoc National Forest,Modoc,"Highway 395 and Goose Lake, 27 Miles north of Alturas",200,-120.358206,41.862388,55df2f9c-3232-4643-970b-0286a1039507,https://www.fire.ca.gov/incidents/2021/10/15/gravel-fire/,2021-10-16T19:25:23Z,10/16/2021,10/15/2021
Airport Fire,2022-02-26T08:24:33Z,2022-02-16T16:06:41Z,BDU,Inyo,"Airport Road and East Line Street, east of Bishop ",4136,-118.371813,37.369355,0261dfa0-f1c5-401b-abf3-91184cd2ac2c,https://www.fire.ca.gov/incidents/2022/2/16/airport-fire/,2022-02-26T08:24:14Z,2/26/2022,2/16/2022
Alpine Fire ,2022-03-06T19:31:46Z,2022-03-01T17:15:00Z,CAL FIRE Sonoma Lake Napa Unit ,Sonoma,Near Monte Rio,21,-123.015106,38.46234,ee27ed9e-44fb-4133-a2c9-f16a90fbeb46,https://www.fire.ca.gov/incidents/2022/3/1/alpine-fire/,2022-03-06T19:31:38Z,3/6/2022,3/1/2022
Hollister Fire,2022-03-25T09:09:38Z,2022-03-12T11:35:00Z,Santa Barbra County Fire Department ,Santa Barbara,"Hollister Ranch Road & Del Norte Road, southwest of Solvang",120,-120.2770391,34.4687419,d9f40570-e594-457b-bf33-9bb2eec13d50,https://www.fire.ca.gov/incidents/2022/3/12/hollister-fire/,2022-03-17T09:09:35Z,3/17/2022,3/12/2022
Gulch Fire ,2022-03-15T16:44:37Z,2022-03-12T12:46:00Z,CAL FIRE Siskiyou ,Siskiyou,"Dorris Brownell Road and East Butte Valley Road, southeast of Dorris",113,-121.9015432,41.9525087,264c5249-6933-4d8f-a270-25462d14a407,https://www.fire.ca.gov/incidents/2022/3/12/gulch-fire/,2022-03-14T11:02:27Z,3/14/2022,3/12/2022
Whitlow Fire,2022-03-27T16:17:47Z,2022-03-25T21:23:21Z,CALFIRE Siskiyou Unit,Siskiyou,"East Bear and Bear Lake Rd, northwest of Pondosa ",10,-121.692093,41.234712,55b09ba6-f06c-41fa-b940-2438100bb452,https://www.fire.ca.gov/incidents/2022/3/25/whitlow-fire/,2022-03-27T16:17:07Z,3/27/2022,3/25/2022
Platina Fire,2022-04-30T09:24:22Z,2022-04-27T13:56:00Z,CAL FIRE Shasta-Trinity Unit ,Shasta,"Platina Road and Nono Road, Igo-Southwest of Redding",10,-122.690559,40.44412,4a03c163-2598-4adf-aec1-5c3dac41fa23,https://www.fire.ca.gov/incidents/2022/4/27/platina-fire/,2022-04-30T09:24:18Z,4/30/2022,4/27/2022
111 Fire,2022-05-01T22:29:02Z,2022-04-30T20:33:00Z,CAL FIRE / Riverside County Fire,Riverside,"Hwy 111 and Parkside Dr, 10 miles South of the City of Coachella",15,-115.916687,33.510716,f904489b-0488-4764-9a98-bd3b818d1756,https://www.fire.ca.gov/incidents/2022/4/30/111-fire/,2022-05-01T22:28:47Z,5/1/2022,4/30/2022
Pyrite Fire ,2022-05-07T18:59:46Z,2022-05-06T12:51:00Z,CAL FIRE Riverside Unit ,Riverside,Granite Hill and Jurupa Valley ,60,-117.462367,34.018021,05a22a51-f594-41d7-8cfa-ff8811b145c5,https://www.fire.ca.gov/incidents/2022/5/6/pyrite-fire/,2022-05-07T18:59:37Z,5/7/2022,5/6/2022
Coastal Fire,2022-05-17T07:54:51Z,2022-05-11T14:51:00Z,Orange County Fire Authority,Orange,"St. Tropez and Laguna Ridge Trail, southeast of Laguna Beach ",200,-117.744398,33.509464,b81c84b9-bde4-49c8-aded-914d170ba9ae,https://www.fire.ca.gov/incidents/2022/5/11/coastal-fire/,2022-05-17T07:54:49Z,5/17/2022,5/11/2022
Coyote Fire,2022-05-23T09:45:14Z,2022-05-15T17:33:40Z,CAL FIRE RRU,Riverside,"Near Old Idyllwild Road, in Banning",46,-116.900635,33.886637,93c25ae3-115d-465b-8994-c15b1b81b466,https://www.fire.ca.gov/incidents/2022/5/15/coyote-fire/,2022-05-16T09:45:05Z,5/16/2022,5/15/2022
Poplar Fire,2022-05-17T09:17:03Z,2022-05-16T18:36:01Z,Tulare County Fire,Tulare,"Poplar Ave  and Road 265, Porterville ",25,-118.98167,36.051411,c20ca686-9666-4f4e-861e-bb6085d0e889,https://www.fire.ca.gov/incidents/2022/5/16/poplar-fire/,2022-05-16T09:15:52Z,5/16/2022,5/16/2022
Owens Fire,2022-05-23T07:48:38Z,2022-05-20T15:10:00Z,CAL FIRE Mendocino Unit,Mendocino,"Hwy 1 and Bill Owens Rd, Point Arena ",36,-123.6641833,38.8733747,6dc17c08-d206-4ca5-a53c-cf26d2d7cfd3,https://www.fire.ca.gov/incidents/2022/5/20/owens-fire/,2022-05-22T19:07:49Z,5/22/2022,5/20/2022
River Fire ,2023-06-14T09:19:13Z,2022-05-24T13:30:00Z,Sacramento River Fire District,Colusa,Hwy 45 and Brown Road,595,-122.0246463,39.2333948,98953233-d2bd-4704-a6dc-122d14e388f6,https://www.fire.ca.gov/incidents/2022/5/24/river-fire/,2022-05-28T08:52:34Z,5/28/2022,5/24/2022
Bull Fire ,2022-05-24T17:30:23Z,2022-05-24T15:00:00Z,CAL FIRE San Luis Obispo ,San Luis Obispo,"Cuyama Highway and Twitchell Dam Road, northeast of Santa Maria",48,-120.3564497,35.0155237,b22cb518-4c4e-439b-a8e8-5597fe45789e,https://www.fire.ca.gov/incidents/2022/5/24/bull-fire/,2022-05-24T17:30:15Z,5/24/2022,5/24/2022
Elk Trail Fire,2023-06-14T09:52:54Z,2022-05-26T12:23:12Z,"San Bernardino County Fire, Joshua Tree National Park",San Bernardino,"Elk Trail , South end of Yucca Valley ",431,-116.447636,34.090619,61c7f0a0-3f9e-4665-92b0-3f135987907a,https://www.fire.ca.gov/incidents/2022/5/26/elk-trail-fire/,2022-05-30T08:22:37Z,5/30/2022,5/26/2022
Lost Lake Fire ,2023-06-14T09:29:09Z,2022-05-26T21:31:18Z,Colorado River Agency Bureau of Indian Affairs,Riverside,"Hwy 95 and Lost Lake, Community of Lost Lake in Riverside County",5856,-114.484173,34.010838,e0d1fd77-071f-4892-9738-49baba9658f3,https://www.fire.ca.gov/incidents/2022/5/26/lost-lake-fire/,2023-06-04T09:29:01Z,6/4/2023,5/26/2022
Old Fire,2022-06-07T16:03:34Z,2022-05-31T15:35:00Z,CAL FIRE Sonoma-Lake-Napa Unit ,Napa,"Old Soda Springs Road, northeast of Napa",570,-122.270417,38.370078,51a14af6-7c52-4666-8805-da3f0d07923d,https://www.fire.ca.gov/incidents/2022/5/31/old-fire/,2022-06-05T16:03:21Z,6/5/2022,5/31/2022
62 Fire,2022-09-13T08:38:45Z,2022-06-04T23:15:00Z,Bureau of Indian Affairs,Riverside,"Avenue 62 and Monroe Street, East of La Quinta",60,-116.23339,33.59823,4c22250d-5076-4a2a-aaf8-58565c49f314,https://www.fire.ca.gov/incidents/2022/6/4/62-fire/,2022-06-08T10:06:57Z,6/8/2022,6/4/2022
Eagle Fire,2022-06-10T08:07:57Z,2022-06-06T17:50:00Z,CAL FIRE SAN LUIS OBISPO UNIT,San Luis Obispo,"Bald Eagle and Lazy Hill Road, northeast of Paso Robles ",36,-120.56019,35.72373,34303301-ad09-441b-a2e5-91d206a66218,https://www.fire.ca.gov/incidents/2022/6/6/eagle-fire/,2022-06-07T08:07:41Z,6/7/2022,6/6/2022
Hesperia Fire,2022-07-18T11:23:08Z,2022-06-06T16:47:00Z,San Bernardino County Fire,San Bernardino,"Hwy 138 and Hwy 173, Hesperia ",95,-117.34635,34.31267,968e2f0c-5255-4a21-b166-c9a06a645825,https://www.fire.ca.gov/incidents/2022/6/6/hesperia-fire/,2022-06-10T08:17:41Z,6/10/2022,6/6/2022
Park Fire,2022-06-11T17:08:25Z,2022-06-09T15:53:00Z,CAL FIRE Butte County Fire ,Butte,"Bangor Park Road and Sunrise Hill Road, Bangor in Butte County",54,-121.431372,39.385829,9e92e949-1e1c-47b7-9a46-71664466a15c,https://www.fire.ca.gov/incidents/2022/6/9/park-fire/,2022-06-11T17:07:51Z,6/11/2022,6/9/2022
Graham Fire,2022-06-20T14:03:11Z,2022-06-10T11:51:07Z,Lassen National Forest ,Tehama,"Ishi Wilderness and Wildcat Creek,  east of Los Molinos in Tehama County. ",100,-121.776,40.05,58ba3463-14d8-4ac7-86c3-aaeb920de442,https://www.fire.ca.gov/incidents/2022/6/10/graham-fire/,2022-06-16T14:02:56Z,6/16/2022,6/10/2022
Plant Fire,2023-06-14T09:08:05Z,2022-06-11T02:49:16Z,Kern County Fire ,Kern,"Interstate 5 and Grapevine Rd, Grapevine",517,-118.9253809,34.9324042,f7f9f401-e8b5-423f-b0da-13011200b213,https://www.fire.ca.gov/incidents/2022/6/11/plant-fire/,2022-06-14T19:00:00Z,6/14/2022,6/11/2022
Sheep Fire,2023-06-14T09:29:28Z,2022-06-12T06:45:19Z,Angeles National Forest,San Bernardino,"Hwy 2 and Sheep Creek Road, North East of Wrightwood in San Bernardino County",865,-117.61508,34.355593,d0c68cde-731a-4409-a810-32c7d326ce54,https://www.fire.ca.gov/incidents/2022/6/12/sheep-fire/,2023-06-22T09:29:24Z,6/22/2023,6/12/2022
Barrett Fire,2022-06-15T16:57:36Z,2022-06-12T18:16:43Z,CAL FIRE San Diego Unit,San Diego,"Hwy 94 and Barrett Rd, Barrett in San Diego County",65,-116.5882585,32.8134303,3eb84741-bc4e-4beb-aeb3-6f485fca145c,https://www.fire.ca.gov/incidents/2022/6/12/barrett-fire/,2022-06-15T16:56:14Z,6/15/2022,6/12/2022
Rancho Fire,2023-06-14T09:25:47Z,2022-06-13T16:16:00Z,CAL FIRE Tehama-Glenn Unit,Tehama,"Rancho Tehama Road and Alpine Drive, northwest of Corning",593,-122.45621,40.00919,2c095f28-ae55-4a23-9378-2a74989e889f,https://www.fire.ca.gov/incidents/2022/6/13/rancho-fire/,2022-06-18T14:01:33Z,6/18/2022,6/13/2022
Border 16,2022-06-22T19:50:20Z,2022-06-21T10:08:00Z,CAL FIRE San Diego Unit,San Diego,"Marron Valley Rd and Tecate Creek, south of Dulzura",70,-116.750667,32.567333,f8587978-ae8b-409d-8540-0c4aaa952d54,https://www.fire.ca.gov/incidents/2022/6/21/border-16/,2022-06-22T19:48:03Z,6/22/2022,6/21/2022
Edgewood,2022-06-27T19:22:18Z,2022-06-21T14:30:00Z,"CAL FIRE San Mateo-Santa Cruz Unit
Redwood City Fire Department",Santa Cruz,Rocky Way and Eastview Way at Edgewood County Park ,20,-122.27742,37.459222,eb1d79f9-a00a-4fc8-b979-5fb00e24da0b,https://www.fire.ca.gov/incidents/2022/6/21/edgewood/,2022-06-26T11:38:28Z,6/26/2022,6/21/2022
Thunder Fire ,2023-06-14T09:10:33Z,2022-06-22T18:41:00Z,Kern County Fire Department & CAL FIRE Tulare Unit ,Kern,"Edmonston Pump Plant Rd East of Interstate 5, South of Bakersfield",2500,-118.889446,34.936618,49ce10fd-94f9-48ee-890f-3b63b1aa84ea,https://www.fire.ca.gov/incidents/2022/6/22/thunder-fire/,2022-06-27T13:30:00Z,6/27/2022,6/22/2022
99 Fire,2022-06-22T20:01:52Z,2022-06-22T12:00:00Z,CAL FIRE Butte Unit ,Butte,Hwy 99 and Deniz Brothers Lane,66,-121.68694,39.37879,78bea37e-7334-4f49-a8dd-1c9a593b47d1,https://www.fire.ca.gov/incidents/2022/6/22/99-fire/,2022-06-22T20:01:02Z,6/22/2022,6/22/2022
Tesla Fire,2023-06-14T09:26:32Z,2022-06-23T17:39:00Z,CAL FIRE Santa Clara Unit,Alameda,"Tesla Road and Corall Hollow Rd, 11 miles southeast of Livermore in Alameda County",552,-121.556086,37.365652,769b01fc-2018-420a-92b2-5e2ccb296894,https://www.fire.ca.gov/incidents/2022/6/23/tesla-fire/,2023-06-23T09:26:19Z,6/23/2023,6/23/2022
Romero Fire,2023-06-14T08:58:50Z,2022-06-23T18:34:00Z,CAL FIRE Madera-Mariposa-Merced Unit ,Merced,Santa Nella near O'Neill Forebay in Merced County,349,-121.97785,38.42619,13541b69-799a-4a8b-ade9-0bdefc254f73,https://www.fire.ca.gov/incidents/2022/6/23/romero-fire/,2022-06-24T07:25:01Z,6/24/2022,6/23/2022
Kirker Fire ,2022-06-24T20:00:57Z,2022-06-24T12:20:00Z,CAL FIRE Santa Clara Unit ,Contra Costa,"Kirker Pass Rd and Black Diamond Trail, northeast of Clayton",90,-121.908735,37.97689,88867d1f-eb64-4966-b86d-115c913cae39,https://www.fire.ca.gov/incidents/2022/6/24/kirker-fire/,2022-06-24T17:20:49Z,6/24/2022,6/24/2022
Union Fire,2022-06-30T17:46:13Z,2022-06-25T17:22:36Z,Riverside County Fire,Riverside,"Clay Street and General Road, Jurupa Valley in Riverside County",110,-117.462524,33.968307,06deb062-3940-44f0-a984-f9cb80ed1e4b,https://www.fire.ca.gov/incidents/2022/6/25/union-fire/,2022-06-29T17:00:00Z,6/29/2022,6/25/2022
Roblar Fire ,2022-06-27T18:35:58Z,2022-06-27T15:47:53Z,CAL FIRE Sonoma-Lake-Napa Unit ,Sonoma,Roblar Road and Canfield Road. southwest of Rohnert Park,63,-122.796221,38.323263,2ea11a5a-70bd-4cea-bddc-466de28b4a8d,https://www.fire.ca.gov/incidents/2022/6/27/roblar-fire/,2022-06-27T18:35:14Z,6/27/2022,6/27/2022
Rices Fire,2023-06-14T09:26:57Z,2022-06-28T14:00:00Z,CAL FIRE Nevada-Yuba-Placer Unit,Nevada,"Rices Crossing Road and Cranston Road, south of Dobbins in Nevada County",904,-121.192271,39.319145,de8403a1-4f40-499e-a83e-de3261c57b37,https://www.fire.ca.gov/incidents/2022/6/28/rices-fire/,2022-07-05T14:22:11Z,7/5/2022,6/28/2022
Table Fire,2022-07-06T19:59:24Z,2022-07-01T13:31:00Z,CAL FIRE Fresno-Kings Unit,Fresno,"White Thorne Road and Auberry Road, Table Mountain in Fresno County",52,-119.576797,37.013878,b57e64d6-701c-475e-a048-b81d21bef97d,https://www.fire.ca.gov/incidents/2022/7/1/table-fire/,2022-07-03T18:00:00Z,7/3/2022,7/1/2022
Garrison Fire,2022-07-06T20:04:05Z,2022-07-04T09:26:12Z,Unified Command: CAL FIRE San Benito-Monterey and Camp Roberts Army Base. ,Monterey,"Hwy 101 and East Garrison, near Camp Roberts in Monterey County",138,-120.819059,35.8640822,8877e37e-7656-47ef-9881-dfd9653f36a4,https://www.fire.ca.gov/incidents/2022/7/4/garrison-fire/,2022-07-05T18:00:00Z,7/5/2022,7/4/2022
Nome Fire,2022-07-06T08:03:06Z,2022-07-05T17:15:00Z,CAL FIRE Mendocino Unit,Mendocino,"Hwy 162 and Short Creek Rd in Covelo CA, Mendocino County",20,-123.2055576,39.8166571,67d518ac-2edf-4809-bb0e-748ebe27f9a7,https://www.fire.ca.gov/incidents/2022/7/5/nome-fire/,2022-07-06T07:00:00Z,7/6/2022,7/5/2022
Bay Fire,2022-07-12T14:56:21Z,2022-07-08T13:10:00Z,CAL FIRE Nevada-Yuba-Placer Unit ,Yuba,Marysville Rd at Bayberry Ln in Browns Valley ,30,-121.372749,39.300253,39d88789-80ba-4a50-b96a-bddefd6593a3,https://www.fire.ca.gov/incidents/2022/7/8/bay-fire/,2022-07-10T18:00:00Z,7/10/2022,7/8/2022
Washburn Fire,2023-06-14T09:29:53Z,2022-07-07T14:13:08Z,Yosemite National Park,Mariposa,"Hwy 41 and Mariposa Grove Road, Fish Camp in Mariposa County",4886,-119.614,37.499,776de6ba-3e3c-4388-b257-44e8c9231a95,https://www.fire.ca.gov/incidents/2022/7/7/washburn-fire/,2023-08-03T09:29:42Z,8/3/2023,7/7/2022
Harbison,2022-07-15T08:35:59Z,2022-07-12T18:28:08Z,CAL FIRE San Diego Unit,San Diego,"Harbison Canyon Road and Los Caballos Lane, Harbison Canyon in San Diego County",37,-116.8460273,32.7947379,7a9b1646-9b86-4721-b99d-9cfe02ba1fec,https://www.fire.ca.gov/incidents/2022/7/12/harbison/,2022-07-13T14:35:35Z,7/13/2022,7/12/2022
Peter Fire ,2023-06-14T09:16:14Z,2022-07-14T16:56:00Z,CAL FIRE Shasta-Trinity Unit,Shasta,Peter Pan Gulch Rd and Olinda Rd,304,-122.3182313,40.4411992,0539f658-3625-4601-a3d3-9f0e887c2415,https://www.fire.ca.gov/incidents/2022/7/14/peter-fire/,2022-07-19T08:06:46Z,7/19/2022,7/14/2022
Rainbow Fire,2022-07-19T08:58:51Z,2022-07-16T13:05:00Z,CAL FIRE Tehama Glenn Unit,Tehama,Rainbow Ridge and Stagecoach Rd northwest of Corning,60,-122.433855,40.010233,632bea0c-612e-42fa-8b27-b3514c734da2,https://www.fire.ca.gov/incidents/2022/7/16/rainbow-fire/,2022-07-19T06:00:00Z,7/19/2022,7/16/2022
Riosa Fire,2022-07-18T08:23:34Z,2022-07-17T12:27:36Z,CAL FIRE NEU,Placer,"Riosa Road and Karchner Road, 3 miles southeast of Wheatland in Placer County",38,-121.340201,38.9848309,a1c796a1-d98d-4420-acb5-f30924c7966d,https://www.fire.ca.gov/incidents/2022/7/17/riosa-fire/,2022-07-18T08:23:25Z,7/18/2022,7/17/2022
Border 27 Fire,2022-07-20T09:44:21Z,2022-07-17T11:25:17Z,CAL FIRE San Diego Unit (MVU),San Diego,East of Chula Vista in San Diego County,100,-116.6077664,32.6077664,6a5cd16b-55a8-4104-aa28-0e0490b4aca9,https://www.fire.ca.gov/incidents/2022/7/17/border-27-fire/,2022-07-19T17:00:00Z,7/19/2022,7/17/2022
Bell Fire,2022-07-20T08:07:51Z,2022-07-17T16:36:27Z,CAL FIRE MEU,Mendocino,Bell Springs Road at Southside of Blue Rock in Mendocino County,43,-123.598273,39.90557,398d0989-c034-4da7-854c-79e392d081b2,https://www.fire.ca.gov/incidents/2022/7/17/bell-fire/,2022-07-20T07:00:00Z,7/20/2022,7/17/2022
Winding Fire,2022-07-28T09:30:50Z,2022-07-18T16:43:31Z,CAL FIRE Nevada-Yuba Placer Unit (NEU),Yuba,"Winding Way and Regent Way, 3 miles south of Oregon House in Yuba County",82,-121.27693,39.314076,7fbd8cd4-bd0d-432e-910d-a8c353667946,https://www.fire.ca.gov/incidents/2022/7/18/winding-fire/,2022-07-26T08:00:00Z,7/26/2022,7/18/2022
Meadow Fire ,2022-07-22T19:29:45Z,2022-07-19T12:25:00Z,CAL FIRE Mendocino Unit ,Mendocino,"Black Oak Ridge Rd and Lone Tree Ridge Rd, near Boonville",17,-123.33756,39.058043,50a7f34c-aa67-4227-bc71-238e85a3ff85,https://www.fire.ca.gov/incidents/2022/7/19/meadow-fire/,2022-07-22T18:30:00Z,7/22/2022,7/19/2022
Flynn Fire ,2022-07-20T10:00:12Z,2022-07-19T19:08:46Z,CAL FIRE Santa Clara ,Alameda,"Highway 580 x North Flynn Road,  east of Livermore",121,-121.656106,37.719206,f83fad03-336e-4edb-afc6-c77b5f924506,https://www.fire.ca.gov/incidents/2022/7/19/flynn-fire/,2022-07-20T07:00:00Z,7/20/2022,7/19/2022
Slate Fire ,2022-07-22T17:39:30Z,2022-07-21T14:22:00Z,CAL FIRE Tuolumne-Calaveras Unit,Tuolumne,"Highway 108 X Chicken Ranch Road, Southwest of Jamestown",64,-120.4422218,37.935092,2786397c-0bd0-46f8-bdf8-3f749d061593,https://www.fire.ca.gov/incidents/2022/7/21/slate-fire/,2022-07-22T17:30:00Z,7/22/2022,7/21/2022
Anzar Fire,2022-07-27T20:24:40Z,2022-07-21T15:21:00Z,CAL FIRE San Benito-Monterey Unit ,San Benito,"Anzar Rd and Forest Rd,  East of Aromas",104,-121.604728,36.8927679,367d210d-571c-4066-a078-44f3e162d8f4,https://www.fire.ca.gov/incidents/2022/7/21/anzar-fire/,2022-07-27T19:24:10Z,7/27/2022,7/21/2022
Cable Fire ,2022-07-28T19:58:43Z,2022-07-26T16:24:00Z,CAL FIRE Amador-El Dorado Unit ,El Dorado,"Cable Road & Badger Hill, west of Pollock Pines ",20,-120.63742,38.75794,d3415864-268a-4304-ac6a-02714a23f2cb,https://www.fire.ca.gov/incidents/2022/7/26/cable-fire/,2022-07-28T19:30:24Z,7/28/2022,7/26/2022
Apple Fire,2022-08-04T09:58:56Z,2022-07-27T15:08:00Z,CAL FIRE Nevada-Yuba-Placer Unit ,Yuba,"White Oak Lane and Red Hill Way, 5 miles northeast of Browns Valley",39,-121.304167,39.323167,c7cb91c5-4423-4965-8f6d-ad9c711a376d,https://www.fire.ca.gov/incidents/2022/7/27/apple-fire/,2022-08-02T11:03:00Z,8/2/2022,7/27/2022
Highway Fire,2022-07-31T13:10:07Z,2022-07-29T17:06:00Z,"Unified Command: CAL FIRE San Bernardino Unit, San Bernardino County Fire & San Bernardino National Forest",San Bernardino,"Hwy 173 and of Hwy 138, South of Hesperia ",28,-117.3463886,34.312437,1445f422-faa3-4a74-84db-bb3e6b3526b2,https://www.fire.ca.gov/incidents/2022/7/29/highway-fire/,2022-07-31T13:09:50Z,7/31/2022,7/29/2022
Shackleford Fire,2022-08-05T19:02:33Z,2022-07-30T18:06:00Z,CAL FIRE Siskiyou Unit,Siskiyou,"Shackleford Road and Big Meadows Creek, West of Fort Jones  ",31,-123.0213226,41.5734543,4d357743-0767-467c-9d27-585e4466bcce,https://www.fire.ca.gov/incidents/2022/7/30/shackleford-fire/,2022-08-05T18:30:00Z,8/5/2022,7/30/2022
Kelsey Fire,2022-08-15T15:52:52Z,2022-07-30T21:17:00Z,Klamath National Forest,Siskiyou,"Buker Rd and  Punkin Rd, Southwest of Scott Bar",85,-123.1193265,41.6430162,64cc517f-a935-4abb-b35a-b40516174f3b,https://www.fire.ca.gov/incidents/2022/7/30/kelsey-fire/,2022-08-07T11:51:04Z,8/7/2022,7/30/2022
Meamber Fire,2022-08-06T19:24:16Z,2022-07-31T19:17:00Z,CAL FIRE Siskiyou Unit,Siskiyou,"Meamber Creek Road and Scott River Road, Northwest of Fort Jones",63,-122.988315,41.640867,f4b5f0c0-4b3f-4715-93c8-eae87b2cab17,https://www.fire.ca.gov/incidents/2022/7/31/meamber-fire/,2022-08-06T18:30:00Z,8/6/2022,7/31/2022
Marmot Fire,2022-08-06T19:20:14Z,2022-08-02T13:35:00Z,CAL FIRE Tulare Unit,Tulare,"South Fork Drive and Cinnamon Canyon Road, southeast of Three Rivers",127,-118.853671,36.378236,3d3dc0a6-0c44-4786-a543-896e3c0e1b59,https://www.fire.ca.gov/incidents/2022/8/2/marmot-fire/,2022-08-06T18:15:26Z,8/6/2022,8/2/2022
Springs Fire,2022-08-04T18:31:03Z,2022-08-03T15:16:00Z,CAL FIRE Tuolumne-Calaveras Unit,Tuolumne,"HWY 108 and La Grange Road, Jamestown",51,-120.50806,37.84349,bb08947c-f887-4538-bb5e-1d5750b54249,https://www.fire.ca.gov/incidents/2022/8/3/springs-fire/,2022-08-04T16:00:00Z,8/4/2022,8/3/2022
Smokey Fire ,2022-08-15T15:51:21Z,2022-08-04T09:05:00Z,Klamath National Forest,Siskiyou,"Beaver Creek and Forest Road 48N01, west of Hilt",34,-122.7825581,41.9708541,e17479af-0314-4162-9c57-bbbf602b6f64,https://www.fire.ca.gov/incidents/2022/8/4/smokey-fire/,2022-08-09T09:56:00Z,8/9/2022,8/4/2022
3-8 Fire ,2022-08-15T08:34:47Z,2022-08-08T02:30:00Z,CAL FIRE Lassen-Modoc Unit,Lassen,"Highway 299/Big Valley Summit, East of Pittville ",14,-121.211449,41.060445,136a1828-ec7f-487f-9aa1-7f378e51322a,https://www.fire.ca.gov/incidents/2022/8/8/3-8-fire/,2022-08-15T08:34:14Z,8/15/2022,8/8/2022
Rail Fire,2022-08-17T19:44:24Z,2022-08-14T17:40:00Z,Lead Agency: Kern County Fire,Kern,"Bealville Rd and Caliente Bodfish Rd, Southeast of Bakersfield",250,-118.6292243,35.2882644,b2407838-9dd2-45b8-a956-899bf6891b98,https://www.fire.ca.gov/incidents/2022/8/14/rail-fire/,2022-08-17T18:30:00Z,8/17/2022,8/14/2022
Oak Fire,2023-06-16T09:47:11Z,2022-08-15T15:48:00Z,CAL FIRE Madera-Mariposa-Merced Unit and Sierra National Forest,Placer,"Live Oak Road & Smothers Ravine Road, near Weimar ",19244,-120.9526,39.04941,ad465a00-5520-4188-9f91-3c5568adb40e,https://www.fire.ca.gov/incidents/2022/8/15/oak-fire/,2022-08-31T16:00:00Z,8/31/2022,8/15/2022
Wishon Fire,2023-06-14T09:30:41Z,2022-08-15T17:15:00Z,Sequoia National Forest,Tulare,"Highway 190 and NF 20S82, east of Springville",325,-118.71829,36.17768,606930f2-4368-4e78-bb43-4ba33db70f11,https://www.fire.ca.gov/incidents/2022/8/15/wishon-fire/,2022-08-28T12:00:00Z,8/28/2022,8/15/2022
Eden Fire,2022-08-16T07:15:13Z,2022-08-15T16:21:00Z,CAL FIRE Santa Clara Unit,Alameda,"I-580 and Schaefer Ranch Rd, Dublin",58,-121.97822,37.70049,9416f961-c5f3-40ec-805f-87bb8b09c5f6,https://www.fire.ca.gov/incidents/2022/8/15/eden-fire/,2022-08-15T23:52:31Z,8/15/2022,8/15/2022
Quail Fire,2022-09-02T12:00:36Z,2022-08-17T17:31:09Z,Los Angeles County Fire Department,Los Angeles,"Tapia Canyon Road and Charlie Canyon Road, Castaic in Los Angeles County",53,-118.60811,34.48202,baa65866-c909-42c4-a414-63c31d1bb3cb,https://www.fire.ca.gov/incidents/2022/8/17/quail-fire/,2022-08-18T19:18:02Z,8/18/2022,8/17/2022
Pleasant Fire,2022-09-02T10:26:55Z,2022-08-20T16:35:12Z,CAL FIRE Nevada-Yuba-Placer Unit,Nevada,"Owl Creek Road and Lost Ranch Way, West of Nevada City. ",48,-121.1329,39.2805,8d4e0591-dd62-4c04-82f3-10eb76556cde,https://www.fire.ca.gov/incidents/2022/8/20/pleasant-fire/,2022-08-29T16:00:00Z,8/29/2022,8/20/2022
Still Fire,2022-09-02T10:27:49Z,2022-08-27T11:43:00Z,CAL FIRE  Nevada-Yuba-Placer Unit,Nevada,"Still Road and Wolf Road, Northwest of Higgins Corners in Nevada County ",44,-121.1103,39.0543,4612ddda-90b6-4733-a0a5-6bdeb622614b,https://www.fire.ca.gov/incidents/2022/8/27/still-fire/,2022-08-29T16:00:00Z,8/29/2022,8/27/2022
McCovey Fire,2022-09-03T19:38:05Z,2022-08-29T19:53:00Z,CAL FIRE Humboldt-Del Norte Unit,Humboldt,"Hwy 169 near McCovey Ranch on the Klamath River, southeast of Klamath",25,-123.9277,41.4672,68202561-738b-4e30-a004-7ed156939fe8,https://www.fire.ca.gov/incidents/2022/8/29/mccovey-fire/,2022-08-30T17:30:40Z,8/30/2022,8/29/2022
Ranch Fire,2022-09-02T10:27:19Z,2022-08-29T07:53:00Z,CAL FIRE Humboldt Del-Norte Unit ,Humboldt,HWY 169 Near McCovey Ranch on the East side of the Klamath River,26,-123.9477,41.4626,2632aae9-5451-4021-b9ec-3c68909133a7,https://www.fire.ca.gov/incidents/2022/8/29/ranch-fire/,2022-09-01T17:00:00Z,9/1/2022,8/29/2022
Gulch Fire,2022-09-07T18:48:29Z,2022-08-29T11:26:45Z,Angeles National Forest,Los Angeles,San Gabriel Canyon Road ,113,-117.8608,34.2026,599c4952-beda-4ec6-a636-47c92444a443,https://www.fire.ca.gov/incidents/2022/8/29/gulch-fire/,2022-09-07T08:30:00Z,9/7/2022,8/29/2022
Route Fire,2023-06-14T09:17:55Z,2022-08-31T12:01:00Z,Lead Agency: Los Angeles County Fire Department ,Los Angeles,"I5 and Lake Hughes Road, near Castaic ",5208,-118.6479,34.5255,40b5cdc9-57db-40da-b52d-6f4c53375bc1,https://www.fire.ca.gov/incidents/2022/8/31/route-fire/,2022-09-06T08:46:19Z,9/6/2022,8/31/2022
Mill Fire,2023-06-14T09:27:23Z,2022-09-02T12:49:00Z,CAL FIRE Siskiyou Unit ,Siskiyou,"Woodridge Court and Woodridge Way, City of Weed",3939,-122.3852,41.4303,47bfc3f3-04f7-49ab-a901-77770b85a7cc,https://www.fire.ca.gov/incidents/2022/9/2/mill-fire/,2022-09-14T18:45:10Z,9/14/2022,9/2/2022
Sandia Fire,2022-09-06T09:35:06Z,2022-09-04T13:42:00Z,Unified Command: CAL FIRE San Diego Unit and North County Fire Protection District,San Diego,"Sandia Creek Dr, north of De Luz Rd in De Luz",30,-117.246996,33.432924,a30a1a3f-e586-4351-a177-109e2108bf9c,https://www.fire.ca.gov/incidents/2022/9/4/sandia-fire/,2022-09-05T20:00:00Z,9/5/2022,9/4/2022
Hill Fire,2022-09-15T16:50:33Z,2022-09-06T07:40:00Z,Unified Command: CAL FIRE Nevada-Yuba-Placer Unit & Tahoe National Forest ,Placer,Iowa Hill Rd near Forest Hill,11,-120.816083,39.1252,d90dcd39-baef-4d4c-8774-16a02ca557df,https://www.fire.ca.gov/incidents/2022/9/6/hill-fire/,2022-09-15T16:00:00Z,9/15/2022,9/6/2022
Radford Fire,2023-06-14T09:31:23Z,2022-09-05T11:52:15Z,San Bernardino National Forest ,San Bernardino,North of Highway 38 in the Barton Flats Area,1079,-116.882,34.177,d78ddcad-57ab-4cc4-8910-6f55da123bc1,https://www.fire.ca.gov/incidents/2022/9/5/radford-fire/,2022-09-30T12:42:48Z,9/30/2022,9/5/2022
Rosa Fire,2022-09-07T07:27:27Z,2022-09-06T15:15:00Z,CAL FIRE San Luis Obispo Unit,San Luis Obispo,Santa Rosa Creek Rd and Cinnabar Rock Trail,16,-121.012313,35.580125,90ff8cb6-8361-4442-8646-b8846bf2f7ea,https://www.fire.ca.gov/incidents/2022/9/6/rosa-fire/,2022-09-06T20:20:00Z,9/6/2022,9/6/2022
Mosquito Fire,2023-06-14T09:31:49Z,2022-09-06T18:00:00Z,"Unified Command: Tahoe National Forest, El Dorado National Forest","El Dorado, Placer","Mosquito Road and OxBow Reservoir east of Foresthill, Placer County ",76788,-120.7447,39.00591,a305c68d-db56-4c9f-ab9c-5089c25f3fba,https://www.fire.ca.gov/incidents/2022/9/6/mosquito-fire/,2022-10-22T10:18:21Z,10/22/2022,9/6/2022
Fork Fire ,2023-06-14T09:27:43Z,2022-09-07T15:30:00Z,CALFIRE Madera-Mariposa-Merced Unit ,Madera,"Road 222 and Road 200, North fork",819,-119.50881,37.21945,2497d2b3-31a4-4dc5-a628-2a059036e6c2,https://www.fire.ca.gov/incidents/2022/9/7/fork-fire/,2022-09-14T18:58:36Z,9/14/2022,9/7/2022
Coyote Fire,2022-09-13T19:19:41Z,2022-09-07T14:52:00Z,CAL FIRE Siskiyou Unit,Siskiyou,"Coyote Ridge, west of Red Rock Lakes, southeast of Dorris",297,-121.839853,41.8739166,899421c1-661c-44c1-a988-a0fe5043e6bd,https://www.fire.ca.gov/incidents/2022/9/7/coyote-fire/,2022-09-13T19:19:08Z,9/13/2022,9/7/2022
Barnes Fire,2023-06-14T09:32:10Z,2022-09-07T15:59:00Z,Modoc National Forest,Modoc,"Buck Creek Road and Buck Creek Overlook Road, north of Davis Creek in Modoc County",5843,-120.29122,41.87117,6a1d129f-e302-41b0-90ce-a0fafd6e2503,https://www.fire.ca.gov/incidents/2022/9/7/barnes-fire/,2022-09-28T12:43:26Z,9/28/2022,9/7/2022
Forward Fire,2022-09-17T07:26:56Z,2022-09-09T14:31:00Z,CAL FIRE Tehama-Glenn Unit,Tehama,"Manton Ponderosa Way and Digger Creek, in Manton",160,-121.81822,40.44109,0f669596-90b2-4625-ba6b-f2bd1ab59f3b,https://www.fire.ca.gov/incidents/2022/9/9/forward-fire/,2022-09-17T07:26:46Z,9/17/2022,9/9/2022
Pleasant Fire ,2022-11-29T15:12:15Z,2022-10-23T12:55:00Z,CAL FIRE San Bernardino Unit  ,Inyo,"Hwy 395 & Sawmill Road, Bishop ",50,-118.50091,37.38939,866407b4-2434-4d13-8a43-fa61f2d6a38d,https://www.fire.ca.gov/incidents/2022/10/23/pleasant-fire/,2022-10-25T12:00:00Z,10/25/2022,10/23/2022
66 Fire,2023-05-28T15:35:24Z,2023-05-15T12:10:00Z,CAL FIRE Riverside Unit,Riverside,Ave 66 and Hwy 86,127,-116.092746,33.569342,a56115f1-5eca-4dc1-b576-cbeb67ed4b5b,https://www.fire.ca.gov/incidents/2023/5/15/66-fire/,2023-05-18T19:00:00Z,5/18/2023,5/15/2023
Ramona Fire,2024-06-04T15:02:02Z,2023-05-22T14:11:00Z,Riverside County Fire,Riverside,Ramona Expressway and North Warren Rd,338,-117.033714,33.823424,e44f5b6b-c6e6-461a-a9ab-d442e08de3ea,https://www.fire.ca.gov/incidents/2023/5/22/ramona-fire/,2023-05-25T20:00:10Z,5/25/2023,5/22/2023
Pistol Fire,2023-05-30T18:44:13Z,2023-05-30T11:32:00Z,CAL FIRE Fresno-Kings Unit,Fresno,"Auberry Road and Summit Mountain Road, northeast of Fresno",123,-119.6801,36.9466,8b46c737-a036-4e58-9d8c-4de0b9879e68,https://www.fire.ca.gov/incidents/2023/5/30/pistol-fire/,2023-05-30T18:36:07Z,5/30/2023,5/30/2023
Orange Fire,2023-06-02T15:52:51Z,2023-06-01T16:46:00Z,CAL FIRE Fresno-Kings Unit,Fresno,"Orange Cove, southeast of Fresno ",108,-119.2971,36.678,4511ebf3-f3d7-4c2d-9299-ec8ff974582e,https://www.fire.ca.gov/incidents/2023/6/1/orange-fire/,2023-06-02T15:52:47Z,6/2/2023,6/1/2023
Panoche Fire,2023-06-04T12:37:03Z,2023-06-03T14:26:46Z,CAL FIRE Fresno King Unit,Fresno,North of Little Panoche Rd,65,-120.8991,36.7536,cc8b9e35-5e0f-48e0-81da-15fab9bfaee2,https://www.fire.ca.gov/incidents/2023/6/3/panoche-fire/,2023-06-04T12:36:39Z,6/4/2023,6/3/2023
Valley Fire,2023-06-04T17:16:49Z,2023-06-03T15:53:58Z,CAL FIRE Tulare Unit,Tulare,"Reservation Road and Success Valley Drive, East of Porterville ",135,-118.8582,36.0322,a788f3ff-73ff-49e0-b65c-95bbb851df2e,https://www.fire.ca.gov/incidents/2023/6/3/valley-fire/,2023-06-04T17:15:52Z,6/4/2023,6/3/2023
Range Fire,2023-06-05T18:49:19Z,2023-06-04T17:38:50Z,CAL FIRE San Benito-Monterey,Monterey,"San Vicente Road, north of Soledad",72,-121.3319,36.4647,bbfed8a2-9c91-4e38-92cd-374d6fdee02a,https://www.fire.ca.gov/incidents/2023/6/4/range-fire/,2023-06-05T18:49:09Z,6/5/2023,6/4/2023
Geology Fire,2023-12-05T14:28:43Z,2023-06-10T16:01:00Z,Lead agency: National Park Service,San Bernardino,"Berdoo Canyon Road and Geology Tour Road, Joshua Tree National Park",1088,-116.0533,33.896,c6d831a8-19e0-40a0-807c-26e542c8f43b,https://www.fire.ca.gov/incidents/2023/6/10/geology-fire/,2023-06-16T18:00:00Z,6/16/2023,6/10/2023
Henderson Fire,2023-06-16T19:00:39Z,2023-06-14T16:41:00Z,CAL FIRE Sonoma-Lake-Napa Unit ,Lake,"Henderson Drive and Terrace Drive, west of Clearlake Oaks in Lake County ",21,-122.7145,39.023,7634b4c2-6a78-4aed-9e5b-d11c26faf384,https://www.fire.ca.gov/incidents/2023/6/14/henderson-fire/,2023-06-16T18:59:17Z,6/16/2023,6/14/2023
Frank Fire,2023-06-16T19:01:39Z,2023-06-15T14:06:00Z,CAL FIRE Tehama-Glenn Unit,Tehama,"Hwy 36 and Frank Ball Road, northwest of Red Bluff",32,-122.5955,40.2869,7b626e88-ef6d-4669-b7b7-d36e0ecaaf14,https://www.fire.ca.gov/incidents/2023/6/15/frank-fire/,2023-06-16T19:00:58Z,6/16/2023,6/15/2023
Snell Fire,2023-06-30T20:08:18Z,2023-06-16T17:36:16Z,CAL FIRE Sonoma-Lake-Napa Unit ,Napa,"Snell Valley Road and Walker Road, southeast of Middletown in Napa County",103,-122.4379,38.6994,6b4212c5-b9c5-4813-9b45-50620406071e,https://www.fire.ca.gov/incidents/2023/6/16/snell-fire/,2023-06-19T06:00:00Z,6/19/2023,6/16/2023
Slough Fire,2024-06-18T13:53:33Z,2023-06-18T11:31:00Z,Lead Agency: Fresno County Fire Protection District ,Fresno," South Colusa Ave and West Floral Ave, San Joaquin, West of Fresno Slough ",640,-120.188,36.5737,5bdb8a5f-58a5-4fb3-b1d3-5487a7acdc05,https://www.fire.ca.gov/incidents/2023/6/18/slough-fire/,2023-06-18T18:00:00Z,6/18/2023,6/18/2023
Harney Fire,2024-04-04T10:04:20Z,2023-06-21T17:30:00Z,Tuolumne - Calaveras Unit,Tuolumne,"Jacksonville Road and Harney Drive, Jamestown CA",37,-120.3728742,37.8558452,d9778b37-9886-453d-a5ea-0772b1b33073,https://www.fire.ca.gov/incidents/2023/6/21/harney-fire/,2023-06-23T18:25:28Z,6/23/2023,6/21/2023
Peoria Fire,2023-06-26T09:35:58Z,2023-06-23T11:00:00Z,CAL FIRE Nevada-Yuba-Placer Unit,Yuba,"Peoria Rd x Hillcrest Rd, northwest of Smartsville",59,-121.3801,39.258,cdc613c3-c746-4f0d-b295-f15fc7e67277,https://www.fire.ca.gov/incidents/2023/6/23/peoria-fire/,2023-06-25T17:00:00Z,6/25/2023,6/23/2023
Balfour Fire,2023-06-29T19:15:06Z,2023-06-25T13:20:00Z,"CAL FIRE Santa Clara Unit
and Contra Costa County Fire Protection District",Contra Costa,Deer Valley Road and Balfour Road in Contra Costa County,74,-121.7676,37.9143,fa24f204-d45e-479f-8437-4ce009874df9,https://www.fire.ca.gov/incidents/2023/6/25/balfour-fire/,2023-06-25T14:30:00Z,6/25/2023,6/25/2023
Crane Fire,2023-06-29T12:27:07Z,2023-06-27T23:04:00Z,CAL FIRE Fresno-Kings Unit,Fresno,"Crane Lane and Ackers Lane, near Squaw Valley ",24,-119.0137,36.8675,417b7148-f644-4919-880f-8d529e1f8b95,https://www.fire.ca.gov/incidents/2023/6/27/crane-fire/,2023-06-28T18:00:00Z,6/28/2023,6/27/2023
Juniper Fire,2023-06-29T19:06:20Z,2023-06-27T15:30:41Z,CAL FIRE Riverside Unit,Riverside,"Juniper Road and Santa Rosa Road, west of the City of Perris",68,-117.330286,33.787329,1c823bea-8d80-4560-9888-91fe81366451,https://www.fire.ca.gov/incidents/2023/6/27/juniper-fire/,2023-06-29T18:00:00Z,6/29/2023,6/27/2023
Nice Fire,2023-07-01T12:29:51Z,2023-06-27T15:13:00Z,CAL FIRE San Bernardino Unit,San Bernardino,"Nice Ave and Amethyst Ave, Mentone ",90,-117.0957,34.0568,c56682cd-d6d6-47fe-bcaa-e0f77339f604,https://www.fire.ca.gov/incidents/2023/6/27/nice-fire/,2023-07-01T11:00:00Z,7/1/2023,6/27/2023
Champagne Fire ,2023-06-30T19:12:50Z,2023-06-30T14:11:00Z,Kern County Fire,Kern,"Champagne Avenue and 170 Street, southwest of Mojave",25,-118.4252,34.9516,7ee1424d-3aab-465e-9094-280e5cd5b83e,https://www.fire.ca.gov/incidents/2023/6/30/champagne-fire/,2023-06-30T19:00:00Z,6/30/2023,6/30/2023
Gann Fire,2023-07-03T17:33:15Z,2023-07-02T12:35:00Z,CAL FIRE Tuolumne -Calaveras Unit,Calaveras,"near Hogan Dam Road and Quartz Hill Road, Valley Springs",105,-120.798285,38.114444,5d6d342e-3696-4de4-a730-a89de03df378,https://www.fire.ca.gov/incidents/2023/7/2/gann-fire/,2023-07-03T17:00:00Z,7/3/2023,7/2/2023
Peter Fire,2023-07-03T20:22:17Z,2023-07-03T17:32:00Z,Lead agency: CAL FIRE San Bernardino Unit and Los Angeles County Fire Department,Los Angeles,"Dwight Lee Street and Crown Valley Road, Acton",14,-118.193056,34.516944,f20ef989-476d-4e60-8b32-b61d9f211e1a,https://www.fire.ca.gov/incidents/2023/7/3/peter-fire/,2023-07-03T20:00:00Z,7/3/2023,7/3/2023
Roundup Fire,2023-07-05T19:27:35Z,2023-07-04T14:40:46Z,CAL FIRE San Bernardino Unit,San Bernardino,Juniper Flats and Baldwin Road near Apple valley ,34,-117.186767,34.38695,67943cd3-69db-40b5-ad6f-64eff64cbb1e,https://www.fire.ca.gov/incidents/2023/7/4/roundup-fire/,2023-07-05T19:27:22Z,7/5/2023,7/4/2023
Bernasconi Fire,2023-07-05T14:01:01Z,2023-07-04T17:45:00Z,CAL FIRE Riverside Unit,Riverside,Bernasconi Road and Ramona Expressway,18,-117.153554,33.838928,8c3a32c0-30c7-4837-94ef-cc27f9783df4,https://www.fire.ca.gov/incidents/2023/7/4/bernasconi-fire/,2023-07-04T19:45:00Z,7/4/2023,7/4/2023
Lincoln Fire,2023-07-07T10:13:47Z,2023-07-05T09:09:00Z,CAL FIRE Riverside Unit,Riverside,Lincoln Road and Ave 64 in Mecca,39,-116.078906,33.583941,7452e778-443b-4a4d-8cfd-8972832332f2,https://www.fire.ca.gov/incidents/2023/7/5/lincoln-fire/,2023-07-06T18:00:00Z,7/6/2023,7/5/2023
Day Fire,2023-07-06T20:32:53Z,2023-07-05T18:26:37Z,CAL FIRE Riverside County Fire,Riverside,"Day Street and Cajalco Road, near Mead Valley ",56,-117.278984,33.837311,1c29b20c-8287-49e7-88da-a057174c5b25,https://www.fire.ca.gov/incidents/2023/7/5/day-fire/,2023-07-06T16:00:00Z,7/6/2023,7/5/2023
Frog Fire,2023-07-07T16:35:32Z,2023-07-06T15:32:15Z,Riverside County Fire,Riverside,"Frogs Leap and Villa Helena Street, Temecula ",33,-117.0575,33.479,155dba26-11cd-4f55-8cc5-09c93ce7155e,https://www.fire.ca.gov/incidents/2023/7/6/frog-fire/,2023-07-07T16:00:00Z,7/7/2023,7/6/2023
District Fire,2023-12-05T14:14:41Z,2023-07-07T14:27:00Z,Kern County Fire Department,Kern,"Interstate 5 and Fort Tejon Road, north of Lebec",1044,-118.9033,34.8866,ef08a1c3-8626-4881-b25c-64b7a913d174,https://www.fire.ca.gov/incidents/2023/7/7/district-fire/,2023-07-11T17:40:00Z,7/11/2023,7/7/2023
Park Fire,2023-07-12T15:01:02Z,2023-07-09T16:28:27Z,CAL FIRE San Diego Unit,San Diego,Potrero Park Drive and Potrero Valley Rd,64,-116.5836,32.6003,1d1c4ff0-544e-425a-b558-f5e3ca586bea,https://www.fire.ca.gov/incidents/2023/7/9/park-fire/,2023-07-12T15:00:00Z,7/12/2023,7/9/2023
Vineyard Fire,2024-06-04T15:03:10Z,2023-07-09T18:31:43Z,CAL FIRE San Benito-Monterey,"Monterey, San Luis Obispo","Vineyard Canyon Road and Indian Valley Road, East of San Miguel ",391,-120.8169,35.8,5fedc370-e53e-4751-b259-1f52dc429ab3,https://www.fire.ca.gov/incidents/2023/7/9/vineyard-fire/,2023-07-10T17:13:00Z,7/10/2023,7/9/2023
Rider Fire,2023-07-11T19:19:31Z,2023-07-11T12:43:00Z,CAL FIRE Riverside Unit ,Riverside,"Cajalco Road and Rider Street, near Mead Valley",12,-117.2616,33.8302,93936963-a4c7-406a-9d8e-8ee11aa68e40,https://www.fire.ca.gov/incidents/2023/7/11/rider-fire/,2023-07-11T19:14:00Z,7/11/2023,7/11/2023
Snake Fire,2023-07-13T07:58:43Z,2023-07-11T14:22:00Z,CAL FIRE Riverside Unit,Riverside,Lindell Rd. and Snake Rd. in Lake Elsinore,30,-117.348,33.7505,d2ced711-9481-45ca-9d1b-943352d05fac,https://www.fire.ca.gov/incidents/2023/7/11/snake-fire/,2023-07-13T07:58:26Z,7/13/2023,7/11/2023
Spring Fire,2023-07-12T07:29:34Z,2023-07-11T16:46:00Z,CAL FIRE Riverside Unit,Riverside,Gilman Springs Road and Hwy 60 near Moreno Valley ,35,-117.124,33.9364,a62c68f5-5a19-4dec-87f5-215a97726276,https://www.fire.ca.gov/incidents/2023/7/11/spring-fire/,2023-07-12T07:00:00Z,7/12/2023,7/11/2023
Avocado Fire,2023-07-13T07:14:49Z,2023-07-12T16:29:00Z,CAL FIRE Riverside Unit,Riverside,"near Avocado Mesa Road, in La Cresta",10,-117.300098,33.505725,d8c6de46-8d1b-4e04-b3fe-c9212ce92fd3,https://www.fire.ca.gov/incidents/2023/7/12/avocado-fire/,2023-07-13T06:30:00Z,7/13/2023,7/12/2023
Pulsar Fire,2023-07-14T20:44:03Z,2023-07-13T20:39:00Z,CALFIRE Riverside County Fire Department,Riverside,"Pulsar View Road, Lakeview",12,-117.068009,33.821929,bbd4db04-faef-41c7-9422-ee1393ca1b1f,https://www.fire.ca.gov/incidents/2023/7/13/pulsar-fire/,2023-07-14T20:37:00Z,7/14/2023,7/13/2023
Highland Fire,2023-07-17T18:27:18Z,2023-07-14T14:57:00Z,CALFIRE Riverside County Fire Department,Riverside,"South Highland Springs Ave and Breckenridge Ave, Beaumont, Ca.",105,-116.946498,33.907342,e8f155bc-20c6-4344-b5dc-69ce1d0b8613,https://www.fire.ca.gov/incidents/2023/7/14/highland-fire/,2023-07-17T18:27:00Z,7/17/2023,7/14/2023
Rabbit Fire,2025-01-18T00:13:34Z,2023-07-14T15:30:00Z,"Unified Command: CAL FIRE Riverside Unit, Riverside County Sheriff, Riverside County Type 3 All Hazard Incident Management Team",Riverside,"Northeast of Gilman Springs Road and Jack Rabbit Trail, in Lakeview ",8355,-117.070916,33.889467,472e88dd-7121-4fb6-825c-91af4d5ed373,https://www.fire.ca.gov/incidents/2023/7/14/rabbit-fire/,2023-07-22T17:00:00Z,7/22/2023,7/14/2023
Gavilan Fire,2024-06-04T15:06:32Z,2023-07-15T15:28:00Z,CALFIRE Riverside Unit,Riverside,Gavilan Road and Smith Road in Lake Matthews,336,-117.358124,33.817004,e013877e-7837-435f-8bb1-692b68a37f8e,https://www.fire.ca.gov/incidents/2023/7/15/gavilan-fire/,2023-07-21T17:00:00Z,7/21/2023,7/15/2023
Lodoga Fire,2023-07-19T12:10:09Z,2023-07-16T21:46:00Z,CAL FIRE Sonoma-Lake-Napa Unit,Colusa,"Sites Lodoga Road and Lodoga Stonyford Road, Colusa County",22,-122.466,39.2694,b57f434d-f307-4055-b47b-e49337374dd9,https://www.fire.ca.gov/incidents/2023/7/16/lodoga-fire/,2023-07-19T12:09:59Z,7/19/2023,7/16/2023
Stony Fire,2023-07-20T13:22:57Z,2023-07-18T14:48:00Z,CAL FIRE Tehama-Glenn Unit,Glenn,"County Road 306 and Hwy 162, north of Elk Creek",89,-122.5259,39.6685,471a442e-3c6c-49d3-a1da-c6539336f975,https://www.fire.ca.gov/incidents/2023/7/18/stony-fire/,2023-07-20T08:00:00Z,7/20/2023,7/18/2023
Juniper Fire,2023-07-20T13:21:57Z,2023-07-18T20:59:23Z,CAL FIRE Fresno-Kings County Fire,Fresno,"Highway 198 and Crump Lane, West of Coalinga ",15,-120.5689,36.1132,33f3bc95-bab6-445a-95d0-58b7cd247431,https://www.fire.ca.gov/incidents/2023/7/18/juniper-fire/,2023-07-19T16:00:00Z,7/19/2023,7/18/2023
Reche Fire,2024-06-04T15:05:36Z,2023-07-14T00:58:00Z,CAL FIRE Riverside Unit,Riverside,"Reche Canyon Road and Broe Road, Moreno Valley",436,-117.2169,33.9835,eb2196cc-8ecb-49f6-ae21-a832da54a663,https://www.fire.ca.gov/incidents/2023/7/14/reche-fire/,2023-07-21T06:00:00Z,7/21/2023,7/14/2023
Idria Fire,2023-07-22T07:39:37Z,2023-07-19T23:32:00Z,CAL FIRE San Benito-Monterey,San Benito,"New Idria Road, near New Idria",296,-120.801732,36.490487,8e5b1375-7f14-4731-aa73-86e5db2e7f70,https://www.fire.ca.gov/incidents/2023/7/19/idria-fire/,2023-07-22T06:00:00Z,7/22/2023,7/19/2023
Oak Fire,2023-07-20T19:46:08Z,2023-07-19T14:02:00Z,CAL FIRE Riverside Unit,Riverside,"7100 Block of Sierra Avenue, in Jurupa Valley",137,-117.4261,34.0182,4882ca86-e46f-429b-bc3c-194654bfb01f,https://www.fire.ca.gov/incidents/2023/7/19/oak-fire/,2023-07-20T17:00:00Z,7/20/2023,7/19/2023
Victor Fire,2023-08-09T08:22:32Z,2023-07-25T15:25:00Z,Los Angeles County Fire Department,Los Angeles,"North Sierra Highway and Needham Ranch Parkway, Santa Clarita",70,-118.507954,34.356691,44518f29-7ba2-45c1-b6f6-13e3556ee941,https://www.fire.ca.gov/incidents/2023/7/25/victor-fire/,2023-07-27T08:22:04Z,7/27/2023,7/25/2023
Agua Fire,2023-12-05T13:55:55Z,2023-07-25T14:17:00Z,Angeles National Forest ,Los Angeles,"Soledad Canyon, west of Acton",421,-118.326389,34.438333,287f3a55-d3a6-4273-ad3c-c66910a12cb9,https://www.fire.ca.gov/incidents/2023/7/25/agua-fire/,2023-08-07T18:00:00Z,8/7/2023,7/25/2023
Turkey Fire,2023-08-03T15:01:36Z,2023-07-26T14:17:00Z,CAL FIRE Butte Unit,Butte,"Turkey Creek Trail, Swedes Flat Rd, Bangor",65,-121.399989,39.446994,6401556e-3e19-467b-8c26-af4a20864672,https://www.fire.ca.gov/incidents/2023/7/26/turkey-fire/,2023-08-03T14:53:38Z,8/3/2023,7/26/2023
Bonny Fire,2024-06-04T15:07:27Z,2023-07-27T14:52:00Z,Unified Command: CAL FIRE Riverside Unit and Riverside County Sheriff's Department. ,Riverside,"45000 Block of Bonny Lane, near Aguanga",2323,-116.7247,33.4769,9140903a-8dd4-45f9-aac7-70921d3f1948,https://www.fire.ca.gov/incidents/2023/7/27/bonny-fire/,2023-08-07T08:32:11Z,8/7/2023,7/27/2023
Sunset Fire,2023-07-28T19:07:38Z,2023-07-27T18:49:16Z,CAL FIRE Riverside County Fire,Riverside,"Mesa Street cross of Gilman Street, Banning CA",103,-116.9081,33.9372,6444fb86-d180-4a36-98fe-e2959a14965d,https://www.fire.ca.gov/incidents/2023/7/27/sunset-fire/,2023-07-28T17:00:00Z,7/28/2023,7/27/2023
Flynn Fire,2023-07-30T07:17:41Z,2023-07-29T19:09:00Z,CAL FIRE Santa Clara Unit,Alameda,"I-580 and North Flynn Road, Altamont ",80,-121.6065,37.7356,09e1c7bf-e40b-4843-b245-917cb162130b,https://www.fire.ca.gov/incidents/2023/7/29/flynn-fire/,2023-07-30T06:00:00Z,7/30/2023,7/29/2023
Shell Fire,2023-08-02T20:28:11Z,2023-07-30T11:56:00Z,CAL FIRE San Luis Obispo Unit,San Luis Obispo,"Shell Creek and HWY 58, east of Creston",100,-120.334625,35.458459,6550e4e3-ef7f-4ebd-87ca-4a4244fdffd2,https://www.fire.ca.gov/incidents/2023/7/30/shell-fire/,2023-08-02T20:26:50Z,8/2/2023,7/30/2023
York Fire,2023-12-05T14:27:05Z,2023-08-01T09:07:57Z,Mojave National Preserve ,San Bernardino,"New York Mountains, San Bernardino County, and Clark County",93078,-115.317389,35.191889,44335201-1bda-408e-8bed-ec84b650c770,https://www.fire.ca.gov/incidents/2023/8/1/york-fire/,2023-08-19T18:00:00Z,8/19/2023,8/1/2023
Haberkern Fire,2023-08-02T20:26:29Z,2023-08-01T16:00:00Z,Kern County Fire ,Kern," Lebec, South of Bakersfield",35,-119.988888,36.7611111,1df129dd-265c-450d-a605-b46d82ca0436,https://www.fire.ca.gov/incidents/2023/8/1/haberkern-fire/,2023-08-02T20:26:18Z,8/2/2023,8/1/2023
East Fire ,2024-06-04T15:08:21Z,2023-08-01T14:26:00Z,Kern County Fire Department,Kern,"Round Mountain Road and Eastmont Road, northeast of Bakersfield",1291,-118.875657,35.490591,29d92f74-bbef-483e-9cf5-4f45aa82a8ba,https://www.fire.ca.gov/incidents/2023/8/1/east-fire/,2023-08-02T20:28:31Z,8/2/2023,8/1/2023
Almond Fire,2023-08-04T11:05:15Z,2023-08-02T23:44:00Z,CAL FIRE Riverside Unit,Riverside,"Bonita Avenue and Poplar Street, Cabazon",95,-116.76111,33.91436,e595da7d-9cd4-48a3-9b11-5363cfd066e1,https://www.fire.ca.gov/incidents/2023/8/2/almond-fire/,2023-08-02T09:50:00Z,8/2/2023,8/2/2023
Ridge Fire,2023-08-09T08:35:39Z,2023-08-04T14:45:00Z,CALFIRE Shasta-Trinity Unit,Shasta,"15000 block of Fawn Ridge Drive, French Gulch, Ca",28,-122.624538,40.735974,8ae10edc-77d0-4df3-a398-846bea7acac0,https://www.fire.ca.gov/incidents/2023/8/4/ridge-fire/,2023-08-06T06:00:00Z,8/6/2023,8/4/2023
Boulevard Fire,2023-08-06T07:01:40Z,2023-08-04T14:49:00Z,Kern County Fire Department,Kern,"Cameron Canyon Road & Hwy 58, Cameron",88,-118.2951023,35.0990626,c19ca405-6810-4097-b078-13fa9a7a6119,https://www.fire.ca.gov/incidents/2023/8/4/boulevard-fire/,2023-08-06T07:01:33Z,8/6/2023,8/4/2023
No Name Fire,2023-12-05T14:27:31Z,2023-08-05T17:42:23Z,Lead agency: Kern County Fire,Kern,"Sand Canyon Rd , southwest of Pearsonville",1120,-117.8875,35.78611,128eaf5b-0947-44d0-9df9-fd7975d0fe9d,https://www.fire.ca.gov/incidents/2023/8/5/no-name-fire/,2023-08-19T17:00:00Z,8/19/2023,8/5/2023
Almond Fire,2024-06-04T15:09:17Z,2023-08-06T16:52:04Z,Kern County Fire,Kern,Highway 46 and highway 33 West of Lost Hills. ,5228,-119.835808,35.614674,ac1b69c8-652d-428a-90eb-008eff0029d7,https://www.fire.ca.gov/incidents/2023/8/6/almond-fire/,2023-08-07T18:00:00Z,8/7/2023,8/6/2023
Bunnie Fire,2023-08-11T17:09:19Z,2023-08-09T11:18:00Z,CAL FIRE San Diego Unit,San Diego,"San Vicente Road and Chuck Wagon Road, Ramona",184,-116.855731,32.994676,bdbc6903-5fea-4b29-9ddf-874bfd7174c8,https://www.fire.ca.gov/incidents/2023/8/9/bunnie-fire/,2023-08-11T16:00:00Z,8/11/2023,8/9/2023
Rock Fire,2024-06-04T15:09:51Z,2023-08-09T14:35:00Z,CAL FIRE Riverside Unit,Riverside,"Southwest of Martin St & Davis Rd, Lake Perris",531,-117.150639,33.871189,0a2ff66b-76bc-4671-9afe-a2023060b6d9,https://www.fire.ca.gov/incidents/2023/8/9/rock-fire/,2023-08-10T16:00:02Z,8/10/2023,8/9/2023
Cemetery Fire,2023-08-10T15:06:45Z,2023-08-09T14:00:00Z,CAL FIRE Butte Unit,Butte,Highway 99 and Deniz Bros Lane near Gridley in Butte County,68,-121.68793,39.377918,4769737e-f0b5-48c0-9b39-90db40414a7d,https://www.fire.ca.gov/incidents/2023/8/9/cemetery-fire/,2023-08-09T18:00:00Z,8/9/2023,8/9/2023
Dry Creek Complex,2023-12-05T14:18:19Z,2023-08-10T18:51:00Z,CAL FIRE Tulare Unit,Tulare,"Dry Creek Road and Mile Marker 4, northeast of Woodlake in Tulare County",301,-119.0113,36.5323,954a9ca6-3863-4a6f-b22f-fc6bb6fcef6c,https://www.fire.ca.gov/incidents/2023/8/10/dry-creek-complex/,2023-08-10T18:00:00Z,8/10/2023,8/10/2023
Hernandez Fire,2023-08-11T20:21:24Z,2023-08-10T18:47:45Z,CAL FIRE San Benito-Monterey,San Benito,Hernandez road and San Benito lateral Northeast of King City,75,-120.9783812,36.4392121,21d01f9d-fc51-4a0a-88ca-06f934ea2cae,https://www.fire.ca.gov/incidents/2023/8/10/hernandez-fire/,2023-08-11T20:00:00Z,8/11/2023,8/10/2023
Trotter,2023-08-16T17:56:16Z,2023-08-14T11:10:00Z,Kern County Fire Department,Kern,"Trotter Dr and Skyline Drive, West of Tehachapi ",52,-118.6027987,35.1387962,2b5b710e-acec-4818-9d26-22062a75d793,https://www.fire.ca.gov/incidents/2023/8/14/trotter/,2023-08-16T17:00:00Z,8/16/2023,8/14/2023
Bitter Fire,2024-06-04T15:10:28Z,2023-08-15T17:56:00Z,CALFIRE - San Luis Obispo Unit,San Luis Obispo,"Soda Lake Road and Bitterwater Road, Southeast of Shandon",695,-120.0574,35.4854,db55b282-4079-4a2a-beb8-e85f42b0491b,https://www.fire.ca.gov/incidents/2023/8/15/bitter-fire/,2023-08-16T06:19:00Z,8/16/2023,8/15/2023
SKU August Lightning Complex,2024-06-04T15:11:28Z,2023-08-15T19:48:44Z,CAL FIRE Siskiyou Unit,Siskiyou,Siskiyou County,838,-121.5041,41.2477,c9ed4253-40dd-4388-8988-d832d313a728,https://www.fire.ca.gov/incidents/2023/8/15/sku-august-lightning-complex/,2023-08-31T07:00:00Z,8/31/2023,8/15/2023
Deep Fire,2023-12-05T14:29:17Z,2023-08-16T08:28:40Z,Shasta-Trinity National Forest Service,Trinity,Stuart Fork drainage,4198,-122.94871,40.93686,47a47e9a-ab8a-4f4c-91fb-3504843cdf45,https://www.fire.ca.gov/incidents/2023/8/16/deep-fire/,2023-10-02T14:44:33Z,10/2/2023,8/16/2023
Slide 1 Fire,2023-12-05T14:28:23Z,2023-08-16T08:35:57Z,Mendocino National Forest Service,Tehama,North of Mount Linn,473,-122.855,40.036944,b552934b-98f7-48dd-bbd5-33e1caf89817,https://www.fire.ca.gov/incidents/2023/8/16/slide-1-fire/,2023-08-22T01:30:00Z,8/22/2023,8/16/2023
Smith River Complex,2023-12-05T14:30:00Z,2023-08-15T07:00:00Z,Six Rivers National Forest,Del Norte,"South of the Oregon border, northeast of High Plateau Mountain",95107,-123.868447,41.958269,d9e259d7-24d5-4e15-b9df-0c23fac25f9c,https://www.fire.ca.gov/incidents/2023/8/15/smith-river-complex/,2023-11-17T18:00:00Z,11/17/2023,8/15/2023
Cochrane Fire,2023-08-23T14:24:33Z,2023-08-16T17:31:03Z,CAL FIRE Santa Clara Unit,Santa Clara,Hwy 101 and Coyote Creek Golf Drive in North Morgan Hill,72,-121.67208,37.18725,ffa56129-0d5e-4ec5-bfae-3440757d9deb,https://www.fire.ca.gov/incidents/2023/8/16/cochrane-fire/,2023-08-23T14:24:10Z,8/23/2023,8/16/2023
Thirty Five Fire,2023-08-17T18:19:56Z,2023-08-17T12:36:00Z,CAL FIRE Tehama-Glenn Unit,Glenn,"County Road 35 and County Road 33, west of Artois",109,-122.3287,39.6194,1c3481f5-3d33-40a2-8f24-5edbebc17d6c,https://www.fire.ca.gov/incidents/2023/8/17/thirty-five-fire/,2023-08-17T17:00:00Z,8/17/2023,8/17/2023
Coyote Fire,2023-12-05T14:19:07Z,2023-08-17T12:11:00Z,Unified Command: CAL FIRE San Diego Unit and San Diego County Sheriff,San Diego,Coyote Holler Road and Round Potrero Road,466,-116.6415,32.6347,243c4ae4-f7eb-44f4-b5e8-ff8c4baaccd5,https://www.fire.ca.gov/incidents/2023/8/17/coyote-fire/,2023-08-20T18:00:00Z,8/20/2023,8/17/2023
Happy Camp Complex,2023-12-05T14:30:30Z,2023-08-16T10:27:00Z,Klamath National Forest Service,Siskiyou,Klamath National Forest and Happy Camp Ranger District near Scott Bar,21725,-123.045093,41.777554,2b9ad272-c3c1-4de1-870d-d35b1e383912,https://www.fire.ca.gov/incidents/2023/8/16/happy-camp-complex/,2023-10-31T01:30:00Z,10/31/2023,8/16/2023
South Fork Complex,2023-12-05T14:31:48Z,2023-08-15T08:00:00Z,Six Rivers National Forest Service,Trinity,"Little Pilot Rock, Bridgeville",3929,-123.662677,40.623606,5608557c-4576-40ac-8f63-a8f428d62117,https://www.fire.ca.gov/incidents/2023/8/15/south-fork-complex/,2023-11-01T18:00:00Z,11/1/2023,8/15/2023
Plant Fire,2023-12-05T14:20:04Z,2023-08-19T13:25:33Z,Los Padres National Forest Service,Santa Barbara,"Aliso Park Road and Foothill Road, New Cuyama",5464,-119.73328,34.9190169,e3297f9e-f753-49b6-9cdf-78700edde34f,https://www.fire.ca.gov/incidents/2023/8/19/plant-fire/,2023-08-30T15:00:00Z,8/30/2023,8/19/2023
SRF Lightning Complex,2023-12-05T14:31:03Z,2023-08-20T11:16:48Z,Six Rivers National Forest ,Humboldt,Humboldt County,50198,-123.611167,41.017222,ad8025a3-0060-49db-a048-bce567ee0a57,https://www.fire.ca.gov/incidents/2023/8/20/srf-lightning-complex/,2023-10-29T11:53:12Z,10/29/2023,8/20/2023
Creek Fire,2023-09-11T12:28:18Z,2023-09-06T15:30:00Z,CAL FIRE Sonoma-Lake-Napa Unit,Lake,"Highway 29 and Clayton Creek Road, south of Lower Lake in Lake County",28,-122.601667,38.903333,4adc26cb-281f-44ef-b6e2-f3509f1c03be,https://www.fire.ca.gov/incidents/2023/9/6/creek-fire/,2023-09-11T12:27:51Z,9/11/2023,9/6/2023
Knoll Fire,2023-09-13T08:09:14Z,2023-09-10T12:46:00Z,CAL FIRE Tuolumne-Calaveras Unit,Calaveras,New Hogan Lake near Valley Springs,32,-120.7942,38.18291,6d65a6f6-b12a-4ed9-94b9-7f90246c8615,https://www.fire.ca.gov/incidents/2023/9/10/knoll-fire/,2023-09-12T18:00:00Z,9/12/2023,9/10/2023
Alta Fire,2023-09-15T14:59:13Z,2023-09-12T15:35:00Z,Sonoma-Lake-Napa Unit,Napa,"Wooden Valley Rd and White Creek, northeast of Napa",14,-122.1796,38.3702,81a42060-b157-40e7-bbb0-a9371a2435c3,https://www.fire.ca.gov/incidents/2023/9/12/alta-fire/,2023-09-13T17:30:00Z,9/13/2023,9/12/2023
Caliente Fire,2023-09-19T14:11:04Z,2023-09-16T15:37:00Z,Kern County Fire,Kern,East of Bealville Road and West of Keene,55,-118.616,35.2674,6c0acbd1-309a-4555-9161-3b757f38d2cc,https://www.fire.ca.gov/incidents/2023/9/16/caliente-fire/,2023-09-17T18:18:00Z,9/17/2023,9/16/2023
Green Fire,2023-10-09T18:49:05Z,2023-10-06T12:05:00Z,CAL FIRE San Luis Obispo,San Luis Obispo,"6000 Block of Hwy 46 W., East of Cambria",243,-120.9739,35.5421,c5c1319d-b98a-4b1e-ac51-65d2f1c2de6f,https://www.fire.ca.gov/incidents/2023/10/6/green-fire/,2023-10-09T18:48:44Z,10/9/2023,10/6/2023
Wiley Fire,2023-10-11T15:16:10Z,2023-10-07T14:49:04Z, Fairfield Fire Department/Suisun Fire District,Solano,"4600 block of Wiley Lane, Suisun",36,-121.981732,38.265241,8cb88028-9b7f-49a9-be2d-6d81c7e06193,https://www.fire.ca.gov/incidents/2023/10/7/wiley-fire/,2023-10-10T15:15:56Z,10/10/2023,10/7/2023
Border 34 Fire,2023-10-31T14:20:30Z,2023-10-29T15:29:00Z,CAL FIRE San Diego Unit,San Diego,"Otay Mountain Wilderness, east of Otay Mesa",24,-116.9196,32.598,e90b6420-76a9-424b-8e26-67422eadc6a0,https://www.fire.ca.gov/incidents/2023/10/29/border-34-fire/,2023-10-30T14:00:00Z,10/30/2023,10/29/2023
Highland Fire,2023-12-05T14:20:27Z,2023-10-30T12:37:00Z,"CAL FIRE Riverside, Riverside County Sheriff’s Department, Riverside County Type 3 All Hazard Incident Management Team ",Riverside,"Highland Road and Aguanga Ranchos Road, Aguanga",2487,-116.82307,33.438207,de8dad71-4393-449f-874b-8a6ce378f5b6,https://www.fire.ca.gov/incidents/2023/10/30/highland-fire/,2023-11-07T13:18:36Z,11/7/2023,10/30/2023
Lizzie Fire,2023-11-01T19:25:56Z,2023-10-30T14:14:00Z,Unified Command: San Luis Obispo City Fire Department/ CAL FIRE San Luis Obispo Unit,San Luis Obispo,"Johnson Avenue and Bishop Street, city of San Luis Obispo",124,-120.644,35.2808,87f3453c-ba4e-40dd-930d-c666ce049af1,https://www.fire.ca.gov/incidents/2023/10/30/lizzie-fire/,2023-11-01T18:20:00Z,11/1/2023,10/30/2023
Sun Fire,2023-11-13T08:50:31Z,2023-11-09T12:15:00Z,Santa Barbara County Fire Department,Santa Barbara,"7200 San Julian Road, Lompoc",211,-120.32318,34.55742,1c646b82-e568-4051-a642-059744a09eab,https://www.fire.ca.gov/incidents/2023/11/9/sun-fire/,2023-11-13T06:00:00Z,11/13/2023,11/9/2023
Manzanita Fire,2023-11-20T11:32:33Z,2023-11-14T16:25:00Z,CAL FIRE Riverside Unit,Riverside,Northbound Highway 79 and Gilman Springs Road,15,-117.003584,33.839416,7deacf45-3e46-48fd-b0ba-fdd89f65d574,https://www.fire.ca.gov/incidents/2023/11/14/manzanita-fire/,2023-11-14T09:05:00Z,11/14/2023,11/14/2023
Sage Fire,2023-11-30T09:40:12Z,2023-11-23T13:50:00Z,United States Fish and Wildlife Service,San Diego,"Highway 94 at Vista Sage Lane, Jamul",39,-116.891493,32.723389,6ebb5e9c-a73e-4685-8e58-2aa653e922f4,https://www.fire.ca.gov/incidents/2023/11/23/sage-fire/,2023-11-28T12:20:00Z,11/28/2023,11/23/2023
Border 38 Fire,2023-12-06T16:01:20Z,2023-12-05T09:45:00Z,CAL FIRE San Diego Unit,San Diego,Marron Valley Road and Tijuana River ,13,-116.7986,32.5666,d372cad1-7e39-4973-87fc-3e400acc081e,https://www.fire.ca.gov/incidents/2023/12/5/border-38-fire/,2023-12-06T16:01:10Z,12/6/2023,12/5/2023
Elm Fire,2023-12-11T12:35:44Z,2023-12-09T09:21:00Z,CAL FIRE Riverside Unit,Riverside,"Ida Avenue and Peach Street, Cabazon ",65,-116.7635,33.9007,a17adb99-eed2-4669-91b2-aecc302fdab9,https://www.fire.ca.gov/incidents/2023/12/9/elm-fire/,2023-12-11T12:35:20Z,12/11/2023,12/9/2023
South Fire,2023-12-12T08:19:20Z,2023-12-09T09:38:00Z,Ventura County Fire Department,Ventura,"South Mountain Loop Road and Solano Verde Drive, South of Santa Paula",2715,-118.9938,34.327,55e9dd9a-0f62-4f5c-b3e3-3d63c0bfedec,https://www.fire.ca.gov/incidents/2023/12/9/south-fire/,2023-12-12T08:18:55Z,12/12/2023,12/9/2023
Pine Fire,2023-12-15T18:52:58Z,2023-12-15T12:20:00Z,Kern County Fire Department,Kern,"South Granite Road and Round Mountain Road, Northeast of Bakersfield",181,-118.8696,35.5593,93dec295-6159-4227-8b85-4ae3a7abe6bb,https://www.fire.ca.gov/incidents/2023/12/15/pine-fire/,2023-12-15T18:52:47Z,12/15/2023,12/15/2023
Border 42 Fire,2023-12-22T10:52:43Z,2023-12-21T21:55:00Z,CAL FIRE San Diego Unit,San Diego,"Marron Valley and Barrett Truck Trail, South of Dulzura",50,-116.7718,32.6036,91e89644-a6fc-4216-a9bb-b7f52e8d3093,https://www.fire.ca.gov/incidents/2023/12/21/border-42-fire/,2023-12-22T08:00:00Z,12/22/2023,12/21/2023
Palmas Fire,2024-02-26T15:25:20Z,2024-02-20T23:57:00Z,Bureau of Land Management,Riverside,"Dos Palmas Spring Road, North Shore ",239,-115.82784,33.5103795,da0f58a2-b61c-4514-8439-c4ca4792718a,https://www.fire.ca.gov/incidents/2024/2/20/palmas-fire/,2024-02-26T16:00:00Z,2/26/2024,2/20/2024
 Bryson Fire,2024-02-28T07:32:19Z,2024-02-27T12:27:41Z,CAL FIRE San Benito-Monterey Unit,Monterey,"Sapague Rd and Bryson Hesperia Road, Northeast of Bryson",11,-121.084104,35.81148,c32fd360-9830-4ad1-9595-0b3a67257eba,https://www.fire.ca.gov/incidents/2024/2/27/bryson-fire/,2024-02-27T23:00:00Z,2/27/2024,2/27/2024
School Fire,2025-06-03T14:40:21Z,2024-05-02T13:41:00Z,Kern County Fire Department,Kern, Highway 166 and Basic School Road,1479,-119.33179,35.04847,9aeb7f9d-3672-400d-ba4e-2b490220f78d,https://www.fire.ca.gov/incidents/2024/5/2/school-fire/,2024-05-03T09:00:00Z,5/3/2024,5/2/2024
Magnolia Fire,2024-05-08T12:41:52Z,2024-05-07T14:08:25Z,CAL FIRE Riverside Unit,Riverside,"Apache Trail & Bonita Avenue, Cabazon",37,-116.807061,33.9208,d9d67720-8b28-47d1-a05d-3033c70b73a3,https://www.fire.ca.gov/incidents/2024/5/7/magnolia-fire/,2024-05-08T12:41:30Z,5/8/2024,5/7/2024
Janell Fire,2024-05-15T11:50:28Z,2024-05-14T12:34:22Z,CAL FIRE Riverside Unit,Riverside,45900 Block of Cahuilla Road,14,-116.8539685,33.471139,0e7ec8f8-87e5-4a70-9369-08b96059d3eb,https://www.fire.ca.gov/incidents/2024/5/14/janell-fire/,2024-05-15T04:35:00Z,5/15/2024,5/14/2024
Mission Fire,2024-06-28T12:11:40Z,2024-05-18T14:47:29Z,CAL FIRE Riverside Unit,Riverside,Highway 62 and Mission Creek Road,27,-116.583317,33.984278,49095c12-ea76-4ac6-8034-ff1da7b6c03f,https://www.fire.ca.gov/incidents/2024/5/18/mission-fire/,2024-05-18T16:33:00Z,5/18/2024,5/18/2024
Wind Fire,2024-06-28T12:09:51Z,2024-05-20T07:45:00Z,Kern County Fire,Kern,"West of Interstate 5, South of Laval Road, North of the Grapevine",121,-118.99692,34.96545,b7ca9cee-f5e3-4d5c-afd0-19ade7b24ba9,https://www.fire.ca.gov/incidents/2024/5/20/wind-fire/,2024-05-20T18:45:00Z,5/20/2024,5/20/2024
Knolls Fire,2024-06-28T12:06:55Z,2024-05-22T12:49:26Z,CAL FIRE San Diego Unit,San Diego,"Santa Fe Knolls Lane, Rancho Santa Fe",17,-117.170895,33.02113,9fdbe919-5581-44a9-aaf6-307037193995,https://www.fire.ca.gov/incidents/2024/5/22/knolls-fire/,2024-05-22T21:00:00Z,5/22/2024,5/22/2024
Seven Fire,2024-06-21T10:04:01Z,2024-05-23T16:33:53Z,CAL FIRE Butte Unit,Butte,Unknown / TBD,11,-121.908346,39.539678,198dd536-7be9-44ca-b300-763e8927737c,https://www.fire.ca.gov/incidents/2024/5/23/seven-fire/,2024-05-24T01:45:00Z,5/24/2024,5/23/2024
Panoche Fire,2024-06-28T12:03:47Z,2024-05-25T10:14:38Z,CAL FIRE San Benito-Monterey Unit ,San Benito,"Panoche Road and Clear Creek Road, New Idria ",191,-120.8471351,36.5097274,72e46bd8-232b-45c0-a715-46fec070b9e1,https://www.fire.ca.gov/incidents/2024/5/25/panoche-fire/,2024-05-28T19:30:00Z,5/28/2024,5/25/2024
Hill Fire,2025-06-03T14:41:42Z,2024-05-28T12:15:00Z,Unified Command: Santa Barbara County Fire Department and United States Forest Service,Santa Barbara,"Foothill Road and Highway 33, Cuyama Valley",1383,-119.5572279,34.8936966,a8dbeeba-fe5a-4cc2-b1f5-c0f62d9c13a7,https://www.fire.ca.gov/incidents/2024/5/28/hill-fire/,2024-06-01T09:19:58Z,6/1/2024,5/28/2024
Dillon Fire,2024-06-28T11:42:47Z,2024-05-28T15:19:33Z,CAL FIRE Riverside Unit,Riverside,"Highway 62 and Pierson Boulevard, Desert Hot Springs",34,-116.600203,33.925778,367bb551-c370-4dac-9ce5-7ee4999878a5,https://www.fire.ca.gov/incidents/2024/5/28/dillon-fire/,2024-05-28T18:00:00Z,5/28/2024,5/28/2024
Mocal Fire,2024-06-28T11:21:08Z,2024-05-28T16:31:00Z,Kern County Fire Department,Kern,West of Fellows,116,-119.558308,35.180776,dd4afe59-3fa5-4505-b519-ae21aaf822a0,https://www.fire.ca.gov/incidents/2024/5/28/mocal-fire/,2024-05-29T00:00:00Z,5/29/2024,5/28/2024
Devil Fire,2024-05-29T18:39:17Z,2024-05-29T15:08:22Z,CAL FIRE Fresno-Kings Unit,Kings,25th Avenue East of the California Aqueduct,188,-119.915199,35.85008,7f2a842e-30da-4f04-9c47-7abf1847355c,https://www.fire.ca.gov/incidents/2024/5/29/devil-fire/,2024-05-29T18:34:00Z,5/29/2024,5/29/2024
Howard Fire,2024-06-28T11:17:36Z,2024-05-30T12:14:14Z,CAL FIRE Riverside Unit,Riverside,"Howard Road & Old Ranch Road, Anza ",32,-116.718429,33.56557,24ea1259-3db7-44bb-9d52-ec12666d7c14,https://www.fire.ca.gov/incidents/2024/5/30/howard-fire/,2024-05-31T21:44:48Z,5/31/2024,5/30/2024
Limonite Fire,2024-06-28T11:07:10Z,2024-05-31T13:39:03Z,CAL FIRE/Riverside County Fire Department,Riverside,"Limonite Avenue & Bain Avenue, Jurupa Valley",18,-117.505873,33.975351,8f5c5e63-78a9-42d1-a3d9-57ddb6c6a0af,https://www.fire.ca.gov/incidents/2024/5/31/limonite-fire/,2024-06-01T18:32:23Z,6/1/2024,5/31/2024
Fields Fire,2024-06-28T11:05:02Z,2024-05-31T15:22:10Z,"CAL FIRE Madera-Mariposa-Merced Unit
",Merced,"Fields Road cross of Le Grande Road, North of the community of Snelling",22,-120.425878,37.565014,aeaaa127-7246-4a93-b7af-1a705002ada2,https://www.fire.ca.gov/incidents/2024/5/31/fields-fire/,2024-06-01T09:25:54Z,6/1/2024,5/31/2024
Ranch Fire,2025-06-03T14:44:02Z,2024-05-31T22:24:23Z,Kern County Fire,Kern,"Rancheria Road, Bakersfield",616,-118.82214,35.442336,aa660305-cefc-41ce-8d06-f77dec63a8e3,https://www.fire.ca.gov/incidents/2024/5/31/ranch-fire/,2024-06-01T19:30:46Z,6/1/2024,5/31/2024
Raymond Fire,2024-06-28T11:02:03Z,2024-06-01T20:55:50Z,CAL FIRE Madera-Mariposa-Merced unit,Madera,"Cleveland Avenue and Raymond Road, City of Madera",27,-120.044449,36.974519,8272c94a-4757-4ee4-9395-69cf62f0d857,https://www.fire.ca.gov/incidents/2024/6/1/raymond-fire/,2024-06-02T00:00:00Z,6/2/2024,6/1/2024
Crystal Fire,2024-06-28T10:06:34Z,2024-06-05T13:40:12Z,CAL FIRE Sonoma-Lake-Napa Unit,Napa,"250 Block of Crystal Springs Road, Deer Park",60,-122.494472,38.55954,ea843ab2-4115-4cab-9ef7-3a2cb3af9a15,https://www.fire.ca.gov/incidents/2024/6/5/crystal-fire/,2024-06-08T06:58:49Z,6/8/2024,6/5/2024
Little Fire,2024-06-07T14:54:50Z,2024-06-06T05:30:45Z,CAL FIRE Fresno Kings Unit,Fresno,"Little Panoche Road and West Shields Avenue, Mendota",34,-120.729222,36.777907,fd38093a-e9db-4603-99f0-e760d7c92e97,https://www.fire.ca.gov/incidents/2024/6/6/little-fire/,2024-06-06T08:00:00Z,6/6/2024,6/6/2024
Relay Fire,2024-06-07T07:53:49Z,2024-06-06T13:14:49Z,CAL FIRE/Riverside County Fire Department,Riverside,Near the intersection of Beaumont Avenue and California Avenue,47,-116.980503,33.910994,687f0b9f-3685-46d1-953b-38540b363b8c,https://www.fire.ca.gov/incidents/2024/6/6/relay-fire/,2024-06-06T20:20:00Z,6/6/2024,6/6/2024
Gaskell Fire,2025-06-03T15:13:48Z,2024-06-06T15:59:13Z,Kern County Fire Department,Kern,Unknown / TBD,405,-118.30848,34.82333,5fbf1bfd-1767-4459-a8f7-eee8e83463e8,https://www.fire.ca.gov/incidents/2024/6/6/gaskell-fire/,2024-06-07T12:25:00Z,6/7/2024,6/6/2024
Morgan Fire,2024-06-08T08:02:16Z,2024-06-07T14:54:47Z,CAL FIRE/Riverside County Fire Department,Riverside,"Coppola Street and Morgan Hill Drive, Temecula",14,-117.052745,33.487833,fa87ab64-243c-4b62-90b7-312c020e656c,https://www.fire.ca.gov/incidents/2024/6/7/morgan-fire/,2024-06-07T07:00:00Z,6/7/2024,6/7/2024
Poleline Fire,2024-06-07T21:32:01Z,2024-06-07T18:57:04Z,CAL FIRE Madera Mariposa Unit,Merced,"Poleline Road and Highway 165, Los Banos",30,-120.834941,36.928296,591daf80-c234-485c-8d0e-38c9c6049980,https://www.fire.ca.gov/incidents/2024/6/7/poleline-fire/,2024-06-07T21:31:41Z,6/7/2024,6/7/2024
Creek Fire,2024-06-14T13:36:28Z,2024-06-09T09:35:00Z,Kern County Fire Department,Kern," Caliente Creek Road, Caliente",50,-118.386667,35.346667,ed47f029-1282-4d6b-b00a-1abdc40418e5,https://www.fire.ca.gov/incidents/2024/6/9/creek-fire/,2024-06-11T08:00:00Z,6/11/2024,6/9/2024
Cod Fire,2024-06-28T09:44:32Z,2024-06-10T17:49:24Z,CAL FIRE Siskiyou Unit ,Siskiyou,"Cod Drive, Hornbrook ",28,-122.444022,41.900664,410327d5-b412-4a81-99f5-bd10c9e9c832,https://www.fire.ca.gov/incidents/2024/6/10/cod-fire/,2024-06-13T18:58:12Z,6/13/2024,6/10/2024
Lincoln Fire,2024-06-12T10:27:42Z,2024-06-11T15:51:07Z,Los Angeles County Fire Department,Los Angeles," 20th Street, Palmdale ",17,-118.09927,34.65729,7860b848-c83b-4f45-9359-91836fc1d8c8,https://www.fire.ca.gov/incidents/2024/6/11/lincoln-fire/,2024-06-11T19:15:00Z,6/11/2024,6/11/2024
Post Fire,2025-07-29T10:12:31Z,2024-06-15T13:47:00Z,Los Angeles County Fire Department,"Los Angeles, Ventura","Gorman Road, Gorman CA",15563,-118.8521,34.79208,c93f7495-a345-4416-80b1-fb91996fa7dd,https://www.fire.ca.gov/incidents/2024/6/15/post-fire/,2024-06-26T18:11:58Z,6/26/2024,6/15/2024
Junes Fire,2025-07-29T10:13:47Z,2024-06-15T15:20:59Z,CAL FIRE Butte Unit,Butte,"Four Junes Way and Palermo Honcut Hwy, south of Palermo",1056,-121.518592,39.369439,2e93fb95-8e13-4724-b358-ca3824e4a6ca,https://www.fire.ca.gov/incidents/2024/6/15/junes-fire/,2024-06-18T17:18:23Z,6/18/2024,6/15/2024
Hernandez Fire,2024-07-24T16:48:16Z,2024-06-15T17:05:07Z,"CAL FIRE San Benito-Monterey
",San Benito,"Airline Highway and Old Hernandez Road, Beaver Dam ",642,-120.986676,36.400976,99234b51-ab68-4aac-978c-af52b5a2f575,https://www.fire.ca.gov/incidents/2024/6/15/hernandez-fire/,2024-06-20T06:02:13Z,6/20/2024,6/15/2024
Sioux Fire,2024-06-28T09:19:48Z,2024-06-15T16:55:18Z,CAL FIRE Madera-Mariposa-Merced Unit,Madera,"Indian Lakes, Coarsegold",15,-119.673538,37.207647,b82bba9f-0d5e-44a4-9547-190c7b147ebc,https://www.fire.ca.gov/incidents/2024/6/15/sioux-fire/,2024-06-16T11:56:30Z,6/16/2024,6/15/2024
West Fire,2024-06-20T10:08:20Z,2024-06-15T17:21:25Z,Los Angeles County Fire Department,Los Angeles,"Near West Avenue G, Lancaster",300,-118.29017,34.73279,520a9130-6e98-4f88-b654-0e77e33edb04,https://www.fire.ca.gov/incidents/2024/6/15/west-fire/,2024-06-15T08:09:00Z,6/15/2024,6/15/2024
Point Fire,2025-07-29T10:22:08Z,2024-06-16T12:33:55Z,CAL FIRE Sonoma-Lake-Napa Unit,Sonoma,"Stewarts Point Road and Skaggs Springs, Geyserville ",1207,-123.012253,38.705475,8cc1df77-db00-4f1e-a167-66941973a5b9,https://www.fire.ca.gov/incidents/2024/6/16/point-fire/,2024-06-24T17:30:53Z,6/24/2024,6/16/2024
Inkopah 5 Fire,2024-06-28T09:14:00Z,2024-06-16T11:15:56Z,CAL FIRE San Deigo Unit,Imperial,"InKoPah Park Road, Boulder Park",30,-116.099983,32.655183,b1c20387-c024-40d6-bb7d-ed46655c4222,https://www.fire.ca.gov/incidents/2024/6/16/inkopah-5-fire/,2024-06-16T20:00:10Z,6/16/2024,6/16/2024
Stage Fire,2024-06-17T17:32:53Z,2024-06-17T14:31:36Z,CAL FIRE Tulare Unit,Tulare,"8400 Block of Old Stage Coach Road, Porterville",81,-118.946399,35.942249,9f426988-5213-4e2c-931f-52517cb4d3e1,https://www.fire.ca.gov/incidents/2024/6/17/stage-fire/,2024-06-17T17:32:51Z,6/17/2024,6/17/2024
Douglas Fire,2025-07-29T10:29:03Z,2024-06-17T14:03:14Z,CAL FIRE Amador-El Dorado Unit,Sacramento,"Douglas Road and Grant Line Road, Sacramento",400,-121.24438,38.54166,4c10216b-5a51-4a3d-ae55-700d44bd2bee,https://www.fire.ca.gov/incidents/2024/6/17/douglas-fire/,2024-06-19T14:06:36Z,6/19/2024,6/17/2024
Sky Fire,2024-06-21T13:07:49Z,2024-06-19T11:32:30Z,Kern County Fire Department ,Kern,"Elk Hills Road and Skyline Road, West of Bakersfield ",528,-119.462711,35.32752,cd7aebca-2b90-4953-a108-2a0cab35a196,https://www.fire.ca.gov/incidents/2024/6/19/sky-fire/,2024-06-19T13:07:44Z,6/19/2024,6/19/2024
Daytona Fire,2024-06-21T13:07:18Z,2024-06-19T15:50:28Z,Kern County Fire Department,Kern,"McKenna Street, Bakersfield",123,-118.878444,35.382,cd369e40-e1c3-48be-8ef4-4561980bd9b1,https://www.fire.ca.gov/incidents/2024/6/19/daytona-fire/,2024-06-19T13:07:13Z,6/19/2024,6/19/2024
Kirk Fire,2024-06-21T13:10:16Z,2024-06-20T10:13:06Z,CAL FIRE Sonoma-Lake-Napa Unit,Solano,"Highway 12 and 100 Red Top Road, Cordelia",20,-122.234173,38.220139,ccba94f4-0300-45e6-9f9c-247ad68ef603,https://www.fire.ca.gov/incidents/2024/6/20/kirk-fire/,2024-06-21T13:10:08Z,6/21/2024,6/20/2024
Double Fire,2024-06-26T12:32:26Z,2024-06-20T13:07:10Z,CAL FIRE Nevada-Yuba-Placer Unit,Yuba,"Double Eagle Way, Yuba County",13,-121.303342,39.458459,d379549a-4026-49d4-81f7-12eee7c3134c,https://www.fire.ca.gov/incidents/2024/6/20/double-fire/,2024-06-23T10:28:48Z,6/23/2024,6/20/2024
Basalt Fire,2024-06-21T13:28:51Z,2024-06-21T05:03:14Z,CAL FIRE Madera-Mariposa-Merced Unit,Merced,"Highway 152 and Basalt Road, Los Banos",58,-121.057483,37.060845,61fcca17-72ce-4d55-ab63-b476f513d46b,https://www.fire.ca.gov/incidents/2024/6/21/basalt-fire/,2024-06-21T13:27:12Z,6/21/2024,6/21/2024
Water Fire,2025-06-03T14:53:53Z,2024-06-21T12:09:00Z,Kern County Fire Department ,Kern,"West of Lost Hills, Kern County",543,-119.96709,35.60366,bc72883a-cba7-40df-9188-54c801003b3b,https://www.fire.ca.gov/incidents/2024/6/21/water-fire/,2024-06-21T18:57:12Z,6/21/2024,6/21/2024
Willow Fire,2024-06-26T12:28:27Z,2024-06-22T15:15:57Z,CAL FIRE Madera-Mariposa-Merced Unit,Madera,"Willow Drive and Raymond Road, West of Hensley Lake",213,-119.91267,37.154953,3c562f83-c547-4567-a729-9cf73cdf83c4,https://www.fire.ca.gov/incidents/2024/6/22/willow-fire/,2024-06-24T18:09:30Z,6/24/2024,6/22/2024
Border 58 Fire,2024-06-26T12:27:57Z,2024-06-22T15:12:41Z,CAL FIRE San Diego Unit,San Diego,"Otay Mountain Truck Trail, Otay Mountain Wilderness, Otay Mesa, CA",137,-116.894511,32.58748,0aa93bff-3d1e-43af-9958-fa526cd40c31,https://www.fire.ca.gov/incidents/2024/6/22/border-58-fire/,2024-06-24T22:01:04Z,6/24/2024,6/22/2024
Valley Fire,2024-06-28T19:37:21Z,2024-06-22T22:47:54Z,CAL FIRE Tulare Unit,Tulare,"East Myer Drive, East of Tooleville ",2,-119.090599,36.274399,ba97837b-0723-465c-8782-4b5168dcbe94,https://www.fire.ca.gov/incidents/2024/6/22/valley-fire/,2024-06-23T10:27:02Z,6/23/2024,6/22/2024
Willms Fire,2024-06-26T12:19:15Z,2024-06-24T15:41:47Z,CAL FIRE Tuolumne-Calaveras Unit,Tuolumne,"East of the Stanislaus County Line, in Tuolumne County  ",12,-120.656478,37.814796,f2432688-2a7d-4030-b3be-94991c782cf5,https://www.fire.ca.gov/incidents/2024/6/24/willms-fire/,2024-06-24T19:28:44Z,6/24/2024,6/24/2024
Amoruso Fire,2025-06-05T12:51:08Z,2024-06-24T17:07:21Z,CAL FIRE - Nevada - Yuba - Placer Unit,Placer,"Amoruso Way and Sunset Boulevard West, near Pleasant Grove in Placer County",502,-121.3909,38.82437,ce429295-7bae-4567-b520-77c78773ece3,https://www.fire.ca.gov/incidents/2024/6/24/amoruso-fire/,2024-06-25T12:23:37Z,6/25/2024,6/24/2024
Basin Fire,2025-06-03T15:17:39Z,2024-06-26T10:29:31Z,Sierra National Forest Service,Fresno,North of Green Cabin Flat Campground,14023,-119.110336,36.868064,9226f0ee-ae1d-4ca7-8a21-9390b6215c85,https://www.fire.ca.gov/incidents/2024/6/26/basin-fire/,2024-07-20T22:10:12Z,7/20/2024,6/26/2024
Bar Fire ,2024-07-01T18:39:06Z,2024-06-27T14:55:00Z,CAL FIRE Butte Unit,Butte,"Long Bar Road x Canyon Highlands Drive, Oroville",36,-121.533535,39.5281902,68755884-e4c5-4564-830e-94df1e45f9bf,https://www.fire.ca.gov/incidents/2024/6/27/bar-fire/,2024-07-01T18:38:55Z,7/1/2024,6/27/2024
Creek Fire,2024-07-01T18:37:17Z,2024-06-29T15:22:59Z,CAL FIRE Amador-El Dorado Unit,El Dorado,"Coon Creek Road and Owl Creek Road, Greenwood",16,-120.930485,38.895723,86c8ff02-a1bd-4de9-80d6-a6cfefa224eb,https://www.fire.ca.gov/incidents/2024/6/29/creek-fire/,2024-07-01T18:37:03Z,7/1/2024,6/29/2024
El Paso Fire,2025-06-03T15:18:35Z,2024-06-29T21:02:55Z,Kern County Fire Department,Kern,"East of Black Mountain and West of Searles, Kern County",471,-117.74823,35.486517,f64533e4-f034-4660-a6fa-31a36d5616e0,https://www.fire.ca.gov/incidents/2024/6/29/el-paso-fire/,2024-07-02T18:58:56Z,7/2/2024,6/29/2024
Sierra Fire ,2025-06-03T15:18:59Z,2024-06-30T15:21:20Z,San Bernardino County Fire Department ,San Bernardino,"South of Sierra Avenue, Fontana",400,-117.43441,34.04119,ca49af04-92e9-4e98-809a-8607939a4c2d,https://www.fire.ca.gov/incidents/2024/6/30/sierra-fire/,2024-07-01T07:51:49Z,7/1/2024,6/30/2024
Kitchen Fire,2024-07-03T22:30:32Z,2024-07-01T10:34:01Z,CAL FIRE San Diego Unit,San Diego,"Kitchen Creek Road and Old Highway 80, Campo",43,-116.47191,32.717444,60babd50-9806-43f4-abed-d2718bd70f7f,https://www.fire.ca.gov/incidents/2024/7/1/kitchen-fire/,2024-07-01T22:30:23Z,7/1/2024,7/1/2024
Kern Fire,2024-07-03T22:31:27Z,2024-07-01T14:33:00Z,Bureau of Land Management,Kern,"Highway 14 near Redrock Iyokern Road, Kern County",15,-117.977028,35.434012,99f2e9d4-f771-40d4-8eb2-d56ab49ef211,https://www.fire.ca.gov/incidents/2024/7/1/kern-fire/,2024-07-01T22:31:13Z,7/1/2024,7/1/2024
Luken Fire,2024-07-03T15:09:07Z,2024-07-02T15:34:42Z,CAL FIRE Riverside Unit,Riverside,"Lukens Lane and Metz Road, unincorporated Perris",18,-117.264072,33.79682,073a621b-0e81-4a52-9332-1b32a9400d21,https://www.fire.ca.gov/incidents/2024/7/2/luken-fire/,2024-07-03T15:08:17Z,7/3/2024,7/2/2024
Power Fire,2024-07-03T22:37:18Z,2024-07-02T17:08:32Z,Kern County Fire Department,Kern,State Route 118,200,-118.750959,35.470889,475bb3e7-2ff7-45dc-8a88-ad819f7c6d7e,https://www.fire.ca.gov/incidents/2024/7/2/power-fire/,2024-07-03T22:36:59Z,7/3/2024,7/2/2024
Little Fire,2024-08-06T08:57:12Z,2024-07-03T15:47:38Z,CAL FIRE Fresno-Kings Unit,Fresno,"Little Panoche Road, Mendota",11,-120.757128,36.786172,4130ec76-340c-450d-996e-c4e2c71a2365,https://www.fire.ca.gov/incidents/2024/7/3/little-fire/,2024-07-03T17:51:00Z,7/3/2024,7/3/2024
Lake Fire,2025-07-29T10:56:40Z,2024-07-05T15:48:46Z,Los Padres National Forest,Santa Barbara,Santa Lucia Road near Zaca Lake,38664,-120.044833,34.785,bc6db02b-254b-4857-9bd9-2ec52580960e,https://www.fire.ca.gov/incidents/2024/7/5/lake-fire/,2024-08-04T23:07:45Z,8/4/2024,7/5/2024
Lucern Fire,2025-06-03T15:23:12Z,2024-07-06T15:24:26Z,San Bernardino County Fire Department,San Bernardino,HWY 18 and High Rd in Lucerne Valley,419,-117.03341,34.45196,7701bdad-0622-432c-a822-1d6bf6de8c2d,https://www.fire.ca.gov/incidents/2024/7/6/lucern-fire/,2024-07-08T17:00:46Z,7/8/2024,7/6/2024
North Fire,2024-07-14T22:46:41Z,2024-07-07T15:38:45Z,Bureau of Land Management - Northern California District,Modoc,"Highway 395, Likely",4685,-120.503588,41.256864,f2edef16-123c-47df-8cfb-5822aaa4e6eb,https://www.fire.ca.gov/incidents/2024/7/7/north-fire/,2024-07-14T22:44:26Z,7/14/2024,7/7/2024
Bogus Fire,2025-06-03T14:57:54Z,2024-07-08T16:02:48Z,CAL FIRE Siskiyou Unit,Siskiyou,East of Ager,411,-122.392257,41.884429,1d2f4147-5768-4f7a-b777-42f72c9d75b4,https://www.fire.ca.gov/incidents/2024/7/8/bogus-fire/,2024-07-15T22:35:23Z,7/15/2024,7/8/2024
Pauba Fire,2024-07-14T22:56:48Z,2024-07-12T13:31:45Z,CAL FIRE/Riverside County Fire Department,Riverside,"CA-79 & Pauba Rd, Temecula, CA",101,-117.02173,33.485557,6ba3ef43-a6ad-486d-8df8-ec24dfdcbfff,https://www.fire.ca.gov/incidents/2024/7/12/pauba-fire/,2024-07-14T22:55:17Z,7/14/2024,7/12/2024
Horse Fire (Previously 3-7),2024-07-23T06:57:58Z,2024-07-13T18:21:03Z,CAL FIRE Lassen-Modoc Unit,Lassen,"East of Horse Creek, North of Little Valley",42,-121.179979,40.9067636,5f6960bc-d915-41c0-8cf0-0a3b7f0af755,https://www.fire.ca.gov/incidents/2024/7/13/horse-fire-previously-3-7/,2024-07-22T22:53:14Z,7/22/2024,7/13/2024
Quality Fire,2024-07-16T22:17:24Z,2024-07-13T18:17:30Z,CAL FIRE San Bernardino Unit,Inyo,"Lone Pine Golf Course Road and Main Street, Lone Pine",51,-118.057587,36.576457,8ff00a3e-f9a6-4c09-8aa0-5549f351312f,https://www.fire.ca.gov/incidents/2024/7/13/quality-fire/,2024-07-16T22:16:59Z,7/16/2024,7/13/2024
Laura Fire,2024-07-19T22:39:46Z,2024-07-14T13:35:28Z,Kern County Fire Department,Kern,East of Havilah,77,-118.40739,35.56702,52f6d338-b396-418c-bff2-17c8ba9412fb,https://www.fire.ca.gov/incidents/2024/7/14/laura-fire/,2024-07-19T22:39:43Z,7/19/2024,7/14/2024
Lost Hills Fire,2024-07-20T22:10:34Z,2024-07-14T22:03:15Z,Kern County Fire Department,Kern,"Lost Hills Road in Lost Hills, Kern",4032,-119.669093,35.636093,60b0ba42-478d-4089-8a27-43b33accb9ed,https://www.fire.ca.gov/incidents/2024/7/14/lost-hills-fire/,2024-07-20T22:10:32Z,7/20/2024,7/14/2024
5 Fire,2024-07-19T19:03:59Z,2024-07-15T16:26:26Z,Kern County Fire Department,Kern,"I-5 North of Twisselman Rd, Lost Hills",348,-119.779871,35.784624,d226687e-93d2-48ad-a17a-acbee0ac4efc,https://www.fire.ca.gov/incidents/2024/7/15/5-fire/,2024-07-19T19:03:08Z,7/19/2024,7/15/2024
Point Fire,2024-12-18T11:40:22Z,2024-07-15T18:26:31Z,Modoc National Forest,Modoc,South of Newell,298,-121.369,41.7975,92340f74-78cc-4fe6-960b-eac31e21340c,https://www.fire.ca.gov/incidents/2024/7/15/point-fire/,2024-07-20T22:12:20Z,7/20/2024,7/15/2024
Hill Fire,2025-07-29T11:12:14Z,2024-07-15T11:05:51Z,Six Rivers National Forest,"Humboldt, Trinity",South of the community of Willow Creek in the Mosquito Creek Drainage,7224,-123.63975,40.7721611,915d22c2-22e8-4720-a486-196e23f31150,https://www.fire.ca.gov/incidents/2024/7/15/hill-fire/,2024-08-14T04:48:59Z,8/14/2024,7/15/2024
Willow Fire,2024-07-19T19:03:43Z,2024-07-16T17:04:46Z,Kern County Fire Department,Kern,"Near Backus Road and 85th Street, Willow Springs",175,-118.257558,34.92221,f27ffd72-b167-4212-a4f9-a8f8099469e0,https://www.fire.ca.gov/incidents/2024/7/16/willow-fire/,2024-07-19T19:02:52Z,7/19/2024,7/16/2024
Donomore Fire,2024-07-21T10:49:30Z,2024-07-16T16:56:10Z,Rogue River-Siskiyou National Forest,Siskiyou,"South/East of Donomore Peak, near the California/Oregon border",35,-122.90457,42.0083,aeab6c71-3acc-4c35-b6e4-4c171a33af62,https://www.fire.ca.gov/incidents/2024/7/16/donomore-fire/,2024-07-21T10:49:29Z,7/21/2024,7/16/2024
Sloane Fire,2024-07-19T21:22:04Z,2024-07-17T17:17:53Z,CAL FIRE San Diego Unit,San Diego,"Southwest of Loveland Dam, Lawson Valley",14,-116.803223,32.773489,2fedc823-b47c-4edb-8993-600bf99e2122,https://www.fire.ca.gov/incidents/2024/7/17/sloane-fire/,2024-07-19T21:22:03Z,7/19/2024,7/17/2024
Ducor 2 Fire,2024-07-20T22:11:38Z,2024-07-18T17:35:22Z,Tulare County Fire Department,Tulare,"Near Road 256 and Avenue 44, Terra Bella",142,-119.0507,35.96289,b952f0cd-8fc8-4877-bf93-a45d80474372,https://www.fire.ca.gov/incidents/2024/7/18/ducor-2-fire/,2024-07-20T22:11:37Z,7/20/2024,7/18/2024
Dorado Fire,2024-07-20T22:15:03Z,2024-07-18T21:38:48Z,CAL FIRE Fresno-Kings Unit,Fresno,"30000 S El Dorado Ave and 23000 W Chandler Ave, Huron",43,-120.211458,36.29802,888e269f-348c-47ce-8ed6-d95267d1dd9b,https://www.fire.ca.gov/incidents/2024/7/18/dorado-fire/,2024-07-20T22:12:52Z,7/20/2024,7/18/2024
Panoche Fire,2024-07-19T22:41:20Z,2024-07-19T11:46:31Z,CAL FIRE San Benito-Monterey Unit,San Benito,Panoche Rd and Little Panoche Rd in the community of Paicines,37,-120.876583,36.606754,f6ef4321-1db2-479e-a658-09174fb579cd,https://www.fire.ca.gov/incidents/2024/7/19/panoche-fire/,2024-07-19T22:41:18Z,7/19/2024,7/19/2024
Liberty Fire,2024-07-20T22:12:06Z,2024-07-19T14:27:56Z, CAL FIRE Amador-El Dorado Unit,San Joaquin,"19100 Block of East Liberty Road, North of Clements",104,-121.0869519,38.2391935,fd9d5a58-d9d5-4904-90d0-0d85f3d6231e,https://www.fire.ca.gov/incidents/2024/7/19/liberty-fire/,2024-07-20T22:11:55Z,7/20/2024,7/19/2024
Deer Fire,2024-07-20T22:13:53Z,2024-07-19T15:57:35Z,Los Angeles County Fire Department,Los Angeles,"East Avenue Q & 35th Street East, East of Palmdale",272,-118.063529,34.5938959,d24167a5-911d-433a-a1ba-cef5dca6aeb0,https://www.fire.ca.gov/incidents/2024/7/19/deer-fire/,2024-07-20T22:10:48Z,7/20/2024,7/19/2024
Abbey Fire,2024-07-21T10:49:49Z,2024-07-19T15:27:42Z,Bureau Of Land Management ,San Bernardino,"North of Redlands Airport, Southeast of Highland",10,-117.139626,34.083439,73ee0e93-b35e-43a0-9475-8a45aacbae1c,https://www.fire.ca.gov/incidents/2024/7/19/abbey-fire/,2024-07-21T10:49:48Z,7/21/2024,7/19/2024
Fork Fire,2025-06-03T15:26:30Z,2024-07-19T15:23:05Z,Angeles National Forest,Los Angeles,"East Fork Road & Glendora Mountain Road, Camp Williams",301,-117.76113,34.239686,d3a2cf16-c3b9-499d-a6c7-4b8875998bb9,https://www.fire.ca.gov/incidents/2024/7/19/fork-fire/,2024-07-28T22:33:39Z,7/28/2024,7/19/2024
Lehi Fire,2024-07-21T10:50:17Z,2024-07-19T18:18:33Z,CAL FIRE Nevada Yuba Placer Unit,Placer,"South of Ridge Road & Lehi Lane, Northwest of Newcastle",9,-121.156605,38.8807773,903c80ce-5474-4a5a-95f9-e5862b2856f1,https://www.fire.ca.gov/incidents/2024/7/19/lehi-fire/,2024-07-21T10:50:06Z,7/21/2024,7/19/2024
Lookout Fire,2024-07-21T20:24:18Z,2024-07-19T22:43:07Z,CAL FIRE Madera-Mariposa-Merced Unit,Madera,Access road to the Deadwood repeater site near the town of Oakhurst ,11,-119.6859,37.3137,e02d609f-2db6-42a9-b929-368c1ffe018c,https://www.fire.ca.gov/incidents/2024/7/19/lookout-fire/,2024-07-21T20:24:11Z,7/21/2024,7/19/2024
Tin Fire,2024-07-21T17:30:25Z,2024-07-20T17:15:07Z,CAL FIRE Riverside Unit,Riverside,"La Sierra Avenue X Tin Mine Road, El Cerrito",125,-117.461546,33.847742,dec6ffd5-3d2f-4357-9711-dab662722c58,https://www.fire.ca.gov/incidents/2024/7/20/tin-fire/,2024-07-21T17:30:11Z,7/21/2024,7/20/2024
Rios Fire,2024-07-21T10:04:22Z,2024-07-20T17:51:09Z,CAL FIRE Mendocino Unit,Mendocino,"Dos Rios, near the community of Covelo ",6,-123.344954,39.635533,008caaaa-8cea-4fb6-97a7-4cb95d750f0d,https://www.fire.ca.gov/incidents/2024/7/20/rios-fire/,2024-07-21T10:03:53Z,7/21/2024,7/20/2024
Coyote Fire,2024-07-21T14:19:22Z,2024-07-20T18:23:13Z,CAL FIRE Tuolumne-Calaveras Unit,Calaveras,"Milton Rd south of Rock Creek Rd, Milton area",203,-120.852597,38.031044,59ae65d6-def2-4848-8cad-5ebec969cc16,https://www.fire.ca.gov/incidents/2024/7/20/coyote-fire/,2024-07-21T14:18:57Z,7/21/2024,7/20/2024
Hawarden Fire,2025-07-29T10:55:17Z,2024-07-21T13:37:01Z,City of Riverside Fire Department,Riverside,"Hawarden Drive, Riverside",588,-117.3727011,33.9278521,130dd62c-2276-4356-9524-562236bfaff8,https://www.fire.ca.gov/incidents/2024/7/21/hawarden-fire/,2024-07-25T23:06:23Z,7/25/2024,7/21/2024
Canyon Fire,2024-07-25T12:16:32Z,2024-07-21T17:51:04Z,CAL FIRE Santa Clara Unit,Stanislaus,"Del Puerto Canyon Road, near the community of Patterson",15,-121.24303,37.47012,ff69211f-e39d-4974-8396-c50a46821bb5,https://www.fire.ca.gov/incidents/2024/7/21/canyon-fire/,2024-07-25T12:16:25Z,7/25/2024,7/21/2024
Wasioja Fire,2024-07-23T13:58:18Z,2024-07-21T19:03:00Z,Santa Barbara County Fire,Santa Barbara,"3 Miles South of HWY 166 & Wasioja Road, New Cuyama",70,-119.782853,34.9842984,88190b2c-eb3e-4293-9a01-a18df2517dae,https://www.fire.ca.gov/incidents/2024/7/21/wasioja-fire/,2024-07-23T13:58:14Z,7/23/2024,7/21/2024
Gold Complex,2024-08-04T23:08:11Z,2024-07-22T14:34:07Z,U.S. Forest Service-Plumas National Forest ,Plumas,Plumas National Forest - Beckwourth Ranger District,3007,-120.535158,39.726014,8ef9f3d7-125c-42a3-8654-f11eacb30b9d,https://www.fire.ca.gov/incidents/2024/7/22/gold-complex/,2024-08-04T23:08:08Z,8/4/2024,7/22/2024
Pencil Fire,2024-07-28T22:36:04Z,2024-07-22T14:16:21Z,U.S. Forest Service-Modoc National Forest ,Modoc,Near McGinty Reservoir,396,-120.519727,41.80078,e3b62ab2-1900-45e2-a3c9-bbe45d96379a,https://www.fire.ca.gov/incidents/2024/7/22/pencil-fire/,2024-07-28T22:35:49Z,7/28/2024,7/22/2024
Maria Fire,2024-07-28T22:30:35Z,2024-07-23T00:29:55Z,CAL FIRE Tuolumne-Calaveras Unit,Calaveras,"Jesus Maria Road and Hawver Road, southeast of Mokelumne Hill",71,-120.656662,38.2856696,5002319c-73be-49c6-bd3e-ee8a2275b437,https://www.fire.ca.gov/incidents/2024/7/23/maria-fire/,2024-07-28T22:30:18Z,7/28/2024,7/23/2024
Border 63 Fire,2024-07-25T12:16:12Z,2024-07-23T09:56:42Z,CAL FIRE San Diego Unit,San Diego,"Highway 94, West of Bell Valley Truck Trail, Potrero",12,-116.568589,32.59738,1fb7abf0-6d39-4453-8507-4ba02c7489b3,https://www.fire.ca.gov/incidents/2024/7/23/border-63-fire/,2024-07-25T12:16:06Z,7/25/2024,7/23/2024
Circle Fire,2024-07-25T23:06:46Z,2024-07-23T12:36:19Z,CAL FIRE Madera-Mariposa-Merced Unit,Madera,"Road 200 and Circle J Ranch Road, O'neals",49,-119.65963,37.152487,07237a37-5e0e-44f9-9255-7442bd596f77,https://www.fire.ca.gov/incidents/2024/7/23/circle-fire/,2024-07-25T23:06:44Z,7/25/2024,7/23/2024
Cow Camp Fire,2024-07-28T22:32:54Z,2024-07-23T15:40:13Z,Humboldt/Toiyabe National Forest,Mono,"Cow Camp Road at Bodie Masonic Road, Bridgeport",292,-119.074167,38.300167,852ed4e7-2505-41dc-9070-a71a0dce290a,https://www.fire.ca.gov/incidents/2024/7/23/cow-camp-fire/,2024-07-28T22:32:39Z,7/28/2024,7/23/2024
Harry Fire,2024-07-25T12:15:27Z,2024-07-23T16:28:05Z,CAL FIRE Siskiyou Unit,Siskiyou,"Harry Cash Road, near Montague.",10,-122.369802,41.673939,46a2ab3e-8d76-4f30-8453-248c47b99624,https://www.fire.ca.gov/incidents/2024/7/23/harry-fire/,2024-07-25T12:15:21Z,7/25/2024,7/23/2024
Acres Fire,2024-07-25T12:15:52Z,2024-07-23T21:09:54Z,CAL FIRE Madera-Mariposa-Merced Unit,Madera,"22800 Block Road 26,North of Madera Acres",10,-120.074549,37.081853,d524998a-1423-4088-a562-b5b511b6457b,https://www.fire.ca.gov/incidents/2024/7/23/acres-fire/,2024-07-25T12:15:44Z,7/25/2024,7/23/2024
Grove 2 Fire,2024-07-28T22:36:51Z,2024-07-24T13:12:32Z,CAL FIRE San Diego Unit,San Diego,"Northeast of Sunshine Summit, CA",863,-116.741601,33.409448,e35176e8-fbe8-451a-ba16-3bdddb7b83e0,https://www.fire.ca.gov/incidents/2024/7/24/grove-2-fire/,2024-07-28T22:36:35Z,7/28/2024,7/24/2024
Flora Fire,2024-07-28T22:29:29Z,2024-07-24T16:41:23Z,CAL FIRE Sonoma-Lake-Napa Unit,Sonoma,"East side of Chalk Hill Road, Geyserville",36,-122.768983,38.590922,a40b4b2d-54ea-4aa7-8fa0-528c91bc8424,https://www.fire.ca.gov/incidents/2024/7/24/flora-fire/,2024-07-28T22:29:06Z,7/28/2024,7/24/2024
Pentz Fire,2024-07-25T23:07:06Z,2024-07-24T19:33:53Z,CAL FIRE Butte Unit,Butte,"Durham-Pentz Road near Hwy 99, S/E of Chico Butte County",40,-121.680996,39.638817,c1545163-959e-4258-848c-3ffde697345a,https://www.fire.ca.gov/incidents/2024/7/24/pentz-fire/,2024-07-25T23:07:01Z,7/25/2024,7/24/2024
Acorn Fire,2024-07-28T22:32:09Z,2024-07-25T12:54:34Z,Unified Command: CAL FIRE Sonoma-Lake-Napa Unit and Northshore Fire Protection District,Lake,"1000 block of Manzanita Circle, Upper Lake",151,-122.87667,39.140133,c6511dca-4499-4bd1-9699-d7ae0ab5a588,https://www.fire.ca.gov/incidents/2024/7/25/acorn-fire/,2024-07-28T22:31:51Z,7/28/2024,7/25/2024
Lawton Fire,2024-07-25T23:07:47Z,2024-07-25T14:17:27Z,CAL FIRE San Bernardino Unit,San Bernardino,"South of Sage Drive & Sierra Vista Drive, Loma Linda",17,-117.26745,34.042687,1542dc82-a61e-40fe-b01b-33dc2dc26773,https://www.fire.ca.gov/incidents/2024/7/25/lawton-fire/,2024-07-25T23:07:45Z,7/25/2024,7/25/2024
Macy Fire,2024-07-28T22:31:23Z,2024-07-25T17:43:22Z,CAL FIRE Riverside Unit,Riverside,"Macy Street and Orange Street, Lake Elsinore",145,-117.383235,33.656742,0b9dcedc-4ba1-41d3-bd28-e3f794253336,https://www.fire.ca.gov/incidents/2024/7/25/macy-fire/,2024-07-28T22:31:05Z,7/28/2024,7/25/2024
Flynn Fire,2025-06-03T15:02:38Z,2024-07-25T21:48:20Z,CAL FIRE Santa Clara Unit,Alameda,I 580 E and N Flynn Rd in the Altamont,429,-121.69605,37.724532,2e22d229-d659-4405-ba5b-6218fa1d8e57,https://www.fire.ca.gov/incidents/2024/7/25/flynn-fire/,2024-07-28T22:34:42Z,7/28/2024,7/25/2024
Point Fire,2025-07-29T10:16:09Z,2024-07-26T15:20:32Z,CAL FIRE Santa Clara Unit,Contra Costa,"North of Evora Road and Nichols Road, Bay Point",471,-121.99056,38.02175,531acd37-ef6b-4b48-a8fa-27d325ceeb0c,https://www.fire.ca.gov/incidents/2024/7/26/point-fire/,2024-07-31T12:49:46Z,7/31/2024,7/26/2024
Cosgrove Fire,2024-07-28T22:28:18Z,2024-07-27T14:49:12Z,CAL FIRE Tuolumne-Calaveras Unit,Calaveras,"Cosgrove Creek Road and Paloma Road, Valley Springs ",12,-120.802822,38.222987,7f2f64d4-8a53-44a3-b2fd-043ce5857574,https://www.fire.ca.gov/incidents/2024/7/27/cosgrove-fire/,2024-07-28T22:26:34Z,7/28/2024,7/27/2024
Riley Fire,2024-07-31T22:48:40Z,2024-07-27T10:47:34Z,CAL FIRE Mendocino Unit,Mendocino,Riley Road near Campo Noyo,12,-123.590238,39.418982,3f6feca8-33d6-4a2f-ac4f-163cd64c2821,https://www.fire.ca.gov/incidents/2024/7/27/riley-fire/,2024-07-31T22:46:17Z,7/31/2024,7/27/2024
Simpson Fire,2024-11-12T13:57:29Z,2024-07-25T17:07:14Z,Sequoia and Kings Canyon National parks,Fresno,Sequoia and Kings Canyon National Park,47,-118.61484,36.98268,07012184-4968-49bf-af0b-5781e699efb6,https://www.fire.ca.gov/incidents/2024/7/25/simpson-fire/,2024-09-02T10:45:00Z,9/2/2024,7/25/2024
Cougar Fire,2024-07-31T22:43:24Z,2024-07-29T16:20:54Z,CAL FIRE Tehama-Glenn Unit,Tehama,"Cougar Drive near Hillcrest Drive, Corning ",9,-122.404759,40.002008,67dfa6fa-3981-43a8-bed6-038556f64840,https://www.fire.ca.gov/incidents/2024/7/29/cougar-fire/,2024-07-31T22:39:18Z,7/31/2024,7/29/2024
Italian Fire,2024-11-12T13:58:10Z,2024-07-29T12:30:39Z,Sierra National Forest,Fresno,"Italian Bar Road and Jose Basin Road, Shaver Lake",46,-119.394,37.1336,2174967f-fd0d-4114-b887-f9d87de74dcb,https://www.fire.ca.gov/incidents/2024/7/29/italian-fire/,2024-11-03T11:52:00Z,11/3/2024,7/29/2024
Eagle Fire,2024-07-31T22:42:25Z,2024-07-30T13:14:59Z,CAL FIRE San Luis Obispo Unit,San Luis Obispo,"2500 block of Bald Eagle, San Miguel",11,-120.561774,35.7205881,5036da8f-717a-4a81-88b2-8d719d2c19e3,https://www.fire.ca.gov/incidents/2024/7/30/eagle-fire/,2024-07-31T22:42:09Z,7/31/2024,7/30/2024
Borel Fire,2025-06-03T15:27:31Z,2024-07-24T12:59:10Z,"Sequoia National Forest
",Kern,"Highway 178, East of Democrat",59288,-118.6836,35.515,cdbc2cd1-1679-4161-9235-df8e7137efa1,https://www.fire.ca.gov/incidents/2024/7/24/borel-fire/,2024-09-16T00:00:00Z,9/16/2024,7/24/2024
Pole Fire,2025-06-03T15:28:15Z,2024-07-30T16:26:10Z,Bureau Of Land Management - California Desert District,San Bernardino,"Roundup Way at Central Road, Apple Valley",300,-117.172494,34.413261,a917a41a-20d6-4163-b82d-2568bcc94e8b,https://www.fire.ca.gov/incidents/2024/7/30/pole-fire/,2024-08-22T14:46:43Z,8/22/2024,7/30/2024
Burbank Fire ,2024-08-04T23:08:36Z,2024-08-03T17:11:53Z,Los Angeles Fire Department ,Los Angeles,"Burbank Boulevard and Woodley Avenue, Encino",75,-118.475521,34.172602,59e1a0fb-d5df-4c79-b35e-ff9bb3823b16,https://www.fire.ca.gov/incidents/2024/8/3/burbank-fire/,2024-08-04T23:08:34Z,8/4/2024,8/3/2024
Morrison Fire,2024-12-20T09:18:04Z,2024-08-04T10:46:39Z,National Park Service,Tuolumne,"Near Morrison Creek, Yosemite National Park",30,-119.615283,37.9043,4d9c178d-e086-42f4-b6b1-a931b5b2b2a9,https://www.fire.ca.gov/incidents/2024/8/4/morrison-fire/,2024-09-20T14:33:00Z,9/20/2024,8/4/2024
Lower Fire,2024-08-15T04:51:47Z,2024-08-10T15:55:31Z,CAL FIRE Shasta-Trinity Unit,Shasta,"Lower Springs road and Eureka Way, Shasta",110,-122.449341,40.581893,cc78abb3-6b9f-4285-93c4-0466946916d2,https://www.fire.ca.gov/incidents/2024/8/10/lower-fire/,2024-08-14T04:51:10Z,8/14/2024,8/10/2024
Blue Fire,2025-06-03T15:06:51Z,2024-08-10T18:25:52Z,Kern County Fire Department,Kern,"Sand Canyon Road, Caliente",427,-118.419612,35.33324,d9b21406-7000-42b7-bed6-7bd26a8d64a7,https://www.fire.ca.gov/incidents/2024/8/10/blue-fire/,2024-08-14T04:50:10Z,8/14/2024,8/10/2024
Reservoir Fire,2024-08-15T04:54:23Z,2024-08-12T14:03:25Z,CAL FIRE Sonoma-Lake-Napa Unit,Lake,"Indian Valley Reservoir Road and Walker Ridge Road, southeast of Indian Valley Reservoir",68,-122.509941,39.07015,379a65b6-ab70-44c9-bf5c-9e175516dddd,https://www.fire.ca.gov/incidents/2024/8/12/reservoir-fire/,2024-08-14T00:00:00Z,8/14/2024,8/12/2024
Anita Fire,2024-08-15T22:03:17Z,2024-08-12T14:22:48Z,CAL FIRE San Diego Unit,San Diego,"Millar Ranch Road, North of Millar Anita Lane, Spring Valley",20,-116.927749,32.717599,4e768968-bce1-45ea-b5f1-a28d75679300,https://www.fire.ca.gov/incidents/2024/8/12/anita-fire/,2024-08-15T22:03:16Z,8/15/2024,8/12/2024
Queenstone Fire,2024-08-15T22:03:39Z,2024-08-13T07:31:00Z,Marin County Fire Department,Marin,"Queenstone Fire Rd & Chicken Shack Fire Rd, west of Marinwood",18,-122.562044,38.043415,198ef9d9-1f09-44fe-bced-8640414f3f5e,https://www.fire.ca.gov/incidents/2024/8/13/queenstone-fire/,2024-08-15T22:03:38Z,8/15/2024,8/13/2024
Quarry Fire,2024-08-13T12:51:00Z,2023-09-09T19:32:00Z,Stanislaus National Forest,Tuolumne,Reynolds Creek in Stanislaus National Forest,9130,-119.991667,38.06095,8fd639fa-cdc5-4a0c-8b8a-7ee7887d30ad,https://www.fire.ca.gov/incidents/2023/9/9/quarry-fire/,2023-11-15T12:49:01Z,11/15/2023,9/9/2023
Papa Fire,2024-08-21T17:31:00Z,2024-08-13T14:52:53Z,Camp Pendleton,San Diego,"Papa 3 Training Area, Camp Pendleton",60,-117.368598,33.3073021,5f07097a-1deb-44b9-bf44-4a7b78c54749,https://www.fire.ca.gov/incidents/2024/8/13/papa-fire/,2024-08-18T21:21:34Z,8/18/2024,8/13/2024
Moon Fire,2024-12-20T09:17:10Z,2024-08-13T14:08:09Z,Angeles National Forest,Los Angeles,Unknown / TBD,15,-117.8406047,34.284624,b50cc0ce-29f2-4300-9014-747d94b7a5e4,https://www.fire.ca.gov/incidents/2024/8/13/moon-fire/,2024-08-14T10:14:00Z,8/14/2024,8/13/2024
Kahlon Fire,2024-08-13T21:50:16Z,2024-08-13T16:00:58Z,CAL FIRE Madera-Mariposa-Merced Unit,Merced,"Near Highway 99, South of Merced",17,-120.32559,37.181034,5e835ec5-e5aa-4fb7-bf45-0d437e73fcdf,https://www.fire.ca.gov/incidents/2024/8/13/kahlon-fire/,2024-08-13T21:49:53Z,8/13/2024,8/13/2024
Bruns Fire,2024-08-15T04:55:26Z,2024-08-14T11:33:29Z,CAL FIRE Santa Clara Unit in unified command with Contra Costa Fire Protection District,Contra Costa,"Bruns Road, South of Byron",25,-121.604861,37.809344,32a55d22-1435-4014-a3c9-9cdaaaadac9f,https://www.fire.ca.gov/incidents/2024/8/14/bruns-fire/,2024-08-14T00:00:00Z,8/14/2024,8/14/2024
White Fire,2024-08-21T17:30:42Z,2024-08-14T13:11:03Z,CAL FIRE Riverside Unit,Riverside,West bound Interstate 10  west of Whitewater,13,-116.650391,33.922735,8acc2c5c-d96a-4197-8b87-354bb9a6915f,https://www.fire.ca.gov/incidents/2024/8/14/white-fire/,2024-08-18T21:22:57Z,8/18/2024,8/14/2024
Marco Fire,2024-08-18T21:21:09Z,2024-08-16T15:32:25Z,CAL FIRE San Bernardino Unit,San Bernardino,"Luna Road and White Road, near Baldy Mesa",65,-117.463332,34.475777,4440cc32-aa1c-4cc4-ab03-69f38c10775a,https://www.fire.ca.gov/incidents/2024/8/16/marco-fire/,2024-08-18T21:20:59Z,8/18/2024,8/16/2024
Livermore Fire,2024-11-12T14:01:51Z,2024-08-19T15:35:17Z,CAL FIRE Santa Clara Unit,Alameda,"South Livermore Ave & Tesla Road, Livermore",16,-121.740217,37.665174,0cc5c422-569b-45ed-b166-cfd3cfa5f074,https://www.fire.ca.gov/incidents/2024/8/19/livermore-fire/,2024-08-19T10:50:00Z,8/19/2024,8/19/2024
Bishop Fire,2024-08-21T17:32:37Z,2024-08-20T04:40:00Z,Unified Command: CAL FIRE San Luis Obispo and San Luis Obispo City Fire Department ,San Luis Obispo,"1700 Block of Bishop Street, San Luis Obispo",15,-120.644048,35.275553,7de63eaa-38b5-4afa-a845-429ff6a1b18a,https://www.fire.ca.gov/incidents/2024/8/20/bishop-fire/,2024-08-20T05:31:50Z,8/20/2024,8/20/2024
Grade Fire,2024-08-27T09:48:29Z,2024-08-20T16:31:00Z,Santa Barbara County Fire Department,Santa Barbara,"Highway 101 and Old Coast Highway, Las Cruces",25,-120.195855,34.5337178,a23de8e2-c318-48bb-8056-b0256fc21cf7,https://www.fire.ca.gov/incidents/2024/8/20/grade-fire/,2024-08-22T08:00:00Z,8/22/2024,8/20/2024
Canyon Fire,2024-08-26T09:33:35Z,2024-08-21T17:25:58Z,Angeles National Forest,Los Angeles,"Big Tujunga Canyon Road, Tujunga",25,-118.288398,34.29046,5daa1233-03e4-4b8f-938c-ccfd3971bde5,https://www.fire.ca.gov/incidents/2024/8/21/canyon-fire/,2024-08-23T18:00:00Z,8/23/2024,8/21/2024
Refugio Fire,2024-08-27T07:18:00Z,2024-08-23T00:40:32Z,Los Padres National Forest,Santa Barbara,"1400 Block of Refugio Road, Northwest of Goleta",86,-120.064,34.506,3072d494-4c71-4f31-af3e-6b20ab08421a,https://www.fire.ca.gov/incidents/2024/8/23/refugio-fire/,2024-08-26T00:00:00Z,8/26/2024,8/23/2024
Motor Fire,2024-08-26T09:35:42Z,2024-08-23T10:50:03Z,Los Angeles County Fire Department,Los Angeles,"Interstate 5 near Vista Del Lago Road, Los Angeles County",11,-118.7548048,34.6592518,03ea04f4-53d6-47a1-a553-ab52eba0ef5a,https://www.fire.ca.gov/incidents/2024/8/23/motor-fire/,2024-08-23T21:00:00Z,8/23/2024,8/23/2024
Proctor 8 Fire,2024-09-06T16:53:19Z,2024-08-23T17:26:12Z,CAL FIRE San Diego Unit,San Diego,Proctor Valley Road in the community of Jamul,27,-116.92502,32.675679,b1dd28a1-5757-4b62-83e2-71ec6e3a36ff,https://www.fire.ca.gov/incidents/2024/8/23/proctor-8-fire/,2024-08-26T00:00:00Z,8/26/2024,8/23/2024
Benito Fire,2024-08-26T09:38:50Z,2024-08-24T13:33:21Z,CAL FIRE Fresno-Kings Unit,Fresno,West Panoche Road near Mendota ,17,-120.360998,36.730979,245e918e-6df6-4096-be50-d9921df0e306,https://www.fire.ca.gov/incidents/2024/8/24/benito-fire/,2024-08-24T21:00:00Z,8/24/2024,8/24/2024
Wild Wash Fire,2024-11-12T13:59:22Z,2024-08-24T12:13:11Z,BLM-Central Desert District,San Bernardino,"Wild Wash Road, Sorrel Trail ",23,-117.204094,34.701134,97a83444-c9d0-4fed-bf10-cf8650ce0efa,https://www.fire.ca.gov/incidents/2024/8/24/wild-wash-fire/,2024-08-25T01:41:00Z,8/25/2024,8/24/2024
Solar Fire,2024-11-12T14:01:05Z,2024-08-25T15:49:19Z,CAL FIRE Madera-Mariposa-Merced Unit,Merced,McCabe Road and Whitworth Road ,22,-121.033398,37.115241,e8b9c282-b3a6-48a3-ab48-e97a92615a25,https://www.fire.ca.gov/incidents/2024/8/25/solar-fire/,2024-08-25T11:38:00Z,8/25/2024,8/25/2024
Pioneer Fire,2024-11-12T14:00:21Z,2024-08-27T11:12:29Z,CAL FIRE San Bernardino/Inyo/Mono Unit,San Bernardino,"11100 Block of Pioneer Road, Apple Valley",22,-117.077204,34.452109,d9d0b205-3d25-47eb-bdc1-40f5b6636e04,https://www.fire.ca.gov/incidents/2024/8/27/pioneer-fire/,2024-08-28T01:15:00Z,8/28/2024,8/27/2024
Johnson Fire,2024-08-30T07:08:59Z,2024-08-27T18:58:39Z,CAL FIRE San Bernardino/Inyo/Mono Unit,San Bernardino,"Johnson Road & Snow Line Road, Phelan",15,-117.559695,34.4045559,5a5fd941-d2c6-470c-9403-fa632a127c0d,https://www.fire.ca.gov/incidents/2024/8/27/johnson-fire/,2024-08-30T07:06:37Z,8/30/2024,8/27/2024
Keys Fire,2024-08-30T21:48:29Z,2024-08-28T14:38:26Z,CAL FIRE San Diego Unit,San Diego,"Northeast of Old Lilac Road & Keys Creek Road, Valley Center",18,-117.0764,33.2902,9617f448-9db9-4f9a-9192-688f939658cc,https://www.fire.ca.gov/incidents/2024/8/28/keys-fire/,2024-08-30T21:48:10Z,8/30/2024,8/28/2024
Gulch Fire,2024-08-30T07:12:30Z,2024-08-28T17:15:11Z,CAL FIRE Sonoma-Lake-Napa Unit,Sonoma,"Stage Gulch Rd near Lakeville Hwy, Lakeville",19,-122.520366,38.233952,a176fc51-c857-48c5-bba6-35fcc907de72,https://www.fire.ca.gov/incidents/2024/8/28/gulch-fire/,2024-08-30T07:11:58Z,8/30/2024,8/28/2024
Silver Fire,2024-08-31T08:46:56Z,2024-08-28T16:25:11Z,CAL FIRE Tuolumne-Calaveras Unit,Calaveras,"Silver Mountain Road and Riverview Drive, Rail Road Flat, CA",12,-120.499717,38.361834,a3884db9-94ac-414f-883c-c71bcbf7c2e9,https://www.fire.ca.gov/incidents/2024/8/28/silver-fire/,2024-08-30T23:56:00Z,8/30/2024,8/28/2024
Way Fire,2024-09-02T20:58:25Z,2024-08-29T10:46:53Z,Kern County Fire Department,Kern,Sierra Way - NE of Rocky Point,88,-118.426716,35.694044,b59f9cb4-566c-491f-99c1-262bf5f75999,https://www.fire.ca.gov/incidents/2024/8/29/way-fire/,2024-08-29T17:00:00Z,8/29/2024,8/29/2024
Two Fire,2024-08-30T21:49:16Z,2024-08-29T15:34:53Z,CAL FIRE Sonoma-Lake-Napa Unit,Sonoma,"Bodega Avenue and Raven Road, west of Petaluma",33,-122.743925,38.264246,18203802-22ca-41cb-8a32-366c82948168,https://www.fire.ca.gov/incidents/2024/8/29/two-fire/,2024-08-30T21:49:03Z,8/30/2024,8/29/2024
Vasco Fire,2024-09-02T07:29:23Z,2024-08-29T17:28:55Z,CAL FIRE Santa Clara Unit,Alameda,Vasco Rd at the Alameda on the Contra Costa County Line,16,-121.71679,37.777334,03ab8b8e-1942-4f12-8401-e5af993ed822,https://www.fire.ca.gov/incidents/2024/8/29/vasco-fire/,2024-09-01T08:00:00Z,9/1/2024,8/29/2024
High Fire,2024-09-04T08:14:59Z,2024-08-31T14:41:01Z,CAL FIRE Tehama-Glenn Unit,Tehama,"Near High Flat Road and Lowrey Road, South of Lowrey in Tehama county ",45,-122.560451,39.993914,a8c7cd92-82ca-4482-bdfe-ec87a1f5b5c2,https://www.fire.ca.gov/incidents/2024/8/31/high-fire/,2024-09-04T08:14:52Z,9/4/2024,8/31/2024
Minton Fire,2024-09-02T20:59:29Z,2024-08-31T16:03:12Z,CAL FIRE Riverside Unit,Riverside,Near Minton Road and Juniper Flats Road in Riverside County,22,-117.112489,33.758036,66410b74-8cbe-402a-9092-4aa366831702,https://www.fire.ca.gov/incidents/2024/8/31/minton-fire/,2024-09-02T17:12:00Z,9/2/2024,8/31/2024
Bichota Fire,2024-09-06T18:16:17Z,2024-08-31T16:59:00Z,Angeles National Forest,Los Angeles,San Gabriel Canyon Road near Bichota Canyon Trail in Los Angeles county,3,-117.856102,34.25914,9fe2d2a0-b5e4-49fb-8dde-7c623be9b040,https://www.fire.ca.gov/incidents/2024/8/31/bichota-fire/,2024-08-31T19:00:00Z,8/31/2024,8/31/2024
Union Fire,2024-09-02T20:59:18Z,2024-08-31T16:15:07Z,CAL FIRE San Luis Obispo Unit,San Luis Obispo,"Highway 46/Union Road, Paso Robles",11,-120.533933,35.655361,ec0d1ada-cec3-4876-a613-6c4b9b3cae89,https://www.fire.ca.gov/incidents/2024/8/31/union-fire/,2024-08-31T16:00:00Z,8/31/2024,8/31/2024
Robert Fire,2024-09-04T08:15:17Z,2024-09-01T13:03:59Z,CAL FIRE Sonoma-Lake-Napa Unit,Solano,Highway 12 and Red Top Road,48,-122.156703,38.207676,88b1e67d-6869-4259-b9b7-7eaaf817e2a8,https://www.fire.ca.gov/incidents/2024/9/1/robert-fire/,2024-09-04T08:15:09Z,9/4/2024,9/1/2024
Record Fire,2025-06-03T15:07:35Z,2024-09-01T14:23:20Z,CAL FIRE Riverside Unit,Riverside,"Soboba Road, San Jacinto",517,-116.9476,33.8126,fed9e05e-5772-41f1-a4f0-9318519d2691,https://www.fire.ca.gov/incidents/2024/9/1/record-fire/,2024-09-05T00:00:00Z,9/5/2024,9/1/2024
Bear Fire,2024-12-20T09:16:37Z,2024-09-02T14:09:00Z,Unified Command: CAL FIRE Nevada-Yuba-Placer Unit and Tahoe National Forest,Sierra,"Off Bear Valley Road, South of Loyalton",3323,-120.21859,39.596704,5b4a7dbe-b514-4994-ad30-92dbffb34d52,https://www.fire.ca.gov/incidents/2024/9/2/bear-fire/,2024-09-19T17:30:00Z,9/19/2024,9/2/2024
Backus Fire,2024-09-06T18:17:25Z,2024-09-03T15:20:41Z,Kern County Fire Department,Kern,"5300 Block of Backus Road, Southwest of Mojave",41,-118.248827,34.876586,b12acb92-61f8-43ef-8285-f243476588f2,https://www.fire.ca.gov/incidents/2024/9/3/backus-fire/,2024-09-03T08:00:00Z,9/3/2024,9/3/2024
Post Fire,2024-09-05T23:42:00Z,2024-09-04T15:55:43Z,CAL FIRE Riverside Unit,Riverside,"20800 block of  Gardenias Street, Goodhope (unincorporated Perris)",264,-117.297767,33.773143,266dcba8-5dd3-467d-988f-a49f8166694b,https://www.fire.ca.gov/incidents/2024/9/4/post-fire/,2024-09-05T00:00:00Z,9/5/2024,9/4/2024
Pine Fire,2024-09-10T23:28:08Z,2024-09-06T12:14:39Z,CAL FIRE Mendocino Unit,Mendocino,"South of Gibson Road near Pine Lake Basin, North of Redwood Valley",18,-123.186117,39.351831,a8738494-879c-4588-a7c5-13a9419b2c9a,https://www.fire.ca.gov/incidents/2024/9/6/pine-fire/,2024-09-10T00:00:00Z,9/10/2024,9/6/2024
Canary Fire,2024-09-07T12:38:13Z,2024-09-06T17:06:53Z,CAL FIRE San Diego Unit,San Diego,"1 Mile Southeast of Case Springs, Camp Pendleton",25,-117.40342,33.44756,45291c5b-03f9-417f-b120-480be9b60315,https://www.fire.ca.gov/incidents/2024/9/6/canary-fire/,2024-02-25T08:00:00Z,2/25/2024,9/6/2024
Roblar Fire ,2025-06-03T15:30:01Z,2024-09-07T14:03:11Z,Camp Pendleton Fire Department,San Diego,"Case Springs Road, Camp Pendleton ",950,-117.3623,33.4088,317db5a2-a6f0-43b8-b1b1-1e90a60124d7,https://www.fire.ca.gov/incidents/2024/9/7/roblar-fire/,2024-09-11T20:33:57Z,9/11/2024,9/7/2024
Mill Creek 4 Fire,2024-09-15T12:23:28Z,2024-09-07T16:12:16Z,Bureau of Indian Affairs,Humboldt,"Mill Creek, north of Hoopa",25,-123.6761,41.1088,6f67d619-6533-4889-a740-c0d018ae9cda,https://www.fire.ca.gov/incidents/2024/9/7/mill-creek-4-fire/,2024-09-12T17:00:00Z,9/12/2024,9/7/2024
Boyles Fire,2024-09-11T20:38:04Z,2024-09-08T14:45:26Z,Lake County Fire Protection District,Lake,"Dam Road, Clearlake",81,-122.61065,38.92934,0d74ddd7-8a31-4014-8f25-d1e1eebca140,https://www.fire.ca.gov/incidents/2024/9/8/boyles-fire/,2024-09-11T20:37:40Z,9/11/2024,9/8/2024
Wicklow Fire,2024-09-11T20:39:12Z,2024-09-09T13:15:11Z,CAL FIRE Amador-El Dorado Unit,Amador,"11900 Block of California Highway 88, Martell",63,-120.814317,38.361232,482388dc-66e4-408d-bc60-01ce780ed0d8,https://www.fire.ca.gov/incidents/2024/9/9/wicklow-fire/,2024-09-11T20:38:49Z,9/11/2024,9/9/2024
Airport Fire,2024-10-06T08:05:10Z,2024-09-09T13:21:00Z,Cleveland National Forest,"Orange, Riverside","Trabuco Canyon and Rose Canyon, Trabuco Canyon",23526,-117.566221,33.6676762,44d60d5a-522f-4c9f-ba55-ae09e9d2c973,https://www.fire.ca.gov/incidents/2024/9/9/airport-fire/,2024-10-05T22:00:00Z,10/5/2024,9/9/2024
Train Fire,2024-09-15T12:21:09Z,2024-09-09T16:07:20Z,Kern County Fire Department,Kern,"Bealville Road, Bealville  ",48,-118.62193,35.2659,aa8bcbc8-31af-4d8a-b0d8-9351974cf51f,https://www.fire.ca.gov/incidents/2024/9/9/train-fire/,2024-09-10T12:21:06Z,9/10/2024,9/9/2024
Apollo Fire,2024-09-10T23:27:13Z,2024-09-10T11:46:36Z,Los Angeles County Fire Department,Los Angeles,"29th Street West and West Aquaduct Road, Fairmont",800,-118.53335,34.77011,b84f3e58-3a60-4424-8ea9-3aa7a3d27c58,https://www.fire.ca.gov/incidents/2024/9/10/apollo-fire/,2024-09-10T00:00:00Z,9/10/2024,9/10/2024
Willow Fire,2024-09-15T12:27:49Z,2024-09-11T13:19:00Z,Contra Costa County Fire Protection District,Contra Costa,"Willow Pass Road and Avila Road, North of Concord",62,-121.997014,38.0115396,70f3bd6a-1888-4eb7-8a88-db21c81ba049,https://www.fire.ca.gov/incidents/2024/9/11/willow-fire/,2024-09-11T20:29:00Z,9/11/2024,9/11/2024
Cougar Fire,2024-09-16T22:08:08Z,2024-09-15T13:16:20Z,CAL FIRE Sonoma-Lake-Napa Unit,Sonoma,"Lakeville Highway, south of Cougar Mountain Road, Sears Point",53,-122.485218,38.145843,43d81aa4-9deb-4235-bfdd-332cb4d60f16,https://www.fire.ca.gov/incidents/2024/9/15/cougar-fire/,2024-09-16T00:00:00Z,9/16/2024,9/15/2024
Ripple Fire,2024-09-15T23:53:49Z,2024-09-15T15:19:28Z,CAL FIRE Fresno-Kings Unit,Fresno,Sand Creek Road and Ripple Lane,15,-119.189459,36.682583,61e2fd92-51f6-403e-8448-cc94014c5cc1,https://www.fire.ca.gov/incidents/2024/9/15/ripple-fire/,2024-09-15T23:53:47Z,9/15/2024,9/15/2024
Rosa Fire,2024-09-16T22:06:15Z,2024-09-16T20:08:21Z,Santa Barbara County Fire,Santa Barbara,"Santa Rosa Road, Lompoc",20,-120.35679,34.59556,0eabd5ea-c1e1-421a-a70a-12285cdaf62e,https://www.fire.ca.gov/incidents/2024/9/16/rosa-fire/,2024-09-16T00:00:00Z,9/16/2024,9/16/2024
Phelps Fire,2024-09-25T09:02:28Z,2024-09-19T20:34:58Z,CAL FIRE Fresno-Kings Unit,Fresno,Phelps Ave and West Gale Ave,35,-120.259824,36.15407,d915cd6a-951f-473b-89e3-d75c5f47abd6,https://www.fire.ca.gov/incidents/2024/9/19/phelps-fire/,2024-09-20T05:13:00Z,9/20/2024,9/19/2024
Antonio Fire,2024-09-24T20:58:43Z,2024-09-23T13:16:44Z,CAL FIRE Sonoma-Lake-Napa Unit,Sonoma,"San Antonio Road, Petaluma",11,-122.656105,38.187148,ab5d40ea-130e-400d-9329-be910ce20dd6,https://www.fire.ca.gov/incidents/2024/9/23/antonio-fire/,2024-09-24T20:58:21Z,9/24/2024,9/23/2024
Plymire Fire,2024-09-27T11:36:41Z,2024-09-26T10:19:38Z,CAL FIRE Tehama-Glenn Unit,Tehama,"Plymire Road at the cross of Mendenhall, Red Bluff",14,-122.284309,40.201159,2877ac5e-5f3c-45f5-bfdb-d39777b57f85,https://www.fire.ca.gov/incidents/2024/9/26/plymire-fire/,2024-09-26T13:19:00Z,9/26/2024,9/26/2024
Meiss Fire,2024-09-30T08:26:31Z,2024-09-27T14:48:30Z,CAL FIRE Amador-El Dorado Unit,Sacramento,"14000 block Meiss Rd, S/W of Rancho Murieta",42,-121.054386,38.427179,824367fb-ae02-4b05-a8cc-9b85fd03995c,https://www.fire.ca.gov/incidents/2024/9/27/meiss-fire/,2024-09-29T08:00:01Z,9/29/2024,9/27/2024
Pinnacles Fire,2024-10-03T09:38:33Z,2024-09-27T14:13:57Z,CAL FIRE San Benito-Monterey Unit,San Benito,Airline Highway 25 and Pinnacles Highway 146,17,-121.147092,36.493781,2d3d58b3-520a-4751-8208-9e6266567369,https://www.fire.ca.gov/incidents/2024/9/27/pinnacles-fire/,2024-09-28T15:00:00Z,9/28/2024,9/27/2024
86 Fire,2024-11-12T13:58:44Z,2024-09-27T17:26:28Z,CAL FIRE Riverside Unit,Riverside,"Highway 86 Expressway / Avenue 70, Thermal ",38,-116.099893,33.540008,fbc44da8-44a9-47ac-8051-d7aa398df2e5,https://www.fire.ca.gov/incidents/2024/9/27/86-fire/,2024-09-29T10:05:00Z,9/29/2024,9/27/2024
Lago Fire,2024-10-07T15:52:20Z,2024-10-02T02:19:22Z,Angeles National Forest,Los Angeles,"Ridge Route Road and Lake Hughes Road, Castaic",25,-118.616267,34.497433,a32d77be-a62d-444a-9872-68f997469297,https://www.fire.ca.gov/incidents/2024/10/2/lago-fire/,2024-10-06T08:00:00Z,10/6/2024,10/2/2024
Bear Fire,2024-10-13T08:49:03Z,2024-10-02T14:01:34Z,Six Rivers National Forest,Humboldt,Northeast of Dinsmore,23,-123.654313,40.471128,9b8db758-3c0f-4e03-9bb0-de3c96a3154d,https://www.fire.ca.gov/incidents/2024/10/2/bear-fire/,2024-10-09T15:30:00Z,10/9/2024,10/2/2024
Glenhaven Fire,2025-07-29T10:25:57Z,2024-10-04T11:37:35Z,"CAL FIRE Sonoma-Lake-Napa Unit, California Highway Patrol, Lake County Sheriff's Office, Northshore Fire Protection District, and Caltrans",Lake,"Hillcrest Drive and Henderson Drive, Glenhaven",417,-122.718183,39.026764,2f239059-a2df-4589-bf92-de59e79b5754,https://www.fire.ca.gov/incidents/2024/10/4/glenhaven-fire/,2024-10-09T21:54:49Z,10/9/2024,10/4/2024
Central 2 Fire,2024-10-05T05:15:15Z,2024-10-04T19:11:27Z,CAL FIRE Fresno-Kings Unit,Fresno,North Avenue and Del Rey Avenue ,15,-119.5922,36.69212,253e08bd-21fb-4fab-8a2c-7aab9f700290,https://www.fire.ca.gov/incidents/2024/10/4/central-2-fire/,2024-10-04T22:00:00Z,10/4/2024,10/4/2024
Wolf Fire,2024-10-05T05:22:03Z,2024-10-04T21:46:32Z,CAL FIRE Fresno-Kings Unit,Fresno,"E North Avenue & S De Wolf Avenue, Sanger",22,-119.645931,36.692574,ddf4e347-29bf-45c2-8e53-2120f3ceed5d,https://www.fire.ca.gov/incidents/2024/10/4/wolf-fire/,2024-10-05T05:21:41Z,10/5/2024,10/4/2024
Two Mile Fire,2024-10-06T10:11:56Z,2024-10-03T16:01:18Z,CAL FIRE Sonoma-Lake-Napa Unit,Colusa,"Lurline Ave. and Two Mile Road, Colusa County",10,-122.153187,39.218344,6fb9c69a-49be-4edc-8a5f-96d49df32cb1,https://www.fire.ca.gov/incidents/2024/10/3/two-mile-fire/,2024-10-04T22:00:00Z,10/4/2024,10/3/2024
Tuledad Fire,2025-06-03T15:32:15Z,2024-10-06T12:36:35Z,Bureau of Land Management,Lassen,"Marr Road and Tuledad Road, northeast of Susanville",564,-120.144717,40.887485,ccc0846d-97a2-4031-bf61-b02df50ca6b3,https://www.fire.ca.gov/incidents/2024/10/6/tuledad-fire/,2024-10-08T07:34:26Z,10/8/2024,10/6/2024
Verjeles Fire,2024-10-07T21:48:53Z,2024-10-06T16:45:33Z,CAL FIRE Nevada-Yuba-Placer Unit,Yuba,Los Verjeles Road and Loma Rica Road,12,-121.3681,39.3574,1b69ebdd-1add-4f85-a9f9-47275bc5118e,https://www.fire.ca.gov/incidents/2024/10/6/verjeles-fire/,2024-10-07T08:04:00Z,10/7/2024,10/6/2024
Wood Fire,2024-10-09T21:54:14Z,2024-10-06T19:57:47Z,CAL FIRE Humboldt-Del Norte Unit,Humboldt,"Wood Ranch Road and Redwood Drive, southwest of Phillipsville",26,-123.820482,40.176118,100b8102-e9f6-411f-9440-26b92b8ebe94,https://www.fire.ca.gov/incidents/2024/10/6/wood-fire/,2024-10-09T21:53:40Z,10/9/2024,10/6/2024
Posta 3 Fire,2025-07-29T11:03:20Z,2024-10-07T15:01:33Z,CAL FIRE San Diego Unit,San Diego,"Old Highway 80 and La Posta Road, Campo",413,-116.424495,32.723782,f75ae145-52cc-4e4e-ae7e-37007a29eca1,https://www.fire.ca.gov/incidents/2024/10/7/posta-3-fire/,2024-10-08T07:33:09Z,10/8/2024,10/7/2024
Bahrman Fire,2024-10-10T21:56:00Z,2024-10-09T13:04:42Z,CAL FIRE Riverside Unit,Riverside,Unknown / TBD,110,-116.683446,33.555137,7930514e-cc59-4b33-b931-790e3c9d60bb,https://www.fire.ca.gov/incidents/2024/10/9/bahrman-fire/,2024-10-10T21:55:42Z,10/10/2024,10/9/2024
Shoe Fire,2025-06-03T15:33:04Z,2024-10-09T13:18:46Z,Shasta Trinity National Forest,Shasta,"Fenders Ferry Road near Madrone Campground, Southwest of Big Bend",5124,-122.10167,40.923444,930c1a59-da0b-4b83-a3ae-af875cb8fd55,https://www.fire.ca.gov/incidents/2024/10/9/shoe-fire/,2024-11-09T12:00:07Z,11/9/2024,10/9/2024
Jack Fire,2024-10-16T07:00:10Z,2024-10-13T16:30:19Z,CAL FIRE Riverside Unit,Riverside,"Jack Rabbit Trail and Highway 60, Beaumont",260,-117.0375417,33.9239548,c687c452-39bc-4e47-bcc1-aa809fc2ef79,https://www.fire.ca.gov/incidents/2024/10/13/jack-fire/,2024-10-15T11:39:00Z,10/15/2024,10/13/2024
Snake Fire,2024-12-18T11:38:20Z,2024-10-17T13:33:02Z,CAL FIRE San Luis Obispo Unit,San Luis Obispo,Unknown / TBD,8,-120.435273,35.375211,db413a52-db59-4a89-9509-cfdc7082822c,https://www.fire.ca.gov/incidents/2024/10/17/snake-fire/,2024-10-17T09:29:00Z,10/17/2024,10/17/2024
Maria Fire,2024-10-17T21:11:18Z,2024-10-17T16:30:47Z,CAL FIRE San Luis Obispo Unit,San Luis Obispo,"Highway 101 and Santa Maria River, Nipomo",80,-120.430379,34.98749,a95ecf21-9dac-45c9-bb16-67b7796a3c6f,https://www.fire.ca.gov/incidents/2024/10/17/maria-fire/,2024-10-17T21:10:51Z,10/17/2024,10/17/2024
Hay Fire,2024-10-22T07:12:27Z,2024-10-18T13:03:00Z,CAL FIRE Sonoma-Lake-Napa Unit,Solano,"Hay Road and Burke Lane, Dixon",869,-121.8584227,38.3151744,df887f12-c34a-4487-aeb2-ab0f3788237c,https://www.fire.ca.gov/incidents/2024/10/18/hay-fire/,2024-10-22T07:11:50Z,10/22/2024,10/18/2024
Keller Fire,2024-10-22T12:57:13Z,2024-10-18T14:25:00Z,Oakland Fire Department,Alameda,"End of Sanford Street in the area of Maynard, Oakland",15,-122.1569455,37.7741494,a3d4d931-1eee-40ab-a990-4e907f4321db,https://www.fire.ca.gov/incidents/2024/10/18/keller-fire/,2024-10-20T12:37:00Z,10/20/2024,10/18/2024
Mission Fire,2024-10-19T18:40:23Z,2024-10-18T16:03:12Z,CAL FIRE Riverside Unit,Riverside,"Mission Boulevard and Crestmore Road, Jurupa Valley",17,-117.401904,33.979878,316917c5-f720-43df-8cd6-efe8d3a68fbc,https://www.fire.ca.gov/incidents/2024/10/18/mission-fire/,2024-10-19T14:00:00Z,10/19/2024,10/18/2024
Alray Fire,2024-10-27T20:38:01Z,2024-10-26T17:56:17Z,San Bernardino National Forest,San Bernardino,"Forest Route 3N21, Phelan",16,-117.467864,34.35491,0e052869-ee1a-4358-8f0f-179baea54b3b,https://www.fire.ca.gov/incidents/2024/10/26/alray-fire/,2024-10-27T08:00:00Z,10/27/2024,10/26/2024
Campbell Fire,2024-10-30T20:35:06Z,2024-10-28T03:19:00Z,CAL FIRE Tulare Unit,Tulare,"35000 block of Yokohl Valley Drive, Northwest of Springville",524,-118.858046,36.229517,cbff3a6b-6540-405f-a6ea-8e554042a20f,https://www.fire.ca.gov/incidents/2024/10/28/campbell-fire/,2024-10-30T20:34:22Z,10/30/2024,10/28/2024
Quarry Fire,2025-06-03T14:35:42Z,2024-10-31T13:31:00Z,San Miguel Fire & Rescue,San Diego,"SR-54 & SR-125, East of Spring Valley",10,-117.01352,32.69011,cea84acc-7922-4e0e-b8ad-1df4819eb573,https://www.fire.ca.gov/incidents/2024/10/31/quarry-fire/,2024-10-31T19:37:14Z,10/31/2024,10/31/2024
Montezuma Fire,2024-11-04T14:45:19Z,2024-10-31T14:26:53Z,City of San Diego Fire,San Diego,"Montezuma Road, East of Fairmount Avenue, San Diego",37,-117.09495,32.77126,bb43ada8-6aba-4e9d-a1c9-b901804b5622,https://www.fire.ca.gov/incidents/2024/10/31/montezuma-fire/,2024-11-03T08:00:00Z,11/3/2024,10/31/2024
Gaylord Fire,2024-11-12T13:56:44Z,2024-11-03T15:33:42Z,CAL FIRE Tehama-Glenn Unit,Tehama,Gaylord Avenue and Hoag Road,47,-122.132235,39.925884,f5de79a3-7bf4-461b-a6d6-b16219a3027f,https://www.fire.ca.gov/incidents/2024/11/3/gaylord-fire/,2024-11-03T11:52:00Z,11/3/2024,11/3/2024
Wolf Fire,2024-11-08T17:30:45Z,2024-11-04T15:41:22Z,CAL FIRE Riverside Unit,Riverside,Old Idyllwild Road,25,-116.90239,33.886528,fdb3f801-7382-42c9-8377-57beef2432f2,https://www.fire.ca.gov/incidents/2024/11/4/wolf-fire/,2024-11-08T08:00:00Z,11/8/2024,11/4/2024
Lake Fire,2024-11-12T14:54:39Z,2024-11-05T13:16:17Z,Six Rivers National Forest,Trinity,"200 block of Lower West Side Road, Mad River",44,-123.420067,40.342148,dbf89663-4a51-4869-aabd-9b3b49661af5,https://www.fire.ca.gov/incidents/2024/11/5/lake-fire/,2024-11-11T08:00:00Z,11/11/2024,11/5/2024
Valley Fire,2024-11-08T08:16:29Z,2024-11-06T11:31:51Z,Shasta County Fire Department,Shasta,"Near Lassen Avenue and Monte Vista Road, West of Anderson",11,-122.426405,40.432155,57d63840-b05a-414b-ba25-27d8403302d5,https://www.fire.ca.gov/incidents/2024/11/6/valley-fire/,2024-11-08T08:00:00Z,11/8/2024,11/6/2024
Frenchman Fire,2024-12-20T11:19:25Z,2024-11-07T12:41:00Z,Angeles National Fire Department,Los Angeles,"West of Frenchman's Flat Day Use Area, South of Pyramid Dam",94,-118.749654,34.615371,18551530-3992-4731-9133-186480d092b2,https://www.fire.ca.gov/incidents/2024/11/7/frenchman-fire/,2024-11-10T06:45:09Z,11/10/2024,11/7/2024
Santa Lucia Fire,2024-11-12T14:55:16Z,2024-11-07T12:54:04Z,Santa Barbara County Fire,Santa Barbara,"Santa Lucia Canyon Road, Vandenberg SFB",125,-120.501728,34.691118,4c5759f6-e259-43d7-91db-0d21828ffb07,https://www.fire.ca.gov/incidents/2024/11/7/santa-lucia-fire/,2024-11-12T08:00:00Z,11/12/2024,11/7/2024
Waucoba Fire,2024-12-20T09:19:04Z,2024-11-11T09:54:34Z,Inyo National Forest,Inyo,"Badger Flat, west of Waucoba Mountain",8,-118.007,37.0211,ce14cca7-d5c4-4882-9008-d9b5493406fa,https://www.fire.ca.gov/incidents/2024/11/11/waucoba-fire/,2024-11-12T17:30:00Z,11/12/2024,11/11/2024
John Fire,2025-06-03T14:35:28Z,2024-11-14T23:45:25Z,CAL FIRE Madera Mariposa Merced Unit,Merced,"Near Interstate 5, John Erreca Rest Stop",13,-120.781992,36.862905,01c51255-f075-4460-9639-6105599ed000,https://www.fire.ca.gov/incidents/2024/11/14/john-fire/,2024-11-15T03:00:00Z,11/15/2024,11/14/2024
Kamm Fire,2024-11-17T08:49:49Z,2024-11-16T21:32:09Z,CAL FIRE Fresno-Kings Unit,Fresno,"West Kamm Avenue and Interstate 5, northwest of Three Rocks",10,-120.485099,36.531149,45775a15-671d-4ea1-868b-25ef4f487a28,https://www.fire.ca.gov/incidents/2024/11/16/kamm-fire/,2024-11-16T23:30:00Z,11/16/2024,11/16/2024
Sandy Fire,2024-11-18T23:09:58Z,2024-11-17T12:59:38Z,CAL FIRE San Benito-Monterey Unit,Monterey,"Big Sandy Road and Indian Valley Road, northeast of Valleton",23,-120.654725,35.956529,42e08471-48c0-426e-961f-07542259f9c0,https://www.fire.ca.gov/incidents/2024/11/17/sandy-fire/,2024-11-18T23:09:52Z,11/18/2024,11/17/2024
Broadway Fire,2024-11-23T12:48:24Z,2024-11-21T14:20:12Z,CAL FIRE San Benito-Monterey Unit,Monterey,"Broadway St. and San Antonio Dr., King City",57,-121.141238,36.203824,f20ead25-443a-4527-8f1e-d8947f8b4e24,https://www.fire.ca.gov/incidents/2024/11/21/broadway-fire/,2024-11-23T07:00:00Z,11/23/2024,11/21/2024
Border 77 Fire,2024-11-24T19:41:22Z,2024-11-23T15:22:09Z,CAL FIRE San Diego Unit ,San Diego,"Otay Mountain Truck Trail and Kuebler Ranch Roach, Otay",98,-116.9079487,32.5891998,5d5a2374-c01e-4d87-9cf5-71dd9cce0c9a,https://www.fire.ca.gov/incidents/2024/11/23/border-77-fire/,2024-11-24T19:41:08Z,11/24/2024,11/23/2024
Franklin Fire,2025-06-05T12:54:09Z,2024-12-09T22:50:53Z,"Unified Command: CAL FIRE IMT 4, Los Angeles County Fire Department, and the Los Angeles County Sheriff",Los Angeles,"Malibu Canyon Road, Malibu Creek State Park",4086,-118.69642,34.06343,54e9ee49-0c28-4477-8c29-b46738b07b78,https://www.fire.ca.gov/incidents/2024/12/9/franklin-fire/,2024-12-18T20:59:13Z,12/18/2024,12/9/2024
Soto Fire,2024-12-18T18:01:19Z,2024-12-17T19:50:15Z,CAL FIRE Riverside Unit,Riverside,"Soto Street and Sedona Drive, Jurupa Valley",25,-117.440844,34.002023,6d5fa9cd-13a8-4f93-8a28-de9895dc9a30,https://www.fire.ca.gov/incidents/2024/12/17/soto-fire/,2024-12-18T18:00:26Z,12/18/2024,12/17/2024
Palisades Fire,2026-04-09T08:20:03Z,2025-01-07T10:30:00Z,Los Angeles City Fire Department,Los Angeles,"Southeast of Palisades Drive, Pacific Palisades",23448,-118.54453,34.07022,abfed7a3-794a-4294-9852-43176dcbc18a,https://www.fire.ca.gov/incidents/2025/1/7/palisades-fire/,2025-01-31T10:48:30Z,1/31/2025,1/7/2025
Eaton Fire,2026-04-09T08:19:24Z,2025-01-07T18:18:00Z,Los Angeles County Fire Department,Los Angeles,"Near Altadena Drive and Midwick Drive, Altadena/Pasadena",14021,-118.069155,34.203483,dbfa574e-1b10-4467-b5e5-7d1c06ebc8dc,https://www.fire.ca.gov/incidents/2025/1/7/eaton-fire/,2025-01-31T10:48:42Z,1/31/2025,1/7/2025
Hurst Fire,2026-01-06T14:57:37Z,2025-01-07T22:29:30Z,"Los Angeles City Fire Department, United States Forest Service, Los Angeles Fire Department, Los Angles County Sheriff",Los Angeles,"Near Diamond Road, Sylmar",799,-118.478134,34.32533,ed36cf94-75d8-43f6-913a-d15646907311,https://www.fire.ca.gov/incidents/2025/1/7/hurst-fire/,2025-01-16T08:00:00Z,1/16/2025,1/7/2025
Lidia Fire,2026-01-05T11:54:06Z,2025-01-08T14:07:38Z,Unified Command: Angeles National Forest and Los Angeles County Fire Department,Los Angeles,"Soledad Canyon Road, Acton",348,-118.2433,34.4408,83adc92b-bd6c-458a-a2b1-43b3ee2c27b3,https://www.fire.ca.gov/incidents/2025/1/8/lidia-fire/,2025-01-11T07:40:17Z,1/11/2025,1/8/2025
Kenneth Fire,2026-01-05T11:58:51Z,2025-01-09T15:34:13Z,Unified Command: Los Angeles City Fire Department and Ventura County Fire Department,"Los Angeles, Ventura","Victory Boulevard, West of Gilmore Street, West Hills",1052,-118.66991,34.185198,98dad47e-805e-4300-8220-c908df687b4b,https://www.fire.ca.gov/incidents/2025/1/9/kenneth-fire/,2025-01-12T07:48:12Z,1/12/2025,1/9/2025
Archer Fire,2025-01-11T08:41:30Z,2025-01-10T11:24:44Z,Los Angeles City Fire Department,Los Angeles,"Sesnon Boulevard, North of Meadowlark Avenue, Granada Hills",19,-118.5111,34.3087,a93eab36-e8a3-4a4e-be4d-2372e3ba4957,https://www.fire.ca.gov/incidents/2025/1/10/archer-fire/,2025-01-10T08:41:10Z,1/10/2025,1/10/2025
Scout Fire,2025-01-16T21:56:11Z,2025-01-14T13:10:51Z,CAL FIRE Riverside Unit,Riverside,"Between Indian Hill Road and the Santa Ana River, Riverside  ",2,-117.3887,33.989,8a3dcaf5-4724-4176-83d4-08f96c79ffb6,https://www.fire.ca.gov/incidents/2025/1/14/scout-fire/,2025-01-14T00:00:00Z,1/14/2025,1/14/2025
Little Mountain Fire,2025-01-16T21:48:01Z,2025-01-15T14:44:41Z,San Bernardino County Fire Department,San Bernardino,"Near Little Mountain Drive, San Bernardino",34,-117.32064,34.154384,6c143c7e-d33c-4d0b-b434-d33a13705328,https://www.fire.ca.gov/incidents/2025/1/15/little-mountain-fire/,2025-01-16T00:00:00Z,1/16/2025,1/15/2025
Lilac Fire,2025-01-23T00:57:42Z,2025-01-21T01:19:23Z,CAL FIRE San Diego Unit,San Diego,"Old Hwy 395 and Lilac Road, Bonsall",85,-117.152114,33.30932,db6f387b-2654-44a6-815e-20491c5a37a2,https://www.fire.ca.gov/incidents/2025/1/21/lilac-fire/,2025-01-22T00:00:00Z,1/22/2025,1/21/2025
Clay Fire,2025-01-25T06:54:36Z,2025-01-21T17:00:13Z,CAL FIRE Riverside Unit,Riverside,"Santa Ana River Bottom near Pedley Road and Van Buren Boulevard, Jurupa Valley",39,-117.47055,33.96682,b8b66c83-2a4d-495e-b51c-6dc071ddaa5a,https://www.fire.ca.gov/incidents/2025/1/21/clay-fire/,2025-01-25T00:00:00Z,1/25/2025,1/21/2025
Center Fire,2025-01-23T01:07:58Z,2025-01-22T10:02:26Z,San Diego Fire-Rescue,San Diego,"Camino Del Norte, San Diego",7,-117.0887,33.001,7eee0dc7-7020-4a86-9be7-82b084f105d9,https://www.fire.ca.gov/incidents/2025/1/22/center-fire/,2025-01-22T00:00:00Z,1/22/2025,1/22/2025
Hughes Fire,2026-01-06T14:58:57Z,2025-01-22T10:53:02Z,"Unified Command: CAL FIRE, Angeles National Forest , LA County Fire, and Bureau of Land Management",Los Angeles,"Lake Hughes Road near Castaic Lake, Castaic",10425,-118.56687,34.553008,bf194e6a-78cb-46bc-849b-567bceaabbb6,https://www.fire.ca.gov/incidents/2025/1/22/hughes-fire/,2025-01-31T08:00:00Z,1/31/2025,1/22/2025
Sepulveda Fire,2025-01-24T23:53:36Z,2025-01-23T00:36:20Z,LA City Fire Department,Los Angeles,Near 405 Freeway in the area of North Sepulveda Boulevard and Getty Center Drive,45,-118.47541,34.0968,0434262e-c6ca-4232-a2b4-ad0f5589b036,https://www.fire.ca.gov/incidents/2025/1/23/sepulveda-fire/,2025-01-24T00:00:00Z,1/24/2025,1/23/2025
Laguna Fire,2025-01-26T18:13:21Z,2025-01-23T09:41:57Z,Ventura County Fire Department,Ventura,"Laguna Rd and Lewis Rd, Camarillo",83,-119.059,34.1655,d45df9b2-8dc5-4d88-864b-f3a842c8a2fc,https://www.fire.ca.gov/incidents/2025/1/23/laguna-fire/,2025-01-26T18:13:08Z,1/26/2025,1/23/2025
Gilman Fire,2025-01-24T23:54:00Z,2025-01-23T14:42:58Z,San Diego City Fire,San Diego,"Gilman Drive and Via Alicante, South of La Jolla",2,-117.237,32.8622,22ec23e5-b380-4ee4-942f-26c12a4576d7,https://www.fire.ca.gov/incidents/2025/1/23/gilman-fire/,2025-01-24T00:00:00Z,1/24/2025,1/23/2025
Gibbel Fire,2025-06-24T16:22:34Z,2025-01-23T16:40:30Z,CAL FIRE Riverside Unit,Riverside,"State Street and Gibbel Road, Hemet",15,-116.964339,33.708601,a79b51d3-9ae7-4ec3-a8ca-9f733b89df9a,https://www.fire.ca.gov/incidents/2025/1/23/gibbel-fire/,2025-01-24T00:00:00Z,1/24/2025,1/23/2025
Rosa Fire,2025-01-30T08:30:36Z,2025-01-29T12:53:53Z,CAL FIRE San Luis Obispo Unit,San Luis Obispo,"Soda Lake Rd., San Luis Obispo County",105,-119.982524,35.303682,460e65e4-366e-46d1-8729-7d1756fca41a,https://www.fire.ca.gov/incidents/2025/1/29/rosa-fire/,2025-01-29T06:30:00Z,1/29/2025,1/29/2025
Penny Fire,2025-06-16T09:16:39Z,2025-02-26T14:32:43Z,Cleveland National Forest,San Diego,"Sunrise Highway, North of Penny Pines Trailhead",9,-116.475667,32.922111,06a7c71b-03ff-4c7b-aff8-1d8bcf3c9def,https://www.fire.ca.gov/incidents/2025/2/26/penny-fire/,2025-02-26T17:03:46Z,2/26/2025,2/26/2025
Scout Fire,2025-02-28T20:02:12Z,2025-02-28T15:43:27Z,CAL FIRE San Diego Unit,San Diego,"West of Highway 79 & San Felipe Road, Warner Springs",39,-116.688664,33.250188,c59146ec-ab73-416a-b66f-e4b568f5208a,https://www.fire.ca.gov/incidents/2025/2/28/scout-fire/,2025-02-28T20:02:03Z,2/28/2025,2/28/2025
Wildrose Fire,2025-04-09T08:29:00Z,2025-04-08T13:27:58Z,Bureau of Land Management,San Bernardino,"Near Sorrel Trail, North of Victorville",15,-117.1823536,34.7001802,56ea5974-d922-41cf-9cf6-ef7372a32b44,https://www.fire.ca.gov/incidents/2025/4/8/wildrose-fire/,2025-04-09T08:28:45Z,4/9/2025,4/8/2025
Lake Fire,2025-04-17T12:26:47Z,2025-04-13T18:16:31Z,CAL FIRE Humboldt-Del Norte Unit,Del Norte,"Kellog Road and Lower Lake Road, Fort Dick",10,-124.185699,41.869329,0001934f-901f-40aa-93f2-017d7debbcef,https://www.fire.ca.gov/incidents/2025/4/13/lake-fire/,2025-04-15T10:14:04Z,4/15/2025,4/13/2025
33 Fire,2025-04-16T10:43:08Z,2025-04-15T07:37:00Z,Bureau of Land Management,Kern,"Hwy 33 south of Petroleum Club Road, Maricopa",11,-119.43823,35.120005,7a358a73-e272-4675-9046-9cc2c9fca091,https://www.fire.ca.gov/incidents/2025/4/15/33-fire/,2025-04-15T16:14:00Z,4/15/2025,4/15/2025
Boyd Fire,2025-04-22T08:56:12Z,2025-04-17T00:24:34Z,Bureau of Land Management,Imperial,"Boyd Road/Graeser Road, Holtville",15,-115.2930033,32.9021295,6a2b37ec-72e0-4e4f-8836-7176f05a9f62,https://www.fire.ca.gov/incidents/2025/4/17/boyd-fire/,2025-04-21T18:00:00Z,4/21/2025,4/17/2025
Dunes Fire,2025-04-19T15:27:26Z,2025-04-18T15:43:54Z,CAL FIRE Humboldt-Del Norte Unit,Del Norte,"Near Old Mill Road, Crescent City",37,-124.220177,41.804082,f6e3470c-a717-4e52-9c88-2be8d359631f,https://www.fire.ca.gov/incidents/2025/4/18/dunes-fire/,2025-04-19T15:27:11Z,4/19/2025,4/18/2025
Panoche Fire,2025-04-20T21:51:36Z,2025-04-20T16:01:43Z,CAL FIRE San Benito-Monterey Unit,San Benito,"North of Panoche Road and Little Panoche Road, Panoche",29,-120.876101,36.656093,00e82f13-a668-4fac-96e5-87db742562f4,https://www.fire.ca.gov/incidents/2025/4/20/panoche-fire/,2025-04-20T21:51:21Z,4/20/2025,4/20/2025
Sandy Fire,2025-04-23T22:02:54Z,2025-04-23T19:12:53Z,CAL FIRE Madera-Mariposa-Merced Unit,Merced,"Hwy 59/Sandy Mush Road, Merced",21,-120.513485,37.185799,d01f8246-e27f-421e-b342-58d949af2209,https://www.fire.ca.gov/incidents/2025/4/23/sandy-fire/,2025-04-23T22:02:11Z,4/23/2025,4/23/2025
Laporte Fire,2025-06-16T09:15:02Z,2025-04-23T21:15:12Z,Plumas National Forest,Yuba,"LaPorte Road/Forbestown Road, Woodleaf",15,-121.19237,39.516462,805b0f33-c6d9-4aa4-b3c1-e067b490bed6,https://www.fire.ca.gov/incidents/2025/4/23/laporte-fire/,2025-04-24T19:00:00Z,4/24/2025,4/23/2025
Reef Fire,2026-01-06T10:26:22Z,2025-04-25T20:12:14Z,CAL FIRE Fresno-Kings Unit,Kings,"Hwy 33, North of Pyramid Hills Road, Reef City",335,-120.014805,35.813704,bdc85ac3-5b32-41f9-9731-2ed55ae7fb8f,https://www.fire.ca.gov/incidents/2025/4/25/reef-fire/,2025-04-26T08:00:00Z,4/26/2025,4/25/2025
County Fire,2025-04-29T19:57:22Z,2025-04-28T15:19:26Z,CAL FIRE Siskiyou Unit,Siskiyou,"Off County Road 101 and County Road 101B, North of Newell",15,-121.3501,41.92216,e6656c72-2905-43bb-b838-74c36adcd257,https://www.fire.ca.gov/incidents/2025/4/28/county-fire/,2025-04-28T16:00:00Z,4/28/2025,4/28/2025
Felipe Fire,2025-05-03T00:44:29Z,2025-05-01T13:37:00Z,CAL FIRE San Diego Unit,San Diego,"Highway 78, East of San Felipe Road",50,-116.470729,33.098585,3edb01e6-4e6b-4560-8309-857931f2d0d4,https://www.fire.ca.gov/incidents/2025/5/1/felipe-fire/,2025-05-02T00:42:30Z,5/2/2025,5/1/2025
Eastman Fire,2025-06-16T09:12:46Z,2025-05-02T14:55:14Z,CAL FIRE Madera-Mariposa-Merced Unit,Madera,"Chowchilla Recreation Area near Eastman Lake, Madera",10,-119.9868107,37.2304128,eb2e3d29-afa3-4e95-8393-7a2580e337ad,https://www.fire.ca.gov/incidents/2025/5/2/eastman-fire/,2025-05-02T14:13:31Z,5/2/2025,5/2/2025
Carroll Fire ,2025-05-06T09:18:37Z,2025-05-04T13:30:26Z,Consumnes Fire Department ,Sacramento,Carroll Rd cross of Eschinger Rd south of Elk Grove,90,-121.398847,38.350603,c48978b9-c4c7-4101-b9c1-1fb310574e55,https://www.fire.ca.gov/incidents/2025/5/4/carroll-fire/,2025-05-04T17:00:00Z,5/4/2025,5/4/2025
Putah Fire,2025-05-07T08:05:56Z,2025-05-05T12:53:46Z,CAL FIRE Sonoma-Lake-Napa Unit,Solano,"Putah Creek Road/Olive School Lane, Winters in Solano County",17,-122.004577,38.492882,29ba0d62-b0a1-456b-b45a-3a903e11533d,https://www.fire.ca.gov/incidents/2025/5/5/putah-fire/,2025-05-05T19:00:00Z,5/5/2025,5/5/2025
Springs Fire,2026-01-05T14:06:12Z,2025-05-06T14:10:31Z,CAL FIRE Tulare Unit,Tulare,Avenue 56 and Road 272,1817,-118.954931,35.817188,a7823000-b882-4363-8cae-d92340e14a8b,https://www.fire.ca.gov/incidents/2025/5/6/springs-fire/,2025-05-07T08:00:00Z,5/7/2025,5/6/2025
Cherokee Fire,2025-05-10T21:56:34Z,2025-05-10T16:56:55Z,CAL FIRE Tulare Unit,Tulare,"Old Three Rivers Road, East of Highway 198, Three Rivers",20,-118.9149505,36.4213337,34d330e6-6eab-4527-b350-3616b17fcff0,https://www.fire.ca.gov/incidents/2025/5/10/cherokee-fire/,2025-05-10T21:30:00Z,5/10/2025,5/10/2025
Pozo Fire,2025-05-11T18:40:14Z,2025-05-10T18:20:58Z,CAL FIRE San Luis Obispo Unit,San Luis Obispo,"SR 58 West of East Pozo Road, East of Santa Margarita",86,-120.1997983,35.4018646,f9dd207d-0f51-449a-882d-7aa6aa1eaf7c,https://www.fire.ca.gov/incidents/2025/5/10/pozo-fire/,2025-05-11T18:39:48Z,5/11/2025,5/10/2025
Catlett Fire,2025-05-10T21:55:31Z,2025-05-10T13:38:42Z,CAL FIRE Nevada-Yuba-Placer Unit,Placer,"East Catlett Road, Lincoln",175,-121.407882,38.846183,01fa37af-7ca8-4d5a-bdfc-60888a4b444f,https://www.fire.ca.gov/incidents/2025/5/10/catlett-fire/,2025-05-10T21:00:00Z,5/10/2025,5/10/2025
Energy Fire,2025-05-14T06:51:34Z,2025-05-12T12:29:22Z,CAL FIRE San Luis Obispo Unit,San Luis Obispo,California Valley near Energy Place and Highway 58,43,-120.040599,35.351787,27d27175-c7e1-4a5d-8e98-b4b29201da28,https://www.fire.ca.gov/incidents/2025/5/12/energy-fire/,2025-05-13T15:00:00Z,5/13/2025,5/12/2025
Robinson Fire,2025-05-14T06:39:27Z,2025-05-13T13:48:24Z,CAL FIRE Madera-Mariposa-Merced Unit,Merced,"Snelling Road & Robinson Road, South of Snelling",120,-120.44704,37.498636,d3ba42d8-d13d-4040-9edc-5c1f44522f44,https://www.fire.ca.gov/incidents/2025/5/13/robinson-fire/,2025-05-13T18:02:51Z,5/13/2025,5/13/2025
Hansen Fire,2025-05-14T06:46:31Z,2025-05-13T14:05:06Z,CAL FIRE Santa Clara Unit,San Joaquin,"I 580 and Mountain House Parkway, east of Tracy",16,-121.53522,37.719785,805b2240-1e96-4920-8bea-b4ae44005640,https://www.fire.ca.gov/incidents/2025/5/13/hansen-fire/,2025-05-13T18:46:00Z,5/13/2025,5/13/2025
L7a 2 Fire,2025-05-14T06:39:52Z,2025-05-13T21:35:17Z,CAL FIRE Madera-Mariposa-Merced Unit,Merced,"Robinson Road and Spring Road, south of Merced River",120,-120.445783,37.493638,a7e25ed4-93bb-423c-89cf-64b48afbd1e0,https://www.fire.ca.gov/incidents/2025/5/13/l7a-2-fire/,2025-05-13T21:56:00Z,5/13/2025,5/13/2025
Acres Fire,2026-01-05T14:04:54Z,2025-05-14T14:06:12Z,CAL FIRE Madera-Mariposa-Merced Unit,Madera,"Road 602 and Madera Canal, Madera",636,-120.0170157,37.0815942,55621216-5ec5-430d-aff6-0f93b203fbfb,https://www.fire.ca.gov/incidents/2025/5/14/acres-fire/,2025-05-15T08:00:00Z,5/15/2025,5/14/2025
Duck Fire,2025-05-15T16:27:33Z,2025-05-14T14:13:04Z,CAL FIRE Tuolumne-Calaveras Unit,San Joaquin,"Near Highway 4, East of Farmington",68,-120.928401,37.944835,48f09db4-0701-48f1-88b5-12bcea02289e,https://www.fire.ca.gov/incidents/2025/5/14/duck-fire/,2025-05-14T18:00:00Z,5/14/2025,5/14/2025
Toro Fire,2025-05-15T16:25:39Z,2025-05-14T16:23:46Z,CAL FIRE Riverside Unit,Riverside,"El Toro Road / Lindell Road, Goodhope",28,-117.345037,33.757845,f7e153f3-91da-4cc3-a33b-dd7783c36a02,https://www.fire.ca.gov/incidents/2025/5/14/toro-fire/,2025-05-15T08:45:00Z,5/15/2025,5/14/2025
Globe Fire,2025-05-16T12:03:23Z,2025-05-15T11:35:02Z,Space Launch Delta 30 Fire Department,Santa Barbara,"Off Globe Road near Vandenberg Space Force Base, Santa Barbara",27,-120.593673,34.886238,0ae5bd29-1d0f-4a1e-b1cc-400386f7d1b8,https://www.fire.ca.gov/incidents/2025/5/15/globe-fire/,2025-05-15T16:07:49Z,5/15/2025,5/15/2025
Baxter Fire,2025-05-16T22:04:23Z,2025-05-15T15:28:02Z,CAL FIRE Riverside Unit,Riverside,"Avenida Manana / Running Rabbit Road, Murrieta",60,-117.149827,33.610162,68839891-cd6f-4a9a-9d7e-aef108232cf4,https://www.fire.ca.gov/incidents/2025/5/15/baxter-fire/,2025-05-16T22:04:19Z,5/16/2025,5/15/2025
Acampo Fire,2025-05-19T21:04:20Z,2025-05-15T14:54:25Z,CAL FIRE Tuolumne-Calaveras Unit,San Joaquin,"Johnson / Brandt Road, Clements",22,-121.040983,38.148511,7704bb91-db3a-4a24-b125-1b0e689fca4e,https://www.fire.ca.gov/incidents/2025/5/15/acampo-fire/,2025-05-15T17:01:00Z,5/15/2025,5/15/2025
White Fire,2025-05-16T06:04:28Z,2025-05-15T14:35:14Z,CAL FIRE Madera-Mariposa-Merced Unit,Merced,"Le Grande, Merced",23,-120.198126,37.244386,1d662ad8-9166-4cf7-a7ff-cc2e6f8d35f1,https://www.fire.ca.gov/incidents/2025/5/15/white-fire/,2025-05-16T06:04:22Z,5/16/2025,5/15/2025
Washoe Fire,2025-05-16T22:04:40Z,2025-05-16T12:36:53Z,CAL FIRE Fresno-Kings Unit,Fresno,"South Washoe Ave and West Lincoln Ave, Mendota",25,-120.460299,36.652363,d70f377b-58e9-419a-bf5b-00117e270fac,https://www.fire.ca.gov/incidents/2025/5/16/washoe-fire/,2025-05-16T22:04:37Z,5/16/2025,5/16/2025
Nella Fire,2026-01-05T14:02:38Z,2025-05-17T12:03:21Z,CAL FIRE Madera-Mariposa-Merced Unit,Merced,I-5 and Hwy 152 Santa Nella,535,-120.9680028,37.0462978,c6b55ce4-48c8-4027-978b-b880b4dfd5b5,https://www.fire.ca.gov/incidents/2025/5/17/nella-fire/,2025-05-17T08:00:00Z,5/17/2025,5/17/2025
Idria Fire,2026-01-05T14:03:33Z,2025-05-17T13:03:19Z,CAL FIRE San Benito-Monterey Unit,San Benito,"New Idria Road, South of Panoche Valley, Paicines",330,-120.835667,36.543667,1191b16b-f398-4545-9827-674ed99b1f05,https://www.fire.ca.gov/incidents/2025/5/17/idria-fire/,2025-05-19T08:00:00Z,5/19/2025,5/17/2025
Grange Fire,2025-05-18T22:00:24Z,2025-05-18T08:58:06Z,CAL FIRE Tuolumne-Calaveras Unit,Stanislaus,"Highway 132 and Old La Grange Rd. , La Grange",30,-120.4395747,37.6693899,70033b2a-f28f-4545-b1a4-fd29950a3c9d,https://www.fire.ca.gov/incidents/2025/5/18/grange-fire/,2025-05-18T14:42:33Z,5/18/2025,5/18/2025
Sunset Fire,2025-05-21T13:28:06Z,2025-05-18T13:43:22Z,CAL FIRE Nevada-Yuba-Placer Unit,Placer,"Sunset Blvd., West cross of Fiddyment Road, Lincoln",65,-121.349272,38.824583,481e4ea4-bbed-4ac9-8d4d-a09787de9d08,https://www.fire.ca.gov/incidents/2025/5/18/sunset-fire/,2025-05-19T16:21:00Z,5/19/2025,5/18/2025
Corn Fire,2025-05-20T13:19:42Z,2025-05-18T13:47:18Z,CAL FIRE Fresno-Kings Unit,Fresno,Cornflower Lane east of Squaw Valley Road in Yokuts Valley,26,-119.14466,36.661361,9666b843-8126-4a70-a753-93711f782529,https://www.fire.ca.gov/incidents/2025/5/18/corn-fire/,2025-05-19T13:00:00Z,5/19/2025,5/18/2025
Panoche Fire,2025-05-19T15:26:30Z,2025-05-18T14:48:51Z,CAL FIRE Fresno-Kings Unit,Fresno,"West Ponoche Road near I-5, Chaney Ranch",27,-120.624598,36.63874,d11d8cdb-f0c4-487b-8a1d-bf9e0a64b355,https://www.fire.ca.gov/incidents/2025/5/18/panoche-fire/,2025-05-18T15:42:00Z,5/18/2025,5/18/2025
Democrat Fire,2026-01-06T10:42:35Z,2025-05-18T15:39:17Z,"Sequoia National Forest, Kern County Fire Department, &  Bureau of Land Management Fire",Kern,"Highway 178 near of Upper Richbar Picnic Area, Sequoia National Forest",895,-118.7094208,35.479027,b0eaba5c-1bf5-4123-aa6e-26c212bd596e,https://www.fire.ca.gov/incidents/2025/5/18/democrat-fire/,2025-05-26T07:30:57Z,5/26/2025,5/18/2025
Walnut Fire,2025-05-20T13:37:22Z,2025-05-18T15:35:50Z,CAL FIRE Santa Clara Unit,Contra Costa,"Walnut Boulevard near Camino Diablo, Brentwood",51,-121.69861,37.874694,be3d405d-c19a-4c9e-9f17-5284a710d9d8,https://www.fire.ca.gov/incidents/2025/5/18/walnut-fire/,2025-05-18T16:35:00Z,5/18/2025,5/18/2025
Gunsmoke Fire,2025-05-20T13:19:00Z,2025-05-18T17:26:19Z,CAL FIRE Tehama-Glenn Unit,Tehama,"Pettyjohn Road near Pope Drive, Red Bluff",10,-122.5868,40.1624,e291bb03-c0ad-411c-b616-4327c9032095,https://www.fire.ca.gov/incidents/2025/5/18/gunsmoke-fire/,2025-05-19T16:30:00Z,5/19/2025,5/18/2025
Jaw Fire,2026-01-06T10:43:58Z,2025-05-19T14:23:58Z,Kern County Fire & Bureau of Land Management,Kern,Kelso Valley Road & Jawbone Canyon Road,4327,-118.2225,35.3158,ab3eab9f-862e-47f1-803a-243507ea128c,https://www.fire.ca.gov/incidents/2025/5/19/jaw-fire/,2025-05-31T08:00:00Z,5/31/2025,5/19/2025
Spring Fire,2025-11-05T08:21:36Z,2025-05-19T20:59:07Z,"CAL FIRE Siskiyou Unit and Mt. Shasta City Fire Department
",Siskiyou,Spring Hill Mount Shasta City ,12,-122.32687,41.33512,7660065b-dc72-49fa-a5d4-c25f29f5f12d,https://www.fire.ca.gov/incidents/2025/5/19/spring-fire/,2025-05-20T04:30:00Z,5/20/2025,5/19/2025
Cunningham Fire,2025-05-21T06:21:19Z,2025-05-20T11:34:05Z,CAL FIRE Madera-Mariposa-Merced Unit,Merced,North Cunningham Road and Bear Creek,201,-120.25151,37.344921,741b7993-0acd-4942-8bd2-7e6984bc48f6,https://www.fire.ca.gov/incidents/2025/5/20/cunningham-fire/,2025-05-20T12:52:00Z,5/20/2025,5/20/2025
Crossing Fire,2025-05-22T21:59:06Z,2025-05-20T14:07:56Z,CAL FIRE Riverside Unit,Riverside,"Lower Ranch Road and Petes Crossing, near Agua",126,-116.8260846,33.466549,5ab32f4d-a6a0-4e9f-9689-f55b7a2c03cf,https://www.fire.ca.gov/incidents/2025/5/20/crossing-fire/,2025-05-21T16:47:00Z,5/21/2025,5/20/2025
Sargent Fire,2025-05-20T20:33:37Z,2025-05-20T12:07:51Z,CAL FIRE San Benito-Monterey Unit,Monterey,"Near Highway 101 and Sargents Road, San Ardo",13,-120.859456,35.952527,45da254c-b880-463d-b7c0-8b3daa08d8a0,https://www.fire.ca.gov/incidents/2025/5/20/sargent-fire/,2025-05-20T13:00:00Z,5/20/2025,5/20/2025
Mission Fire,2025-05-21T06:23:06Z,2025-05-20T14:44:12Z,CAL FIRE Madera-Mariposa-Merced Unit,Merced,"Mission Ave and Henry Street, Southwest of the City of Merced",54,-120.451639,37.27341,5d4edc6a-7049-47c8-b977-11faf06889a1,https://www.fire.ca.gov/incidents/2025/5/20/mission-fire/,2025-05-20T18:06:00Z,5/20/2025,5/20/2025
Auburn Fire,2025-05-22T08:27:48Z,2025-05-20T17:19:00Z,CAL FIRE San Bernardino Unit,San Bernardino,"Auburn Avenue and Richardson Road, Adelanto",54,-117.465727,34.590737,a92539ed-ed8f-4143-9f1a-2fb40672d144,https://www.fire.ca.gov/incidents/2025/5/20/auburn-fire/,2025-05-20T19:00:00Z,5/20/2025,5/20/2025
Sierra Fire,2025-05-21T22:05:34Z,2025-05-21T18:16:40Z,CAL FIRE Riverside Unit,Riverside,"La Sierra Avenue and Tin Mine Road, South of El Sobrante",20,-117.461546,33.847742,1582c12d-e5c7-4901-b173-9b41b056445e,https://www.fire.ca.gov/incidents/2025/5/21/sierra-fire/,2025-05-21T20:53:00Z,5/21/2025,5/21/2025
Creston Fire,2025-05-22T21:51:17Z,2025-05-22T12:30:55Z,CAL FIRE San Luis Obispo Unit,San Luis Obispo,"Cripple Creek Road and Feenstra Road, Paso Robles",14,-120.560704,35.564837,6dcb6454-eea6-4f54-99c9-a8048d57f06d,https://www.fire.ca.gov/incidents/2025/5/22/creston-fire/,2025-05-22T13:22:00Z,5/22/2025,5/22/2025
Dan Fire,2025-05-22T21:56:04Z,2025-05-22T13:48:09Z,CAL FIRE Madera-Mariposa-Merced Unit,Merced,"South Bert Crane Road and Dan Mcnamara Road, southwest of McSwain",100,-120.670161,37.244432,3862596b-1d06-4879-98a5-764e88524db6,https://www.fire.ca.gov/incidents/2025/5/22/dan-fire/,2025-05-22T16:14:00Z,5/22/2025,5/22/2025
Inn Fire,2026-01-06T10:45:53Z,2025-05-22T15:35:00Z,Inyo National Forest Service,Mono,"Off Highway 395 and Mono Inn Road, South of Mono City",728,-119.156506,38.009312,c8d4f29a-e833-49e9-a905-f02af3a6205e,https://www.fire.ca.gov/incidents/2025/5/22/inn-fire/,2025-07-08T08:00:00Z,7/8/2025,5/22/2025
Orange Fire,2025-05-27T10:18:14Z,2025-05-22T21:18:55Z,Orange Cove Fire District,Fresno,Orange Cove,15,-119.322692,36.624674,9962bc8d-5341-4f8e-a271-78d1d9a64c12,https://www.fire.ca.gov/incidents/2025/5/22/orange-fire/,2025-05-26T15:19:01Z,5/26/2025,5/22/2025
Spence Fire,2025-05-24T21:43:35Z,2025-05-23T13:14:03Z,Beale Air Force Base,Yuba,"Warren Shingle Road and Spencer-Paul Road, near Beale Air Force Base",58,-121.331078,39.118918,117f74f1-b674-4ad1-90ac-de4958715559,https://www.fire.ca.gov/incidents/2025/5/23/spence-fire/,2025-05-23T08:00:00Z,5/23/2025,5/23/2025
Guadalupe Fire,2025-05-24T21:44:24Z,2025-05-23T15:45:27Z,San Jose Fire Department,Santa Clara,"Guadalupe Mine Road, San Jose",15,-121.8947894,37.2106583,8d927633-20e5-4938-871e-8903dec1045f,https://www.fire.ca.gov/incidents/2025/5/23/guadalupe-fire/,2025-05-23T22:00:00Z,5/23/2025,5/23/2025
Pluto Fire,2025-05-26T21:55:04Z,2025-05-24T14:20:26Z,CAL FIRE Siskiyou Unit,Siskiyou,"Southwest of County Highway A12 and Shasta Vista Drive, Mount Shasta Vista Subdivision",12,-122.295,41.573333,0f25abe3-087f-43cc-8523-7f8830f359d7,https://www.fire.ca.gov/incidents/2025/5/24/pluto-fire/,2025-05-26T21:55:00Z,5/26/2025,5/24/2025
Rifle Fire,2025-05-24T21:50:57Z,2025-05-24T16:51:55Z,CAL FIRE Fresno-Kings Unit,Fresno,Auberry Road x Summit Mountain Road ,19,-119.676186,36.944525,d882a22e-f9b8-43c9-a378-bfe462e34f4c,https://www.fire.ca.gov/incidents/2025/5/24/rifle-fire/,2025-05-24T22:00:00Z,5/24/2025,5/24/2025
Milpas Fire,2025-05-25T21:59:37Z,2025-05-24T13:12:50Z,CAL FIRE San Bernardino Unit,San Bernardino,"Near Santa Rosa Road, Apple Valley, CA",43,-117.102917,34.413935,810ed9c5-010c-4149-ad21-4afaa724d944,https://www.fire.ca.gov/incidents/2025/5/24/milpas-fire/,2025-05-25T08:00:31Z,5/25/2025,5/24/2025
Gun Fire,2025-05-25T22:00:29Z,2025-05-25T12:57:18Z,CAL FIRE Fresno-Kings Unit,Fresno,"Off of Panoche Road in Tumey Hills, West of I5 ",11,-120.657656,36.622453,ca0402e9-9abd-4463-8187-074d9fcab146,https://www.fire.ca.gov/incidents/2025/5/25/gun-fire/,2025-05-25T12:59:57Z,5/25/2025,5/25/2025
Lake Fire,2025-05-27T22:04:50Z,2025-05-26T10:22:53Z,CAL FIRE Tuolumne-Calaveras Unit,Stanislaus,"Lake Road at Yosemite Boulevard, La Grange",28,-120.492179,37.648407,abe10547-4150-4df1-b847-87af8feddf72,https://www.fire.ca.gov/incidents/2025/5/26/lake-fire/,2025-05-27T22:04:48Z,5/27/2025,5/26/2025
Pecan Fire,2025-05-26T21:54:27Z,2025-05-26T10:17:51Z,CAL FIRE Fresno-Kings Unit,Fresno,"East Parlier Avenue, Reedley",14,-119.43763,36.611351,f5d6e65b-19e4-4ca3-83fb-f7c3f8bfafe7,https://www.fire.ca.gov/incidents/2025/5/26/pecan-fire/,2025-05-26T21:54:13Z,5/26/2025,5/26/2025
Cherry Fire,2025-08-08T14:13:02Z,2025-05-26T13:15:41Z,CAL FIRE Sonoma-Lake-Napa Unit,Solano,"Cherry Glen Extension Road off the north side of Interstate 80, Vacaville",52,-122.016511,38.34346,f9ef205c-d2ea-4edb-9705-9840cb30cdb1,https://www.fire.ca.gov/incidents/2025/5/26/cherry-fire/,2025-05-27T22:04:35Z,5/27/2025,5/26/2025
Orange Fire,2025-05-27T22:04:07Z,2025-05-26T13:56:37Z,Tulare County Fire Department Fire,Tulare,"12500 Block of Avenue 408, Cutler, East of Road 124",10,-119.296,36.60254,3bad40df-622b-4172-8bd5-79f5b95816bf,https://www.fire.ca.gov/incidents/2025/5/26/orange-fire/,2025-05-27T22:04:03Z,5/27/2025,5/26/2025
Run Fire,2026-01-05T14:01:22Z,2025-05-26T14:45:12Z,CAL FIRE Madera-Mariposa-Merced Unit,Madera,"Road 607 and Road D29, Raymond CA",420,-119.99113,37.08447,6b89b685-6a60-49dd-81ea-f33ec5dfa215,https://www.fire.ca.gov/incidents/2025/5/26/run-fire/,2025-05-26T08:00:00Z,5/26/2025,5/26/2025
65 Fire,2025-06-16T08:28:39Z,2025-05-27T15:18:40Z,Kern County Fire Department,Kern,"Highway 65 and Flightpath Way, East of Hwy 65",30,-119.08242,35.46115,27998576-98a2-4a2d-bc1a-afdf09066ecb,https://www.fire.ca.gov/incidents/2025/5/27/65-fire/,2025-05-27T07:30:37Z,5/27/2025,5/27/2025
Stadium Fire,2025-05-29T21:53:43Z,2025-05-28T20:42:06Z,Orange Cove Fire Protection District,Fresno,"Near Anchor Avenue and Parlier Avenue, Orange Cove ",30,-119.322764,36.613311,f24fc520-d285-4223-ace6-e46b93bd26d0,https://www.fire.ca.gov/incidents/2025/5/28/stadium-fire/,2025-05-29T08:00:00Z,5/29/2025,5/28/2025
Paloma Fire,2025-05-29T21:52:01Z,2025-05-29T12:36:13Z,CAL FIRE Madera-Mariposa-Merced Unit,Merced,La Paloma Road and Snelling Road,31,-120.460411,37.396908,5ae072be-edb9-4553-afd2-ef8d0108a63d,https://www.fire.ca.gov/incidents/2025/5/29/paloma-fire/,2025-05-29T15:51:46Z,5/29/2025,5/29/2025
Frazier Fire,2025-06-09T10:24:10Z,2025-05-29T13:55:00Z,United States Forest Service - Los Padres National Forest,Kern,"Cuddy Creek at end of Cuddy Canyon Road, Lebec",105,-118.9121,34.8229,588fcef3-7626-44c3-ab26-83f2ef19111c,https://www.fire.ca.gov/incidents/2025/5/29/frazier-fire/,2025-06-04T17:30:00Z,6/4/2025,5/29/2025
Hensley Fire,2025-05-30T21:56:19Z,2025-05-30T10:37:09Z,CAL FIRE Madera-Mariposa-Merced Unit,Madera,"Road 400 and Road 603, near Hensley Lake",24,-119.883749,37.100283,6292b9d7-ea32-4342-b869-c04244c71224,https://www.fire.ca.gov/incidents/2025/5/30/hensley-fire/,2025-05-30T17:55:58Z,5/30/2025,5/30/2025
Eureka Fire,2025-06-10T08:58:03Z,2025-05-30T11:57:36Z,National Park Service-Joshua Tree National Park,San Bernardino,"Carmelita Place and Carmelita Circle, Yucca Valley",214,-116.3269976,34.0618164,a1a24bab-e19d-49d5-a3f2-46281022f261,https://www.fire.ca.gov/incidents/2025/5/30/eureka-fire/,2025-06-09T18:00:00Z,6/9/2025,5/30/2025
Henderson Fire,2025-06-04T06:29:33Z,2025-05-30T17:45:04Z,CAL FIRE San Diego Unit,San Diego,Henderson Road and Pala Mission Road,256,-117.0608758,33.3803841,1f30d922-c369-4462-b736-d7148c82c029,https://www.fire.ca.gov/incidents/2025/5/30/henderson-fire/,2025-06-03T22:00:00Z,6/3/2025,5/30/2025
Round Fire,2025-06-16T09:11:00Z,2025-05-31T19:48:31Z,Los Padres National Forest,Ventura,"near Highway 33 and Lockwood Valley Road, Scheideck",2,-119.336243,34.709092,b3bc4084-0e2f-4f6f-8075-7bde64d7dc8c,https://www.fire.ca.gov/incidents/2025/5/31/round-fire/,2025-06-01T08:12:46Z,6/1/2025,5/31/2025
Rose Fire,2026-01-05T13:59:48Z,2025-06-02T12:43:10Z,CAL FIRE Fresno-Kings Unit,Fresno,"South Yuba Ave & West Rose Ave, San Joaquin",1200,-120.178698,36.60343,bf459045-cd6d-46ca-b6b5-7c3383132dad,https://www.fire.ca.gov/incidents/2025/6/2/rose-fire/,2025-06-02T06:02:06Z,6/2/2025,6/2/2025
Cottonwood Fire,2025-06-04T06:26:26Z,2025-06-02T14:44:15Z,CAL FIRE Siskiyou Unit,Siskiyou," Ditch Creek Road & Cottonwood Creek Road, Hornbrook",19,-122.566666,41.923333,be139824-1afe-4cb0-92fd-83eca05e577b,https://www.fire.ca.gov/incidents/2025/6/2/cottonwood-fire/,2025-06-03T22:00:00Z,6/3/2025,6/2/2025
Rector Fire,2025-06-06T20:57:28Z,2025-06-02T16:08:08Z,CAL FIRE Fresno-Kings Unit,Fresno,"Elwood Road and Rector Lane, Yokuts Valley",56,-119.238331,36.7665646,04517066-44b3-4ba0-aab6-be990571c73e,https://www.fire.ca.gov/incidents/2025/6/2/rector-fire/,2025-06-05T11:26:00Z,6/5/2025,6/2/2025
Vista Grande Fire,2025-06-04T06:28:05Z,2025-06-02T16:04:20Z,Fairfield Fire Department,Solano,"Vista Grande & Capitola Way, Fairfield",62,-122.0643336,38.276076,6f67ec22-c9db-4f85-af9f-1d65c8102b7c,https://www.fire.ca.gov/incidents/2025/6/2/vista-grande-fire/,2025-06-03T22:00:00Z,6/3/2025,6/2/2025
Ford Fire,2025-06-06T20:50:32Z,2025-06-03T06:42:55Z,CAL FIRE Fresno-Kings Unit,Fresno,"Highway 180 & Crawford Avenue, near Yokuts Valley",75,-119.3741071,36.7485076,05855e72-f24b-494c-b816-1c4c54193111,https://www.fire.ca.gov/incidents/2025/6/3/ford-fire/,2025-06-03T13:01:00Z,6/3/2025,6/3/2025
Quail Fire,2025-06-05T21:38:50Z,2025-06-04T15:02:01Z,CAL FIRE Shasta-Trinity Unit,Shasta,"Quail Valley Drive, Redding",16,-122.274206,40.542584,8cce41e0-a556-4472-b351-9d835122e9dc,https://www.fire.ca.gov/incidents/2025/6/4/quail-fire/,2025-06-05T06:00:00Z,6/5/2025,6/4/2025
Fort Fire,2025-10-14T16:04:25Z,2025-06-04T23:27:00Z,Kern County Fire Department,Kern,"Near Digier Canyon, Lebec",389,-118.920401,34.8892431,fb704e26-37b6-4832-a15a-b7630d6438b6,https://www.fire.ca.gov/incidents/2025/6/4/fort-fire/,2025-06-10T13:10:00Z,6/10/2025,6/4/2025
Juan Fire,2025-06-06T20:53:49Z,2025-06-05T12:50:44Z,CAL FIRE San Luis Obispo Unit,San Luis Obispo,"East Pozo Road and Highway 58, Santa Margarita",24,-120.1656,35.386609,4bf75173-5605-4990-8525-233af5de2f70,https://www.fire.ca.gov/incidents/2025/6/5/juan-fire/,2025-06-05T14:54:00Z,6/5/2025,6/5/2025
Fink Fire,2025-06-06T20:58:43Z,2025-06-05T14:07:52Z,CAL FIRE Santa Clara Unit,Stanislaus,"4400 block of Fink Rd, South of Patterson",13,-121.145689,37.39594,e46c8db3-3b39-463e-90f6-3a805431af3e,https://www.fire.ca.gov/incidents/2025/6/5/fink-fire/,2025-06-05T15:06:00Z,6/5/2025,6/5/2025
Jack Fire,2025-06-07T19:55:21Z,2025-06-05T18:52:35Z,Kern County Fire Department,Kern,"Highway 46 and Kecks Road, Annette",50,-120.157902,35.708223,95855b3f-ff88-45cd-8de6-86fa973ac967,https://www.fire.ca.gov/incidents/2025/6/5/jack-fire/,2025-06-07T07:00:00Z,6/7/2025,6/5/2025
Sabe Fire,2025-06-06T20:56:18Z,2025-06-05T14:11:34Z,CAL FIRE San Benito-Monterey Unit,San Benito,"Quien Sabe Road and Santa Ana Valley Road, Tres Pinos",17,-121.274403,36.800358,1d4b5639-9ac4-42de-8f20-9884ed8f6657,https://www.fire.ca.gov/incidents/2025/6/5/sabe-fire/,2025-06-06T10:23:00Z,6/6/2025,6/5/2025
Perez Fire,2025-06-06T21:00:24Z,2025-06-06T15:19:59Z,CAL FIRE Fresno-Kings Unit,Fresno,"Perez Street and Barboza, Mendota",20,-120.384115,36.766702,d8c67864-71fe-44f7-b36c-0e18df46af61,https://www.fire.ca.gov/incidents/2025/6/6/perez-fire/,2025-06-06T15:59:00Z,6/6/2025,6/6/2025
Feather Complex Fire,2025-06-11T09:25:18Z,2025-06-09T08:04:54Z,Plumas National Forest,Plumas,"Near Grizzly Forebay, Bucks Lake",19,-121.2897146,39.8913619,89f1e05a-5652-451a-8c41-4d65df907617,https://www.fire.ca.gov/incidents/2025/6/9/feather-complex-fire/,2025-06-10T20:09:00Z,6/10/2025,6/9/2025
Antonio Fire,2025-06-11T09:22:39Z,2025-06-09T16:13:55Z,CAL FIRE Santa Clara Unit,Santa Clara,"West of San Antonio Valley Road and Upper San Antonio Valley Road, Mount Hamilton",18,-121.554371,37.353834,3f92262b-599b-4753-a002-f514ab1e36ab,https://www.fire.ca.gov/incidents/2025/6/9/antonio-fire/,2025-06-10T12:14:00Z,6/10/2025,6/9/2025
Windy Fire,2025-06-11T15:23:24Z,2025-06-09T15:42:39Z,Sierra National Forest ,Madera," Near Mammoth Pool Road and Mammoth Pool Reservoir, Sierra National Forest ",12,-119.327,37.34,a826b1bf-cb1f-4f11-9d1c-e8c6a70b9419,https://www.fire.ca.gov/incidents/2025/6/9/windy-fire/,2025-06-09T15:23:14Z,6/9/2025,6/9/2025
Cahuilla Fire,2025-06-13T22:03:44Z,2025-06-10T12:30:13Z,Unified Command: CAL FIRE Riverside Unit and Cahuilla Reservation,Riverside,"52700 Highway 371, Anza",188,-116.740299,33.540872,b0fbc28d-1c08-45a6-9fb9-85489e5db871,https://www.fire.ca.gov/incidents/2025/6/10/cahuilla-fire/,2025-06-13T11:16:36Z,6/13/2025,6/10/2025
McNamara Fire,2025-06-12T08:38:48Z,2025-06-10T11:59:51Z,CAL FIRE Madera-Mariposa-Merced Unit,Merced,"Los Banos Highway and McNamara Road, Merced",43,-120.457979,37.228714,bd1877e5-4421-4e52-b4cc-4b863f708c87,https://www.fire.ca.gov/incidents/2025/6/10/mcnamara-fire/,2025-06-10T14:18:00Z,6/10/2025,6/10/2025
Ranch Fire,2026-01-06T13:00:23Z,2025-06-10T14:33:13Z,Bureau of Land Management- California Desert District,San Bernardino,"Bowen Ranch Road and Coxey Truck Trail, South of Apple Valley",4293,-117.1232,34.3745,5fbb7563-7dc7-4a36-849b-400b8488a9dd,https://www.fire.ca.gov/incidents/2025/6/10/ranch-fire/,2025-06-18T08:00:00Z,6/18/2025,6/10/2025
Bethany Fire,2025-06-11T08:56:31Z,2025-06-10T16:32:26Z,Burbank Fire Department,Los Angeles,"Bethany Road and Amherst Drive, Burbank",20,-118.309,34.2,a2c5a778-4896-4812-ba19-1e966a2aa253,https://www.fire.ca.gov/incidents/2025/6/10/bethany-fire/,2025-06-10T14:18:00Z,6/10/2025,6/10/2025
Greilich Fire,2025-06-12T08:25:38Z,2025-06-10T17:00:14Z,CAL FIRE Amador El Dorado Unit,Amador,"Greilich Road, Plymouth",11,-120.889,38.454,65bba8de-90eb-4af0-853c-7920557d4303,https://www.fire.ca.gov/incidents/2025/6/10/greilich-fire/,2025-06-10T20:45:00Z,6/10/2025,6/10/2025
SKU Early June Lightning Complex,2025-09-02T16:35:59Z,2025-06-10T16:52:43Z,CAL FIRE Siskiyou Unit,Siskiyou,"Fairlane, Yreka ",108,-122.345743,41.716795,b8f95fe9-87af-4f12-a351-4fd38ad0bae6,https://www.fire.ca.gov/incidents/2025/6/10/sku-early-june-lightning-complex/,2025-06-14T22:01:10Z,6/14/2025,6/10/2025
Letter Fire,2025-06-16T07:54:02Z,2025-06-08T22:04:46Z,Plumas National Forest,Plumas,North of Grizzly Forebay,11,-121.287,39.8933,fa5f5923-ea10-4b02-93d4-b0ed55684942,https://www.fire.ca.gov/incidents/2025/6/8/letter-fire/,2025-06-12T18:00:00Z,6/12/2025,6/8/2025
Lake Fire,2025-06-16T07:53:43Z,2025-06-10T19:00:41Z,Kern County Fire Department  ,Kern,"Near Gardner Field Road, Northeast of Maricopa",23,-119.30306,35.116076,66bbfc0a-d8a9-4bb3-b4af-e0b891083c48,https://www.fire.ca.gov/incidents/2025/6/10/lake-fire/,2025-06-11T08:00:00Z,6/11/2025,6/10/2025
Rocky Fire,2025-06-12T08:35:50Z,2025-06-11T12:33:05Z,CAL FIRE Tulare Unit,Tulare,"Rocky Hill Drive and Yokohl Valley Drive, near Exeter",137,-119.089751,36.301073,7ccaece9-72e8-4e4a-9cd6-176dfae15511,https://www.fire.ca.gov/incidents/2025/6/11/rocky-fire/,2025-06-11T16:54:00Z,6/11/2025,6/11/2025
Little Fire,2026-01-05T13:58:53Z,2025-06-11T13:56:00Z,CAL FIRE San Benito-Monterey Unit,San Benito,"Little Panoche Road & Yturriarte Road, Panoche",586,-120.876101,36.656093,a503c875-cf30-411a-925b-d120439d5ffd,https://www.fire.ca.gov/incidents/2025/6/11/little-fire/,2025-06-11T08:00:00Z,6/11/2025,6/11/2025
Willow Fire,2025-06-14T17:05:28Z,2025-06-11T11:22:38Z,Modoc National Forest,Modoc,"Fandango Pass Road & Surprise Valley Road, Fort Bidwell",18,-120.245333,41.812667,9259639b-d550-4ec6-9c54-89ed5d79ef8e,https://www.fire.ca.gov/incidents/2025/6/11/willow-fire/,2025-06-14T16:00:00Z,6/14/2025,6/11/2025
Dino Fire,2025-06-13T22:03:00Z,2025-06-11T14:58:38Z,CAL FIRE Santa Clara Unit,Santa Clara,"EB Highway 152 and Dinosaur Point Rd, Pacheco Pass",266,-121.219118,37.066401,9a83f189-c39b-49f9-a853-879593dc77bc,https://www.fire.ca.gov/incidents/2025/6/11/dino-fire/,2025-06-13T09:48:41Z,6/13/2025,6/11/2025
Miller Fire,2025-06-15T15:43:31Z,2025-06-09T17:09:52Z,Shasta-Trinity National Forest,Trinity,North of Graham Place,30,-123.409997,40.436496,2695f2b1-10c4-4934-bdb2-60f90e8e9b9d,https://www.fire.ca.gov/incidents/2025/6/9/miller-fire/,2025-06-15T12:00:00Z,6/15/2025,6/9/2025
Ford Fire,2025-06-15T22:03:22Z,2025-06-11T16:17:54Z,CAL FIRE Sonoma-Lake-Napa Unit,Colusa,South side of East Park Reservoir near Lodoga Stonyford Road and Sites Lodoga Road,14,-122.488411,39.302133,46f15a2b-23e5-4935-8fb8-918a5ab275a5,https://www.fire.ca.gov/incidents/2025/6/11/ford-fire/,2025-06-15T22:03:16Z,6/15/2025,6/11/2025
Lobinger Fire,2025-06-12T22:02:01Z,2025-06-11T15:56:59Z,CAL FIRE Tehama-Glenn Unit,Tehama,Lobinger Road & Gallagher Avenue,13,-122.211579,39.943968,aa2daeb0-ecc2-419d-b413-915a32ad8d62,https://www.fire.ca.gov/incidents/2025/6/11/lobinger-fire/,2025-06-12T07:00:00Z,6/12/2025,6/11/2025
River Fire,2025-06-16T07:53:33Z,2025-06-11T20:01:21Z,CAL FIRE Madera-Mariposa-Merced Unit,Madera,"Avenue 7.5 and River Drive, Madera Valley",20,-120.442537,36.858259,f71c1c56-b75f-4afa-bb35-8d65ed87bc9b,https://www.fire.ca.gov/incidents/2025/6/11/river-fire/,2025-06-12T17:00:00Z,6/12/2025,6/11/2025
Claro Fire,2025-06-13T22:05:01Z,2025-06-12T15:52:37Z,"Unified Command: CAL FIRE San Diego Unit, Carlsbad Fire Department and San Diego Sheriff’s Office",San Diego,"Corte Claro & Paseo Encino, Carlsbad",45,-117.212509,33.080796,631c3c90-dfad-4cac-8859-06950210132d,https://www.fire.ca.gov/incidents/2025/6/12/claro-fire/,2025-06-13T14:50:00Z,6/13/2025,6/12/2025
Firestone Fire,2026-01-05T13:57:18Z,2025-06-12T16:04:56Z,CAL FIRE Fresno-Kings Unit,Fresno," Highway 198 and Firestone Ave, West of Coalinga",482,-120.4557421,36.0931954,6028f6f3-75b9-414c-a66b-a4cfec15ed54,https://www.fire.ca.gov/incidents/2025/6/12/firestone-fire/,2025-06-18T08:00:00Z,6/18/2025,6/12/2025
Airline Fire,2025-06-13T22:04:20Z,2025-06-12T19:01:00Z,CAL FIRE San Benito-Monterey,San Benito,"Highway 25 and Bitterwater Road, Bitterwater",46,-120.963426,36.351124,473966df-9c8c-4030-8d6a-3f99304e088f,https://www.fire.ca.gov/incidents/2025/6/12/airline-fire/,2025-06-13T11:29:11Z,6/13/2025,6/12/2025
Hudson Fire,2026-01-05T13:55:42Z,2025-06-12T22:11:00Z,Unified Command: Kern County and Los Padres National Forest,Kern,"Klipstein Canyon Road and Hudson Ranch Road, Maricopa",616,-119.403,34.9578,3ddaa74b-f795-4e8d-8e53-d837f98be748,https://www.fire.ca.gov/incidents/2025/6/12/hudson-fire/,2025-06-14T22:01:48Z,6/14/2025,6/12/2025
Rica Fire,2025-06-13T22:05:59Z,2025-06-13T12:27:15Z,CAL FIRE Nevada-Yuba-Placer Unit,Yuba,"Loma Rica Road south of Iowa City Road, Marysville",25,-121.479804,39.27736,080119cb-3fea-4f59-91bd-1cb0a3f98fe3,https://www.fire.ca.gov/incidents/2025/6/13/rica-fire/,2025-06-13T15:30:00Z,6/13/2025,6/13/2025
Clement Fire,2025-06-14T22:01:41Z,2025-06-13T13:36:45Z,CAL FIRE Shasta-Trinity Unit,Shasta,"Clement Court, Anderson",20,-122.4495,40.479167,1f34192f-55aa-4fde-a116-d65b56609fdc,https://www.fire.ca.gov/incidents/2025/6/13/clement-fire/,2025-06-14T22:01:38Z,6/14/2025,6/13/2025
Dogs Fire,2026-01-05T13:45:48Z,2025-06-13T14:41:49Z,Kern County Fire Department,Kern,"Famosos Road and Sherwood Avenue, North of Bakersfield",4407,-119.0082,35.6025,0b1307ff-5e5a-4a3d-b27a-9e94e0558cde,https://www.fire.ca.gov/incidents/2025/6/13/dogs-fire/,2025-06-15T22:02:40Z,6/15/2025,6/13/2025
Eldorado Fire,2025-06-14T22:00:53Z,2025-06-14T12:45:21Z,CAL FIRE Fresno-Kings Unit ,Fresno,"Hwy 198 and South El Dorado Ave, Coalinga",50,-120.211198,36.2548,763c63d2-2f39-4e7f-8f24-5a2808c08389,https://www.fire.ca.gov/incidents/2025/6/14/eldorado-fire/,2025-06-07T22:00:37Z,6/7/2025,6/14/2025
Bitter Fire,2026-01-05T13:44:59Z,2025-06-14T14:31:35Z,CAL FIRE San Luis Obispo Unit,San Luis Obispo,"Bitter Water Road cross of Bitter Water Valley Road, Shandon",1651,-120.155841,35.543275,052d91b6-4122-4d11-a0e9-9a8bdd6b20f8,https://www.fire.ca.gov/incidents/2025/6/14/bitter-fire/,2025-06-15T22:02:24Z,6/15/2025,6/14/2025
Riosa Fire,2025-06-19T08:58:59Z,2025-06-15T12:03:13Z,CAL FIRE Nevada-Yuba-Placer Unit,Placer,Sheridan Lincoln Blvd just South of Sheridan,49,-121.3711948,38.9750021,ae42afac-b38f-4d58-968d-d876d5e29ced,https://www.fire.ca.gov/incidents/2025/6/15/riosa-fire/,2025-06-15T14:52:00Z,6/15/2025,6/15/2025
Heaven Fire,2025-06-19T09:34:22Z,2025-06-15T15:30:44Z,CAL FIRE Siskiyou Unit,Siskiyou,"Klamath River Road and Humbug Creek, North of Yreka, Klamath River Community",20,-122.655185,41.829538,9ebacc83-5d1a-4ef4-b62d-65792274abb6,https://www.fire.ca.gov/incidents/2025/6/15/heaven-fire/,2025-06-18T08:00:00Z,6/18/2025,6/15/2025
Oak Fire,2025-06-17T21:50:17Z,2025-06-15T16:20:32Z,CAL FIRE Fresno-Kings Unit,Fresno,"Morgan Canyon Road and Country Oak Lane, Prather",17,-119.521241,37.029083,ed4aad14-a112-44f6-8238-cf573ad1da49,https://www.fire.ca.gov/incidents/2025/6/15/oak-fire/,2025-06-17T21:49:44Z,6/17/2025,6/15/2025
Vista Fire,2025-06-16T09:09:09Z,2025-06-15T17:06:54Z,CAL FIRE Riverside Unit,Riverside,San Jacinto,15,-116.865296,33.817645,d658643f-eaa9-45a5-9e45-67b9d9b3e01e,https://www.fire.ca.gov/incidents/2025/6/15/vista-fire/,2025-06-16T18:26:44Z,6/16/2025,6/15/2025
Mission Fire,2025-06-17T21:54:00Z,2025-06-16T13:33:37Z,CAL FIRE Santa Clara Unit,Alameda,"Mission Road and Andrade Road, near Sunol",64,-121.917569,37.579302,23e3e015-7049-4e65-bbc9-740f3f0c8763,https://www.fire.ca.gov/incidents/2025/6/16/mission-fire/,2025-06-17T21:53:43Z,6/17/2025,6/16/2025
Elm Fire,2025-06-16T22:01:06Z,2025-06-16T13:28:00Z,CAL FIRE San Benito-Monterey Unit,Monterey,"Elm Avenue and Reliz Canyon Road, near Greenfield",17,-121.288116,36.285576,62259ad8-31b4-4198-aed3-09f8294688b8,https://www.fire.ca.gov/incidents/2025/6/16/elm-fire/,2025-06-16T22:00:50Z,6/16/2025,6/16/2025
Flume Fire,2025-06-17T21:47:02Z,2025-06-16T16:23:53Z,CAL FIRE Tuolumne-Calaveras Unit,Tuolumne,"Highway 49 and Flume Drive , Tuttletown",10,-120.428245,38.002498,ed541421-5044-45d6-b1ea-d00b6a84a863,https://www.fire.ca.gov/incidents/2025/6/16/flume-fire/,2025-06-17T06:03:00Z,6/17/2025,6/16/2025
Maria Fire,2025-06-19T16:24:06Z,2025-06-16T15:22:00Z,Ventura County Fire Department,Ventura,"South Palm Avenue and East Santa Maria Street, Santa Paula",54,-119.068341,34.338157,683d0fec-5b0c-4c62-a8d1-2863f2177f27,https://www.fire.ca.gov/incidents/2025/6/16/maria-fire/,2025-06-18T07:15:00Z,6/18/2025,6/16/2025
Raymond Fire,2025-06-16T21:58:30Z,2025-06-16T15:23:12Z,CAL FIRE Madera-Mariposa-Merced Unit,Madera,Raymond Rd Cross of Rd 28.25,10,-120.03479,36.982098,867acd06-a71c-4c21-b062-a8e4ddc71afc,https://www.fire.ca.gov/incidents/2025/6/16/raymond-fire/,2025-06-16T22:00:00Z,6/16/2025,6/16/2025
Howe Fire,2025-06-19T16:26:50Z,2025-06-16T18:19:00Z,CAL FIRE San Luis Obispo Unit,Ventura,"Torrey Road and East Guiberson Road, Piru",44,-118.788721,34.390543,48c29c55-5fe3-4551-84f3-26498eba7bc3,https://www.fire.ca.gov/incidents/2025/6/16/howe-fire/,2025-06-18T07:15:00Z,6/18/2025,6/16/2025
Raymond 2 Fire,2025-06-16T22:00:32Z,2025-06-16T21:10:06Z,CAL FIRE Madera-Mariposa-Merced Unit,Madera,Raymond Rd. cross Road 28.25,30,-120.034098,36.98112,938c350c-e4c7-43aa-b74a-a60878fac303,https://www.fire.ca.gov/incidents/2025/6/16/raymond-2-fire/,2025-06-16T22:00:11Z,6/16/2025,6/16/2025
Tule Fire,2025-06-24T16:21:12Z,2025-06-17T14:14:24Z,"Bureau of Indian Affairs, Tule Indian Reservation",Tulare,Reservation Road and Cow Mountain Road,40,-118.803799,36.024449,be152584-dd03-495a-9f91-e0bf8ececbff,https://www.fire.ca.gov/incidents/2025/6/17/tule-fire/,2025-06-18T08:00:00Z,6/18/2025,6/17/2025
Monte Fire ,2026-01-05T13:43:55Z,2025-06-17T14:59:23Z,United States Forest Service - Cleveland National Forest,San Diego,"El Monte Road, Near Lakeside",1495,-116.8435559,32.8921885,04a5ac6f-f585-4327-8632-c9a152fb4f1f,https://www.fire.ca.gov/incidents/2025/6/17/monte-fire/,2025-06-24T08:00:00Z,6/24/2025,6/17/2025
Bonanza Fire,2025-06-25T21:40:43Z,2025-06-17T14:31:31Z,CAL FIRE Amador-El Dorado Unit,El Dorado,"Bonanza Auto Road and Hollandview Drive, East of Shingle Springs",181,-120.88977,38.65789,9ffc1d50-1031-4227-a4b5-4d000ae8f8ae,https://www.fire.ca.gov/incidents/2025/6/17/bonanza-fire/,2025-06-25T17:00:00Z,6/25/2025,6/17/2025
Band Fire,2025-06-19T16:39:44Z,2025-06-18T19:00:30Z,CALFIRE Madera-Mariposa-Merced Unit,Mariposa,"Picadero Way, Don Pedro",13,-120.32096,37.644013,18af619f-4885-40d4-8cff-7001f2b6130a,https://www.fire.ca.gov/incidents/2025/6/18/band-fire/,2025-06-18T20:35:00Z,6/18/2025,6/18/2025
Somersville Fire,2026-01-05T13:41:31Z,2025-06-18T19:28:29Z,Unified Command: CAL FIRE Santa Clara Unit and Contra Costa County Fire Protection District ,Contra Costa,"Somersville Road and James Donion Blvd, 3 miles southeast of Pittsburg ",358,-121.850359,37.981065,6d56edaa-f51d-4fe7-a478-db1e6e7f0795,https://www.fire.ca.gov/incidents/2025/6/18/somersville-fire/,2025-06-21T08:00:00Z,6/21/2025,6/18/2025
Iverson Fire,2025-06-19T10:37:36Z,2025-06-19T01:29:28Z,CAL FIRE San Benito-Monterey Unit,Monterey,"Johnson Canyon Road and 5th street, Northeast of Gonzales",11,-121.41631,36.527575,9bfdc8b5-0d7a-4d02-a19b-ceef70afacc3,https://www.fire.ca.gov/incidents/2025/6/19/iverson-fire/,2025-06-19T08:00:00Z,6/19/2025,6/19/2025
Rancho Fire,2025-06-23T08:38:15Z,2025-06-19T13:01:26Z,CAL FIRE Shasta-Trinity Unit,Shasta,"Rancho Estates Road, North of Gas Point Road, Cottonwood",157,-122.314137,40.405179,14cd1228-9114-43be-810e-867fc540bec4,https://www.fire.ca.gov/incidents/2025/6/19/rancho-fire/,2025-06-20T12:31:00Z,6/20/2025,6/19/2025
Cut Fire,2025-06-19T20:19:55Z,2025-06-19T13:30:05Z,CAL FIRE Fresno-Kings Unit,Kings,"Near Skyline Boulevard, North of Avenal ",20,-120.102299,36.07288,186bed99-513f-46f0-9b12-8eae54434060,https://www.fire.ca.gov/incidents/2025/6/19/cut-fire/,2025-06-19T14:59:00Z,6/19/2025,6/19/2025
Camino Fire,2026-01-05T13:39:08Z,2025-06-20T12:20:39Z,CAL FIRE Tuolumne-Calaveras Unit,Tuolumne,"La Grange Road, North of Bonds Flat Road, Don Pedro",387,-120.464241,37.759084,c606c9b4-5e5d-4d54-8ae0-00ad4239a277,https://www.fire.ca.gov/incidents/2025/6/20/camino-fire/,2025-06-21T08:00:00Z,6/21/2025,6/20/2025
Pilitas Fire,2025-06-23T08:30:03Z,2025-06-20T13:05:23Z,CAL FIRE San Luis Obispo Unit,San Luis Obispo,"Los Pilitas Road, Southeast of Santa Margarita ",20,-120.496248,35.351553,0d2c4259-7d63-4c13-99e8-881d2d64c9bc,https://www.fire.ca.gov/incidents/2025/6/20/pilitas-fire/,2025-06-20T13:58:00Z,6/20/2025,6/20/2025
Rush Fire,2025-06-25T08:20:08Z,2025-06-20T14:32:25Z,CAL FIRE Shasta-Trinity Unit,Trinity,"Rush Creek Road, South of Lewiston ",33,-122.81401,40.712794,f4e57b28-c96e-45bb-bf29-d4844d9abc7d,https://www.fire.ca.gov/incidents/2025/6/20/rush-fire/,2025-06-23T07:30:00Z,6/23/2025,6/20/2025
Raven Fire,2025-06-23T08:29:06Z,2025-06-20T14:11:00Z,CAL FIRE Siskiyou Unit,Siskiyou,"Raven Court & Greenfinch Way, Ager",10,-122.439466,41.883057,a5bbfa60-7ac3-4bb2-95fc-3122598ea125,https://www.fire.ca.gov/incidents/2025/6/20/raven-fire/,2025-06-20T15:41:00Z,6/20/2025,6/20/2025
Green Fire,2025-06-23T08:15:19Z,2025-06-22T01:00:10Z,CAL FIRE Santa Clara Unit,Alameda,"Interstate 580 West of Grant Line Road, Altamont Pass",75,-121.6171198,37.7378488,89a8a29c-d0d3-4091-b8ca-72ad757148f7,https://www.fire.ca.gov/incidents/2025/6/22/green-fire/,2025-06-22T01:48:00Z,6/22/2025,6/22/2025
Benito Fire,2025-06-23T08:37:27Z,2025-06-22T14:01:17Z,CAL FIRE Fresno-Kings Unit,Fresno,"2 San Benito Ave and West Panoche Road, Mendota",430,-120.360998,36.730979,38ad3e62-0bfb-44c9-b160-86e8fd9c3b0d,https://www.fire.ca.gov/incidents/2025/6/22/benito-fire/,2025-06-22T15:31:00Z,6/22/2025,6/22/2025
Ward Fire,2025-06-25T08:18:53Z,2025-06-23T07:35:40Z,CAL FIRE Lassen-Modoc Unit,Lassen,"Center Road, Litchfield",10,-120.42736,40.396723,2aa79a44-8202-4483-bee9-4e8315f8e76e,https://www.fire.ca.gov/incidents/2025/6/23/ward-fire/,2025-06-24T06:35:37Z,6/24/2025,6/23/2025
Rodeo Fire,2025-06-24T06:08:28Z,2025-06-23T12:06:42Z,CAL FIRE Santa Clara Unit,Contra Costa,"Southeast of Clayes Court and Stirling Drive, Rodeo",65,-122.24052,38.022773,76c3740b-7a9f-48b5-b689-97a3595a96ad,https://www.fire.ca.gov/incidents/2025/6/23/rodeo-fire/,2025-06-23T19:54:00Z,6/23/2025,6/23/2025
Monterey Fire,2025-06-25T06:58:46Z,2025-06-24T13:23:37Z,CAL FIRE Fresno-Kings Unit,Fresno,"South Monterey Ave and West Elkhorn Ave,  Cantua Creek",180,-120.370491,36.486982,dfbec069-f13b-4c6b-a906-18279d69fe85,https://www.fire.ca.gov/incidents/2025/6/24/monterey-fire/,2025-06-24T17:58:11Z,6/24/2025,6/24/2025
Ariane Fire,2025-06-26T15:03:03Z,2025-06-24T17:59:29Z,San Diego Fire Department,San Diego,"Mount Ariane Drive and Mount Ariane Terrace, Clairemont",5,-117.193056,32.80368,cc05df19-4f9a-419f-8c84-748a34a86303,https://www.fire.ca.gov/incidents/2025/6/24/ariane-fire/,2025-06-24T19:09:02Z,6/24/2025,6/24/2025
Montana Fire,2025-06-25T21:41:51Z,2025-06-24T17:45:07Z,CAL FIRE Siskiyou Unit,Siskiyou,"9500 Block of Montana Lane, Big Springs",20,-122.365602,41.627217,daf2547e-0b0a-4876-b073-58c2a9655725,https://www.fire.ca.gov/incidents/2025/6/24/montana-fire/,2025-06-25T21:41:46Z,6/25/2025,6/24/2025
Dias Fire,2026-01-05T13:38:05Z,2025-06-25T03:25:50Z,CAL FIRE Fresno-Kings Unit,Fresno,"Jacalitos Creek Road, West of Lost Hills Road, Coalinga",852,-120.3988,36.0498,a691fef4-eefe-4f79-bff8-64fa7e0fe8c5,https://www.fire.ca.gov/incidents/2025/6/25/dias-fire/,2025-06-26T22:00:48Z,6/26/2025,6/25/2025
Fleming Fire,2025-06-27T21:59:39Z,2025-06-25T15:23:07Z,Bureau of Land Management,Riverside,"Granite Hill Drive & Fleming Street, Jurupa Valley",21,-117.47683,34.023047,89e8f675-02f3-4f55-897f-6ecc52be596b,https://www.fire.ca.gov/incidents/2025/6/25/fleming-fire/,2025-06-27T21:59:33Z,6/27/2025,6/25/2025
Dry Fire,2025-06-30T21:41:25Z,2025-06-25T16:19:47Z,Inyo National Forest,Mono,Near Highway 395 & Forest Road 2S85,15,-118.966856,37.720963,1d1fe063-d67c-41f3-837b-99d7da818aa2,https://www.fire.ca.gov/incidents/2025/6/25/dry-fire/,2025-06-30T22:00:00Z,6/30/2025,6/25/2025
Jasper Fire,2025-06-29T21:56:11Z,2025-06-26T13:15:00Z,Los Angeles County Fire Department,Los Angeles,"Highway 126 at Chiquito Canyon Road, Val Verde",36,-118.6586194,34.4255821,a7ecc916-19c1-4b1a-b018-a0a656526752,https://www.fire.ca.gov/incidents/2025/6/26/jasper-fire/,2025-06-28T17:00:00Z,6/28/2025,6/26/2025
Red Fire,2025-06-27T22:01:06Z,2025-06-26T18:21:18Z,CAL FIRE Madera-Mariposa-Merced Unit,Madera,"Road 211 cross of Sierra Oaks Lane, O'neals",54,-119.698787,37.08604,ba050422-aa00-4d3b-8025-4169b9d9f84a,https://www.fire.ca.gov/incidents/2025/6/26/red-fire/,2025-06-27T22:01:03Z,6/27/2025,6/26/2025
Orange 2 Fire,2025-06-27T21:59:55Z,2025-06-26T21:54:42Z,Orange Cove Fire Protection District,Fresno,"Orange Street & South Avenue, Orange Cove",20,-119.327231,36.617488,208363bf-46b4-45e8-b40c-5913b5404df8,https://www.fire.ca.gov/incidents/2025/6/26/orange-2-fire/,2025-06-27T21:59:52Z,6/27/2025,6/26/2025
Saddle Fire,2025-06-30T21:36:16Z,2025-06-26T22:55:30Z,CAL FIRE Tulare Unit,Tulare,"Sierra Drive & Whitney Creek Road, Three Rivers",206,-118.944829,36.400201,58a0c153-985b-4481-961c-92af3023bb6b,https://www.fire.ca.gov/incidents/2025/6/26/saddle-fire/,2025-06-30T22:00:00Z,6/30/2025,6/26/2025
Parlier Fire,2025-06-28T06:03:41Z,2025-06-27T14:57:50Z,CAL FIRE Fresno-Kings Unit,Fresno,"East Parlier Ave and East Ave, Parlier ",10,-119.516953,36.611927,f7b79536-9a39-4b11-b880-004d0b554cd5,https://www.fire.ca.gov/incidents/2025/6/27/parlier-fire/,2025-06-27T22:02:44Z,6/27/2025,6/27/2025
Springs Fire,2025-06-29T06:11:54Z,2025-06-27T16:40:09Z,CAL FIRE Siskiyou Unit,Siskiyou,"Big Springs Road and McDonald Lane,  Northeast of Lake Shastina ",14,-122.3668324,41.5625133,d4c0aebc-cfdf-4b78-abce-dd7fbd3e7042,https://www.fire.ca.gov/incidents/2025/6/27/springs-fire/,2025-06-28T10:00:00Z,6/28/2025,6/27/2025
Llano Fire,2025-06-30T21:42:49Z,2025-06-28T13:46:19Z,Atascadero Fire Department,San Luis Obispo," Llano Road and Balboa Road, Atascadero",20,-120.720399,35.489202,f0f3d279-102e-42f2-a8ab-824dd1240549,https://www.fire.ca.gov/incidents/2025/6/28/llano-fire/,2025-06-30T22:00:00Z,6/30/2025,6/28/2025
Smiley Fire,2025-06-30T21:43:33Z,2025-06-28T14:36:09Z,"Unified Command: CAL FIRE San Bernardino Unit, Redlands Fire Department, and Riverside County Fire Department",San Bernardino,"San Timoteo Canyon Road and Smiley Road, South of Redlands",83,-117.192261,34.005867,5b3d8229-b45b-4625-8905-c35a3c471bca,https://www.fire.ca.gov/incidents/2025/6/28/smiley-fire/,2025-06-30T22:00:00Z,6/30/2025,6/28/2025
Lake Fire,2026-01-05T13:37:04Z,2025-06-28T15:58:09Z, CAL FIRE San Bernardino ,San Bernardino,"State Highway 173 and Cedar Springs Dam Trail, near Silverwood Lake",485,-117.349169,34.28816,9163f470-265d-422f-92fb-5d8ea9ca1acf,https://www.fire.ca.gov/incidents/2025/6/28/lake-fire/,2025-07-06T22:01:30Z,7/6/2025,6/28/2025
Chance Fire,2025-06-29T06:10:39Z,2025-06-28T09:57:47Z,Camp Roberts Fire Department,San Luis Obispo,"Bee Rock Road and Canyon Road, San Miguel",52,-120.769914,35.765157,4ba011be-8053-463f-97a0-225ae21d7ad9,https://www.fire.ca.gov/incidents/2025/6/28/chance-fire/,2025-06-28T19:00:00Z,6/28/2025,6/28/2025
Marysville Fire,2025-07-04T09:51:52Z,2025-06-29T11:24:56Z,CAL FIRE Nevada-Yuba-Placer Unit,Yuba,"Marysville Road, west of New Bullards Bar Reservoir, Dobbins",20,-121.151358,39.382915,492a3401-c34b-4778-82a1-924934025dd1,https://www.fire.ca.gov/incidents/2025/6/29/marysville-fire/,2025-07-04T09:00:00Z,7/4/2025,6/29/2025
Kenyon Fire,2025-07-07T09:52:27Z,2025-06-29T13:47:56Z,Unified Command: Redding Fire Department and CAL FIRE Shasta-Trinity Unit,Shasta,"Kenyon Drive and Chantilly Lane, Redding ",26,-122.40611,40.54094,c75674f5-5290-49b0-aafc-8d5c24add457,https://www.fire.ca.gov/incidents/2025/6/29/kenyon-fire/,2025-06-29T21:00:46Z,6/29/2025,6/29/2025
Mandalay Fire,2025-06-30T21:38:10Z,2025-06-29T15:23:07Z,City of Riverside Fire Department,Riverside,"Tyler Street and Mandalay Court, Riverside",83,-117.483115,33.955583,b7cfefea-e9ff-441d-b58b-4d4e113dbb72,https://www.fire.ca.gov/incidents/2025/6/29/mandalay-fire/,2025-06-30T22:00:00Z,6/30/2025,6/29/2025
Wolf Fire,2026-04-09T08:20:28Z,2025-06-29T15:09:32Z,CAL FIRE Riverside Unit,Riverside,Old Banning Idyllwild Road and Wolfskill Truck Trail,2387,-116.89942,33.88649,818f89d4-5daa-471a-992b-626f26b21cec,https://www.fire.ca.gov/incidents/2025/6/29/wolf-fire/,2025-07-14T08:00:00Z,7/14/2025,6/29/2025
Turner Fire,2025-06-29T21:58:22Z,2025-06-29T10:04:10Z,CAL FIRE Madera-Mariposa-Merced Unit,Merced,"Turner Island Road and Chamberlain Road, Dos Palos Y",19,-120.700946,37.157274,997830f3-c5df-46be-9f26-fa6d802bb6ad,https://www.fire.ca.gov/incidents/2025/6/29/turner-fire/,2025-06-29T22:00:00Z,6/29/2025,6/29/2025
Cable Fire,2025-07-04T08:42:30Z,2025-06-29T15:28:34Z,CAL FIRE San Bernardino Unit,San Bernardino,"Martin Ranch Road and Cable Lane, Cable Canyon ",19,-117.374501,34.22809,f2ea3802-fc3e-4475-b248-7b8a5db23e20,https://www.fire.ca.gov/incidents/2025/6/29/cable-fire/,2025-07-04T08:00:00Z,7/4/2025,6/29/2025
Juniper Fire,2026-04-09T08:21:34Z,2025-06-30T11:28:41Z,CAL FIRE Riverside Unit,Riverside,"Idaleona Road and Juniper Road, Unincorporated Perris",756,-117.325778,33.801555,08531865-4d19-4fe5-9eb2-11fbb173063d,https://www.fire.ca.gov/incidents/2025/6/30/juniper-fire/,2025-07-02T08:00:00Z,7/2/2025,6/30/2025
Blanca Fire,2025-06-30T21:39:56Z,2025-06-30T12:58:08Z,CAL FIRE Madera-Mariposa-Merced Unit,Madera,"Road 400, Northwest of Lake Madera Country Estates",12,-119.761885,37.041595,c5a3cf01-9174-47e7-b646-03834502dd4d,https://www.fire.ca.gov/incidents/2025/6/30/blanca-fire/,2025-06-30T22:00:00Z,6/30/2025,6/30/2025
Sims Fire,2025-07-02T13:57:59Z,2025-06-30T13:34:41Z,CAL FIRE Lassen-Modoc Unit,Lassen,"Mcaffe Road, Herlong",223,-120.185357,40.142467,60365bac-8607-4078-815b-bf227729da15,https://www.fire.ca.gov/incidents/2025/6/30/sims-fire/,2025-07-01T16:30:00Z,7/1/2025,6/30/2025
Cherry Fire,2025-06-30T21:39:02Z,2025-06-30T16:56:21Z,CAL FIRE Sonoma-Lake-Napa Unit,Solano,"At the Cherry Glen Road westbound off-ramp from I-80, Vacaville",8,-122.02472,38.336187,21999b62-a462-4885-a870-4409459e4e16,https://www.fire.ca.gov/incidents/2025/6/30/cherry-fire/,2025-06-30T21:00:00Z,6/30/2025,6/30/2025
Quarry Fire,2025-07-02T08:49:30Z,2025-06-30T18:22:31Z,CAL FIRE Amador-El Dorado Unit,San Joaquin,Near Jackson Valley Road and California 88 in San Joaquin County,26,-120.970323,38.308538,1693e271-6411-4c4e-a83f-af66f94ca823,https://www.fire.ca.gov/incidents/2025/6/30/quarry-fire/,2025-06-30T19:18:00Z,6/30/2025,6/30/2025
Perch Fire,2025-07-02T21:14:46Z,2025-06-30T17:21:00Z,CAL FIRE Siskiyou Unit,Siskiyou,"Perch Drive and Desavado Road, east of Hornbrook",24,-122.4204,41.920673,9292651d-1137-42aa-8d50-982437246e91,https://www.fire.ca.gov/incidents/2025/6/30/perch-fire/,2025-07-02T16:14:17Z,7/2/2025,6/30/2025
Peak Fire,2025-07-03T22:12:26Z,2025-07-01T13:09:27Z,CAL FIRE Tulare Unit,Tulare,"North Fork Drive, Three Rivers",34,-118.894072,36.523445,67a0c1a1-175f-4ca1-85f4-9ba3245f6880,https://www.fire.ca.gov/incidents/2025/7/1/peak-fire/,2025-07-03T17:11:06Z,7/3/2025,7/1/2025
Brown Fire,2025-07-02T08:46:19Z,2025-07-01T16:45:28Z,CAL FIRE Sonoma-Lake-Napa Unit,Solano,"Off Shelton Lane and Lemen Lane, Vacaville ",15,-122.045526,38.430903,94ed6ea4-43db-40e4-bf0b-cad6fa718372,https://www.fire.ca.gov/incidents/2025/7/1/brown-fire/,2025-07-02T08:00:00Z,7/2/2025,7/1/2025
Madre Fire,2026-01-06T13:01:30Z,2025-07-02T13:07:32Z,"Unified Command: Los Padres National Forest, Bureau of Land Management",San Luis Obispo,"Highway 166, New Cuyama",80779,-119.982548,35.099242,01e7e83e-1a4c-4f14-bd39-9ef36136a91f,https://www.fire.ca.gov/incidents/2025/7/2/madre-fire/,2025-07-26T10:41:43Z,7/26/2025,7/2/2025
Horse Fire,2026-01-06T10:49:27Z,2025-07-02T12:53:57Z,United States Forest Service: Shasta Trinity National Forest,Shasta,"Schell Mountain, South of Dog Creek Road, Lakehead",385,-122.55849,40.87206,96558c49-db9a-4e14-8329-6f5a487287ea,https://www.fire.ca.gov/incidents/2025/7/2/horse-fire/,2025-07-09T22:00:00Z,7/9/2025,7/2/2025
Green Fire,2026-01-06T10:57:47Z,2025-07-01T21:37:01Z,United States Forest Service: Shasta Trinity National Forest,Shasta,"North of the Pit River, Shasta",19022,-122.094146,40.834939,4e07582c-e388-47e6-8408-cdc7142e7091,https://www.fire.ca.gov/incidents/2025/7/1/green-fire/,2025-08-14T08:00:00Z,8/14/2025,7/1/2025
Heart Fire,2025-07-03T07:18:44Z,2025-07-02T21:24:14Z,CAL FIRE Fresno-Kings Unit,Fresno,Palmer / Siskiyou,60,-120.085599,36.210429,cf48f92e-8154-4f92-a003-0df210ed8d4a,https://www.fire.ca.gov/incidents/2025/7/2/heart-fire/,2025-07-03T00:01:10Z,7/3/2025,7/2/2025
Snelling Fire,2025-07-03T22:13:01Z,2025-07-03T11:09:27Z,CAL FIRE Madera-Mariposa-Merced Unit,Merced,"HWY 59 and Turlock Road, Snelling ",16,-120.501308,37.471435,dcbcd806-0402-4989-bc61-a3391604f956,https://www.fire.ca.gov/incidents/2025/7/3/snelling-fire/,2025-07-03T12:43:50Z,7/3/2025,7/3/2025
Helena Fire,2025-07-11T21:45:17Z,2025-07-02T17:17:09Z,"United States Forest Service: Shasta Trinity National Forest
",Trinity,"West of East Fork Road, North of Helena",110,-123.132571,40.794628,e93e606b-bcb0-4df3-8ae2-20e80bb43d87,https://www.fire.ca.gov/incidents/2025/7/2/helena-fire/,2025-07-11T22:00:00Z,7/11/2025,7/2/2025
Fairmont Fire,2025-07-14T16:38:48Z,2025-07-03T14:56:28Z,CAL FIRE Santa Clara Unit,Alameda,"Lake Chabot Road, Castro Valley",7,-122.104671,37.714766,f74ea816-839f-4d70-8b15-8977b8ea428e,https://www.fire.ca.gov/incidents/2025/7/3/fairmont-fire/,2025-07-04T08:30:17Z,7/4/2025,7/3/2025
Elwood Fire,2025-07-04T10:19:08Z,2025-07-03T17:11:48Z,CAL FIRE Fresno-Kings Unit,Fresno,"Elwood Road and Piedra Road, Piedra",52,-119.383467,36.811475,90d8c1b4-9d68-460e-ac08-50d32436ccf9,https://www.fire.ca.gov/incidents/2025/7/3/elwood-fire/,2025-07-04T10:19:04Z,7/4/2025,7/3/2025
Marble Complex Fire,2026-01-06T10:52:02Z,2025-07-03T11:20:53Z,United States Forest Service: Klamath National Forest,Siskiyou,Marble Mountain Wilderness,747,-123.13222,41.52404,639d1196-4ded-42d0-a787-06d84bd8082f,https://www.fire.ca.gov/incidents/2025/7/3/marble-complex-fire/,2025-08-25T08:00:00Z,8/25/2025,7/3/2025
Sabe Fire,2025-07-04T16:27:57Z,2025-07-04T04:45:16Z,CAL FIRE San Benito-Monterey Unit,San Benito,Off Santa Ana Valley Road,27,-121.271644,36.801216,69d2b787-9eed-431c-87d3-e584ca37e464,https://www.fire.ca.gov/incidents/2025/7/4/sabe-fire/,2025-07-04T16:27:51Z,7/4/2025,7/4/2025
District Fire,2025-07-06T21:59:35Z,2025-07-04T12:50:35Z,CAL FIRE Butte Unit,Butte,"170 Block of District Center Drive, Palermo",44,-121.4836105,39.4464985,567159bf-77c4-44de-9d1a-c807d08fe78d,https://www.fire.ca.gov/incidents/2025/7/4/district-fire/,2025-03-30T14:11:35Z,3/30/2025,7/4/2025
Cowden Fire,2025-07-05T10:36:06Z,2025-07-04T12:24:55Z,Hollister Fire Department  ,San Benito,"300 block of Cowden Road, Hollister",19,-121.390959,36.809334,6f534590-a9fd-46e2-b408-e58a3d7261de,https://www.fire.ca.gov/incidents/2025/7/4/cowden-fire/,2025-07-04T22:00:00Z,7/4/2025,7/4/2025
Grove Fire,2025-07-06T22:00:38Z,2025-07-04T14:50:15Z,CAL FIRE Butte Unit,Butte,"Pleasant Grove Lane & Drobish Road, southeast of Oroville",78,-121.4139814,39.3742124,7a8fc21c-498c-4704-8575-79eda2d34cf5,https://www.fire.ca.gov/incidents/2025/7/4/grove-fire/,2025-07-06T22:00:31Z,7/6/2025,7/4/2025
Walnut Fire,2025-07-04T16:53:10Z,2025-07-04T15:45:32Z,CAL FIRE Fresno-Kings Unit,Fresno,"Walnut Avenue & Annadale Avenue, Fresno",9,-119.808899,36.70169,6d5a6244-9219-4c4f-b525-f0d248630af8,https://www.fire.ca.gov/incidents/2025/7/4/walnut-fire/,2025-07-04T16:53:07Z,7/4/2025,7/4/2025
Chow1 Fire,2025-07-04T19:54:26Z,2025-07-04T17:00:46Z,CAL FIRE Madera-Mariposa-Merced Unit,Madera,Near Road 19 and Avenue 26,11,-120.226007,37.136643,41af5239-6953-44a1-b5f5-e51a296b0c43,https://www.fire.ca.gov/incidents/2025/7/4/chow1-fire/,2025-07-04T19:54:23Z,7/4/2025,7/4/2025
Sanderson Fire,2025-07-05T07:11:46Z,2025-07-04T20:42:27Z,CAL FIRE Riverside Unit,Riverside,At Cottonwood Avenue and North Sanderson Avenue,18,-117.006785,33.787296,2c50aa25-713b-415c-b041-a866ab86c521,https://www.fire.ca.gov/incidents/2025/7/4/sanderson-fire/,2025-07-04T23:00:00Z,7/4/2025,7/4/2025
Pomo Fire,2025-07-15T09:33:06Z,2025-07-05T10:37:57Z,CAL FIRE Sonoma-Lake-Napa Unit,Lake,"Near Meadowlark Lane and Flickers Circle, Upper Lake",16,-122.881426,39.139455,77de68c2-06ae-486e-9624-5cb82edfe1b4,https://www.fire.ca.gov/incidents/2025/7/5/pomo-fire/,2025-07-05T09:17:00Z,7/5/2025,7/5/2025
Van Clief Rd Stevenson Fire,2025-07-05T21:46:20Z,2025-07-05T18:54:06Z,CAL FIRE Madera-Mariposa-Merced Unit,Merced,"Van Clief Road south of West Bose Road, Stevinson",18,-120.833366,37.288251,d8027cd6-0b3f-480c-a090-ce2e5360d903,https://www.fire.ca.gov/incidents/2025/7/5/van-clief-rd-stevenson-fire/,2025-07-05T21:30:00Z,7/5/2025,7/5/2025
Bartlett Fire,2025-07-10T08:04:19Z,2025-07-06T14:14:17Z,CAL FIRE Sonoma-Lake-Napa Unit,Lake,"Bartlett Springs Road, northwest of Indian Valley Reservoir",13,-122.613599,39.165061,6b40be2c-f184-4b2b-a784-a140a3cd31de,https://www.fire.ca.gov/incidents/2025/7/6/bartlett-fire/,2025-07-09T21:56:01Z,7/9/2025,7/6/2025
Flume Fire,2025-07-16T09:02:48Z,2025-07-06T13:52:27Z,United States Forest Service: Sequoia National Forest,Tulare,"Highway 190 and Wishon Drive, Sequoia Crest",73,-118.706452,36.161296,090cbdd1-ed88-4f1b-97a6-235cc420271a,https://www.fire.ca.gov/incidents/2025/7/6/flume-fire/,2025-07-12T18:00:00Z,7/12/2025,7/6/2025
Bridge 3 Fire,2026-01-05T13:30:55Z,2025-07-06T17:42:02Z,CAL FIRE Humboldt-Del Norte Unit,Humboldt,"Alderpoint River Road and Alderpoint Road, Alderpoint",366,-123.60102,40.172678,3502e42e-91be-4d4f-a164-a0b139383059,https://www.fire.ca.gov/incidents/2025/7/6/bridge-3-fire/,2025-07-07T08:00:00Z,7/7/2025,7/6/2025
Tractor Fire,2025-07-07T21:54:04Z,2025-07-07T10:41:15Z,CAL FIRE Tulare Unit,Tulare,"Yokohl Valley Drive, North of Springville",10,-118.832595,36.224616,f7341ae4-55b4-4fb9-bb59-353f8c7951e5,https://www.fire.ca.gov/incidents/2025/7/7/tractor-fire/,2024-07-15T00:00:00Z,7/15/2024,7/7/2025
Nichols Fire,2025-07-08T22:02:02Z,2025-07-07T12:44:49Z,CAL FIRE Riverside Unit,Riverside,"Interstate 15, North of Nichols Road, unincorporated Lake Elsinore",50,-117.36247,33.7198782,d3fb8961-81d2-497a-ace3-e89d369ffddb,https://www.fire.ca.gov/incidents/2025/7/7/nichols-fire/,2025-07-08T22:01:59Z,7/8/2025,7/7/2025
Corning Fire,2025-07-08T22:02:22Z,2025-07-07T12:44:04Z,CAL FIRE Tehama-Glenn Unit,Tehama,"Corning Road and Maette Drive, Corning",21,-122.2985996,39.928283,cfa8c26e-46ab-4186-9238-cce50f9d0ce6,https://www.fire.ca.gov/incidents/2025/7/7/corning-fire/,2025-07-08T22:02:13Z,7/8/2025,7/7/2025
Bluff Fire,2025-07-07T21:54:45Z,2025-07-07T12:45:09Z,CAL FIRE Riverside Unit,Riverside,"Bluff Street and Mias Canyon Road, Banning",13,-116.880684,33.950365,35411052-3bc4-4ba7-a867-eec3fd57136e,https://www.fire.ca.gov/incidents/2025/7/7/bluff-fire/,2024-07-15T00:00:00Z,7/15/2024,7/7/2025
Pyrite Fire,2025-07-08T22:01:29Z,2025-07-07T19:54:13Z,CAL FIRE Riverside Unit,Riverside,"Granite Hill Drive and Pyrite Street, Jurupa Valley",150,-117.462368,34.017805,acf7159e-eb73-4cbd-ba94-20871e0edb11,https://www.fire.ca.gov/incidents/2025/7/7/pyrite-fire/,2025-07-08T22:01:26Z,7/8/2025,7/7/2025
Bert Fire,2025-07-09T21:57:32Z,2025-07-08T15:22:39Z,Los Angeles County Fire Department,Los Angeles,"Old Road,  Valencia",47,-118.611317,34.449864,536afa9c-eee6-419e-911d-a839680da5f6,https://www.fire.ca.gov/incidents/2025/7/8/bert-fire/,2025-07-09T21:57:29Z,7/9/2025,7/8/2025
Victoria Fire,2025-07-09T07:15:37Z,2025-07-08T17:24:07Z,CAL FIRE Santa Clara Unit,Alameda,"Victoria Ln and Tesla Rd, Altamont",15,-121.659503,37.655501,94eb10cc-563b-41a7-917e-8ae3d1b8aaa6,https://www.fire.ca.gov/incidents/2025/7/8/victoria-fire/,2025-07-09T07:15:33Z,7/9/2025,7/8/2025
Pickup Fire,2025-07-10T21:51:35Z,2025-07-09T14:04:45Z,CAL FIRE Madera-Mariposa-Merced Unit,Madera,"Road 415 and City View Drive, Coarsegold",10,-119.731216,37.244233,b7168e23-a985-4e7e-b870-22006a55a069,https://www.fire.ca.gov/incidents/2025/7/9/pickup-fire/,2025-07-10T22:00:00Z,7/10/2025,7/9/2025
Steele Fire,2025-07-10T21:50:09Z,2025-07-09T15:32:01Z,CAL FIRE San Diego Unit,San Diego,"Steele Canyon Road and Jamul Heights Drive, El Cajon",28,-116.914968,32.733209,5e349d97-2863-4b52-a2ed-0f4560d8b1cf,https://www.fire.ca.gov/incidents/2025/7/9/steele-fire/,2025-07-10T22:00:00Z,7/10/2025,7/9/2025
Button Fire,2025-07-10T11:36:35Z,2025-07-09T14:27:13Z,CAL FIRE Fresno-Kings Unit,Fresno,"Buttonwillow Avenue and Jefferson Avenue, Reedley",20,-119.435896,36.654779,543374ff-d1c3-4c76-9ca4-3086a9598ad7,https://www.fire.ca.gov/incidents/2025/7/9/button-fire/,2025-07-09T15:51:00Z,7/9/2025,7/9/2025
Orleans Complex ,2026-01-06T13:03:37Z,2025-07-08T17:39:03Z,Unified Command: Six Rivers National Forest and Klamath National Forest,Siskiyou,10 miles East of Orleans ,22153,-123.4177777,41.3255556,c1c21095-0f44-4ddb-8b34-6b9c06507f3b,https://www.fire.ca.gov/incidents/2025/7/8/orleans-complex/,2025-09-11T08:00:00Z,9/11/2025,7/8/2025
Madera Fire,2025-07-11T21:39:26Z,2025-07-10T09:33:23Z,CAL FIRE Riverside Unit,Riverside,"Pauba Road and Winners Circle, unincorporated Temecula",19,-117.01089,33.50064,3630f3bb-9d85-46d2-9a24-bbfd8286055f,https://www.fire.ca.gov/incidents/2025/7/10/madera-fire/,2025-07-11T22:00:00Z,7/11/2025,7/10/2025
Moore Fire,2025-07-11T21:42:30Z,2025-07-10T12:39:14Z,Lincoln Fire Department,Placer,"Moore Road and Nelson Lane, Lincoln",20,-121.322879,38.873631,406739ea-78f6-4255-9697-d6fc2e73ba59,https://www.fire.ca.gov/incidents/2025/7/10/moore-fire/,2025-07-11T22:00:00Z,7/11/2025,7/10/2025
Reche Fire,2025-07-10T21:50:55Z,2025-07-10T12:50:33Z,CAL FIRE Riverside Unit,Riverside,"Near Reche Canyon Road and Locust Avenue, unincorporated Moreno Valley",18,-117.191827,33.95918,08cb4a51-41b2-4be7-bf9b-6dc1fab5169f,https://www.fire.ca.gov/incidents/2025/7/10/reche-fire/,2025-07-10T22:00:00Z,7/10/2025,7/10/2025
Kirker Fire,2025-07-11T21:38:14Z,2025-07-10T17:55:26Z,CAL FIRE Santa Clara Unit,Contra Costa,"Kirker Pass Road & Nortonville Road, Pittsburg",14,-121.898942,37.982895,d6757966-5b8c-425d-8673-9c0d3f6c569c,https://www.fire.ca.gov/incidents/2025/7/10/kirker-fire/,2025-07-11T22:00:00Z,7/11/2025,7/10/2025
Parkway Fire,2025-07-13T22:13:16Z,2025-07-11T17:47:30Z,CAL FIRE Amador-El Dorado Unit,Sacramento,"Highway 16 and Oakville Lane, Rancho Murieta",24,-121.09374,38.493586,fb38fa74-9a89-4e09-a208-aaa84ad5656d,https://www.fire.ca.gov/incidents/2025/7/11/parkway-fire/,2025-07-11T22:00:00Z,7/11/2025,7/11/2025
Stardust Fire,2025-07-13T22:10:59Z,2025-07-12T13:08:57Z,CAL FIRE Nevada-Yuba-Placer Unit,Placer,"Stardust Lane, Lincoln",12,-121.247136,38.882558,bd5030d1-9bee-402b-81c2-0509dc67356d,https://www.fire.ca.gov/incidents/2025/7/12/stardust-fire/,2025-07-12T14:14:00Z,7/12/2025,7/12/2025
Ivory Fire,2025-07-15T09:26:49Z,2025-07-13T08:45:29Z,Mendocino National Forest,Glenn,Forest Route M3 and Forest Route 20N01,20,-122.707,39.574,686318b6-46bf-41f4-b9ce-c935c4e875fc,https://www.fire.ca.gov/incidents/2025/7/13/ivory-fire/,2025-07-14T12:34:00Z,7/14/2025,7/13/2025
Max Fire,2026-01-06T13:13:52Z,2025-07-13T13:11:54Z,United States Forest Service: Sierra National Forest,Fresno,"Big Creek Road and Vomac Road, Pine Flat Lake",426,-119.2280383,36.9646836,357031c1-f5cb-40af-a634-754e427f7fb0,https://www.fire.ca.gov/incidents/2025/7/13/max-fire/,2025-07-21T22:00:36Z,7/21/2025,7/13/2025
Fandango Fire,2025-07-15T09:29:11Z,2025-07-14T00:46:49Z,Bureau of Land Management,Modoc,Fandango Pass Road and Surprise Valley Road,10,-120.19432,41.79792,0dfbed5a-c4ff-4d44-a777-ede21cc385ac,https://www.fire.ca.gov/incidents/2025/7/14/fandango-fire/,2025-07-14T17:32:00Z,7/14/2025,7/14/2025
Jefferson Fire,2025-07-15T06:04:44Z,2025-07-14T05:34:59Z,CAL FIRE Fresno-Kings Unit,Fresno,South San Mateo Ave and West Jefferson Ave,40,-120.315699,36.654009,0ac52778-b57a-40d3-a456-a2695c8d1114,https://www.fire.ca.gov/incidents/2025/7/14/jefferson-fire/,2025-07-14T12:00:16Z,7/14/2025,7/14/2025
Piedra Fire,2025-07-15T21:58:24Z,2025-07-15T12:27:51Z,CAL FIRE Fresno-Kings Unit,Fresno,"North Piedra Road and North Frankwood Avenue, Sanger",21,-119.450866,36.745812,b4d57fe0-8b23-4c00-9b32-140f485698ec,https://www.fire.ca.gov/incidents/2025/7/15/piedra-fire/,2025-07-15T13:06:46Z,7/15/2025,7/15/2025
Fobes Fire,2025-07-18T09:24:19Z,2025-07-15T13:22:00Z,United States Forest Service: San Bernardino National Forest,Riverside,"Highway 74 and Morris Ranch Road, North of Thomas Mountain",29,-116.634361,33.636667,cb94c161-a4a5-4734-ac55-80bad3ccfc8b,https://www.fire.ca.gov/incidents/2025/7/15/fobes-fire/,2025-07-15T15:19:00Z,7/15/2025,7/15/2025
Fay Fire,2026-01-06T10:55:26Z,2025-07-15T15:19:17Z,Sequoia National Forest,Kern,"Fay Ranch Road and Belt Road, Weldon",686,-118.3068082,35.7349929,10b40268-289c-4fcc-a7ce-0e2d584b745f,https://www.fire.ca.gov/incidents/2025/7/15/fay-fire/,2025-07-29T08:00:00Z,7/29/2025,7/15/2025
High Fire,2025-07-15T21:57:40Z,2025-07-15T13:40:59Z,CAL FIRE Fresno-Kings Unit,Fresno,"Highway 41 and American Avenue, Easton.",20,-119.786,36.66331,0fe66384-ed74-40d2-8cef-f78ee5e7fbd8,https://www.fire.ca.gov/incidents/2025/7/15/high-fire/,2025-07-15T19:00:29Z,7/15/2025,7/15/2025
Foster Fire,2025-07-18T09:30:36Z,2025-07-16T06:03:09Z,CAL FIRE Shasta-Trinity Unit,Shasta,"Foster Road and McAuliffe Road, Gas Point",11,-122.541885,40.388446,a8e68f07-1d49-4baf-b6be-9807c5459bc9,https://www.fire.ca.gov/incidents/2025/7/16/foster-fire/,2025-07-16T10:15:00Z,7/16/2025,7/16/2025
Dale Fire,2026-01-05T13:29:12Z,2025-07-16T12:37:21Z,CAL FIRE Riverside Unit,Riverside,"Lugo Road near Highway 371, Aguanga",1096,-116.78672,33.51744,adb9e4c0-569d-485d-bced-0cee394bc3c3,https://www.fire.ca.gov/incidents/2025/7/16/dale-fire/,2025-07-22T11:00:00Z,7/22/2025,7/16/2025
Grain Fire,2025-07-16T22:03:47Z,2025-07-16T14:54:43Z,CAL FIRE Tulare Unit ,Tulare,"East of Highway 65, Ducor",32,-119.03899,35.91106,c3bac26e-e528-48de-ba61-d275d4382bab,https://www.fire.ca.gov/incidents/2025/7/16/grain-fire/,2025-07-16T19:37:13Z,7/16/2025,7/16/2025
Baker Fire,2025-07-16T22:04:30Z,2025-07-16T14:43:54Z,CAL FIRE Tehama-Glenn Unit,Tehama,"North of Highway 36 West, Cottonwood",17,-122.578667,40.3125,b595bc7e-fc8a-43da-afea-b84e20909a97,https://www.fire.ca.gov/incidents/2025/7/16/baker-fire/,2025-07-16T19:37:14Z,7/16/2025,7/16/2025
Debbie Fire,2025-07-18T10:56:06Z,2025-07-16T16:20:39Z,Bureau of Land Management California,Lassen,Hack Staff Road and Debbie Do Lane,54,-120.111242,40.092913,a5827766-cb05-47eb-b8e4-659ac49fd43e,https://www.fire.ca.gov/incidents/2025/7/16/debbie-fire/,2025-07-17T08:00:00Z,7/17/2025,7/16/2025
Little Fire,2025-07-18T21:51:10Z,2025-07-17T13:49:09Z,CAL FIRE Lassen-Modoc Unit,Lassen,Lassen county road A-2 and Highway 139,16,-120.932333,41.12607,e34f6f9c-fd60-486f-96c1-c30aaaf52ffc,https://www.fire.ca.gov/incidents/2025/7/17/little-fire/,2025-07-18T08:00:00Z,7/18/2025,7/17/2025
Stetson Fire,2025-07-18T21:50:38Z,2025-07-18T14:51:50Z,CAL FIRE Riverside Unit,Riverside,"Stetson Avenue & Winchester Road, North of Valley Vista ",22,-117.076401,33.729228,68594725-8904-4e2d-83aa-ab833f666deb,https://www.fire.ca.gov/incidents/2025/7/18/stetson-fire/,2025-07-18T21:50:05Z,7/18/2025,7/18/2025
Blue Fire,2025-07-20T21:42:49Z,2025-07-18T15:07:15Z,CAL FIRE Tulare Unit,Tulare,"33800 Block of Hot Springs Road, Fountain Springs",62,-118.8175,35.8649,d652bbb1-ce43-459a-8dba-605eb426de13,https://www.fire.ca.gov/incidents/2025/7/18/blue-fire/,2025-07-20T22:00:00Z,7/20/2025,7/18/2025
Willow Fire,2025-07-19T21:47:33Z,2025-07-19T00:59:43Z,CAL FIRE Madera-Mariposa-Merced Unit,Madera,"At Road 600 and Road 603, Willow Creek",32,-119.932289,37.118,a587f706-5428-44f7-aa94-ead7be01edac,https://www.fire.ca.gov/incidents/2025/7/19/willow-fire/,2025-07-19T12:00:00Z,7/19/2025,7/19/2025
Pala Fire,2025-07-19T15:39:05Z,2025-07-19T11:20:01Z,CAL FIRE San Deigo Unit,San Diego,"Highway 76 and Couser Canyon Road, Pala Mesa",7,-117.114678,33.342918,784ab1c3-c83e-44a8-b49a-5f720b71c8a7,https://www.fire.ca.gov/incidents/2025/7/19/pala-fire/,2025-07-19T15:15:00Z,7/19/2025,7/19/2025
Coulter Fire,2025-07-20T21:44:39Z,2025-07-19T12:13:30Z,CAL FIRE Amador-El Dorado Unit,El Dorado,"4200 block of Coulter Lane in Latrobe, El Dorado County",25,-121.004153,38.55184,0f725e7d-48e5-4fdd-9671-c62a5e0ab18f,https://www.fire.ca.gov/incidents/2025/7/19/coulter-fire/,2025-07-20T22:00:00Z,7/20/2025,7/19/2025
Jury Fire,2025-07-20T21:43:45Z,2025-07-19T13:51:35Z,CAL FIRE Tuolumne-Calaveras Unit,Tuolumne,"At Jury Ranch Road and Outback Drive, Sonora",54,-120.356289,37.916947,36182a86-5cd4-4788-a511-addfcb488902,https://www.fire.ca.gov/incidents/2025/7/19/jury-fire/,2025-07-20T22:00:00Z,7/20/2025,7/19/2025
Trap Fire,2025-07-25T09:10:15Z,2025-07-20T12:17:08Z,CAL FIRE Madera-Mariposa-Merced Unit,Mariposa,"Bear Trap Road, East of Mykleoaks Road, Mariposa",38,-120.012292,37.514275,ffbf3cae-7cb8-4bed-98ed-fc8a8e512b5e,https://www.fire.ca.gov/incidents/2025/7/20/trap-fire/,2025-07-23T18:48:00Z,7/23/2025,7/20/2025
Alta Fire,2025-07-21T22:00:25Z,2025-07-20T12:51:36Z,CAL FIRE Butte Unit,Butte,"Alta Airosa Drive, east of Oroville",17,-121.470538,39.422347,5cc37f7a-3247-44ab-ae0e-76ad1a632125,https://www.fire.ca.gov/incidents/2025/7/20/alta-fire/,2025-07-21T22:00:22Z,7/21/2025,7/20/2025
Wolfsen Fire,2025-07-22T12:21:39Z,2025-07-21T15:35:32Z,CAL FIRE Madera-Mariposa-Merced Unit,Merced,"Wolfsen Road and Hereford Road, Los Banos",1,-120.788745,37.211668,38ea1329-35d9-4c54-8da5-d9f0e92c6348,https://www.fire.ca.gov/incidents/2025/7/21/wolfsen-fire/,2025-07-21T15:57:00Z,7/21/2025,7/21/2025
Frontage Fire,2025-07-26T22:04:52Z,2025-07-20T16:18:00Z, Victorville Fire Department ,San Bernardino, E Street and Frontage Road ,50,-117.296674,34.548782,9b226bc1-de53-4e6b-abd2-a743d7f1c121,https://www.fire.ca.gov/incidents/2025/7/20/frontage-fire/,2025-07-26T16:00:19Z,7/26/2025,7/20/2025
Orange Fire,2025-07-25T09:09:18Z,2025-07-22T15:23:08Z,CAL FIRE Tuolumne-Calaveras Unit,Stanislaus,"Orange Blossom Road and Highway 108, Knights Ferry",13,-120.744427,37.789557,a59d32cc-2d6d-4440-a666-13e425d335aa,https://www.fire.ca.gov/incidents/2025/7/22/orange-fire/,2025-07-22T17:30:00Z,7/22/2025,7/22/2025
Euclid Fire,2025-07-29T15:10:27Z,2025-07-23T14:50:01Z,"Unified Command: CAL FIRE San Bernardino Unit, CAL FIRE Riverside/ Riverside County Fire",San Bernardino,"Highway 71 and Euclid Road, Chino Hills",120,-117.64923,33.922339,ee3f98a9-3e34-4ac0-a032-78afd6c1b0b1,https://www.fire.ca.gov/incidents/2025/7/23/euclid-fire/,2025-07-28T08:00:00Z,7/28/2025,7/23/2025
Mitchell Fire,2025-07-27T21:52:12Z,2025-07-23T15:27:09Z,CAL FIRE Riverside Unit,Riverside,"Bautista Road and Glasgow Road, Anza",51,-116.695847,33.563156,ee23cc11-ce64-4edf-83ac-930943e2ed52,https://www.fire.ca.gov/incidents/2025/7/23/mitchell-fire/,2025-07-26T18:00:36Z,7/26/2025,7/23/2025
Posta Fire,2025-07-25T21:49:37Z,2025-07-24T12:20:00Z,CAL FIRE San Diego Unit ,San Diego,"La Posta Road, North of the Community of Campo",23,-116.430132,32.667663,310efa03-a8be-465b-b30f-102a76b15080,https://www.fire.ca.gov/incidents/2025/7/24/posta-fire/,2025-07-25T22:00:00Z,7/25/2025,7/24/2025
4-1 Fire,2025-07-26T22:04:12Z,2025-07-24T15:44:24Z,CAL FIRE Lassen-Modoc Unit,Modoc,"Highway 139 north of Highway 299, Canby",21,-120.924262,41.459967,8a82fc3c-9e5b-4498-b59f-6e11eacdd7ce,https://www.fire.ca.gov/incidents/2025/7/24/4-1-fire/,2025-07-26T09:50:28Z,7/26/2025,7/24/2025
Sliger Fire,2025-07-27T21:52:39Z,2025-07-24T21:25:50Z,CAL FIRE Amador-El Dorado Unit,El Dorado,"Sliger Mine Road and Hilda Way, near Middle Fork American River",14,-120.926046,38.943781,34e4304f-08ba-4f21-a702-4194334667d8,https://www.fire.ca.gov/incidents/2025/7/24/sliger-fire/,2025-07-27T17:00:03Z,7/27/2025,7/24/2025
Shady Fire,2025-07-27T21:53:02Z,2025-07-25T14:53:03Z,CAL FIRE Riverside Unit,Riverside,"Avenue 54 and Shady Lane, Coachella ",52,-116.172565,33.656632,110f3c65-1507-4c6f-aeee-e9170a835f1f,https://www.fire.ca.gov/incidents/2025/7/25/shady-fire/,2025-07-27T19:40:39Z,7/27/2025,7/25/2025
Mammoth Fire ,2026-01-06T11:30:51Z,2025-07-24T16:23:50Z,United States Forest Service: Modoc National Forest,Modoc,"West of the Dry Lake Fire Station and Highway 139, Tionesta",2533,-121.323879,41.684141,b664fdcf-0407-4dfd-8aaa-422e53915089,https://www.fire.ca.gov/incidents/2025/7/24/mammoth-fire/,2025-08-01T08:00:00Z,8/1/2025,7/24/2025
Green Fire-RRU,2025-07-27T21:50:44Z,2025-07-25T18:32:00Z,Corona Fire Department,Riverside,"Palisades Drive and Green River Road, Corona",21,-117.641517,33.882719,6d0de3a4-b1e2-4869-a2ae-f624a4e0d3f5,https://www.fire.ca.gov/incidents/2025/7/25/green-fire-rru/,2025-07-27T06:31:37Z,7/27/2025,7/25/2025
W-2 Fire,2025-07-27T21:51:14Z,2025-07-25T16:33:28Z,Bureau of Land Management,Modoc,"East of Payne Reservoir southeast of Alturas, Modoc County",25,-120.43839,41.392519,c7565eb5-c12d-4401-ae8f-aeb3cc41b605,https://www.fire.ca.gov/incidents/2025/7/25/w-2-fire/,2025-07-27T08:00:51Z,7/27/2025,7/25/2025
Pearl Fire,2025-07-26T16:32:44Z,2025-07-25T11:29:40Z,Bureau of Land Management,Kern,"Highway 178 and Elizabeth Norris Road, Lake Isabella",40,-118.48813,35.6182,bb8a6dc1-0875-4144-b56b-07d3796155b3,https://www.fire.ca.gov/incidents/2025/7/25/pearl-fire/,2025-07-25T20:00:35Z,7/25/2025,7/25/2025
Hoffman Fire,2025-07-27T21:51:35Z,2025-07-26T14:20:07Z,Bureau of Land Management,Kern,"Highway 14 and Jawbone Canyon Road, Mojave",10,-118.000889,35.300512,1fa0e0a7-9161-422c-9742-f705a0c92828,https://www.fire.ca.gov/incidents/2025/7/26/hoffman-fire/,2025-07-27T08:00:09Z,7/27/2025,7/26/2025
Medicine Fire,2025-08-06T06:07:12Z,2025-07-27T15:25:05Z,CAL FIRE Mendocino Unit,Mendocino,"Rifle Range Road, North of Refuse Road, Covelo",263,-123.267618,39.831628,f65d7124-a461-4c82-b892-d55105860d13,https://www.fire.ca.gov/incidents/2025/7/27/medicine-fire/,2025-08-05T22:00:00Z,8/5/2025,7/27/2025
Five Fire,2025-07-29T13:24:57Z,2024-07-14T13:17:06Z,Kern County Fire Department,Kern,"I-5, North of Highway 58 off ramp, Buttonwillow",360,-119.367525,35.3858693,bdead44e-0ddf-4a1a-ad05-440493024012,https://www.fire.ca.gov/incidents/2024/7/14/five-fire/,2024-07-14T13:22:55Z,7/14/2024,7/14/2024
Five 2 Fire,2025-07-29T13:30:24Z,2024-07-15T13:25:36Z,Kern County Fire Department,Kern," I-5, South of Highway 46, Lost Hills",347,-119.624655,35.5879546,6339e262-6ccf-4d19-8436-44e508d43ba6,https://www.fire.ca.gov/incidents/2024/7/15/five-2-fire/,2024-07-15T13:28:57Z,7/15/2024,7/15/2024
Orion Fire,2025-08-01T07:49:03Z,2025-07-31T14:49:02Z,Vandenberg Space Force Base,Santa Barbara,"Rancho Road & Orion Road, Vandenberg",25,-120.53608,34.80493,c71e52ee-6c58-44ea-9a55-6751ff5ba081,https://www.fire.ca.gov/incidents/2025/7/31/orion-fire/,2025-07-31T19:20:00Z,7/31/2025,7/31/2025
Lassen Fire,2025-08-04T21:17:01Z,2025-08-01T13:14:15Z,CAL FIRE Tehama-Glenn Unit,Tehama,"Tehama Vina Road & Champlin Slough, Los Molinos",51,-122.086035,40.028565,c7c33e08-b93d-4de0-8394-6ef53d2ce621,https://www.fire.ca.gov/incidents/2025/8/1/lassen-fire/,2025-08-04T08:00:00Z,8/4/2025,8/1/2025
4-8 Fire,2025-08-04T11:56:24Z,2025-08-01T15:03:42Z,CAL FIRE Lassen-Modoc Unit,Modoc,"Kearny Road & Carson Road, California Pines",25,-120.747715,41.319441,33d6cf9b-2d77-4039-baac-19b90988f804,https://www.fire.ca.gov/incidents/2025/8/1/4-8-fire/,2025-08-01T17:30:00Z,8/1/2025,8/1/2025
Gifford Fire ,2026-01-06T13:14:53Z,2025-08-01T15:44:29Z,Los Padres National Forest,Santa Barbara,"Highway 166, Northeast of Santa Maria",131612,-120.097902,35.111258,fb7c1cc7-8104-4776-b89e-fd27cb9b7be9,https://www.fire.ca.gov/incidents/2025/8/1/gifford-fire/,2025-10-14T08:00:00Z,10/14/2025,8/1/2025
Bernardo Fire,2025-08-02T16:49:21Z,2025-08-01T14:49:00Z,San Diego Fire & Rescue ,San Diego,Camino Del Norte & Bernardo Center Drive ,13,-117.0978951,33.0088892,556f1827-6c95-49b8-a708-74027a55cfdf,https://www.fire.ca.gov/incidents/2025/8/1/bernardo-fire/,2025-08-02T08:00:00Z,8/2/2025,8/1/2025
Donovan Fire,2025-08-04T16:21:20Z,2025-08-02T13:58:03Z,CAL FIRE San Luis Obispo Unit,San Luis Obispo,"La Panza Road & Little Farm Road, Creston",51,-120.508946,35.527328,ea201a75-e79c-4ff4-91fb-3ccc9142f1aa,https://www.fire.ca.gov/incidents/2025/8/2/donovan-fire/,2025-08-02T08:00:00Z,8/2/2025,8/2/2025
Radar Fire ,2025-08-04T21:29:56Z,2025-08-02T16:53:17Z,Modoc National Forest,Modoc,Southwest of Lone Pine Lake,10,-121.1305479,41.7203467,21cd718c-9ec8-4f5b-a65b-bcf3d1c03450,https://www.fire.ca.gov/incidents/2025/8/2/radar-fire/,2025-08-04T21:28:20Z,8/4/2025,8/2/2025
Oak Fire,2025-08-04T11:46:58Z,2025-08-02T17:00:34Z,CAL FIRE Riverside Unit,Riverside,"Live Oak Canyon Road and San Timoteo Road, Ordway",46,-117.1513823,34.0005417,f8074843-7b89-41ff-b0bb-8d9fb609a236,https://www.fire.ca.gov/incidents/2025/8/2/oak-fire/,2025-08-04T10:38:00Z,8/4/2025,8/2/2025
Lake Fire,2026-04-09T08:23:40Z,2025-08-03T14:20:48Z,CAL FIRE Sonoma-Lake-Napa Unit,Lake,"Nacimiento Lake Drive and Oak Street, South of Borax Lake",401,-122.6525158,38.9775809,c64713dc-7279-43b0-b075-9570a4211973,https://www.fire.ca.gov/incidents/2025/8/3/lake-fire/,2025-08-09T08:00:00Z,8/9/2025,8/3/2025
Eden Fire,2025-08-04T21:23:23Z,2025-08-03T17:23:40Z,CAL FIRE Santa Clara Unit,Alameda,"Arthur H. Breed Highway, Northeast of Fairview",18,-122.023919,37.7023074,249fb1ec-a4f7-4140-86cf-251ef00f4eeb,https://www.fire.ca.gov/incidents/2025/8/3/eden-fire/,2025-08-03T18:31:00Z,8/3/2025,8/3/2025
Santa Fire,2025-08-04T21:18:54Z,2025-08-03T21:09:56Z,CAL FIRE Madera-Mariposa-Merced Unit,Merced," I-5 North Highway 152, Santa Nella",30,-120.966641,37.053702,e66a9f93-dd3c-41bf-8a95-ec2671bd116f,https://www.fire.ca.gov/incidents/2025/8/3/santa-fire/,2025-08-03T22:47:00Z,8/3/2025,8/3/2025
Rosa Fire,2026-01-05T13:25:37Z,2025-08-04T12:27:50Z,San Bernardino National Forest ,Riverside," Highway 74, Mountain Center Community",1671,-116.53338,33.56604,32bba53a-d4c6-4672-b63a-49448c53fa68,https://www.fire.ca.gov/incidents/2025/8/4/rosa-fire/,2025-08-12T08:00:00Z,8/12/2025,8/4/2025
Cool Fire,2025-08-04T21:24:37Z,2025-08-04T11:38:34Z,CAL FIRE San Diego Unit,San Diego,"Cool Water Ranch Road, Valley Center",17,-117.002097,33.213005,05a1d89c-3180-4833-b7c2-93801a7bff87,https://www.fire.ca.gov/incidents/2025/8/4/cool-fire/,2025-08-04T12:41:00Z,8/4/2025,8/4/2025
Mckinley Fire,2025-08-04T21:20:07Z,2025-08-04T14:02:32Z,CAL FIRE Fresno-Kings Unit,Fresno,"West McKinley Ave and Canal Road, Mendota",24,-120.657099,36.778239,b73f17b3-812a-48d1-8392-f96c65f4ad8a,https://www.fire.ca.gov/incidents/2025/8/4/mckinley-fire/,2025-08-04T21:19:42Z,8/4/2025,8/4/2025
Midway Fire,2025-08-04T21:26:56Z,2025-08-04T13:17:48Z,CAL FIRE San Luis Obispo Unit,San Luis Obispo,"Midway Road, Santa Margarita",13,-120.103532,35.222269,5dbdfbfb-070b-4de1-8c40-c68341ae8605,https://www.fire.ca.gov/incidents/2025/8/4/midway-fire/,2025-08-04T17:00:00Z,8/4/2025,8/4/2025
Claypit Fire,2025-08-08T09:15:18Z,2025-08-04T15:52:08Z,CAL FIRE Amador-El Dorado Unit,Sacramento,"Ione Road & Claypit Road, Sacramento County",128,-121.028053,38.409043,4cba24e3-da08-4c70-9bd1-9ba7a4de5db8,https://www.fire.ca.gov/incidents/2025/8/4/claypit-fire/,2025-08-07T15:39:10Z,8/7/2025,8/4/2025
Ranch Fire,2025-08-04T21:15:39Z,2025-08-04T15:15:52Z,Lincoln Fire Department,Placer,"Highway 65, South of Twelve Bridges Drive, Rocklin",140,-121.299167,38.839,4876140b-cfd2-4790-b779-619cb3b72fd8,https://www.fire.ca.gov/incidents/2025/8/4/ranch-fire/,2025-08-04T21:15:15Z,8/4/2025,8/4/2025
Bridge Fire,2025-08-06T06:08:48Z,2025-08-04T19:01:27Z,CAL FIRE Fresno-Kings Unit,Fresno,"West Whitesbridge Avenue and North San Benito Avenue, Mendota",57,-120.337696,36.733265,632408e7-21ae-4c17-93b0-98150158978b,https://www.fire.ca.gov/incidents/2025/8/4/bridge-fire/,2025-08-05T22:00:00Z,8/5/2025,8/4/2025
Keith Fire,2025-08-06T14:56:23Z,2025-08-05T13:23:52Z,CAL FIRE Riverside Unit,Riverside,"Clinton Keith Road and Trois Valley Street, East of Antelope Hills",16,-117.134907,33.602245,8690b495-e0ed-42db-93b8-9a1b521a4152,https://www.fire.ca.gov/incidents/2025/8/5/keith-fire/,2025-08-05T18:01:00Z,8/5/2025,8/5/2025
Camel Fire,2025-08-06T14:55:40Z,2025-08-05T15:17:53Z,CAL FIRE Sonoma-Lake-Napa Unit,Solano,"Luther E. Gibson Freeway and Park Road, Benicia",10,-122.135164,38.054161,4d5d4b02-54e9-4c85-88d9-defe7c93e56d,https://www.fire.ca.gov/incidents/2025/8/5/camel-fire/,2025-08-06T08:00:00Z,8/6/2025,8/5/2025
Calaveras Fire,2025-08-06T21:52:22Z,2025-08-05T15:59:19Z,CAL FIRE Santa Clara Unit,Alameda,"Calaveras Road and Indian Creek Road, Sunol",16,-121.864915,37.576408,ed9b3543-756f-4a0a-9e21-d49b318a8874,https://www.fire.ca.gov/incidents/2025/8/5/calaveras-fire/,2025-08-06T10:02:00Z,8/6/2025,8/5/2025
Jewel Fire,2025-08-07T22:03:08Z,2025-08-05T19:26:15Z,CAL FIRE Madera-Mariposa-Merced Unit,Madera,"Jewels Vista Drive and Highway 41, Yosemite Lakes",15,-119.757059,37.08471,39a92f5a-8c43-465a-afa7-17cae1e7e271,https://www.fire.ca.gov/incidents/2025/8/5/jewel-fire/,2025-08-07T16:48:56Z,8/7/2025,8/5/2025
Rush Fire,2025-08-06T17:58:55Z,2025-08-02T11:35:30Z,Stanislaus National Forest ,Mariposa,"Forest Road 2509 Near Deer Lick Creek, Greeley Hill",12,-120.038987,37.770605,6b9366ba-bd79-4e04-b486-23fed65a6a2f,https://www.fire.ca.gov/incidents/2025/8/2/rush-fire/,2025-08-03T12:40:00Z,8/3/2025,8/2/2025
Farm Fire,2025-08-08T09:02:03Z,2025-08-06T17:33:33Z,CAL FIRE Shasta-Trinity Unit,Shasta,"Lower Gas Point Road and Gas Point Road, Igo",15,-122.52078,40.409513,da5d92f0-bdba-46d6-bd78-857153ff630c,https://www.fire.ca.gov/incidents/2025/8/6/farm-fire/,2025-08-07T08:30:00Z,8/7/2025,8/6/2025
Canyon Fire,2026-01-05T13:23:14Z,2025-08-07T13:25:00Z,Unified Command: Ventura County Fire Department & Los Angeles County Fire Department,"Los Angeles, Ventura","North of Highway 126, West of Castaic",5370,-118.73503,34.441462,a8d01a9f-0a2f-44ee-b011-517c9b4df43e,https://www.fire.ca.gov/incidents/2025/8/7/canyon-fire/,2025-08-14T05:52:00Z,8/14/2025,8/7/2025
102 Fire,2025-08-08T09:06:53Z,2025-08-07T15:05:35Z,Woodland Fire Department ,Yolo,"East Beamer Street, West of Conaway",86,-121.72738,38.69111,9682483b-a5ec-4aa9-9078-25b5ec45bbfb,https://www.fire.ca.gov/incidents/2025/8/7/102-fire/,2025-08-07T16:35:00Z,8/7/2025,8/7/2025
Panoche Fire,2026-01-05T13:24:33Z,2025-08-07T16:10:56Z,CAL FIRE San Benito-Monterey Unit,San Benito,"Panoche Road, South of Payne Creek, Llanada",423,-120.989102,36.635134,77f07fa7-3b2e-46f0-a5db-a96fd1ea226b,https://www.fire.ca.gov/incidents/2025/8/7/panoche-fire/,2025-08-12T07:00:00Z,8/12/2025,8/7/2025
Philadelphia Fire,2025-08-09T06:08:01Z,2025-08-08T02:12:02Z,CAL FIRE Riverside Unit,Riverside,"Country Village Road and Philadelphia Avenue, Jurupa Valley",25,-117.50691,34.033455,f6fd378d-cb6e-429a-b871-7f9bcc82025a,https://www.fire.ca.gov/incidents/2025/8/8/philadelphia-fire/,2025-08-09T06:07:53Z,8/9/2025,8/8/2025
Butte Fire,2025-08-09T21:46:55Z,2025-08-07T13:05:43Z,Modoc National Forest ,Modoc,"Highway 108, North of Carr Butte",45,-121.120371,41.955097,c59e12dd-db75-450d-b3bd-af542dc2372c,https://www.fire.ca.gov/incidents/2025/8/7/butte-fire/,2025-08-09T17:00:00Z,8/9/2025,8/7/2025
Berry Fire,2025-08-11T08:46:35Z,2025-08-08T10:50:30Z,CAL FIRE Sonoma-Lake-Napa Unit,Napa,"Berryessa Knoxville Road, North of Lake Berryessa",68,-122.2707332,38.6989922,6cd99766-91c5-4519-95dd-602482cd1caf,https://www.fire.ca.gov/incidents/2025/8/8/berry-fire/,2025-08-10T17:00:00Z,8/10/2025,8/8/2025
Runner Fire,2025-08-09T21:46:36Z,2025-08-08T11:23:09Z,CAL FIRE San Deigo Unit,San Diego,Roadrunner Lane and Moonlit Trail Boulevard  ,88,-116.281929,32.687885,f967b9d0-6970-4f20-bccc-3c8df66cd38e,https://www.fire.ca.gov/incidents/2025/8/8/runner-fire/,2025-08-09T21:46:32Z,8/9/2025,8/8/2025
Arden Fire,2025-08-12T21:59:44Z,2025-08-09T14:09:57Z,CAL FIRE Sonoma-Lake-Napa Unit,Lake,"Arden Dr and Foothill Dr, Lucerne",26,-122.805092,39.100802,04483315-ddce-4a70-a56f-8733f9d0fcd3,https://www.fire.ca.gov/incidents/2025/8/9/arden-fire/,2025-08-12T08:00:00Z,8/12/2025,8/9/2025
Richbar Fire,2025-08-17T08:59:59Z,2025-08-09T17:39:17Z,Sequioa National Forest,Kern,"Highway 178 and Upper Richbar, Lake Isabella",158,-118.722809,35.468395,ae18777a-ca05-418d-965c-b34355a324d1,https://www.fire.ca.gov/incidents/2025/8/9/richbar-fire/,2025-08-16T22:00:00Z,8/16/2025,8/9/2025
Ponderosa Fire,2025-08-17T09:23:33Z,2025-08-10T15:06:29Z,CAL FIRE Nevada-Yuba-Placer Unit,Yuba,"Ponderosa Way, north of Sunset Road, Oregon House",87,-121.295635,39.386003,22e01b30-09bf-4e3f-9855-6b830e81543f,https://www.fire.ca.gov/incidents/2025/8/10/ponderosa-fire/,2025-08-17T08:00:00Z,8/17/2025,8/10/2025
Clark Fire,2025-08-14T21:58:34Z,2025-08-10T15:24:29Z,CAL FIRE Lassen-Modoc Unit,Lassen,"North of Loomis Cabin Road, Little Valley",51,-121.170005,40.91808,825b12a9-3cd8-43fc-8456-918381122381,https://www.fire.ca.gov/incidents/2025/8/10/clark-fire/,2025-08-14T08:15:00Z,8/14/2025,8/10/2025
Mountain Fire,2026-01-06T10:59:57Z,2025-08-11T16:39:39Z,Modoc National Forest ,Modoc,"46N16 Road, near Tulelake ",980,-121.33,41.8124,bc6cfae1-6556-46a7-ab4a-4a7598c07d8b,https://www.fire.ca.gov/incidents/2025/8/11/mountain-fire/,2025-08-16T22:00:00Z,8/16/2025,8/11/2025
Utah Fire,2025-08-12T09:59:14Z,2025-08-11T17:17:47Z,CAL FIRE Madera-Mariposa-Merced Unit,Mariposa,Highway 49 and Utah Street,13,-120.126968,37.573647,8624e244-bdfb-4faf-b0bd-c7daf549633f,https://www.fire.ca.gov/incidents/2025/8/11/utah-fire/,2025-08-12T12:09:00Z,8/12/2025,8/11/2025
Perez Fire,2025-08-13T12:47:45Z,2025-08-12T15:51:46Z,Modoc National Forest ,Modoc,"Highway 139 and County Road 136, Perez",15,-121.286667,41.714,3efab425-a77d-48e1-a7d2-31d2de991864,https://www.fire.ca.gov/incidents/2025/8/12/perez-fire/,2025-08-12T17:30:00Z,8/12/2025,8/12/2025
Lost Fire,2025-08-13T22:01:20Z,2025-08-12T18:06:55Z,CAL FIRE Fresno-Kings Unit,Fresno,"Friant Frontage Road and Lost Lake Road, Friant ",31,-119.724423,36.974318,a1bff10a-0a85-425a-8175-a33a98b1070c,https://www.fire.ca.gov/incidents/2025/8/12/lost-fire/,2025-08-13T22:00:27Z,8/13/2025,8/12/2025
Smittle Fire,2025-08-13T22:01:50Z,2025-08-13T11:46:51Z,CAL FIRE Sonoma-Lake-Napa Unit,Napa,"Berryessa Knoxville Road near Lake Berryessa, Napa",5,-122.234924,38.560009,c26bbba5-e5c9-4d07-85ea-830845edb464,https://www.fire.ca.gov/incidents/2025/8/13/smittle-fire/,2025-08-13T22:01:47Z,8/13/2025,8/13/2025
Preston Fire,2025-08-14T21:58:47Z,2025-08-13T23:32:41Z,CAL FIRE Madera-Mariposa-Merced Unit,Mariposa,Ben Hur Road and Preston Road,13,-119.97478,37.257358,a28bd151-9463-4ea3-8a4f-d6e720f01c60,https://www.fire.ca.gov/incidents/2025/8/13/preston-fire/,2025-08-14T01:00:00Z,8/14/2025,8/13/2025
King Fire,2026-01-06T11:39:23Z,2025-08-14T01:04:01Z,Unified Command: Los Angeles County Fire Department and Angeles National Forest ,Los Angeles,East of I-5 at Smokey Bear Road,577,-118.79656,34.720071,31e4db70-aaf9-4864-ab09-d2e90201764e,https://www.fire.ca.gov/incidents/2025/8/14/king-fire/,2025-08-18T08:00:00Z,8/18/2025,8/14/2025
Hawk Fire,2026-01-05T13:16:54Z,2025-08-14T15:03:15Z,Los Angeles County Fire Department,Los Angeles,"Treman Drive and Elisa Road, Acton",481,-118.2272114,34.5314258,33ce048a-b003-4336-a9ee-fa2d9511d760,https://www.fire.ca.gov/incidents/2025/8/14/hawk-fire/,2025-08-21T08:00:00Z,8/21/2025,8/14/2025
Heather Fire,2025-08-18T06:04:12Z,2025-08-14T15:58:27Z,CAL FIRE Siskiyou Unit,Siskiyou,"Heather Lane, Hornbrook",240,-122.4019,41.932642,48a7d32f-2ecc-4030-acf5-e4a2a1ef8ce3,https://www.fire.ca.gov/incidents/2025/8/14/heather-fire/,2025-08-17T22:00:00Z,8/17/2025,8/14/2025
Herman Fire,2025-08-17T08:59:06Z,2025-08-15T13:41:38Z,Unified Command: Benicia Fire Department and CAL FIRE Sonoma-Lake-Napa Unit,Solano,"Lake Herman Road, Solano",167,-122.131599,38.097839,b10d856e-7741-4295-88eb-cd1c834ff295,https://www.fire.ca.gov/incidents/2025/8/15/herman-fire/,2025-08-16T22:00:00Z,8/16/2025,8/15/2025
Carlos Fire,2025-08-19T08:44:09Z,2025-08-18T14:04:22Z,CAL FIRE San Luis Obispo Unit,San Luis Obispo,"San Carlos Road, Atascadero ",43,-120.66952,35.453419,fa144dab-4ddd-45f8-83b6-1a90f50d67b3,https://www.fire.ca.gov/incidents/2025/8/18/carlos-fire/,2025-08-18T15:41:00Z,8/18/2025,8/18/2025
Vineyard Fire,2025-08-20T06:33:25Z,2025-08-19T20:08:35Z,CAL FIRE Madera-Mariposa-Merced Unit,Madera,"Avenue 8 and Road 22, Madera",41,-120.140056,36.865734,d94d8f86-a05c-4a9f-a309-cd5f7823a656,https://www.fire.ca.gov/incidents/2025/8/19/vineyard-fire/,2025-08-20T06:33:23Z,8/20/2025,8/19/2025
Coyote Fire,2026-01-05T13:15:47Z,2025-08-20T14:16:37Z,CAL FIRE Amador-El Dorado Unit,El Dorado,"Coyoteville Lane and Cedar Creek Road, Somerset",624,-120.636971,38.535896,c70ae143-c751-48fe-a10a-f1c0347c3bd6,https://www.fire.ca.gov/incidents/2025/8/20/coyote-fire/,2025-09-29T08:00:00Z,9/29/2025,8/20/2025
Watson Fire,2025-08-22T15:25:28Z,2025-08-21T12:20:36Z,CAL FIRE Santa Clara Unit,Santa Clara,Watsonville Road and Santa Teresa Boulevard ,23,-121.644112,37.084305,ad8a290a-744d-498e-b4e9-b94f78b5e146,https://www.fire.ca.gov/incidents/2025/8/21/watson-fire/,2025-08-21T15:00:00Z,8/21/2025,8/21/2025
Pickett Fire,2026-01-05T13:14:15Z,2025-08-21T14:57:11Z,CAL FIRE Sonoma-Lake-Napa Unit,Napa,"Pickett Road, Calistoga North",6820,-122.5519541,38.6001023,5b4fef80-5eca-4bc6-acae-02aa42a7a18b,https://www.fire.ca.gov/incidents/2025/8/21/pickett-fire/,2025-09-07T22:00:00Z,9/7/2025,8/21/2025
Crow Fire,2026-01-06T14:47:57Z,2025-08-21T16:45:47Z,Camp Pendleton Fire Department,San Diego,"Camp Talega, East of Portofino",500,-117.5346389,33.4530278,65296e0e-94a3-405e-bd6a-a28ace795d80,https://www.fire.ca.gov/incidents/2025/8/21/crow-fire/,2025-08-21T16:05:23Z,8/21/2025,8/21/2025
Parks Fire,2025-08-26T19:21:44Z,2025-08-22T15:23:26Z,Alameda County Fire Department ,Alameda,"Dougherty Road and Fall Creek Road, Camp Parks",118,-121.908142,37.732098,48ce54e5-c038-4496-9574-eebcfec97748,https://www.fire.ca.gov/incidents/2025/8/22/parks-fire/,2025-08-25T20:00:00Z,8/25/2025,8/22/2025
Little Fire,2026-01-06T11:03:13Z,2025-08-22T15:03:00Z,Sequoia National Forest,Kern,"Highway 178, Southwest of Lake Isabella",2506,-118.585846,35.569296,c098ae85-db2e-41da-83ca-037d827c5166,https://www.fire.ca.gov/incidents/2025/8/22/little-fire/,2025-09-05T08:00:00Z,9/5/2025,8/22/2025
Vail Fire,2025-08-24T21:30:59Z,2025-08-23T08:30:34Z,CAL FIRE Riverside Unit,Riverside,"Near Vail Lake Dam, north of Highway 79S, northeast of Temecula ",55,-116.997928,33.498964,6b986ba9-e86a-4c6d-8de5-8c44228793f8,https://www.fire.ca.gov/incidents/2025/8/23/vail-fire/,2025-08-24T21:30:44Z,8/24/2025,8/23/2025
Tanabe Fire,2025-08-26T19:28:21Z,2025-08-23T12:55:11Z,CAL FIRE Nevada-Yuba-Placer Unit,Yuba," Ramirez Road and Tanabe Road, Marysville",40,-121.514636,39.265104,d93b91e1-a909-4c1d-ae42-3249ef874b43,https://www.fire.ca.gov/incidents/2025/8/23/tanabe-fire/,2025-08-26T08:00:00Z,8/26/2025,8/23/2025
Anderson Fire,2025-08-26T13:18:05Z,2025-08-23T15:15:43Z,CAL FIRE Madera-Mariposa-Merced Unit,Madera,"Anderson Smith Road and Plaza Drive, Millerton Lake",20,-119.620204,37.067374,be4c1c64-9b6c-4d40-bbfc-f4b8b24804a5,https://www.fire.ca.gov/incidents/2025/8/23/anderson-fire/,2025-08-26T13:18:02Z,8/26/2025,8/23/2025
Point Fire,2025-08-27T11:20:34Z,2025-08-23T17:47:22Z,CAL FIRE Shasta-Trinity Unit,Shasta,"Gas Point Road and Happy Valley Road, Cottonwood",43,-122.40685,40.38862,6155c47b-b61c-48d6-bb2c-6a69a6431761,https://www.fire.ca.gov/incidents/2025/8/23/point-fire/,2025-08-27T08:00:00Z,8/27/2025,8/23/2025
Look Fire,2025-08-26T21:14:33Z,2025-08-24T10:28:46Z,CAL FIRE Tulare Unit,Tulare,"West of North Fork Drive, North of the North Fork Kaweah River",11,-118.909333,36.536667,fbffffd7-48c4-4770-a7ef-2155b6d054ed,https://www.fire.ca.gov/incidents/2025/8/24/look-fire/,2025-08-26T10:44:00Z,8/26/2025,8/24/2025
R-3 Fire,2025-08-30T20:49:22Z,2025-08-24T10:44:59Z,Bureau of Land Management,Lassen,Near Sand Canyon and Belfast Road,500,-120.477333,40.435833,ce840fb1-e2d2-4b9a-bc9c-fbe67dbddb7f,https://www.fire.ca.gov/incidents/2025/8/24/r-3-fire/,2025-08-25T23:45:00Z,8/25/2025,8/24/2025
Garnet Fire,2026-01-06T11:03:56Z,2025-08-24T14:13:05Z,Sierra National Forest,Fresno,"South of Rodgers Ridge, Garnet Dike",59844,-119.027914,36.86508,ff0b75c2-1968-4021-b7cb-070b7bd73769,https://www.fire.ca.gov/incidents/2025/8/24/garnet-fire/,2025-10-23T08:00:00Z,10/23/2025,8/24/2025
Sky Fire,2025-09-02T12:38:17Z,2025-08-24T14:53:51Z,CAL FIRE Sonoma-Lake-Napa Unit,Lake,"Near Sky High Ridge Road, Lower Lake",19,-122.527007,38.89991,c0d28e66-6e9d-4b11-b35c-6b6faced0038,https://www.fire.ca.gov/incidents/2025/8/24/sky-fire/,2025-08-27T17:00:00Z,8/27/2025,8/24/2025
Branch 2 Fire,2025-08-26T19:05:39Z,2025-08-24T19:03:51Z,CAL FIRE Fresno-Kings Unit,Fresno,"Near Watts Valley Road, South of Tollhouse",28,-119.34644,36.950182,b228fa71-e2c7-4b82-aa46-cefd7f2149fb,https://www.fire.ca.gov/incidents/2025/8/24/branch-2-fire/,2025-08-26T19:05:24Z,8/26/2025,8/24/2025
R-10 Fire,2025-08-30T20:48:31Z,2025-08-25T12:23:56Z,Bureau of Land Management,Lassen,"Near Spanish Springs Peak, East of Highway 395",100,-120.24025,40.678028,99c6e291-683f-4922-88b8-deb713154b5e,https://www.fire.ca.gov/incidents/2025/8/25/r-10-fire/,2025-08-26T22:00:00Z,8/26/2025,8/25/2025
Aberdeen Fire,2025-09-02T09:47:05Z,2025-08-25T13:28:56Z,Inyo National Forest,Inyo,"Near 33E401, West of Aberdeen ",91,-118.232528,36.99955,08c79b64-8b60-4645-9010-ffaea3674ed8,https://www.fire.ca.gov/incidents/2025/8/25/aberdeen-fire/,2025-08-31T17:18:00Z,8/31/2025,8/25/2025
SKU Late August Lightning Complex,2025-09-02T16:37:21Z,2025-08-25T08:00:00Z,CAL FIRE Siskiyou Unit,Siskiyou,SKU Unit Headquarters,107,-122,41,e2e8daf9-9b18-457b-b741-f6f57c5f3ebf,https://www.fire.ca.gov/incidents/2025/8/25/sku-late-august-lightning-complex/,2025-08-29T22:00:00Z,8/29/2025,8/25/2025
Mesa Fire,2025-08-26T13:17:45Z,2025-08-25T17:07:26Z,CAL FIRE Tuolumne-Calaveras Unit,Tuolumne,"Highway 120 near Highway 108, Jamestown",16,-120.488153,37.891253,08f5737e-f8fb-4b58-972f-6cd8aeed2419,https://www.fire.ca.gov/incidents/2025/8/25/mesa-fire/,2025-08-25T12:49:26Z,8/25/2025,8/25/2025
Dillon Fire,2026-01-06T11:06:30Z,2025-08-25T18:24:33Z,Six Rivers National Forest,Siskiyou,"Dillion Mountain, 10 miles north of Somes Bar",11929,-123.539009,41.54121,914e88e1-6397-481c-913f-c99cbd6db94e,https://www.fire.ca.gov/incidents/2025/8/25/dillon-fire/,2025-11-06T13:20:00Z,11/6/2025,8/25/2025
3-22 Muck Fire,2025-09-04T11:20:03Z,2025-08-25T19:56:05Z,CAL FIRE Lassen-Modoc Unit,Lassen,"South of Third Butte and Muck Valley Road, North of Little Valley",40,-121.227729,40.97749,23e74ed4-dda9-4762-bbcf-3e7a339758c0,https://www.fire.ca.gov/incidents/2025/8/25/3-22-muck-fire/,2025-08-30T08:00:00Z,8/30/2025,8/25/2025
6-3 Fire,2025-08-26T18:49:43Z,2025-08-26T11:33:20Z,CAL FIRE Butte Unit,Butte,"Wilbur Road and Nelson Ave, West Oroville",11,-121.650849,39.523797,3f461214-6919-46f3-b160-fd0dc32d0689,https://www.fire.ca.gov/incidents/2025/8/26/6-3-fire/,2025-08-26T13:00:00Z,8/26/2025,8/26/2025
3-27 Fire,2025-09-04T11:20:27Z,2025-08-26T15:24:02Z,CAL FIRE Lassen-Modoc Unit,Lassen,"Southeast of Pumpkin Center, Bieber",24,-121.057196,41.088854,270ab2cc-1c68-4ffc-a7b2-5990bebe1de6,https://www.fire.ca.gov/incidents/2025/8/26/3-27-fire/,2025-08-31T10:59:00Z,8/31/2025,8/26/2025
Grade Fire,2025-09-01T21:33:40Z,2025-08-26T14:34:57Z,CAL FIRE Siskiyou Unit,Siskiyou,"West Lava Rim Road, Pondosa",10,-121.590689,41.217878,eb382b3b-d965-4bae-a906-c1bde34d4ec5,https://www.fire.ca.gov/incidents/2025/8/26/grade-fire/,2025-09-01T11:23:26Z,9/1/2025,8/26/2025
H-10 Fire,2025-09-25T11:32:05Z,2025-08-26T10:05:50Z,Lassen National Forest,Shasta,"Forest Road 36N18 & Butte Creek, Hat Creek",13,-121.330697,40.737144,48a9cb94-d7ee-482e-a4fe-274f5b20d1ac,https://www.fire.ca.gov/incidents/2025/8/26/h-10-fire/,2025-08-28T21:00:00Z,8/28/2025,8/26/2025
Franciscan Fire,2025-09-02T10:59:44Z,2025-08-26T21:06:47Z,CAL FIRE Shasta-Trinity Unit,Shasta,"Franciscan Way and Derch Road, Redding",34,-122.181166,40.472116,a09db6c1-addb-4985-b09f-79c9dee4dcea,https://www.fire.ca.gov/incidents/2025/8/26/franciscan-fire/,2025-08-27T01:00:00Z,8/27/2025,8/26/2025
Parkville Fire,2025-08-30T20:46:05Z,2025-08-27T14:12:32Z,CAL FIRE Shasta-Trinity Unit,Shasta,"4777 Parkville Road, Cottonwood",24,-122.188718,40.43326,b693a737-9d35-4881-bd17-d6d548c86ad1,https://www.fire.ca.gov/incidents/2025/8/27/parkville-fire/,2025-08-27T21:00:00Z,8/27/2025,8/27/2025
Lake Fire,2026-01-05T13:28:20Z,2025-08-27T21:30:47Z,Modoc National Forest,Modoc,West of Clear Lake Reservoir,401,-121.22717,41.86292,76b3ce59-5628-4cb0-9ac5-0ed5664745b5,https://www.fire.ca.gov/incidents/2025/8/27/lake-fire/,2025-08-09T08:00:00Z,8/9/2025,8/27/2025
Blue Fire,2026-01-06T11:09:52Z,2025-08-26T20:15:42Z,Klamath National Forest ,Siskiyou,"Blue Mountain, 9 Miles East of Happy Camp ",3713,-123.18499,41.78715,3ce1e1a6-8b18-47a4-a0c2-504b8e0d23a7,https://www.fire.ca.gov/incidents/2025/8/26/blue-fire/,2025-10-13T21:00:00Z,10/13/2025,8/26/2025
Garden Fire,2025-09-02T11:42:08Z,2025-08-28T22:39:58Z,Klamath National Forest,Siskiyou,"Yellow Jacket Ridge Rd, North East of Forks of Salmon",16,-123.23382,41.31546,f77059ce-71e5-429e-867c-3cb616e94659,https://www.fire.ca.gov/incidents/2025/8/28/garden-fire/,2025-09-01T17:00:00Z,9/1/2025,8/28/2025
Peter Fire,2025-09-01T21:30:46Z,2025-08-29T12:06:45Z,CAL FIRE Sonoma-Lake-Napa Unit,Lake,"Adobe Creek Road and Peterson Lane, Kelseyville",47,-122.876633,38.919426,c1318018-7d6a-44ba-9e01-568fa18267aa,https://www.fire.ca.gov/incidents/2025/8/29/peter-fire/,2025-09-01T14:15:33Z,9/1/2025,8/29/2025
Log Fire,2026-01-06T11:34:23Z,2025-09-01T13:34:53Z,Klamath National Forest,Siskiyou,"Salt Log Creek, Northwest of English Peak, Sawyers Bar",1170,-123.2668,41.41726,504dec0c-b35c-47f9-9ef1-df84c5412c70,https://www.fire.ca.gov/incidents/2025/9/1/log-fire/,2025-10-02T17:19:40Z,10/2/2025,9/1/2025
Grant Fire,2025-09-02T10:57:58Z,2025-08-29T14:39:41Z,CAL FIRE Santa Clara Unit,Alameda,"Highway I-580, southeast of Altamont",13,-121.585802,37.740292,afeee627-e908-40e0-918d-885d3259b147,https://www.fire.ca.gov/incidents/2025/8/29/grant-fire/,2025-08-29T21:30:00Z,8/29/2025,8/29/2025
Scott Fire,2025-09-01T21:32:34Z,2025-08-29T16:41:57Z,CAL FIRE Sonoma-Lake-Napa Unit,Lake,"Near Scotts Creek Road and Scotts Creek, south of Clear Lake",19,-122.972167,39.043833,c3f60dde-0a15-4a38-b176-26182671e5c4,https://www.fire.ca.gov/incidents/2025/8/29/scott-fire/,2025-09-01T14:15:23Z,9/1/2025,8/29/2025
South Constantia Fire,2025-09-03T11:24:10Z,2025-08-29T12:11:57Z,Bureau of Land Management,Lassen,"Highway 395 and Scott Road, east of Constantia ",15,-120.004618,39.941076,69a4e5f7-b848-41b6-a707-a0f6c5f56dde,https://www.fire.ca.gov/incidents/2025/8/29/south-constantia-fire/,2025-09-03T08:00:00Z,9/3/2025,8/29/2025
Murphy Fire,2025-09-02T11:38:41Z,2025-08-26T11:05:14Z,Klamath National Forest,Siskiyou,"Cecilville Road, east of Matthews Creek Campground, Cecilville ",12,-123.173767,41.211359,14e4411e-04ff-401d-97b8-7bbd6217244f,https://www.fire.ca.gov/incidents/2025/8/26/murphy-fire/,2025-08-31T17:00:00Z,8/31/2025,8/26/2025
Coach Fire,2025-08-30T20:47:18Z,2025-08-30T11:30:38Z,CAL FIRE San Benito-Monterey Unit,Monterey,"Old Stage Road and San Juan Canyon Road, French Canyon",13,-121.561084,36.805649,814f890b-75ab-443d-9cdf-badffd41e9f9,https://www.fire.ca.gov/incidents/2025/8/30/coach-fire/,2025-08-30T19:00:00Z,8/30/2025,8/30/2025
Edgewood Fire,2025-09-15T16:53:04Z,2025-08-30T16:56:17Z,Woodside Fire Protection District ,San Mateo,Highway 280 and Farm Hill Boulevard ,10,-122.265569,37.443956,f8959720-f626-4d96-8e3d-6a58560e934e,https://www.fire.ca.gov/incidents/2025/8/30/edgewood-fire/,2025-08-30T18:00:00Z,8/30/2025,8/30/2025
Stonewall Fire,2025-09-01T06:45:13Z,2025-08-31T05:51:26Z,CAL FIRE San Benito-Monterey Unit,Monterey,Highway 146 and Stonewall Canyon,31,-121.226906,36.448208,052109ae-c63f-42e5-96db-e0caec9d0796,https://www.fire.ca.gov/incidents/2025/8/31/stonewall-fire/,2025-08-31T17:29:58Z,8/31/2025,8/31/2025
Pump Rd / Woo Rd Fire,2025-09-01T06:46:39Z,2025-08-31T17:24:24Z,CAL FIRE Madera-Mariposa-Merced Unit,Merced,Pump Rd and Woo Rd,19,-120.809789,36.931478,238f0a06-c6ef-46b9-9917-f0034f83d142,https://www.fire.ca.gov/incidents/2025/8/31/pump-rd-woo-rd-fire/,2025-08-31T22:05:28Z,8/31/2025,8/31/2025
S-14 Fire,2025-09-03T11:23:34Z,2025-09-01T00:55:45Z,Bureau of Land Management,Modoc,Suprise Valley Road and Milton Street,50,-120.115829,41.317155,9e256520-38d3-4c92-84f5-d09ca04fcd94,https://www.fire.ca.gov/incidents/2025/9/1/s-14-fire/,2025-09-03T08:00:00Z,9/3/2025,9/1/2025
Springs Fire,2025-09-05T17:41:06Z,2025-09-01T04:36:12Z,Bureau Land Management,Tehama,Ponderosa Way and Deerwood Drive,32,-121.8143349,40.4017003,d6fc3032-2416-4bae-b758-76c722c657ad,https://www.fire.ca.gov/incidents/2025/9/1/springs-fire/,2025-09-05T17:40:51Z,9/5/2025,9/1/2025
Kibbie Fire,2025-09-05T17:09:24Z,2025-08-26T15:35:32Z,Yosemite National Park,Tuolumne,North of Lake Eleanor,13,-119.824371,38.028263,717fbc19-c59b-4e59-ab00-bfd9d28006ef,https://www.fire.ca.gov/incidents/2025/8/26/kibbie-fire/,2025-09-05T17:00:00Z,9/5/2025,8/26/2025
Palo Fire,2025-09-02T09:13:48Z,2025-09-01T13:52:00Z,CAL FIRE Santa Clara Unit,Alameda,Palomares Rd and Ewing Ter Castro Valley,10,-122.020693,37.689612,12bda901-0709-4358-b92f-95949e776973,https://www.fire.ca.gov/incidents/2025/9/1/palo-fire/,2025-09-01T20:21:00Z,9/1/2025,9/1/2025
Root Fire,2026-01-06T11:11:13Z,2025-09-01T12:34:02Z,Shasta Trinity National Forest,Shasta,"Forest Road 25 and Castle Creek Road, 3 miles West of Castella",729,-122.397152,41.159093,377b11f3-53f5-40f6-8cd0-d3ca6a20da5d,https://www.fire.ca.gov/incidents/2025/9/1/root-fire/,2025-09-25T22:01:56Z,9/25/2025,9/1/2025
Ellie Fire,2025-09-02T09:11:57Z,2025-09-01T16:38:02Z,Los Angeles County Fire Department,Los Angeles,East Barrel Springs Road and Sierra Highway,16,-119.106092,34.545175,6fdf7f24-d7b7-42f9-a81e-4f746d24607d,https://www.fire.ca.gov/incidents/2025/9/1/ellie-fire/,2025-09-01T18:00:00Z,9/1/2025,9/1/2025
Fuel Fire,2025-09-02T09:12:54Z,2025-09-01T17:22:27Z,CAL FIRE Fresno-Kings Unit,Fresno,Highway 168 and Lodge Road,10,-119.472565,37.044697,178b7844-a934-45b4-8f9a-e83dda369eaf,https://www.fire.ca.gov/incidents/2025/9/1/fuel-fire/,2025-09-01T18:00:00Z,9/1/2025,9/1/2025
Sierra Fire,2025-09-17T09:26:38Z,2025-09-02T06:21:51Z,CAL FIRE Nevada-Yuba-Placer Unit,Placer,Sierra College Blvd & English Colony Way,44,-121.21753,38.862604,d769e11f-e3dc-479d-853f-f339470d7ca3,https://www.fire.ca.gov/incidents/2025/9/2/sierra-fire/,2025-09-04T08:11:00Z,9/4/2025,9/2/2025
Copper Fire,2025-09-03T07:44:54Z,2025-09-02T06:05:53Z,CAL FIRE Amador-El Dorado Unit,Amador,State Highway 16 & Copper Hill Road,11,-121.007605,38.484002,958027b6-fb08-4446-a276-0696bb0bf778,https://www.fire.ca.gov/incidents/2025/9/2/copper-fire/,2025-09-03T07:44:50Z,9/3/2025,9/2/2025
18-1 Fire,2026-01-05T13:10:57Z,2025-09-02T07:51:15Z,CAL FIRE Madera-Mariposa-Merced Unit,Merced,"Buchanan Hollow Road & Baxter Road, Le Grand ",463,-120.197971,37.250521,3e9cca98-ed61-4b7a-bf78-a39caa8b0535,https://www.fire.ca.gov/incidents/2025/9/2/18-1-fire/,2025-09-02T08:00:00Z,9/2/2025,9/2/2025
Salt Fire,2026-01-06T11:27:33Z,2025-09-01T03:00:54Z,"Unified Command: CAL FIRE Fresno-Kings Unit, Fresno County Sheriff, Monterey County Sheriff","Fresno, Monterey","Jacalitos Creek Rd, Coalinga ",25579,-120.36348,36.011656,5da4a983-58e7-49ad-b5fd-0be908b61d1d,https://www.fire.ca.gov/incidents/2025/9/1/salt-fire/,2025-09-17T08:00:00Z,9/17/2025,9/1/2025
Swift Complex,2026-01-06T11:33:39Z,2025-08-25T09:28:47Z,Shasta-Trinity National Forest ,Trinity,North of Mule Creek ,540,-122.8508333,40.9044444,dab25b3c-d36c-4778-a9e8-edf2f5ef7407,https://www.fire.ca.gov/incidents/2025/8/25/swift-complex/,2025-09-15T22:24:28Z,9/15/2025,8/25/2025
Michigan Fire,2025-09-03T07:45:36Z,2025-09-02T06:10:19Z,CAL FIRE Amador-El Dorado Unit,Amador,"Highway 104 & Michigan Bar Road, Ione",33,-120.986172,38.379304,62a80530-b52c-4fe2-9d3a-d5057db88a6d,https://www.fire.ca.gov/incidents/2025/9/2/michigan-fire/,2025-09-03T07:45:32Z,9/3/2025,9/2/2025
Brown Fire,2025-09-04T18:09:33Z,2025-09-02T07:18:44Z,CAL FIRE Amador-El Dorado Unit,Sacramento,"Pony Brown Road & Ione Road, Sloughouse",60,-121.043423,38.464121,6bcfdaca-6440-42fa-aa12-d0f2d7f74385,https://www.fire.ca.gov/incidents/2025/9/2/brown-fire/,2025-09-04T18:09:24Z,9/4/2025,9/2/2025
Hornitos 1-2 Fire,2026-01-05T13:05:29Z,2025-09-02T12:34:59Z,CAL FIRE Madera-Mariposa-Merced Unit,Mariposa,Exchequer Dam Road & Hornitos Road,390,-120.256117,37.529667,ff703d8a-d4be-4eaa-8a56-64dbed6c9d79,https://www.fire.ca.gov/incidents/2025/9/2/hornitos-1-2-fire/,2025-09-02T23:07:14Z,9/2/2025,9/2/2025
Moraga Fire,2026-01-05T12:33:41Z,2025-09-02T13:30:58Z,CAL FIRE Madera-Mariposa-Merced Unit,Merced,Moraga Avenue and Cherokee Road,315,-120.962011,37.079208,7533b587-26cd-4518-bbe7-299050c6e2fb,https://www.fire.ca.gov/incidents/2025/9/2/moraga-fire/,2025-09-02T23:10:18Z,9/2/2025,9/2/2025
4-1 Fire,2025-09-03T07:45:16Z,2025-09-02T15:03:09Z,CAL FIRE Amador-El Dorado Unit,Sacramento,"Ione Road and Claypit Road, Sacramento County",8,-121.048558,38.438081,6568707c-d456-47e3-8919-27f6dd6d1167,https://www.fire.ca.gov/incidents/2025/9/2/4-1-fire/,2025-09-03T07:45:12Z,9/3/2025,9/2/2025
Cedar Fire,2025-09-17T21:57:18Z,2025-09-02T14:44:46Z,Shasta-Trinity National Forest,Trinity,"West of Cedar Point Road & West Valley Court, Post Mountain",104,-123.231979,40.406746,28868992-a898-4079-979b-360e726002e0,https://www.fire.ca.gov/incidents/2025/9/2/cedar-fire/,2025-09-17T22:00:00Z,9/17/2025,9/2/2025
Park Fire,2025-09-07T21:33:28Z,2025-09-02T09:10:04Z,CAL FIRE San Benito-Monterey Unit,Monterey,Near the community of Parkfield,25,-120.3755,35.945333,c3f6d925-9839-4139-baad-2765138f45db,https://www.fire.ca.gov/incidents/2025/9/2/park-fire/,2025-09-07T22:00:00Z,9/7/2025,9/2/2025
1-4 Fire,2026-01-05T13:12:21Z,2025-09-02T17:56:21Z,CAL FIRE Madera-Mariposa-Merced Unit,Mariposa,"Dutchman Creek Road, Raymond",4451,-120.067334,37.255225,549b3868-2d30-4653-b876-eafce2d832a9,https://www.fire.ca.gov/incidents/2025/9/2/1-4-fire/,2025-09-05T08:00:00Z,9/5/2025,9/2/2025
1-3 Fire,2025-09-08T07:07:55Z,2025-09-02T17:26:57Z,CAL FIRE Madera-Mariposa-Merced Unit,Mariposa,"Preston Road and West Westfall, Raymond",250,-120.007439,37.262108,d06257a8-4409-4238-8f45-b27b8cf899b1,https://www.fire.ca.gov/incidents/2025/9/2/1-3-fire/,2025-09-07T22:00:00Z,9/7/2025,9/2/2025
Forebay Fire,2025-09-02T21:54:25Z,2025-09-02T17:01:49Z,CAL FIRE Butte Unit,Butte,"2400 Block of Nelson Ave, near Oroville",36,-121.612192,39.524747,c956becc-63af-4fd1-8aa6-9da2e496d5d5,https://www.fire.ca.gov/incidents/2025/9/2/forebay-fire/,2025-09-02T21:54:08Z,9/2/2025,9/2/2025
6-5 Fire,2026-04-24T22:29:12Z,2025-09-02T20:23:27Z,CAL FIRE Tuolumne-Calaveras Unit,Tuolumne,"North of Don Pedro Overlook Trail and Old Pedro Road, near Red Hills",7037,-120.437333,37.819667,85af7553-a237-4ce6-921b-e9d46a86bbce,https://www.fire.ca.gov/incidents/2025/9/2/6-5-fire/,2025-09-08T08:00:00Z,9/8/2025,9/2/2025
Granite Fire,2025-09-08T21:38:43Z,2025-09-02T22:21:36Z,CAL FIRE Butte Unit,Butte,"Concow Road and Lynch Road, East of Stirling City",19,-121.451769,39.890933,210bd886-cea4-4916-9d04-7bd28063c8dd,https://www.fire.ca.gov/incidents/2025/9/2/granite-fire/,2025-09-08T22:00:00Z,9/8/2025,9/2/2025
Marmon Fire,2026-01-05T12:35:02Z,2025-09-02T23:35:42Z,CAL FIRE Fresno-Kings Unit,Fresno,"South Lassen Ave and Marmon Ave, North of Huron",1034,-120.102889,36.24125,0c0572ad-e2dc-4467-a678-c9e8ba57a410,https://www.fire.ca.gov/incidents/2025/9/2/marmon-fire/,2025-09-04T08:00:00Z,9/4/2025,9/2/2025
6-2 Fire,2026-01-06T11:24:21Z,2025-09-02T13:44:00Z,CAL FIRE Tuolumne-Calaveras Unit,Tuolumne,"East of Old Don Pedro Road, Don Pedro Reservoir",1025,-120.38529,37.77721,7e192d1a-cdab-443a-b895-b6190b050526,https://www.fire.ca.gov/incidents/2025/9/2/6-2-fire/,2025-09-06T08:00:00Z,9/6/2025,9/2/2025
Rd 29 / Ave 16.25 Fire,2025-09-17T09:28:18Z,2025-09-03T19:53:44Z,CAL FIRE Madera-Mariposa-Merced Unit,Madera,"Road 29 and Avenue 16 1/4, Near Madera",151,-120.019506,36.985276,3482d4a7-c0f5-4b99-b428-bb093275e90f,https://www.fire.ca.gov/incidents/2025/9/3/rd-29-ave-16-25-fire/,2025-09-03T08:06:00Z,9/3/2025,9/3/2025
Walnut Fire,2025-09-05T18:22:47Z,2025-09-05T12:37:49Z,CAL FIRE San Luis Obispo Unit,San Luis Obispo," Black Walnut Road and See Canyon Road, San Luis Obispo",14,-120.754223,35.233355,2041e6f5-b306-427a-ae1a-57cc8d135250,https://www.fire.ca.gov/incidents/2025/9/5/walnut-fire/,2025-09-05T18:22:02Z,9/5/2025,9/5/2025
Lodge Fire,2025-09-07T21:32:34Z,2025-09-05T14:01:39Z,US Fish and Wildlife Service,San Diego,"Jamacha Boulevard and Double Tree Road, Spring Valley",75,-116.95884,32.7256,2bf1f3d9-4cf9-4e44-a9fd-21d8d9846781,https://www.fire.ca.gov/incidents/2025/9/5/lodge-fire/,2025-09-07T22:00:00Z,9/7/2025,9/5/2025
Pyrite Fire,2026-01-05T12:28:18Z,2025-09-05T17:19:31Z,CAL FIRE Riverside Unit,Riverside,"Pyrite Street and Granite Hill Drive, Jurupa Valley",450,-117.462368,34.017805,512e6848-d749-4ecb-b9c3-4f89495ec383,https://www.fire.ca.gov/incidents/2025/9/5/pyrite-fire/,2025-09-05T17:39:00Z,9/5/2025,9/5/2025
Springs Fire,2025-09-07T21:31:50Z,2025-09-05T11:03:37Z,Bureau of Land Management,San Bernardino,"Hot Springs Trail and Bowen Ranch Road, Apple Valley",33,-117.16674,34.361588,6289cfc9-cacf-4db5-94a0-0b8b7e8f8895,https://www.fire.ca.gov/incidents/2025/9/5/springs-fire/,2025-09-07T22:00:00Z,9/7/2025,9/5/2025
Kettle Fire,2025-09-24T10:25:13Z,2025-08-31T07:50:48Z,Sequoia & Kings National Park,Fresno,"Kettle Dome near Blue Canyon Trail, South of John Muir Wilderness",24,-118.7677,36.9397,d9b216b4-4c0d-4756-b37f-a463cedca03d,https://www.fire.ca.gov/incidents/2025/8/31/kettle-fire/,2025-09-08T12:00:00Z,9/8/2025,8/31/2025
Crump Fire,2025-09-07T21:31:17Z,2025-09-06T13:31:48Z,CAL FIRE Riverside Unit,Riverside,"Riverside Street and Highway 74, Northeast of Warm Valley Springs",55,-117.313944,33.71145,ded457ce-a55b-4d57-8ed4-da2ff5b64a3f,https://www.fire.ca.gov/incidents/2025/9/6/crump-fire/,2025-09-07T22:00:00Z,9/7/2025,9/6/2025
Aqueduct Fire,2025-09-08T21:40:09Z,2025-09-07T09:39:49Z,Bureau of Land Management,Kern,Near Pine Tree Canyon Road,14,-118.118136,35.223722,04e9f4df-71c5-44e7-af1d-82e24f1c1933,https://www.fire.ca.gov/incidents/2025/9/7/aqueduct-fire/,2025-09-08T19:00:00Z,9/8/2025,9/7/2025
Lake Fire,2025-09-09T10:20:28Z,2025-09-08T14:08:49Z,CAL FIRE Lassen-Modoc Unit,Lassen,"Highway 395 and Byers Pass Road, Standish ",21,-120.48818,40.375587,510ca45e-10ff-4440-82ea-e02a312fc631,https://www.fire.ca.gov/incidents/2025/9/8/lake-fire/,2025-09-08T17:00:00Z,9/8/2025,9/8/2025
Sycamore Fire,2025-09-09T10:23:19Z,2025-09-08T11:19:28Z,CAL FIRE Riverside Unit,Riverside,"Intrepid Road and Sage Road, Sage",16,-116.940637,33.594925,1e07aada-6a3c-47be-8dc9-f6db9ff596f6,https://www.fire.ca.gov/incidents/2025/9/8/sycamore-fire/,2025-09-08T12:03:00Z,9/8/2025,9/8/2025
Coches 2 Fire,2025-09-08T21:38:04Z,2025-09-08T14:58:36Z,CAL FIRE San Diego Unit,San Diego,"I-8 Business and Los Coches Road, Lakeside ",5,-116.905491,32.832348,0baee5d9-2f57-4a41-b4db-37cf926cb62f,https://www.fire.ca.gov/incidents/2025/9/8/coches-2-fire/,2025-09-08T22:00:00Z,9/8/2025,9/8/2025
Fantasy Fire,2025-09-08T21:37:23Z,2025-09-08T17:19:17Z,CAL FIRE Tulare Unit,Tulare,Worth Drive and Road 284,16,-118.930008,36.056176,b8ef214b-a9a6-4138-bab9-6ebe1e502669,https://www.fire.ca.gov/incidents/2025/9/8/fantasy-fire/,2025-09-08T22:00:00Z,9/8/2025,9/8/2025
Nella Fire,2025-09-15T10:18:57Z,2025-09-09T15:22:33Z,CAL FIRE Madera-Mariposa-Merced Unit,Merced,"Near Interstate 5 and Highway 152, Gustine",16,-120.969345,37.056509,4a5efe57-a4a1-4e52-9db5-1d592f156ea0,https://www.fire.ca.gov/incidents/2025/9/9/nella-fire/,2025-09-09T17:55:00Z,9/9/2025,9/9/2025
Boggs Fire,2025-09-15T10:15:52Z,2025-09-10T18:01:00Z,CAL FIRE Tehama Glenn Unit,Tehama,"Boggs and Champlin Road, Northwest of Corning",88,-122.398034,39.962679,06477093-53c9-4ee7-9883-18a739be764a,https://www.fire.ca.gov/incidents/2025/9/10/boggs-fire/,2025-09-10T18:48:00Z,9/10/2025,9/10/2025
Buell Fire,2025-09-12T17:27:13Z,2025-09-10T14:21:13Z,CAL FIRE Shasta-Trinity Unit,Shasta,Platina Road and Buell Road,13,-122.619388,40.474673,a1f25049-f72b-455b-9fc3-1a9f0a5fa3f6,https://www.fire.ca.gov/incidents/2025/9/10/buell-fire/,2025-09-10T15:49:00Z,9/10/2025,9/10/2025
Elephant Fire,2025-09-14T21:49:17Z,2025-09-11T13:29:00Z,Sequoia National Forest,Tulare,"Lloyd Meadow Road, North of Johnsondale",10,-118.48688,35.99553,0491500f-f692-4f2b-8ea4-6cef3134d875,https://www.fire.ca.gov/incidents/2025/9/11/elephant-fire/,2025-09-14T10:00:00Z,9/14/2025,9/11/2025
Hunt Fire,2025-09-15T10:14:32Z,2025-09-14T13:07:09Z,CAL FIRE Tuolumne-Calaveras Unit,Calaveras,"Milton Road and Rock Creek Road, Milton",23,-120.775674,38.021791,c9efe369-7ff1-463a-82a1-076732c3e4df,https://www.fire.ca.gov/incidents/2025/9/14/hunt-fire/,2025-09-14T15:30:00Z,9/14/2025,9/14/2025
Madera Fire,2025-09-18T12:55:28Z,2025-09-14T14:53:53Z,CAL FIRE Madera-Mariposa-Merced Unit,Madera,Road 28 and Ave 18,64,-120.056215,37.010829,e54fd92b-fcaf-4483-9f9b-cb1bbb83da7a,https://www.fire.ca.gov/incidents/2025/9/14/madera-fire/,2025-09-14T18:00:00Z,9/14/2025,9/14/2025
Pass Fire,2025-09-21T21:59:51Z,2025-09-17T11:16:12Z,Inyo National Forest,Tulare,East of Monache Mountain,26,-118.181595,36.20052,462ddd93-568f-4a64-bb6a-4825e2503d3f,https://www.fire.ca.gov/incidents/2025/9/17/pass-fire/,2025-09-21T07:00:00Z,9/21/2025,9/17/2025
East Fire,2025-09-17T21:56:23Z,2025-09-17T14:26:06Z,CAL FIRE Madera-Mariposa-Merced Unit,Merced,6832 East Ave. Ballico CA,36,-120.612219,37.491158,25ec6d00-c91d-450d-bd04-73656a96622d,https://www.fire.ca.gov/incidents/2025/9/17/east-fire/,2025-09-17T22:00:00Z,9/17/2025,9/17/2025
Solar Fire,2026-01-05T12:28:39Z,2025-09-19T15:06:47Z,CAL FIRE Fresno-Kings Unit,Fresno,"South Stanislaus Avenue and West South Avenue, Tranquility ",418,-120.333854,36.61751,6018c27d-885c-49b7-bb73-bb95969347f6,https://www.fire.ca.gov/incidents/2025/9/19/solar-fire/,2025-09-19T22:07:04Z,9/19/2025,9/19/2025
Uphill Fire,2025-09-24T10:47:04Z,2025-09-22T12:55:18Z,CAL FIRE Amador-El Dorado Unit,El Dorado,"Uphill Road and Pedro Hill Road, Pilot Hill ",22,-120.998424,38.827689,d598137f-a3d8-47c3-beb4-8a3b4fcb4084,https://www.fire.ca.gov/incidents/2025/9/22/uphill-fire/,2025-09-22T14:23:00Z,9/22/2025,9/22/2025
Springs Fire,2025-09-25T22:06:07Z,2025-09-24T11:43:18Z,CAL FIRE Riverside Unit,Riverside,"Juniper Springs Road, Juniper Springs",13,-117.084452,33.768255,98426066-4586-4ebc-a8ae-573eb3b663fe,https://www.fire.ca.gov/incidents/2025/9/24/springs-fire/,2025-09-25T22:02:13Z,9/25/2025,9/24/2025
Baldy Fire,2025-09-27T22:07:00Z,2025-09-24T21:44:02Z,CAL FIRE Mendocino Unit,Mendocino,Bald Mountain Rd./Mina Rd. Covelo,14,-123.341945,39.926657,15701491-c78d-4cef-af34-06398c665132,https://www.fire.ca.gov/incidents/2025/9/24/baldy-fire/,2025-09-27T22:00:38Z,9/27/2025,9/24/2025
Lost Fire,2025-09-28T09:51:03Z,2025-09-25T08:00:00Z,Ventura County Fire Department,Ventura,"Near Lost Canyon Drive, Simi Valley",13,-118.751784,34.301578,75c850b6-27a5-493e-aaef-a42e02b2eab4,https://www.fire.ca.gov/incidents/2025/9/25/lost-fire/,2025-09-27T14:00:00Z,9/27/2025,9/25/2025
Martell Fire,2025-09-28T09:49:59Z,2025-09-26T14:45:08Z,CAL FIRE Tuolumne-Calaveras Unit,Stanislaus,"South of Telegraph Road and Northeast of Sonora Road, East of Oakdale",37,-120.732557,37.906127,2d15d2af-d4a5-4f41-a17c-b17e3030ea93,https://www.fire.ca.gov/incidents/2025/9/26/martell-fire/,2025-09-26T23:30:00Z,9/26/2025,9/26/2025
Cobb Fire,2025-09-29T07:12:14Z,2025-09-26T15:56:10Z,Six Rivers National Forest,Humboldt,"Cobb Road and Rattlesnake Bridge Road, Dinsmore",12,-123.527677,40.463864,793418f8-d217-44c3-8409-617b2a3107a2,https://www.fire.ca.gov/incidents/2025/9/26/cobb-fire/,2025-09-28T17:00:00Z,9/28/2025,9/26/2025
Vleck Fire,2025-10-02T09:05:18Z,2025-09-29T12:02:36Z,CAL FIRE Amador-El Dorado Unit,Sacramento,Van Vleck Road and Jackson Highway,30,-121.074736,38.482401,cd5d2222-9721-4800-a0b7-604d56b86a93,https://www.fire.ca.gov/incidents/2025/9/29/vleck-fire/,2025-10-02T09:05:04Z,10/2/2025,9/29/2025
Paloma Fire,2025-09-30T21:41:00Z,2025-09-30T01:08:26Z,CAL FIRE Madera-Mariposa-Merced Unit,Mariposa,Paloma Road and Hornitos Road,86,-120.272427,37.482008,5fa1beec-2657-45ff-8f6c-3c16313ad424,https://www.fire.ca.gov/incidents/2025/9/30/paloma-fire/,2025-09-30T18:44:00Z,9/30/2025,9/30/2025
Alma Fire,2025-10-05T11:27:02Z,2025-10-04T13:54:36Z,CAL FIRE San Luis Obispo Unit,San Luis Obispo,"Alma Road and Anwannee Trail, Santa Margarita",107,-119.860559,35.307304,e88762cb-c444-463b-a9fa-bd131be581b4,https://www.fire.ca.gov/incidents/2025/10/4/alma-fire/,2025-10-04T15:41:00Z,10/4/2025,10/4/2025
Sandia Fire,2025-10-14T08:28:49Z,2025-10-07T15:20:06Z,CAL FIRE San Diego Unit,San Diego,"West of Doville Ranch Road and Lynda Lane, De Luz",24,-117.264357,33.444583,0e752865-9282-4376-a47b-a01b3137198e,https://www.fire.ca.gov/incidents/2025/10/7/sandia-fire/,2025-10-07T18:33:00Z,10/7/2025,10/7/2025
Muck Fire,2025-10-09T08:09:02Z,2025-10-06T17:00:50Z,CAL FIRE Lassen-Modoc Unit,Lassen,"Along Pit River, Southeast of Pittville",18,-121.264818,40.986657,8c2e4c76-3096-4030-b96e-2ec0238a0c29,https://www.fire.ca.gov/incidents/2025/10/6/muck-fire/,2025-10-06T19:30:00Z,10/6/2025,10/6/2025
Nichols Fire,2025-10-08T09:03:32Z,2025-10-07T16:57:19Z,CAL FIRE Nevada-Yuba-Placer Unit,Nevada,"Nichols Road, East of Spencerville Wildlife Area ",12,-121.251881,39.101047,d8faf459-c016-4748-a700-8b3a55031d79,https://www.fire.ca.gov/incidents/2025/10/7/nichols-fire/,2025-10-07T19:00:00Z,10/7/2025,10/7/2025
Rancho 3 Fire,2025-10-10T22:00:48Z,2025-10-09T13:08:00Z,CAL FIRE San Diego Unit,San Diego,"Highway 78, West of Casner Road",105,-116.769802,33.0751624,55e1f98c-9529-4506-a70c-9e0dcd1390be,https://www.fire.ca.gov/incidents/2025/10/9/rancho-3-fire/,2025-10-10T22:00:27Z,10/10/2025,10/9/2025
Dart Fire,2025-10-11T12:36:52Z,2025-10-11T05:14:32Z,CAL FIRE Tulare Unit,Tulare,"East Olive Hill Avenue and Rocky Hill Drive, Porterville",13,-118.966173,36.066607,63aead75-03bc-41a2-aeab-fc3b7d577a19,https://www.fire.ca.gov/incidents/2025/10/11/dart-fire/,2025-10-11T12:00:00Z,10/11/2025,10/11/2025
Rock Fire,2025-10-12T08:23:02Z,2025-10-11T15:42:23Z,CAL FIRE Sonoma-Lake-Napa Unit,Lake,"Near Butte Rock Ranch Road and Morgan Valley Road, Lower Lake",39,-122.44521,38.885668,4a9e5bab-2700-4f02-ba6a-6408daff194c,https://www.fire.ca.gov/incidents/2025/10/11/rock-fire/,2025-10-12T08:22:29Z,10/12/2025,10/11/2025
Black Rock Fire,2025-10-21T14:31:42Z,2025-10-12T10:30:27Z,Joshua Tree National Park,San Bernardino,Black Rock Canyon Campgroung south of Yucca Valley,72,-116.393457,34.063714,c2fc1e28-9afb-497f-99d3-889923a98c95,https://www.fire.ca.gov/incidents/2025/10/12/black-rock-fire/,2025-10-20T17:00:00Z,10/20/2025,10/12/2025
Ranch Fire,2025-10-16T11:29:19Z,2025-10-15T16:22:43Z,CAL FIRE Tulare Unit,Tulare,"Indian Reservation Road, Southwest of Porterville ",11,-118.843604,36.025508,949a2c98-c78a-4af3-b26e-f17238cba107,https://www.fire.ca.gov/incidents/2025/10/15/ranch-fire/,2025-10-15T17:17:00Z,10/15/2025,10/15/2025
Grove Fire,2025-10-21T21:32:11Z,2025-10-21T12:24:43Z,CAL FIRE Madera-Mariposa-Merced Unit,Mariposa,"Oak Grove Road and Oak Grove School Road, Raymond",19,-119.870253,37.357481,8a5549c9-2dd3-448e-8b57-46c7e646ac99,https://www.fire.ca.gov/incidents/2025/10/21/grove-fire/,2025-10-21T15:45:00Z,10/21/2025,10/21/2025
Slope Fire,2025-10-23T06:18:43Z,2025-10-22T10:54:00Z,CAL FIRE Tulare Unit,Tulare,East of Fountain Springs,8,-118.765302,35.909937,62e3eb77-4a7a-4a50-83c2-c112dbaa651d,https://www.fire.ca.gov/incidents/2025/10/22/slope-fire/,2025-10-22T23:18:04Z,10/22/2025,10/22/2025
Grant Fire ,2025-10-26T22:02:25Z,2025-10-26T15:14:24Z,CAL FIRE Santa Clara Unit ,Alameda,East Bound 580 West of West Grant Line Road Altamont,20,-121.620807,37.734211,f69dcde3-24f7-4b06-8ec4-a2a2e1884297,https://www.fire.ca.gov/incidents/2025/10/26/grant-fire/,2025-10-26T16:00:10Z,10/26/2025,10/26/2025
Sophie Fire,2025-10-30T13:31:15Z,2025-10-29T14:17:51Z,CAL FIRE Riverside Unit,Riverside,"Mapes Road and Marie Street, Perris",9,-117.273098,33.756323,27b9f8cd-a1b4-4bb9-8f2a-2e75322ba48e,https://www.fire.ca.gov/incidents/2025/10/29/sophie-fire/,2025-10-29T17:42:00Z,10/29/2025,10/29/2025
Scissors Fire,2025-11-05T13:45:22Z,2025-11-02T15:54:57Z,CAL FIRE San Diego Unit,San Diego,"Highway 78 and S-2, Julian",68,-116.478846,33.100441,426e587d-404d-43dc-a013-913bc5a1f41f,https://www.fire.ca.gov/incidents/2025/11/2/scissors-fire/,2025-11-02T17:08:00Z,11/2/2025,11/2/2025
Sage Fire,2025-11-13T09:08:04Z,2025-10-27T16:16:50Z,Inyo National Forest,Mono,"Southeast of Mono Lake and South of Highway 120 East, near Sentinel Meadow",260,-118.4867,37.4864,075f506d-0a46-474f-8734-fcfa7cd2ae74,https://www.fire.ca.gov/incidents/2025/10/27/sage-fire/,2025-11-12T16:20:00Z,11/12/2025,10/27/2025
Border 18 Fire,2025-11-10T14:42:16Z,2025-11-08T14:10:55Z,CAL FIRE San Diego Unit,San Diego,Marron Valley Road south of Dulzura,62,-116.761976,32.594887,2a8b160f-6e69-4e79-848b-e8f77a8cc86c,https://www.fire.ca.gov/incidents/2025/11/8/border-18-fire/,2025-11-09T15:55:00Z,11/9/2025,11/8/2025
Highline Fire,2025-11-21T12:25:03Z,2025-11-09T08:55:54Z,Bureau of Land Management ,Imperial,"Boyd Road and Graeser Road, Northeast of Holtville",10,-115.293446,32.901984,ce483b9d-a84b-486a-b8c6-fb271795d49b,https://www.fire.ca.gov/incidents/2025/11/9/highline-fire/,2025-11-12T16:00:00Z,11/12/2025,11/9/2025
Pack Fire,2025-12-04T13:35:23Z,2025-11-13T11:15:00Z,Inyo National Forest ,Mono,"McGee Creek Road, West of Highway 395, Crowley Lake",1974,-118.788215,37.56243,42ce05cd-de08-4d5f-8f0e-be53ba48dc3d,https://www.fire.ca.gov/incidents/2025/11/13/pack-fire/,2025-12-03T08:00:00Z,12/3/2025,11/13/2025
East Fork Fire,2026-01-29T11:27:24Z,2026-01-27T15:09:19Z,CAL FIRE Siskiyou Unit,Siskiyou,"Kangaroo Creek Road, Callahan ",11,-122.67011,41.362804,9fa1f646-0539-44ef-b868-41fc490de65c,https://www.fire.ca.gov/incidents/2026/1/27/east-fork-fire/,2026-01-28T17:00:00Z,1/28/2026,1/27/2026
Ag Fire,2026-02-07T22:00:32Z,2026-02-06T13:01:09Z,CAL FIRE Lassen-Modoc Unit,Modoc,"Hwy 395 and Hwy 299, Northeast of Alturas",11,-120.473025,41.525772,94b577bd-a3da-427e-aef9-ce4e51d750ee,https://www.fire.ca.gov/incidents/2026/2/6/ag-fire/,2026-02-07T21:13:12Z,2/7/2026,2/6/2026
Valley Fire,2026-03-13T22:12:16Z,2026-03-13T13:51:43Z,CAL FIRE Lassen-Modoc Unit,Lassen,"County Road 429, Pittville",40,-121.325398,41.091881,f8f00c08-2df8-4324-9f67-60d84e409fd9,https://www.fire.ca.gov/incidents/2026/3/13/valley-fire/,2026-03-13T16:00:00Z,3/13/2026,3/13/2026
Hunter Fire,2026-03-26T21:44:10Z,2026-03-22T13:03:36Z,CAL FIRE Madera-Mariposa-Merced Unit,Mariposa,Near Hunters Valley Road and Detwiller Road,21,-120.230337,37.616619,811b3942-6305-43d6-83b3-2469deb63146,https://www.fire.ca.gov/incidents/2026/3/22/hunter-fire/,2026-03-22T17:09:00Z,3/22/2026,3/22/2026
Derrick Fire,2026-03-24T21:57:10Z,2026-03-24T11:30:04Z,CAL FIRE Fresno-Kings Unit,Fresno,"West Manning Ave, Tranquility",24,-120.347595,36.603111,52e04bc2-2e07-4b6d-9210-f699a542da3c,https://www.fire.ca.gov/incidents/2026/3/24/derrick-fire/,2026-03-24T17:56:57Z,3/24/2026,3/24/2026
Almond Fire,2026-03-25T20:29:53Z,2026-03-24T13:53:25Z,CAL FIRE Riverside Unit,Riverside,"Almond Street and Bonita Avenue, Cabazon",22,-116.773828,33.914311,ee631649-6ddb-495e-b1df-3dde26148429,https://www.fire.ca.gov/incidents/2026/3/24/almond-fire/,2026-03-25T20:28:42Z,3/25/2026,3/24/2026
Deer Fire,2026-03-24T21:57:24Z,2026-03-24T12:55:25Z,Klamath National Forest,Siskiyou,1.5 miles southeast of Deer Mountain Snowmobile park,23,-122.1167,41.554617,1fb9009a-d97d-447a-acab-875c628189de,https://www.fire.ca.gov/incidents/2026/3/24/deer-fire/,2026-03-24T17:56:21Z,3/24/2026,3/24/2026
Oso Fire,2026-03-25T08:07:47Z,2026-03-24T19:06:20Z,CAL FIRE Santa Clara Unit,Stanislaus,"Off Del Puerto Canyon Road, west of Interstate 5, outside of Patterson",15,-121.282906,37.448285,caa1ae68-931f-4ad0-911e-334235bdc101,https://www.fire.ca.gov/incidents/2026/3/24/oso-fire/,2026-03-24T23:53:00Z,3/24/2026,3/24/2026
Paramount Fire,2026-04-17T18:10:28Z,2026-03-25T15:15:30Z,CAL FIRE Fresno-Kings Unit,Kings,"25th Avenue, near Kings and Kern County Line",1280,-119.882,35.823,312d749f-1cf9-496a-93a6-c77a7cf2b617,https://www.fire.ca.gov/incidents/2026/3/25/paramount-fire/,2026-03-25T17:16:00Z,3/25/2026,3/25/2026
Sunny Fire,2026-03-29T22:07:27Z,2026-03-28T13:46:37Z,CAL FIRE Sonoma-Lake-Napa Unit,Napa,"Sunnyside Rd, St Helena",12,-122.467775,38.537939,5001511b-8685-4f15-9ddf-640d879d2297,https://www.fire.ca.gov/incidents/2026/3/28/sunny-fire/,2026-03-28T22:07:08Z,3/28/2026,3/28/2026
Springs Fire,2026-04-17T18:07:32Z,2026-04-03T11:01:30Z,CAL FIRE Riverside Unit,Riverside,"Gilman Springs Road, East of Moreno Valley",4176,-117.094579,33.914308,8767de7a-c662-4dd0-965e-7fb6be9793f4,https://www.fire.ca.gov/incidents/2026/4/3/springs-fire/,2026-04-08T08:48:00Z,4/8/2026,4/3/2026
Crown Fire,2026-04-08T15:26:57Z,2026-04-03T12:26:26Z,LA County Fire Department,Los Angeles,"Crown Valley & Soledad Canyon Road, Acton",385,-118.196999,34.465928,8e97c34f-a86a-43fd-895c-c22044e0c9ec,https://www.fire.ca.gov/incidents/2026/4/3/crown-fire/,2026-04-06T08:00:00Z,4/6/2026,4/3/2026
Serena Fire,2026-04-09T07:51:32Z,2026-04-05T14:34:08Z,CAL FIRE Riverside Unit,Riverside,"La Serena Way & Butterfield Stage Road, Temecula",33,-117.09457,33.52512,63af4de3-436b-460f-9351-c8c4afcd40ea,https://www.fire.ca.gov/incidents/2026/4/5/serena-fire/,2026-04-05T19:40:00Z,4/5/2026,4/5/2026
Blue Fire,2026-04-07T15:17:28Z,2026-04-06T10:08:00Z,Kern County Fire Department,Kern,"Highway 155, West of Blue Mountain Road, Woody",15,-118.814608,35.715926,c7154033-1cf7-41e9-8442-0a318020786e,https://www.fire.ca.gov/incidents/2026/4/6/blue-fire/,2026-04-06T15:30:00Z,4/6/2026,4/6/2026
Swiss Fire,2026-04-08T14:18:49Z,2026-04-07T16:28:11Z,CAL FIRE Tuolumne-Calaveras Unit,Calaveras,"Swiss Ranch Road, Mountain Ranch",29,-120.405261,38.306181,724258fc-5e0b-462f-9d51-8d63e5aaa56b,https://www.fire.ca.gov/incidents/2026/4/7/swiss-fire/,2026-04-08T08:00:18Z,4/8/2026,4/7/2026
Bourbon Fire,2026-04-10T22:04:55Z,2026-04-08T02:02:13Z,CAL FIRE San Bernardino Unit,San Bernardino,"Powerline Road & Silver Creek Canyon Road, Lucerne Valley",23,-116.99484,34.3962,570d39ad-89ee-4cc8-b78b-d1daf10fd202,https://www.fire.ca.gov/incidents/2026/4/8/bourbon-fire/,2026-04-10T09:48:44Z,4/10/2026,4/8/2026
Jess Fire,2026-04-09T07:59:00Z,2026-04-08T11:32:34Z,Modoc National Forest ,Modoc,"Jess Valley Road North of County Road 64, Jess Valley ",13,-120.311009,41.274119,a119566a-d30d-43e6-93f7-f61cc3b39bf8,https://www.fire.ca.gov/incidents/2026/4/8/jess-fire/,2026-04-08T14:00:00Z,4/8/2026,4/8/2026
Rider Fire,2026-04-10T22:04:32Z,2026-04-10T14:59:04Z,CAL FIRE Riverside Unit,Riverside,"Day Street, Mead Valley",30,-117.27363,33.83131,ea14fb04-6c0a-4112-ab2a-2a98bc961ea1,https://www.fire.ca.gov/incidents/2026/4/10/rider-fire/,2026-04-10T19:56:28Z,4/10/2026,4/10/2026
Hill Fire,2026-04-11T21:58:36Z,2026-04-11T15:47:42Z,CAL FIRE Tulare Unit,Tulare,"Rocky Hill North of East Myer Drive, Tooleville",16,-119.084457,36.287227,1493c551-1d09-4320-ae4b-7bcd393445b5,https://www.fire.ca.gov/incidents/2026/4/11/hill-fire/,2026-04-11T20:00:51Z,4/11/2026,4/11/2026
19th Fire,2026-04-14T21:55:35Z,2026-04-14T16:37:43Z,Kings County Fire Department,Kings,"S 19th Ave & Laurel Ave, Stratford",325,-119.79721,36.20001,83465b38-5c6d-4392-8448-86970f42bf82,https://www.fire.ca.gov/incidents/2026/4/14/19th-fire/,2026-04-14T17:30:00Z,4/14/2026,4/14/2026
Yearling Fire,2026-04-17T18:56:30Z,2026-04-15T16:09:55Z,CAL FIRE Riverside Unit,Riverside,"Yearling Way, Pedley",36,-117.472118,33.980189,26a0942b-6d04-44e1-9220-933ce5a7d782,https://www.fire.ca.gov/incidents/2026/4/15/yearling-fire/,2026-04-16T18:56:20Z,4/16/2026,4/15/2026
Iona Fire ,2026-04-18T18:42:49Z,2026-04-16T16:54:55Z,LA County Fire Department,Los Angeles,"Avenue H & 60th Street East, Lancaster",92,-118.23457,34.72345,6864ad9e-7151-4342-970a-503bf9cce65a,https://www.fire.ca.gov/incidents/2026/4/16/iona-fire/,2026-04-18T18:30:00Z,4/18/2026,4/16/2026
Ember Fire ,2026-04-18T18:38:42Z,2026-04-16T17:01:39Z,LA County Fire Department,Los Angeles,"Avenue H-8 & 95th Street East, Lancaster",428,-117.9543,34.7041,3aa2187d-4e91-428a-8854-18a4c5913d64,https://www.fire.ca.gov/incidents/2026/4/16/ember-fire/,2026-04-18T18:30:00Z,4/18/2026,4/16/2026
Palomar Fire,2026-04-18T10:07:22Z,2026-04-17T13:16:04Z,CAL FIRE Riverside Unit,Riverside,"Palomar Street, Wildomar",11,-117.283536,33.610407,6ba31b8b-84a8-47d4-994e-5444cf0bb746,https://www.fire.ca.gov/incidents/2026/4/17/palomar-fire/,2026-04-17T20:30:00Z,4/17/2026,4/17/2026
Snake Fire,2026-04-18T06:13:49Z,2026-04-17T14:52:18Z,Kern County Fire Department,Kern,"Rattlesnake Road, East of 40th St, Rosamond",20,-118.240713,34.878679,15fbf4a2-9bb5-4268-975f-771f7ffb7d04,https://www.fire.ca.gov/incidents/2026/4/17/snake-fire/,2026-04-17T14:02:00Z,4/17/2026,4/17/2026
Vista Fire,2026-04-18T15:05:29Z,2026-04-17T16:24:20Z,CAL FIRE Riverside Unit,Riverside,"El Torro Road, North of Lake Elsinore",183,-117.3217,33.7288,de3a56b5-3ac2-4b3c-a985-daad3c5aa8a6,https://www.fire.ca.gov/incidents/2026/4/17/vista-fire/,2026-04-18T14:30:00Z,4/18/2026,4/17/2026
Johnson Fire,2026-04-18T16:11:57Z,2026-04-18T12:52:58Z,Bureau of Land Management,San Bernardino,Quarry Road and Central Road. Apple Valley,12,-117.171806,34.615749,8c870ebc-7b53-4eda-bf16-2b95ee692184,https://www.fire.ca.gov/incidents/2026/4/18/johnson-fire/,2026-04-18T15:30:00Z,4/18/2026,4/18/2026
Skyline Fire,2026-04-21T22:03:54Z,2026-04-19T14:03:26Z,CAL FIRE San Bernardino Unit,San Bernardino,"52000 Skyline Road, Yucca Valley",39,-116.438693,34.164345,6960bc16-2480-4343-8506-588db44fbbcf,https://www.fire.ca.gov/incidents/2026/4/19/skyline-fire/,2026-04-21T22:03:49Z,4/21/2026,4/19/2026
Tumey Fire,2026-04-23T16:11:58Z,2026-04-19T14:02:00Z,CAL FIRE Fresno-Kings Unit,Fresno,"Panoche Road, Mendota ",1647,-120.656805,36.616572,c0c3e864-a454-4ba8-8fa0-e56fbfd6ab9d,https://www.fire.ca.gov/incidents/2026/4/19/tumey-fire/,2026-04-21T22:06:06Z,4/21/2026,4/19/2026
Helios Fire,2026-04-20T22:03:32Z,2026-04-19T20:43:24Z,CAL FIRE San Luis Obispo Unit,San Luis Obispo,"Cloverdale Trail and Cactus Trail, California Valley",38,-119.942661,35.322168,3c354867-68ad-4b7f-a7bf-5d7251b88646,https://www.fire.ca.gov/incidents/2026/4/19/helios-fire/,2026-04-20T22:02:53Z,4/20/2026,4/19/2026
Line Fire ,2026-04-21T22:05:27Z,2026-04-20T18:28:04Z,Kern County Fire Department ,Kern,"33 Hwy Brown Material Rd and 33 Hwy, Lerdo Hwy, Kern County ",96,-119.791,35.536333,fb18425c-1e54-428f-a4dc-48b14f4780c3,https://www.fire.ca.gov/incidents/2026/4/20/line-fire/,2026-04-21T22:05:23Z,4/21/2026,4/20/2026
Hog Fire ,2026-04-26T17:32:50Z,2026-04-23T06:43:30Z,Sierra National Forest,Fresno,"Trimmer Springs Road & Lakeview, Trimmer",214,-119.2907,36.8712,fd2061ea-b07b-4f90-8a3a-d11892a132b6,https://www.fire.ca.gov/incidents/2026/4/23/hog-fire/,2026-04-25T16:05:00Z,4/25/2026,4/23/2026
Carbon Fire,2026-05-01T09:11:45Z,2026-04-25T13:35:42Z,Orange County Fire Authority,Orange,"Carbon Canyon Road & Olinda Road, Brea",205,-117.8182,33.9231,4b99c6e4-0545-47f4-9a38-aa8955d6d05d,https://www.fire.ca.gov/incidents/2026/4/25/carbon-fire/,2026-04-30T20:00:00Z,4/30/2026,4/25/2026
Pine Fire,2026-04-29T06:07:56Z,2026-04-28T11:59:48Z,CAL FIRE San Benito-Monterey Unit,Monterey,"Highway 198 & Pine Valley Road, San Lucas",157,-120.869922,36.165819,3ccb43c8-cc08-432f-bb6a-007d59b872b4,https://www.fire.ca.gov/incidents/2026/4/28/pine-fire/,2026-04-29T18:06:00Z,4/29/2026,4/28/2026
Ranch Fire,2026-04-29T06:05:51Z,2026-04-28T14:07:28Z,Kern County Fire Department,Kern,"Tule Road, near Woody",343,-118.949713,35.645549,b9b88cd0-51d6-455c-bc93-f098c3fa0af6,https://www.fire.ca.gov/incidents/2026/4/28/ranch-fire/,2026-04-28T18:00:00Z,4/28/2026,4/28/2026
Panoche Fire,2026-04-30T08:07:51Z,2026-04-30T00:06:58Z,CAL FIRE Fresno/ Kings Unit,Fresno,"San Benito Avenue and W. Panoche Road, Mendota",300,-120.361017,36.730983,7fc17a2c-aef0-4d3b-ad48-48365dfa11ef,https://www.fire.ca.gov/incidents/2026/4/30/panoche-fire/,2026-04-30T06:00:25Z,4/30/2026,4/30/2026
Douglas Fire,2026-04-30T08:08:16Z,2026-04-30T02:40:27Z,CAL FIRE Fresno-Kings Unit,Fresno,"Highway 33 and N. Douglas Ave, Firebaugh",25,-120.491517,36.883029,a1b88170-c656-48fe-95ae-62e743ae075a,https://www.fire.ca.gov/incidents/2026/4/30/douglas-fire/,2026-04-30T06:00:02Z,4/30/2026,4/30/2026
Trinity Fire,2026-05-03T21:52:34Z,2026-05-01T11:54:49Z,CAL FIRE San Bernardino Unit,San Bernardino,"Trinity Road and Acanthus Street, Phelan",19,-117.525153,34.417488,5d410c0e-21e9-4880-9cbc-3ba97dd9d50e,https://www.fire.ca.gov/incidents/2026/5/1/trinity-fire/,2026-05-03T18:00:00Z,5/3/2026,5/1/2026
Landmark Fire,2026-05-01T19:57:53Z,2026-05-01T13:28:25Z,CAL FIRE San Diego Unit,San Diego,Ranchita,5,-116.523796,33.228012,a7560095-9bca-4fef-944e-275e9b0cc894,https://www.fire.ca.gov/incidents/2026/5/1/landmark-fire/,2026-05-01T18:01:12Z,5/1/2026,5/1/2026
Gopher Fire,2026-05-03T21:54:11Z,2026-05-02T14:39:01Z,Unified Command: CAL FIRE Riverside Unit and Cleveland National Forest ,Riverside,"Highway 79 and Sage Road,  Aguanga",67,-116.91934,33.463566,f7af6142-3c44-4005-a255-6a0bed6544bd,https://www.fire.ca.gov/incidents/2026/5/2/gopher-fire/,2026-05-03T18:00:00Z,5/3/2026,5/2/2026
Landon Fire,2026-05-06T21:55:56Z,2026-05-06T11:55:09Z,CAL FIRE Madera-Mariposa-Merced Unit,Merced,East Yosemite Ave and East of UC California Merced,23,-120.368915,37.366165,c7856e79-80de-4757-b2c5-e2d91f62cbac,https://www.fire.ca.gov/incidents/2026/5/6/landon-fire/,2026-05-06T12:30:00Z,5/6/2026,5/6/2026
