Year,Unit ID,Fire Name,Alarm Date,Containment Date,Cause,Acres Burned
2025,LDF,PALISADES,2025-01-07,2025-01-31,14,23448
2025,LAC,EATON,2025-01-08,2025-01-31,14,14056
2025,ANF,HUGHES,2025-01-22,2025-01-28,14,10396
2025,VNC,KENNETH,2025-01-09,2025-02-04,14,998
2025,LDF,HURST,2025-01-07,2025-01-09,14,831
2025,LAC,LIDIA,2025-01-08,2025-01-11,14,347
2024,BTU,PARK,2024-07-24,2024-09-07,7,429602
2024,SQF,BOREL,2024-07-24,2024-09-15,14,59288
2024,ANF,BRIDGE,2024-09-08,2024-12-31,14,55724
2024,BDF,LINE,2024-09-06,2024-12-23,14,43975
2024,LPF,LAKE,2024-07-05,2024-08-04,14,38610
2024,SQF,TROUT,2024-07-13,2024-09-06,1,23822
2024,ORC,AIRPORT,2024-09-09,2024-10-06,2,23526
2024,VNC,MOUNTAIN,2024-11-06,2024-11-26,14,19902
2024,LNU,SITES,2024-06-17,2024-06-26,11,19132
2024,FKU,BOONE,2024-09-03,2024-09-21,2,17614
2024,LAC,POST,2024-06-15,2024-06-26,14,15563
2024,KNF,SHELLY,2024-07-03,2024-08-06,14,15519
2024,SCU,CORRAL,2024-06-01,2024-06-06,14,14166
2024,KNP,COFFEE POT,2024-08-03,2024-12-16,1,14103
2024,SNF,BASIN,2024-06-26,2024-07-19,1,14020
2024,CND,HURRICANE,2024-07-13,2024-07-17,14,13279
2024,SRF,BOISE,2024-08-09,2024-09-20,1,12912
2024,SQF,HAPPY,2024-07-16,2024-11-15,1,12543
2024,FKU,FRESNO JUNE LIGHTNING COMPLEX,2024-06-24,2024-07-04,1,10641
2024,KRN,RANCHO,2024-07-13,2024-07-15,14,9637
2024,CND,LONG,2024-07-15,2024-09-17,1,9204
2024,SRF,HILL,2024-07-16,2024-08-14,1,7224
2024,KRN,WHITE,2024-07-13,2024-07-26,14,5562
2024,TCU,AERO,2024-06-17,2024-06-27,2,5284
2024,RRU,NIXON,2024-07-29,2024-08-07,11,5221
2024,SHF,SHOE,2024-10-09,2024-11-16,9,5124
2024,NOD,NORTH,2024-07-07,2024-07-14,10,4379
2024,INF,HORSESHOE,2024-10-30,2025-01-28,14,4223
2024,LAC,FRANKLIN,2024-12-09,2024-12-19,14,4123
2024,KRN,LOST HILLS,2024-07-15,2024-07-15,14,4044
2024,MMU,PEDRO,2024-07-30,2024-08-06,8,3819
2024,BTU,THOMPSON,2024-07-02,2024-07-09,7,3782
2024,TNF,BEAR,2024-09-02,2024-09-24,14,3322
2024,KRN,LOST 3,2024-06-06,2024-06-07,14,3283
2024,PNF,MILL,2024-07-22,2024-08-05,1,2936
2024,LNU,RIDGE,2024-07-20,2024-07-27,14,2755
2024,AEU,CROZIER,2024-08-06,2024-08-20,7,1955
2024,RRU,EAGLE,2024-07-21,2024-07-23,14,1710
2024,MVU,MCCAIN 4,2024-07-01,2024-07-06,10,1596
2024,CDD,WEST,2024-06-03,2024-06-06,14,1575
2024,LPF,APACHE,2024-07-24,2024-08-05,14,1496
2024,KRN,SCHOOL,2024-05-02,2024-05-03,14,1478
2024,SLU,BEAR,2024-06-12,2024-06-14,11,1403
2024,SBC,HILL,2024-05-28,2024-05-31,2,1383
2024,KRN,OLIVE WEST,2024-07-03,2024-07-05,14,1357
2024,BEU,AIRLINE,2024-07-02,2024-07-05,14,1295
2024,LMU,RIM 3-6,2024-07-13,2024-07-23,1,1262
2024,LNU,POINT,2024-06-16,2024-06-17,9,1207
2024,BDU,HESPERIA,2024-06-16,2024-06-19,7,1130
2024,KRN,ROAD,2024-06-05,2024-06-05,14,1074
2024,BTU,JUNES,2024-06-15,2024-06-18,14,1060
2024,BEU,METZ,2024-07-23,2024-07-24,2,1054
2024,CDD,DOVE,2024-10-19,2024-10-26,9,954
2024,MDF,CLEAR,2024-06-26,2024-06-29,14,909
2024,MMU,FRENCH,2024-07-04,2024-07-13,2,908
2024,MMU,CANAL,2024-05-30,2024-05-31,2,899
2024,KRN,CODY,2024-06-08,2024-06-09,14,890
2024,RRU,LISA,2024-06-16,2024-06-18,2,889
2024,MVU,GROVE 2,2024-07-24,2024-07-29,1,863
2024,MVU,ROBLAR,2024-09-07,2024-09-12,13,856
2024,SCU,CREEK,2024-07-26,2024-08-03,2,744
2024,BTU,APACHE,2024-06-24,2024-07-29,5,695
2024,BEU,HERNANDEZ,2024-06-15,2024-06-21,14,642
2024,KRN,RANCH,2024-06-01,2024-06-02,14,616
2024,NOD,TULEDAD,2024-10-06,2024-10-09,10,563
2024,KRN,WATER,2024-06-21,2024-06-22,14,542
2024,MDF,VALLEY,2024-05-21,2024-05-29,9,536
2024,KRN,SKY,2024-06-19,2024-06-20,14,526
2024,TUU,CAMPBELL,2024-10-28,2024-10-28,5,523
2024,RRU,RECORD,2024-09-01,2024-09-05,7,517
2024,FKU,DORADO,2024-09-05,2024-09-07,7,512
2024,STF,SHEERING,2024-06-25,2024-07-18,1,493
2024,CDD,STODDARD 3,2024-06-11,2024-06-14,14,472
2024,CDD,EL PASO,2024-06-30,2024-07-02,14,472
2024,SCU,POINT,2024-07-26,2024-07-31,11,461
2024,CDD,BELLA,2024-08-05,2024-08-13,5,453
2024,NEU,AMORUSO,2024-06-25,2024-06-25,10,432
2024,SCU,FLYNN,2024-07-25,2024-07-25,10,429
2024,KRN,HOLIDAY,2024-05-25,2024-05-26,14,428
2024,KRN,BLUE,2024-08-10,2024-08-15,14,427
2024,CDD,LUCERNE,2024-07-06,2024-07-15,14,419
2024,LNU,GLENHAVEN,2024-10-04,2024-10-05,9,417
2024,SKU,BOGUS,2024-07-08,2024-07-15,2,411
2024,CNF,POSTA 3,2024-10-07,2024-10-09,2,411
2024,MVU,BORDER 53,2024-06-01,2024-06-03,14,403
2024,MDF,PENCIL,2024-07-22,2024-07-27,1,395
2024,VNC,FELICIA,2024-10-03,2024-10-07,14,393
2024,KRN,GASKELL 2,2024-06-06,2024-06-07,14,392
2024,SQF,COW,2024-05-15,2024-05-18,14,370
2024,KRN,I5,2024-07-14,2024-07-17,14,356
2024,KRN,SHERWOOD,2024-05-10,2024-05-11,14,352
2024,KRN,5 INCIDENT,2024-07-15,2024-07-16,14,347
2024,RRU,ROUND,2024-06-29,2024-06-30,14,343
2024,STF,PEAK,2024-10-02,2024-10-15,4,334
2024,SLU,BITTERWATER,2024-06-05,2024-06-05,2,331
2024,KRN,TURBINE ,2024-08-12,2024-08-16,11,329
2024,SCU,GRANDE,2024-07-04,2024-07-04,7,322
2024,CDD,POLE,2024-07-30,2024-08-05,14,317
2024,YNP,MIDDLE,2024-08-04,2024-08-20,1,310
2024,MDF,POINT,2024-07-15,2024-07-17,1,299
2024,ANF,FORK,2024-07-19,2024-08-04,14,298
2024,MVU,BORDER 66,2024-07-30,2024-07-31,14,296
2024,KRN,WILLOW,2024-07-16,2024-07-17,14,289
2024,KRN,BRECKENRIDGE ,2024-07-09,2024-07-10,14,276
2024,KRN,AVE 80,2024-04-27,2024-04-28,14,272
2024,CDD,POST,2024-09-04,2024-09-06,14,264
2024,NEU,ATHENS,2024-07-26,2024-07-26,14,262
2024,RRU,JACK,2024-10-13,2024-10-15,9,261
2024,KNP,SENTINEL,2024-07-14,2024-11-08,14,260
2024,CDD,BORDER 59,2024-06-26,2024-06-26,14,259
2024,KRN,GARDNER,2024-04-12,2024-04-13,14,254
2024,CDD,CANYON CREST,2024-11-29,2024-12-02,8,254
2024,BEU,LONOAK,2024-06-28,2024-06-29,9,252
2024,CDD,PALMAS,2024-02-20,2024-02-25,18,239
2024,BEU,PINEY,2024-10-08,2024-10-18,9,225
2024,KRN,PILOT,2024-07-12,2024-07-13,14,217
2024,KRN,ROWLEE,2024-05-19,2024-05-20,14,215
2024,CRA,BLUE WATER,2024-07-06,2024-07-15,8,215
2024,MMU,WILLOW,2024-06-22,2024-06-25,10,212
2024,TNF,ROYAL,2024-07-07,2024-07-23,14,211
2024,KRN,LAVENDER,2024-06-25,2024-06-26,14,209
2024,FKU,DEVIL,2024-06-06,2024-06-06,2,208
2024,KRN,FIVE 5,2024-06-14,2024-06-15,14,197
2024,BEU,PANOCHE,2024-05-25,2024-05-28,4,191
2024,MVU,GREAT 3,2024-05-30,2024-05-31,2,186
2024,FKU,YORK,2024-04-21,2024-04-21,11,181
2024,KRN,LAKE 2,2024-05-31,2024-05-31,14,179
2024,BTU,PENTZ,2024-07-24,2024-07-25,11,176
2024,KRN,SHERWOOD 2,2024-05-25,2024-05-26,14,163
2024,CND,SODA,2024-07-13,2024-07-15,1,161
2024,KRN,SAWMILL,2024-07-27,2024-07-29,14,160
2024,FKU,PETROL,2024-05-17,2024-05-18,11,157
2024,BTU,RAILBRIDGE,2024-07-11,2024-07-13,2,144
2024,CDD,RED,2024-05-11,2024-05-12,9,141
2024,KRN,JAMES 2,2024-06-11,2024-06-12,14,141
2024,MVU,BORDER 58,2024-06-22,2024-06-24,14,136
2024,RRU,MACY,2024-07-25,2024-07-28,14,134
2024,VNC,SHARP,2024-07-03,2024-07-05,14,132
2024,KRN,10TH,2024-06-24,2024-06-25,14,131
2024,CDD,TUSCANY,2024-06-17,2024-06-20,14,126
2024,KRN,DAYTONA 2,2024-06-19,2024-06-20,14,124
2024,AFV,SANTA LUCIA,2024-11-07,2024-11-07,10,123
2024,KRN,HOLLOWAY,2024-07-15,2024-07-15,14,121
2024,AEU,GRANT,2024-06-12,2024-06-12,10,120
2024,KRN,WIND,2024-05-20,2024-05-21,14,119
2024,KRN,MOCAL,2024-05-28,2024-05-30,14,116
2024,KRN,POND,2024-09-24,2024-09-24,14,109
2024,SKU,DEWEY,2024-07-15,2024-07-17,1,109
2024,ANF,FRENCHMAN,2024-11-07,2024-11-15,14,109
2024,AEU,LIBERTY,2024-07-19,2024-07-19,10,104
2024,SKU,PARADISE,2024-07-15,2024-07-15,14,101
2024,TGU,SPRING,2024-06-28,2024-06-28,10,101
2024,RRU,PAUBA,2024-07-12,2024-07-14,14,101
2024,BDU,CARTAGO,2024-04-04,2024-04-09,11,101
2024,CNF,TENAJA,2024-08-25,2024-09-03,14,99
2024,BTU,QUINCY,2024-09-12,2024-09-17,2,98
2024,CND,RED,2024-05-31,2024-06-03,14,97
2024,SCU,PATTERSON,2024-06-03,2024-06-03,14,95
2024,MEU,MINA,2024-07-07,2024-07-08,5,95
2024,SLU,CYPRESS,2024-08-17,2024-08-26,14,93
2024,KRN,ROUND,2024-06-26,2024-06-26,14,93
2024,SHU,OLINDA,2024-07-03,2024-07-04,10,92
2024,FKU,WATTS,2024-06-22,2024-07-05,8,91
2024,BEU,ARGYLE,2024-09-01,2024-09-04,14,88
2024,AEU,MEISS,2024-08-11,2024-08-11,10,87
2024,SHU,VETERANS,2024-06-27,2024-06-30,10,85
2024,MEU,GRANGE,2024-07-25,2024-07-25,10,84
2024,CND,CANYON,2024-08-09,2024-09-04,7,79
2024,CDD,BORDER 74,2024-10-04,2024-10-04,9,78
2024,KRN,PANAMA,2024-05-11,2024-05-11,14,78
2024,KRN,WELLER,2024-08-27,2024-08-28,14,77
2024,SQF,POWER,2024-07-03,2024-07-05,14,76
2024,NEU,IOWA,2024-10-21,2024-10-21,5,75
2024,FKU,YORK,2024-07-05,2024-07-05,11,74
2024,KRN,OIL,2024-06-11,2024-06-12,14,73
2024,LPF,REFUGIO,2024-08-23,2024-08-27,14,72
2024,FKU,DERRICK,2024-12-02,2024-12-02,7,71
2024,AEU,WICKLOW 2,2024-09-09,2024-09-09,7,71
2024,TCU,MARIA,2024-07-23,2024-07-28,7,71
2024,RRU,HILLS,2024-07-05,2024-07-05,14,70
2024,KRN,QUINN,2024-06-15,2024-06-15,14,69
2024,MVU,BORDER 77,2024-11-23,2024-11-24,9,68
2024,BDU,JOHNSON,2024-08-28,2024-08-29,14,67
2024,KRN,FAMOSO,2024-05-19,2024-05-20,14,65
2024,RRU,CARMEN,2024-06-11,2024-06-11,7,64
2024,SBC,RIVERVIEW,2024-10-24,2024-10-24,10,64
2024,BTU,CENTERVILLE,2024-09-02,2024-09-04,7,62
2024,KRN,BURBANK,2024-04-12,2024-04-12,14,62
2024,AEU,PAY,2024-07-06,2024-07-10,11,61
2024,TGU,EXECUTIVE,2024-09-17,2024-09-17,11,60
2024,SHU,DERSCH,2024-07-05,2024-07-08,10,60
2024,CDD,CAL,2024-08-09,2024-08-16,14,59
2024,KRN,BERRY,2024-07-03,2024-07-04,14,59
2024,KRN,MORNING 3,2024-06-03,2024-06-04,14,58
2024,SCU,CANYON,2024-06-30,2024-07-01,9,57
2024,KRN,PANEL,2024-05-30,2024-05-30,14,56
2024,KRN,CHASE,2024-09-28,2024-09-28,14,56
2024,CDD,ABBEY,2024-07-19,2024-07-23,14,56
2024,KRN,MORNING 2,2024-07-27,2024-07-27,14,56
2024,PNF,SMITH,2024-07-22,2024-08-05,14,55
2024,KRN,DI GIORGIO,2024-07-04,2024-07-04,14,55
2024,YNP,ECHO,2024-08-03,2024-11-01,1,55
2024,KRN,155,2024-06-06,2024-06-09,14,55
2024,BEU,PEACH,2024-07-20,2024-07-23,9,53
2024,KRN,CALIENTE,2024-07-08,2024-07-09,14,53
2024,KRN,GROVE,2024-07-22,2024-07-22,14,52
2024,KRN,TULE 2,2024-05-28,2024-05-28,14,52
2024,KNP,SIMPSON,2024-07-26,2024-09-02,14,52
2024,AEU,MOCCASIN,2024-07-02,2024-07-05,9,51
2024,MMU,GRANITE,2024-07-06,2024-07-07,7,51
2024,BDU,QUALITY,2024-07-14,2024-07-17,9,51
2024,SNF,ITALIAN,2024-07-29,2024-07-31,14,50
2024,MVU,GARDEN,2024-11-08,2024-11-09,2,50
2024,MMU,BULLION,2024-07-24,2024-07-25,5,49
2024,FKU,GARLOCK,2024-06-07,2024-06-09,2,48
2024,KRN,TRAIN,2024-09-09,2024-09-10,14,47
2024,KRN,CREEK,2024-06-09,2024-06-12,14,47
2024,SQF,PACKSADDLE,2024-07-13,2024-07-20,1,46
2024,SBC,ROSA,2024-09-16,2024-09-16,11,46
2024,MMU,CIRCLE,2024-07-23,2024-07-24,2,45
2024,KRN,LAVAL 2,2024-05-09,2024-05-09,14,45
2024,SHU,HIDDEN,2024-06-16,2024-06-18,2,44
2024,CRA,HIDDEN VALLEY,2024-11-20,2024-11-20,5,44
2024,KRN,VINELAND,2024-09-29,2024-09-29,14,43
2024,CNF,KITCHEN,2024-07-01,2024-07-02,11,42
2024,KRN,HIGHWAY,2024-07-04,2024-07-05,14,42
2024,KRN,ROCK PILE,2024-05-14,2024-05-15,14,42
2024,SBC,OAK,2024-12-31,2024-12-31,14,41
2024,NOD,HORSE 3-7,2024-07-13,2024-07-22,1,41
2024,KRN,HILL,2024-06-01,2024-06-01,3,40
2024,LNU,TOLL,2024-07-02,2024-07-02,2,40
2024,CDD,SORREL,2024-06-04,2024-06-04,14,39
2024,KRN,GREENFIELD,2024-06-24,2024-06-24,14,39
2024,KRN,HORSESHOE,2024-10-05,2024-10-05,14,39
2024,MMU,WHITE,2024-06-24,2024-06-26,1,39
2024,KRN,TRAVEL,2024-06-15,2024-06-16,14,38
2024,RRU,CLAY,2024-10-18,2024-10-19,14,38
2024,KRN,BACKUS,2024-09-03,2024-09-04,14,37
2024,AEU,MEISS,2024-09-27,2024-09-27,7,36
2024,SBC,WEST,2024-05-27,2024-05-27,10,36
2024,FKU,PHELPS,2024-09-19,2024-09-19,11,36
2024,FKU,LITTLE,2024-06-06,2024-06-06,14,35
2024,ANF,SUNRISE 2,2024-07-01,2024-07-02,10,35
2024,KRN,MORNING,2024-05-11,2024-05-12,14,33
2024,BTU,BAR,2024-06-27,2024-07-01,4,33
2024,CDD,SHIRLEON,2024-05-25,2024-05-25,9,33
2024,MVU,CHURCH 2,2024-09-07,2024-09-07,7,33
2024,FKU,PAN,2024-06-07,2024-06-07,1,33
2024,KRN,SNAKE 2,2024-05-16,2024-05-16,9,33
2024,SCU,QUIMBY,2024-08-19,2024-08-19,7,32
2024,KRN,BAY,2024-05-24,2024-05-24,11,32
2024,CDD,INKOPAH 5,2024-06-16,2024-06-16,14,32
2024,FKU,TAR,2024-07-22,2024-07-24,2,31
2024,TGU,DEER,2024-07-04,2024-07-04,14,31
2024,MDF,PLANTATION,2024-07-17,2024-07-18,1,31
2024,KRN,EDMONDS,2024-05-21,2024-05-21,14,31
2024,BDF,RRU/HOWARD,2024-05-30,2024-05-30,15,30
2024,KRN,ALMOND,2024-07-01,2024-07-02,14,30
2024,YNP,MORRISON,2024-08-04,2024-09-20,1,29
2024,BEU,IDRIA,2024-05-15,2024-05-15,5,29
2024,KRN,LOST,2024-06-01,2024-06-01,14,29
2024,ANF,LAGO,2024-10-02,2024-10-05,7,28
2024,KRN,BITTER,2024-05-15,2024-05-15,14,28
2024,KRN,DELANO,2024-08-09,2024-08-09,14,28
2024,NEU,DUTCH,2024-10-05,2024-10-07,9,28
2024,SLU,BRENTWOOD,2024-06-30,2024-06-30,2,28
2024,FKU,PEPPER,2024-05-28,2024-05-30,9,28
2024,SKU,COD,2024-06-10,2024-06-10,2,27
2024,KRN,BERKSHIRE,2024-06-10,2024-06-10,14,27
2024,MVU,PROCTOR 8,2024-08-24,2024-08-24,9,27
2024,KRN,GOLD,2024-07-13,2024-07-13,14,27
2024,TGU,RAWSON,2024-06-10,2024-06-10,2,25
2024,MVU,RESORT 2,2024-11-08,2024-11-09,10,24
2024,KRN,SOUTH,2024-07-07,2024-07-07,14,24
2024,CDD,RUBY,2024-10-04,2024-10-07,14,24
2024,KRN,ROLLING,2024-06-30,2024-06-30,14,24
2024,FKU,DOM,2024-05-11,2024-05-11,10,24
2024,MEU,PINE,2024-09-06,2024-09-12,9,23
2024,BTU,MARYSVILLE,2024-08-17,2024-08-17,2,23
2024,KRN,PIONEER ,2024-08-25,2024-08-25,14,23
2024,KRN,POND,2024-04-27,2024-04-27,14,23
2024,KRN,LOST,2024-07-21,2024-07-21,14,23
2024,SBC,GRADE,2024-08-20,2024-08-22,10,23
2024,BEU,SANDY,2024-11-17,2024-11-18,5,23
2024,CDD,WILD WASH,2024-08-24,2024-08-25,14,23
2024,KRN,LOST 2,2024-05-17,2024-05-17,14,22
2024,CDD,WALNUT,2024-07-28,2024-07-28,7,22
2024,MVU,BORDER 60,2024-07-02,2024-07-03,14,22
2024,NEU,SPENCEVILLE,2024-06-10,2024-06-10,9,22
2024,CDD,BORDER 79,2024-12-10,2024-12-11,7,22
2024,KRN,TRACTOR,2024-06-28,2024-06-28,14,21
2024,NOD,R-6 RODEO,2024-07-24,2024-07-26,1,21
2024,SRF,BEAR,2024-10-02,2024-10-08,14,21
2024,KRN,BUTTON,2024-07-04,2024-07-04,14,20
2024,SHU,YOLLA,2024-07-02,2024-07-02,5,20
2024,SCU,DINO,2024-10-02,2024-10-04,14,20
2024,TNR,ANITA,2024-08-12,2024-08-13,10,20
2024,KRN,FRIO,2024-09-21,2024-09-22,14,19
2024,MVU,RICE 2,2024-09-09,2024-09-09,11,19
2024,CCD,RANCH,2024-07-10,2024-07-10,14,19
2024,SQF,SUMMIT,2024-06-29,2024-06-29,5,19
2024,TGU,VESTAL,2024-07-05,2024-07-05,11,19
2024,TGU,ELK,2024-05-21,2024-05-21,2,19
2024,KRN,GRAPE,2024-07-18,2024-07-19,14,19
2024,KRN,PANAMA 3,2024-05-25,2024-05-25,14,18
2024,TNF,PENDOLA,2024-04-21,2024-04-22,5,18
2024,TGU,JELLYS,2024-06-11,2024-06-11,9,18
2024,CDD,CHAPMAN,2024-09-04,2024-09-06,14,18
2024,MVU,KEYS,2024-08-28,2024-08-28,14,18
2024,MVU,LOVE 2,2024-05-13,2024-05-13,9,17
2024,KRN,SANDLIN,2024-08-05,2024-08-06,14,17
2024,MVU,BORDER 44,2024-05-11,2024-05-13,7,17
2024,KRN,SNAKE,2024-04-28,2024-04-29,14,17
2024,BTU,ROCKY,2024-07-15,2024-07-18,2,17
2024,BDF,ALRAY,2024-10-26,2024-10-26,9,17
2024,KRN,CROCKER,2024-05-30,2024-05-30,11,17
2024,CRD,LEVEE,2024-12-23,2025-01-13,14,17
2024,ANF,CANYON,2024-08-22,2024-08-24,7,17
2024,KRN,MELCHER,2024-07-21,2024-07-22,14,17
2024,SBC,RIDGE,2024-09-28,2024-09-29,7,16
2024,PIP,PINNACLES,2024-09-27,2024-09-27,11,16
2024,NEU,VERJELES,2024-10-06,2024-10-06,2,16
2024,TGU,HIGHWAY,2024-04-22,2024-04-22,5,16
2024,LPF,COAST,2024-06-17,2024-06-19,2,16
2024,SKU,HAMBONE,2024-10-06,2024-10-14,1,16
2024,KRN,HIGH,2024-06-14,2024-06-15,14,16
2024,KRN,PANAMA 4,2024-06-14,2024-06-15,14,15
2024,KRN,RANGE,2024-08-24,2024-08-24,14,15
2024,CND,ELK,2024-05-02,2024-05-02,14,15
2024,KRN,ATLANTIC,2024-07-04,2024-07-05,14,15
2024,KRN,RACEWAY,2024-06-30,2024-06-30,14,15
2024,AEU,QUARTZ,2024-06-16,2024-06-16,2,15
2024,KRN,BAKER,2024-06-29,2024-06-29,14,15
2024,AEU,CREEK,2024-06-29,2024-06-29,9,15
2024,KRN,WILLOW ,2024-07-15,2024-07-15,14,15
2024,SLU,BISHOP,2024-08-20,2024-08-20,7,15
2024,KRN,FRONT,2024-06-29,2024-06-29,14,15
2024,KRN,TOWER,2024-05-18,2024-05-18,11,15
2024,VNC,UNIVERSITY,2024-11-14,2024-11-14,14,15
2024,KRN,CANYON 2,2024-05-11,2024-05-12,14,15
2024,FKU,RIPPLE,2024-09-15,2024-09-16,10,14
2024,ANF,MOON,2024-08-13,2024-08-14,10,14
2024,KRN,MORNING 4,2024-06-07,2024-06-07,14,14
2024,SCU,CANYON,2024-07-21,2024-07-21,14,14
2024,KRN,SKYLINE,2024-10-23,2024-10-23,14,14
2024,KRN,RIDGE,2024-07-25,2024-07-25,14,14
2024,VNC,VIEW,2024-07-06,2024-07-09,14,14
2024,CDD,TRAM,2024-05-05,2024-05-05,14,14
2024,AEU,BELL,2024-09-14,2024-09-14,2,14
2024,MEU,PEPPERWOOD,2024-07-20,2024-07-23,1,14
2024,TGU,PLYMIRE,2024-09-26,2024-09-26,14,14
2024,KRN,GROVE,2024-10-02,2024-10-02,14,13
2024,MEU,RILEY,2024-07-27,2024-07-31,14,13
2024,YNP,VERNON,2024-08-29,2024-09-01,14,13
2024,SLU,HAWK,2024-09-03,2024-09-04,10,13
2024,CDD,BOWMAN,2024-07-02,2024-07-02,14,13
2024,VNC,RANCHO,2024-07-05,2024-07-06,14,13
2024,MDF,HORSE,2024-07-24,2024-07-25,1,13
2024,KRN,GASKELL 3,2024-06-13,2024-06-13,14,13
2024,KRN,EMERALD ,2024-10-14,2024-10-14,14,12
2024,MVU,SLOANE,2024-07-17,2024-07-19,14,12
2024,SLU,CAMP ROBERTS RANGE L5,2024-11-17,2024-11-17,13,12
2024,BTU,GRUBBS,2024-07-03,2024-07-04,2,12
2024,NEU,FAR,2024-08-23,2024-08-23,11,12
2024,KRN,NEURALIA,2024-05-12,2024-05-12,14,12
2024,BTU,PURPLE,2024-08-07,2024-08-08,5,12
2024,SBC,GATE,2024-06-23,2024-06-23,2,12
2024,ANF,MOTOR,2024-08-23,2024-08-25,10,12
2024,CDD,DAWN,2024-05-05,2024-05-05,14,12
2024,KRN,ROSAMOND,2024-09-01,2024-09-01,14,11
2024,TNR,MILLAR 3-1,2024-11-20,2024-11-20,7,11
2024,TGU,HALL,2024-05-20,2024-05-20,7,11
2024,SKU,SPRINGS,2024-06-08,2024-06-12,1,11
2024,KRN,GOLF,2024-07-22,2024-07-22,14,11
2024,MVU,TRAIL 4,2024-07-28,2024-07-28,14,11
2024,NEU,DOUBLE,2024-06-20,2024-06-20,14,11
2024,FKU,LITTLE,2024-07-03,2024-07-03,14,11
2024,SKU,HARRY,2024-07-23,2024-07-23,14,11
2024,KRN,SCHOOL ,2024-08-22,2024-08-22,14,11
2024,MDF,HALLS,2024-07-15,2024-07-17,1,11
2024,FKU,BULL,2024-11-12,2024-11-12,11,10
2024,ADR,SARDIS,2024-05-16,2024-05-16,14,10
2024,FKU,FRAZIER,2024-06-28,2024-06-28,2,10
2024,BTU,SEVEN,2024-05-23,2024-05-23,5,10
2024,KRN,HONOLULU,2024-06-08,2024-06-08,14,10
2024,KRN,GRANITE 2,2024-06-18,2024-06-18,14,10
2024,KRN,LAGUNA,2024-06-25,2024-06-26,14,10
2024,CDD,IRIS,2024-02-11,2024-02-16,14,10
2024,BEU,JOLON,2024-06-21,2024-06-22,10,10
2024,CDD,HESS,2024-05-16,2024-05-16,10,10
2024,MVU,BORDER 63,2024-07-23,2024-07-23,5,9
2024,KRN,TULE,2024-05-09,2024-05-09,14,9
2024,KRN,SKYLINE,2024-07-16,2024-07-16,14,9
2024,SLU,RANCHO,2024-08-20,2024-08-20,2,9
2024,KRN,RIVER,2024-05-08,2024-05-09,14,9
2024,KRN,KERN,2024-07-01,2024-07-02,14,9
2024,KRN,TRUMAN ,2024-10-04,2024-10-04,14,9
2024,KRN,DUCK,2024-08-18,2024-08-18,14,9
2024,CDD,CARRIZO 5,2024-07-11,2024-07-11,14,9
2024,KRN,HABECKER,2024-06-17,2024-06-17,14,9
2024,KRN,PANAMA 2,2024-05-17,2024-05-17,14,9
2024,KRN,WINDMILL,2024-05-31,2024-05-31,14,9
2024,KRN,RIO,2024-05-06,2024-05-06,14,9
2024,KRN,CHESTER,2024-05-09,2024-05-09,14,9
2024,KRN,LOMA,2024-06-25,2024-06-26,14,9
2024,NEU,KARCHNER,2024-06-10,2024-06-10,11,9
2024,KRN,FIVE,2024-06-28,2024-06-28,14,8
2024,SKU,NORMAN,2024-06-20,2024-06-21,9,8
2024,BTU,RANCH,2024-05-15,2024-05-17,7,8
2024,KRN,FIVE,2024-07-14,2024-07-15,14,8
2024,KRN,TANK,2024-05-09,2024-05-09,14,8
2024,NEU,PFE,2024-06-21,2024-06-21,7,8
2024,SHU,CLEAR,2024-07-06,2024-07-06,2,8
2024,KRN,CANYON,2024-05-04,2024-05-04,14,8
2024,KRN,DESERT,2024-08-03,2024-08-04,14,7
2024,ANF,SUNRISE,2024-06-28,2024-06-30,14,7
2024,MMU,STUMPFIELD,2024-08-11,2024-08-12,7,7
2024,BEU,BARN,2024-10-07,2024-10-08,4,7
2024,SLU,CANYON,2024-07-04,2024-07-05,9,7
2024,KRN,BENA 3,2024-05-26,2024-05-26,14,7
2024,VNC,MADERA,2024-12-11,2024-12-12,14,7
2024,KRN,BEAR,2024-05-31,2024-05-31,14,7
2024,KRN,TWO,2024-09-29,2024-09-29,14,6
2024,KRN,BUFORD,2024-09-15,2024-09-15,14,6
2024,KRN,MAIN,2024-07-12,2024-07-12,14,6
2024,KRN,WOOD,2024-08-05,2024-08-05,14,6
2024,MVU,BORDER 51,2024-05-26,2024-05-26,5,6
2024,KRN,PHILLIPS,2024-07-25,2024-07-25,14,6
2024,KRN,WOODY,2024-05-18,2024-05-18,14,6
2024,KRN,CARISSA,2024-09-26,2024-09-26,14,6
2024,KRN,ROSE,2024-05-27,2024-05-27,14,6
2024,KRN,DAYTONA,2024-06-18,2024-06-19,14,6
2024,MEU,REEVES,2024-11-10,2024-11-13,5,6
2024,KRN,LOW,2024-07-21,2024-07-22,14,6
2024,KRN,SCHUSTER,2024-05-22,2024-05-23,14,6
2024,KRN,WASCO POND,2024-06-03,2024-06-03,14,6
2024,CDD,SHIRLEON 2,2024-05-29,2024-05-29,14,5
2024,KRN,KECKS,2024-07-17,2024-07-17,14,5
2024,KRN,HAMILTON,2024-05-01,2024-05-02,14,5
2024,ENF,VOLCANOVILLE,2024-05-11,2024-05-12,14,5
2024,NOD,GRAVIER,2024-09-06,2024-09-06,1,5
2024,SQF,CYRUS,2024-10-11,2024-10-11,14,5
2024,CDD,PINK,2024-05-11,2024-05-11,9,5
2024,KRN,GORILLA ,2024-08-10,2024-08-11,14,5
2024,LPF,FOX,2024-08-04,2024-08-06,14,5
2024,KRN,DENT,2024-10-28,2024-10-28,14,5
2024,KRN,GENERAL,2024-05-22,2024-05-22,14,5
2024,KRN,99,2024-08-19,2024-08-19,14,5
2024,KRN,ROSAMOND,2024-06-19,2024-06-20,14,5
2024,ADR,SARDIS 2,2024-06-15,2024-06-15,14,5
2024,KRN,STATION,2024-06-09,2024-06-09,14,5
2024,KRN,MAGNOLIA,2024-09-16,2024-09-16,14,5
2024,SLU,SNAKE,2024-10-17,2024-10-18,14,5
2024,KRN,46,2024-05-31,2024-05-31,14,5
2024,SLU,STONEY,2024-07-24,2024-07-24,2,5
2024,KRN,HIGHLAND,2024-10-28,2024-10-28,14,5
2024,SRF,LAKE,2024-11-05,2024-11-07,14,5
2024,KRN,GRANITE,2024-06-11,2024-06-11,14,5
2024,MEU,GRANGE 2,2024-07-25,2024-07-25,10,5
2024,KRN,TWISSLEMAN,2024-06-10,2024-06-10,14,5
2024,CND,RIG,2024-05-18,2024-05-19,14,5
2024,KRN,TAFT,2024-06-27,2024-06-27,14,5
2024,SQF,ACORN,2024-07-14,2024-07-16,14,5
2024,VNC,SENTINEL,2024-06-28,2024-06-29,14,5
2024,KRN,MELCHER,2024-05-07,2024-05-07,14,5
2024,KRN,SOLAR,2024-09-02,2024-09-02,2,5
2024,KRN,ELK,2024-08-09,2024-08-10,14,4
2024,KRN,WOOLLOMES,2024-06-13,2024-06-13,14,4
2024,SKU,WEST,2024-07-11,2024-07-11,14,4
2024,KRN,CYMRIC,2024-05-21,2024-05-21,14,4
2024,KRN,SPRINGS,2024-05-14,2024-05-14,14,4
2024,KRN,SUSAN,2024-08-03,2024-08-03,14,4
2024,KRN,CEMENT,2024-06-30,2024-06-30,14,4
2024,KRN,LOOP 2,2024-06-19,2024-06-21,14,4
2024,KRN,TROPICO,2024-06-14,2024-06-15,14,4
2024,KRN,ELK 3,2024-06-08,2024-06-08,14,4
2024,KRN,KRN-24-26623,2024-06-19,2024-06-19,14,4
2024,CDD,SIERRA,2024-08-03,2024-08-05,10,4
2024,KRN,GOLDEN,2024-08-12,2024-08-12,10,4
2024,TNR,BONITA,2024-07-01,2024-07-03,8,4
2024,KRN,EDISON,2024-04-21,2024-04-21,14,4
2024,KRN,DELFERN,2024-06-10,2024-06-10,14,4
2024,KRN,FRONT,2024-05-20,2024-05-21,14,4
2024,CDD,STODDARD 4,2024-07-01,2024-07-01,14,4
2024,KRN,LAKE,2024-05-06,2024-05-06,14,3
2024,KRN,KRN-24-36893,2024-08-15,2024-08-15,14,3
2024,KRN,PEPPER 2,2024-06-24,2024-06-24,14,3
2024,KRN,KING,2024-07-18,2024-07-19,14,3
2024,KRN,LOOP,2024-06-14,2024-06-14,14,3
2024,KRN,COLLEGE,2024-10-22,2024-10-22,14,3
2024,KRN,RESERVE,2024-06-25,2024-06-25,14,3
2024,KRN,CUMMINGS,2024-06-12,2024-06-13,2,3
2024,KRN,FORTY-SIX,2024-05-08,2024-05-08,14,3
2024,KRN,RIVER 2,2024-05-24,2024-05-25,14,3
2024,KRN,PEPPER,2024-05-31,2024-05-31,14,3
2024,CDD,SPRINGS,2024-06-06,2024-06-06,14,3
2024,CDD,HORSE,2024-06-01,2024-06-01,9,3
2024,KRN,ORO,2024-10-17,2024-10-25,14,3
2024,KRN,HAUL,2024-05-28,2024-05-28,14,3
2024,KRN,MOBIUS,2024-10-08,2024-10-08,14,3
2024,KRN,MIDWAY,2024-09-04,2024-09-04,14,3
2024,KRN,SUN,2024-09-30,2024-09-30,14,2
2024,MEU,SPRINGS,2024-07-09,2024-07-13,9,2
2024,KRN,SUNNY,2024-09-18,2024-09-18,14,2
2024,TGU,HALL,2024-07-14,2024-07-14,9,2
2024,SLU,ESTRELLA,2024-08-26,2024-08-26,10,2
2024,KRN,JAMES,2024-04-13,2024-04-13,14,2
2024,SLU,TURKEY,2024-06-17,2024-06-17,10,2
2024,CDD,VIDA,2024-08-20,2024-08-21,11,2
2024,SKU,BEAR,2024-09-26,2024-09-27,9,2
2024,KRN,SKYLINE,2024-07-21,2024-07-21,14,2
2024,ADR,WILBUR,2024-06-22,2024-06-22,14,1
2024,VNC,BALCOM,2024-10-30,2024-10-31,14,1
2024,SLU,LOWES,2024-11-30,2024-11-30,9,1
2024,NEU,FREEDOM,2024-07-12,2024-07-12,14,1
2024,MEU,BRANSCOMB,2024-06-17,2024-06-21,2,1
2024,NOD,R-2 HOMESTEAD,2024-07-21,2024-07-21,1,1
2024,SLU,JORDAN,2024-05-28,2024-05-28,9,1
2024,SWR,SWR MCINTOSH SOUTH,2024-05-29,2024-05-29,14,1
2024,CND,KIRBY,2024-09-11,2024-09-11,10,1
2024,CDD,JAWBONE,2024-05-19,2024-05-19,14,1
2024,CDD,BURRO,2024-05-05,2024-05-06,9,1
2024,CDD,PINNACLE,2024-12-28,2024-12-28,14,1
2024,TNR,JAMACHA,2024-06-19,2024-06-19,11,0
2024,AEU,SHENANDOAH,2024-06-22,2024-06-22,10,0
2024,VNC,PRADO,2024-09-18,2024-09-18,14,0
2024,KRN,REEDER,2024-07-09,2024-07-10,14,0
2024,VNC,KNOLLS,2024-06-30,2024-06-30,14,0
2024,KRN,MAIN,2024-07-09,2024-07-09,14,0
2024,SKU,VISTA,2024-07-30,2024-07-30,9,0
2024,SCU,PEAK,2024-07-01,2024-07-01,7,0
2024,BTU,COLTER,2024-10-03,2024-10-03,7,0
2024,MEU,GRANGE 3,2024-07-25,2024-07-25,10,0
2024,SBC,SADDLE,2024-08-15,2024-08-15,14,0
2024,KRN,LINCOLN,2024-07-05,2024-07-05,14,0
2024,KRN,MESA,2024-07-07,2024-07-07,2,0
2024,MVU,BAILEY,2024-05-18,2024-05-18,7,0
2024,SLU,EAST 2,2024-10-01,2024-10-01,14,0
2024,KRN,MEADOW,2024-07-22,2024-07-22,14,0
2024,SLU,EAST,2024-09-14,2024-09-14,10,0
2024,MEU,EAGLE,2024-07-04,2024-07-04,10,0
2024,MEU,CREEK,2024-04-28,2024-04-28,2,0
2024,SHU,HAY,2024-07-06,2024-07-06,3,0
2024,SHU,HWY,2024-06-14,2024-06-14,14,0
2024,BDU,18,2024-07-15,2024-07-15,10,0
2024,SLU,ONTARIO,2024-10-15,2024-10-15,7,0
2024,SLU,RAMP,2024-09-14,2024-09-14,14,0
2023,MNP,YORK,2023-07-28,2023-08-20,14,93077
2023,SRF,KELLY,2023-08-15,2023-11-14,14,89326
2023,SRF,MOSQUITO,2023-08-15,2023-10-25,1,34188
2023,KNF,ELLIOT,2023-08-15,2023-10-23,1,13875
2023,SRF,PEARCH,2023-08-17,2023-10-25,1,12152
2023,STF,QUARRY,2023-09-09,2023-11-08,14,8645
2023,RRU,RABBIT,2023-07-14,2023-07-23,10,8354
2023,KNF,UFISH,2023-08-16,2023-09-28,1,7850
2023,KNF,HEAD,2023-08-15,2023-09-07,1,6953
2023,SBC,PLANT,2023-08-19,2023-08-31,11,5761
2023,KRN,ALMOND,2023-08-06,2023-08-07,14,5228
2023,SHF,DEEP,2023-08-15,2023-10-03,14,4198
2023,SQF,RABBIT,2023-09-30,2023-10-30,14,2857
2023,SRF,3-9,2023-08-16,2023-11-02,14,2836
2023,VNC,SOUTH,2023-12-09,2023-12-12,14,2715
2023,SRF,HURDY GURDY,2023-08-15,2023-11-14,14,2677
2023,RRU,HIGHLAND,2023-10-30,2023-11-08,9,2487
2023,RRU,BONNY,2023-07-26,2023-08-07,14,2323
2023,KNP,REDWOOD,2023-08-15,2023-12-14,1,2248
2023,SRF,MARLOW,2023-08-15,2023-10-03,1,1997
2023,KNF,SCOTT,2023-08-15,2023-09-04,1,1935
2023,SRF,HANCOCK,2023-08-21,2023-09-25,1,1728
2023,SRF,LONE PINE,2023-08-15,2023-09-15,1,1684
2023,KRN,EAST,2023-08-01,2023-08-01,14,1291
2023,STF,BONE,2023-06-16,2023-07-18,14,1180
2023,CDD,NONAME,2023-08-05,2023-08-08,14,1113
2023,SRF,CORRAL,2023-08-15,2023-11-14,14,1090
2023,HUU,PILOT,2023-08-15,2023-09-02,1,1055
2023,KRN,DISTRICT,2023-07-07,2023-07-12,14,1043
2023,JTP,GEOLOGY,2023-06-10,2023-06-18,10,1033
2023,YNP,PIKA,2023-06-29,2023-08-15,1,841
2023,STF,PEAK,2023-09-11,2023-11-16,14,836
2023,SKU,RANCH,2023-08-15,2023-08-28,1,792
2023,RWP,LOST,2023-08-15,2023-09-11,1,739
2023,SLU,BITTER,2023-08-15,2023-08-16,10,695
2023,SRF,PRESCOTT,2023-08-15,2023-11-14,14,599
2023,SRF,DIAMOND,2023-08-15,2023-11-14,14,550
2023,KRN,ROUND,2023-07-03,2023-07-03,14,536
2023,RRU,ROCK,2023-08-09,2023-08-10,14,531
2023,MNF,SLIDE 1,2023-08-15,2023-08-23,1,472
2023,SDU,COYOTE,2023-08-17,2023-08-19,14,466
2023,RRU,RECHE,2023-07-14,2023-07-23,7,435
2023,ANF,AGUA,2023-07-25,2023-08-08,14,426
2023,BEU,VINEYARD,2023-07-09,2023-07-10,14,391
2023,SRF,ISLAND,2023-08-15,2023-11-14,14,378
2023,RRU,RAMONA,2023-05-22,2023-05-26,2,337
2023,RRU,GAVILAN,2023-07-15,2023-07-23,14,334
2023,INF,COWTRACK,2023-07-20,2023-07-20,14,322
2023,TUU,QUAIL 2,2023-08-10,2023-08-10,7,300
2023,BEU,IDRIA,2023-07-19,2023-07-19,14,296
2023,KNF,DEN,2023-08-18,2023-08-24,1,294
2023,LPF,AVENALES,2023-10-12,2023-10-14,14,259
2023,SLU,GREEN,2023-10-06,2023-10-09,11,247
2023,CND,GRADE,2023-06-24,2023-06-25,9,228
2023,BDF,NOB,2023-04-26,2023-05-11,14,226
2023,KRN,BITTER,2023-05-12,2023-05-12,14,225
2023,SBC,SUN,2023-11-09,2023-11-13,2,211
2023,KNF,LAKE,2023-08-15,2023-09-07,1,200
2023,SDU,BUNNIE,2023-08-09,2023-08-11,14,183
2023,CND,GRANITE,2023-07-14,2023-07-23,4,178
2023,KRN,PINE,2023-12-15,2023-12-16,14,169
2023,SHU,WONDER,2023-07-24,2023-07-28,6,161
2023,TUU,ROBIN,2023-08-10,2023-08-10,7,138
2023,FKU,PISTOL,2023-05-30,2023-05-30,9,127
2023,RRU,66,2023-05-15,2023-05-17,14,127
2023,CND,ARROW,2023-05-15,2023-05-15,10,121
2023,SNF,KING,2023-10-14,2023-10-16,9,118
2023,SLU,SHELL,2023-07-30,2023-08-03,10,114
2023,FKU,ORANGE,2023-06-01,2023-06-02,2,108
2023,KRN,CHAMPAGNE,2023-06-30,2023-06-30,11,107
2023,TCU,GANN,2023-07-02,2023-07-02,14,106
2023,RRU,HIGHLAND,2023-07-14,2023-07-23,14,104
2023,LNU,SNELL,2023-06-16,2023-06-16,7,97
2023,LPF,RINCONADA,2023-08-11,2023-08-13,14,96
2023,SRF,LET ER-BUCK,2023-08-17,2023-09-28,1,95
2023,SBC,GRADE,2023-10-06,2023-10-07,10,95
2023,NEU,SCOTT,2023-06-15,2023-06-15,14,94
2023,CDD,TRAM,2023-10-27,2023-10-28,14,90
2023,KRN,BOULEVARD,2023-08-04,2023-08-07,14,89
2023,KRN,LINE,2023-11-08,2023-11-08,14,86
2023,KRN,HOSTLY,2023-05-01,2023-05-01,11,83
2023,KRN,PENTLAND,2023-06-05,2023-06-06,14,83
2023,MMU,WHISKEY,2023-07-03,2023-07-03,2,83
2023,CDD,STODDARD,2023-05-24,2023-05-27,14,81
2023,KNF,TOWNSEND,2023-08-15,2023-08-23,1,81
2023,SRF,PILOT,2023-08-15,2024-01-09,14,76
2023,LPF,TECUYA,2023-08-02,2023-08-20,14,76
2023,BTU,CEMETERY,2023-08-09,2023-08-09,14,74
2023,KNF,TITUS,2023-08-15,2023-08-31,1,71
2023,AEU,LIBERTY,2023-07-11,2023-07-12,14,70
2023,SLU,BOULDER,2023-06-28,2023-06-28,11,70
2023,MMU,PANOCHE,2023-06-03,2023-06-03,9,67
2023,CND,MIDWAY,2023-11-12,2023-11-14,14,63
2023,CDD,IMVITE,2023-04-17,2023-04-22,10,62
2023,CRD,Winterhaven Drive,2023-07-18,2023-07-21,14,62
2023,SDU,BORDER 14,2023-06-21,2023-06-22,14,61
2023,KRN,BEALE,2023-07-31,2023-08-01,14,60
2023,FKU,POWER,2023-09-07,2023-09-07,9,60
2023,KRN,LITTLE,2023-06-08,2023-06-08,5,59
2023,AEU,CARBON,2023-07-11,2023-07-11,9,58
2023,NEU,PEOIRA,2023-06-23,2023-06-23,14,58
2023,LAC,VICTOR,2023-07-25,2023-07-27,4,57
2023,MEU,1-10,2023-08-15,2023-08-18,1,56
2023,MDF,JESS,2023-05-24,2023-05-26,14,56
2023,KRN,CALIENTE ,2023-09-16,2023-09-17,14,55
2023,BDU,MAIN,2023-04-06,2023-04-06,11,54
2023,BEU,WILLIAMS,2023-10-06,2023-10-09,9,53
2023,HTF,HILL,2023-10-25,2023-10-25,14,52
2023,KRN,BODFISH,2023-07-19,2023-07-20,14,52
2023,KRN,TROTTER,2023-08-14,2023-08-17,14,52
2023,BTU,TURKEY,2023-07-26,2023-07-31,7,52
2023,LPF,GIFFORD,2023-05-19,2023-05-20,14,48
2023,SNF,WILDCAT,2023-06-17,2023-06-27,1,46
2023,TNF,HIGHWAY,2023-08-16,2023-08-17,14,44
2023,NEU,ERIC,2023-06-09,2023-06-09,14,44
2023,BEU,SLACKS,2023-07-15,2023-07-17,10,40
2023,TNR,SAGE,2023-11-23,2023-11-28,14,39
2023,SDU,BORDER 42,2023-12-22,2023-12-22,14,38
2023,SDU,BLACKWOOD,2023-06-20,2023-06-21,14,37
2023,RRU,JOHNSON,2023-05-20,2023-05-21,14,37
2023,KRN,HABERKERN,2023-07-31,2023-08-01,14,34
2023,KRN,BLACKWELL,2023-08-19,2023-08-19,1,34
2023,CND,KNOLL,2023-09-10,2023-09-10,14,34
2023,KRN,DEN,2023-08-28,2023-08-28,14,33
2023,HTF,WOLF CREEK,2023-09-13,2023-09-20,14,32
2023,SHF,SULPHER,2023-08-15,2023-12-31,14,31
2023,SLU,ALMOND,2023-11-13,2023-11-13,2,31
2023,FKU,BRIDGE,2023-07-07,2023-07-07,10,30
2023,SKU,LONG,2023-08-15,2023-08-28,1,29
2023,SHU,DURA,2023-07-12,2023-07-12,2,28
2023,MNP,VALLEY,2023-06-17,2023-06-23,1,28
2023,AEU,CLAY,2023-06-18,2023-06-18,14,28
2023,AEU,JACKSON,2023-07-01,2023-07-02,2,27
2023,NOD,R-1 Spencer Basin,2023-08-17,2023-08-18,1,27
2023,FKU,LONG,2023-07-25,2023-07-27,15,27
2023,FWR,WHIPPLE,2023-06-20,2023-06-20,4,26
2023,ANF,VISTA,2023-07-10,2023-07-11,14,25
2023,FKU,GEORGE,2023-06-08,2023-06-08,10,25
2023,SLU,DIABLO,2023-10-30,2023-10-30,2,25
2023,NEU,FOOTHILLS,2023-08-05,2023-08-05,14,25
2023,KNP,SYCAMORE,2023-10-16,2023-10-20,2,23
2023,FKU,CRANE,2023-06-27,2023-06-27,2,23
2023,SDU,BORDER 34,2023-10-29,2023-10-30,14,23
2023,SNF,COTTON,2023-07-11,2023-07-14,9,23
2023,SQF,LANE,2023-07-04,2023-07-04,14,23
2023,CDD,BREEZE,2023-07-31,2023-08-04,14,22
2023,CDD,MEADOW,2023-09-26,2023-09-27,14,22
2023,SHU,OLIVE,2023-07-29,2023-07-29,2,20
2023,KRN,SCODIE,2023-07-28,2023-07-31,14,20
2023,FKU,RODEO,2023-06-09,2023-06-10,7,20
2023,MDF,RIM,2023-09-19,2023-09-23,14,20
2023,SRF,IRON,2023-08-19,2023-09-02,1,20
2023,CRD,Laguna,2023-04-20,2023-04-22,14,19
2023,BTU,CANA,2023-09-16,2023-09-16,11,19
2023,FKU,STRIKE,2023-08-12,2023-08-13,1,19
2023,SDU,BORDER 13,2023-06-20,2023-06-20,14,17
2023,KRN,TRUCK,2023-06-30,2023-07-01,14,17
2023,KRN,KERN,2023-11-02,2023-11-02,14,16
2023,ANF,DRY,2023-07-12,2023-07-21,14,16
2023,FKU,WINCHELL,2023-07-23,2023-07-23,14,16
2023,NEU,DOOLITTLE,2023-07-31,2023-07-31,14,16
2023,RWP,BRIDGE RIDGE,2023-08-25,2023-10-19,1,16
2023,SLU,RANGE,2023-09-16,2023-09-16,5,16
2023,KRN,GENERAL,2023-08-13,2023-08-13,1,16
2023,CRD,Winterhaven,2023-03-11,2023-03-12,14,15
2023,CND,GOLF,2023-05-26,2023-05-26,14,15
2023,KRN,FIELD,2023-11-10,2023-11-10,14,15
2023,SLU,SHORES,2023-09-01,2023-09-01,2,14
2023,CND,HORN,2023-05-28,2023-05-28,14,14
2023,KRN,LAVENDER ,2023-05-14,2023-05-14,2,14
2023,KRN,EDMONSTON,2023-08-03,2023-08-04,14,14
2023,SKU,ASH,2023-08-16,2023-08-18,1,14
2023,RRU,ALMOND,2023-08-02,2023-08-03,14,14
2023,FKU,PECK,2023-07-14,2023-07-15,10,14
2023,NEU,SICARD,2023-05-30,2023-05-30,11,13
2023,KRN,ROCK,2023-09-27,2023-09-27,14,13
2023,CND,KERTO,2023-05-28,2023-05-28,14,13
2023,BTU,KAISER,2023-06-02,2023-06-02,5,13
2023,BEU,PAICINES,2023-07-13,2023-07-13,10,13
2023,SLU,58 CARRIZO,2023-12-16,2023-12-16,10,13
2023,KRN,HOLLOW,2023-10-18,2023-10-18,14,13
2023,VNC,VILLANOVA,2023-07-05,2023-07-06,14,13
2023,HUU,PECWAN,2023-08-08,2023-08-08,14,12
2023,CDD,BORDER 38,2023-12-05,2023-12-05,14,12
2023,CND,MAJORS,2023-09-25,2023-09-25,14,12
2023,LPF,ROAD,2023-09-15,2023-09-15,14,12
2023,RWP,DEVIL,2023-08-15,2023-10-19,1,12
2023,MDF,SPRING,2023-08-26,2023-08-26,14,12
2023,SDU,WILDCAT 2,2023-06-20,2023-06-21,14,12
2023,SHU,PINE,2023-06-15,2023-06-15,2,11
2023,SHF,CARAWAY,2023-08-28,2023-08-31,1,11
2023,AEU,MISTY,2023-10-14,2023-10-14,2,11
2023,NEU,BREWER,2023-07-11,2023-07-11,14,11
2023,FKU,JUNIPER,2023-07-18,2023-07-19,10,11
2023,BTU,WALL,2023-11-12,2023-11-12,7,11
2023,AEU,PLYMOUTH,2023-11-02,2023-11-02,5,11
2023,TCU,GREY,2023-07-29,2023-07-29,2,11
2023,NEU,SPENCEVILLE,2023-07-26,2023-07-31,2,10
2023,SDU,BORDER 30,2023-10-07,2023-10-07,14,10
2023,KRN,FLAT,2023-09-21,2023-09-21,14,10
2023,CND,MINERAL,2023-06-04,2023-06-04,14,10
2023,BTU,VIRGINIA,2023-06-21,2023-06-21,4,10
2023,KRN,ELK,2023-05-21,2023-05-21,14,9
2023,KRN,SOUTH 2,2023-07-03,2023-07-03,14,9
2023,NEU,TANWOODS,2023-07-16,2023-07-16,14,9
2023,SLU,VALLEY,2023-11-20,2023-11-20,2,9
2023,KRN,CANYON,2023-07-02,2023-07-03,14,9
2023,LNF,L-1 BRANCH FISH,2023-08-15,2023-08-16,14,8
2023,SLU,TOWNSITE,2023-09-10,2023-09-10,10,8
2023,MDF,JANES,2023-05-22,2023-05-23,14,8
2023,KRN,SHERWOOD,2023-10-28,2023-10-28,14,8
2023,SQF,STINE,2023-07-03,2023-07-03,14,8
2023,KRN,CROCKER,2023-10-29,2023-10-29,14,8
2023,RRU,HOMESTEAD,2023-08-23,2023-08-24,14,8
2023,KRN,BLUE BARN ,2023-09-26,2023-09-27,14,7
2023,KRN,WATER,2023-06-27,2023-06-27,14,7
2023,KRN,ROLLING,2023-09-09,2023-09-09,14,7
2023,KRN,TULE,2023-09-09,2023-09-10,14,7
2023,KRN,FRONT,2023-10-07,2023-10-07,14,7
2023,KRN,TOLL,2023-05-22,2023-05-22,14,6
2023,KRN,POND,2023-05-18,2023-05-18,14,6
2023,SLU,SUMMIT,2023-11-10,2023-11-11,14,6
2023,KRN,CORNER,2023-09-27,2023-09-27,14,6
2023,KRN,FAMOSO,2023-06-23,2023-06-23,14,6
2023,KRN,CREEK,2023-10-26,2023-10-26,14,6
2023,SLU,HILL,2023-10-21,2023-10-21,10,6
2023,KRN,TREE,2023-07-04,2023-07-04,14,6
2023,KRN,POST,2023-06-27,2023-06-27,14,5
2023,KRN,ADOBE,2023-05-03,2023-05-03,14,5
2023,KRN,TANK,2023-06-20,2023-06-21,14,5
2023,SKU,WHITWORTH,2023-06-17,2023-06-17,5,5
2023,SHF,MULE,2023-07-02,2023-07-03,14,5
2023,KRN,ELK,2023-06-13,2023-06-13,11,5
2023,SLU,TOPAZ,2023-08-18,2023-08-18,11,5
2023,SRF,MONTE,2023-06-06,2023-06-07,14,5
2023,KRN,BRONZE,2023-10-29,2023-10-29,14,5
2023,SLU,WILLOW,2023-08-16,2023-08-16,10,5
2023,KRN,ANNETTE,2023-10-18,2023-10-18,14,5
2023,KRN,TOWER ,2023-09-22,2023-09-22,14,5
2023,KRN,POSO ,2023-09-22,2023-09-22,14,5
2023,KRN,MID,2023-07-13,2023-07-13,14,4
2023,KRN,POINT,2023-06-04,2023-06-04,2,4
2023,KRN,GROVE,2023-08-14,2023-08-14,14,4
2023,SLU,GREEN,2023-11-10,2023-11-10,14,4
2023,BEU,WILLIAMS,2023-08-13,2023-08-16,9,4
2023,KRN,SKY,2023-10-06,2023-10-06,14,4
2023,KRN,COMANCHE,2023-08-01,2023-08-01,14,4
2023,KRN,SEMI,2023-08-27,2023-08-27,10,4
2023,KRN,BRITE,2023-08-09,2023-08-09,14,3
2023,KRN,BAKER,2023-07-11,2023-07-11,14,3
2023,SDU,COUSER 2,2023-07-18,2023-07-18,14,3
2023,KRN,FANO 2,2023-11-21,2023-11-21,14,3
2023,SLU,ROCK,2023-06-01,2023-06-01,2,3
2023,KRN,LAST,2023-06-24,2023-06-24,14,3
2023,SRR,RIVER,2023-07-04,2023-07-04,9,3
2023,KRN,LAZY,2023-05-10,2023-05-10,14,3
2023,KRN,TULE 2,2023-12-03,2023-12-03,14,3
2023,SLU,PANZA,2023-12-16,2023-12-16,10,3
2023,KRN,LIERLY,2023-10-07,2023-10-07,14,3
2023,KRN,FANO,2023-05-11,2023-05-11,14,3
2023,SHU,RUBY,2023-09-14,2023-09-14,2,2
2023,KRR,CORCORAN,2023-05-30,2023-05-30,10,2
2023,SLU,CREST,2023-08-27,2023-08-27,5,2
2023,KRN,RANCHO,2023-12-04,2023-12-04,14,2
2023,SLU,NEAL,2023-06-16,2023-06-16,2,2
2023,SLU,JARDINE,2023-07-16,2023-07-16,3,2
2023,BEU,VEGA,2023-08-30,2023-08-30,7,1
2023,SLU,MOSS,2023-09-13,2023-09-13,2,1
2023,SLU,GENESEO,2023-09-10,2023-09-10,14,1
2023,SLU,WINEMAN,2023-08-26,2023-08-26,7,1
2023,VNC,TRAIL,2023-07-26,2023-07-27,14,1
2023,RRU,BROADWAY,2023-08-06,2023-08-08,14,1
2023,SLU,BRIDGE,2023-11-12,2023-11-12,4,1
2023,SLU,ESTRELLA,2023-06-10,2023-06-10,3,1
2023,SLU,JARDINE,2023-06-03,2023-06-03,2,1
2023,SLU,FRANKLIN,2023-12-16,2023-12-16,14,1
2023,SLU,CATTLE,2023-08-16,2023-08-16,9,0
2023,SLU,BITTER,2023-08-31,2023-08-31,10,0
2023,MEU,HAZEL,2023-08-29,2023-08-29,15,0
2023,SLU,BEAR,2023-09-26,2023-09-26,4,0
2023,MEU,AIRPORT,2023-10-20,2023-10-20,10,0
2023,SLU,OAK,2023-07-25,2023-07-25,5,0
2023,TUU,PARK,2023-07-03,2023-07-03,10,0
2022,TNF,MOSQUITO,2022-09-07,2022-10-22,9,76771
2022,KNF,MCKINNEY,2022-07-29,2022-11-11,14,60102
2022,SRF,CAMPBELL,2022-08-05,2022-09-09,14,30132
2022,RRU,FAIRVIEW,2022-09-06,2022-09-30,14,28097
2022,MMU,OAK,2022-07-22,2022-08-10,14,18957
2022,SKU,MOUNTAIN,2022-09-02,2022-10-02,14,13440
2022,SRF,AMMON,2022-08-05,2022-09-06,14,11464
2022,YNP,RED,2022-08-04,2022-11-06,1,8432
2022,KNF,YETI,2022-07-30,2022-09-03,14,7886
2022,CRA,LOST LAKE,2022-05-26,2022-06-05,14,5856
2022,MDF,BARNES,2022-09-07,2022-11-01,1,5840
2022,LAC,ROUTE,2022-08-31,2022-09-07,14,5227
2022,YNP,WASHBURN,2022-07-07,2022-09-30,7,4886
2022,AEU,ELECTRA,2022-07-04,2022-07-28,14,4466
2022,MVU,BORDER 32,2022-08-31,2022-09-05,14,4456
2022,BDU,AIRPORT,2022-02-16,2022-02-26,14,4140
2022,SKU,MILL,2022-09-02,2022-09-11,14,3939
2022,YNP,RODGERS,2022-08-08,2022-11-06,1,2839
2022,KRN,THUNDER,2022-06-22,2022-07-03,1,2465
2022,KNP,SUMMIT,2022-08-03,2022-10-19,1,1394
2022,BDF,RADFORD ,2022-09-05,2022-11-09,9,1079
2022,NEU,RICES,2022-06-28,2022-07-13,15,920
2022,ANF,SHEEP,2022-06-12,2022-06-19,14,865
2022,MMU,FORK,2022-09-07,2022-09-13,10,818
2022,BEU,COLORADO,2022-01-21,2022-02-02,5,687
2022,KRN,EDMONSTON,2022-05-19,2022-05-24,14,682
2022,TGU,RANCHO,2022-06-13,2022-06-19,14,589
2022,MVU,BORDER 13,2022-06-13,2022-06-17,7,568
2022,CNF,JIM,2022-03-02,2022-03-27,14,552
2022,SCU,TESLA,2022-06-23,2022-06-23,10,551
2022,KRN,PLANT,2022-06-11,2022-06-14,14,484
2022,JTP,ELK TRAIL,2022-05-26,2022-05-31,7,414
2022,MMU,AGUA,2022-07-18,2022-07-23,10,396
2022,SLU,CAMINO,2022-06-28,2022-07-04,9,386
2022,LNU,OLD,2022-05-31,2022-06-03,14,375
2022,BTU,NELSON,2022-06-30,2022-06-30,14,371
2022,MMU,ROMERO,2022-06-23,2022-06-24,14,344
2022,SQF,WISHON,2022-08-15,2022-08-29,14,317
2022,TGU,BURROWS,2022-06-28,2022-06-29,18,309
2022,SHU,PETER,2022-07-14,2022-07-20,15,303
2022,SKU,COYOTE,2022-09-07,2022-09-08,1,296
2022,SJR,BECKWITH,2022-06-27,2022-07-02,14,274
2022,CND,MESA,2022-07-30,2022-07-31,14,222
2022,KRN,RAIL,2022-08-14,2022-08-17,14,216
2022,ORC,COASTAL,2022-05-05,2022-05-17,11,202
2022,CNF,VALLEY,2022-08-22,2022-09-10,14,188
2022,SJR,CA-WSF-22000274 GRAYSON,2022-04-10,2022-04-10,4,182
2022,MVU,CASNER,2022-09-27,2022-09-29,2,178
2022,LNF,GRAHAM,2022-06-10,2022-06-17,14,177
2022,SCU,FLYNN,2022-07-19,2022-07-19,10,173
2022,NEU,PORTER,2022-07-09,2022-07-12,2,166
2022,TGU,FORWARD,2022-09-09,2022-09-22,10,159
2022,FKU,HOUSE,2022-05-11,2022-05-15,2,159
2022,ORC,EMERALD,2022-02-10,2022-02-19,14,154
2022,KNF,ALEX,2022-07-31,2022-08-03,14,150
2022,ANF,EAST,2022-08-25,2022-09-11,14,147
2022,BEU,GARRISON,2022-07-03,2022-07-05,11,147
2022,TGU,TULARE,2022-07-25,2022-07-25,10,134
2022,FKU,POWER,2022-09-06,2022-09-06,10,133
2022,SCU,FLYNN,2022-05-15,2022-05-15,14,131
2022,LMU,DONICA,2022-07-16,2022-07-18,10,129
2022,TUU,MARMOT,2022-08-02,2022-08-08,14,126
2022,LAC,SAM,2022-08-10,2022-08-11,14,125
2022,SBC,HOLLISTER,2022-03-12,2022-03-17,7,123
2022,MEU,WALKER,2022-09-01,2022-09-16,10,123
2022,SCU,SCENIC,2022-06-23,2022-06-23,10,120
2022,SKU,GULCH,2022-03-12,2022-03-14,14,113
2022,ANF,GULCH,2022-08-29,2022-09-11,14,113
2022,MRN,REDWOOD,2022-06-27,2022-06-27,10,106
2022,BEU,ANZAR,2022-07-21,2022-07-27,11,101
2022,SJR,RIVER,2022-10-25,2022-10-25,4,98
2022,MVU,BORDER 27,2022-07-17,2022-07-18,14,98
2022,BDU,HESPERIA,2022-06-06,2022-06-09,2,96
2022,KRN,RANGE,2022-06-03,2022-06-03,14,93
2022,SCU,HIGHLAND,2022-05-23,2022-05-23,9,91
2022,BEU,BENITO,2022-09-14,2022-09-15,14,89
2022,BDF,BRONCO,2022-08-17,2022-08-22,9,89
2022,SHU,FLANAGAN,2022-03-04,2022-03-04,5,88
2022,SCU,KIRKER,2022-06-24,2022-06-24,10,84
2022,KNF,KELSEY,2022-07-31,2022-08-24,14,84
2022,NEU,WINDING,2022-07-18,2022-07-29,11,81
2022,BEU,KING,2022-05-25,2022-05-26,7,79
2022,LPF,HOWARD 2,2022-10-08,2022-10-10,9,74
2022,AEU,GRANT,2022-07-14,2022-07-14,7,73
2022,NEU,BRANDIE,2022-06-11,2022-06-19,2,71
2022,NOD,R-1 PIT,2022-07-31,2022-08-01,1,67
2022,TGU,RAINBOW,2022-07-16,2022-07-23,7,66
2022,BTU,NINETY-NINE,2022-06-22,2022-06-22,14,65
2022,SCU,PASS,2022-05-18,2022-05-18,10,65
2022,TCU,SLATE 2,2022-07-21,2022-07-21,6,63
2022,LNU,ROBLAR,2022-06-27,2022-06-27,2,63
2022,SKU,MEAMBER,2022-07-31,2022-08-01,1,62
2022,KRN,RANCH,2022-09-04,2022-09-05,14,62
2022,LAC,QUAIL,2022-08-17,2022-08-18,14,60
2022,BTU,NELSON,2022-10-05,2022-10-05,2,60
2022,SPR,POINT,2022-07-27,2022-07-27,10,58
2022,SCU,EDEN,2022-08-15,2022-08-15,10,58
2022,SLU,WINEMAN,2022-06-19,2022-06-19,7,56
2022,BTU,PARK,2022-07-09,2022-07-09,14,56
2022,NEU,SHERIDAN,2022-06-24,2022-06-25,10,55
2022,FKU,PEBBLE,2022-07-31,2022-08-03,15,54
2022,FKU,TABLE,2022-07-01,2022-07-04,14,51
2022,SLU,BULL,2022-05-24,2022-05-25,2,50
2022,KRN,COMANCHE,2022-04-27,2022-04-27,14,50
2022,SCU,CANYON,2022-06-23,2022-06-23,9,50
2022,SCU,FRANKLIN,2022-09-05,2022-09-05,10,50
2022,NEU,OWL,2022-08-20,2022-08-31,10,49
2022,SLU,EAGLE,2022-06-06,2022-06-06,14,49
2022,BDU,PLEASANT,2022-10-23,2022-10-24,10,49
2022,MVU,BARRETT 4,2022-06-12,2022-06-16,7,49
2022,ANF,BOUQUET,2022-05-30,2022-06-05,14,48
2022,MDF,MCGINTY,2022-08-04,2022-08-07,1,48
2022,MVU,CAESAR,2022-09-05,2022-09-05,10,47
2022,BEU,BETABEL ,2022-06-14,2022-06-14,10,47
2022,NEU,STILL,2022-08-27,2022-09-03,2,43
2022,MEU,BELL,2022-07-17,2022-07-19,2,42
2022,NEU,WATT,2022-10-15,2022-10-21,11,42
2022,NEU,APPLE,2022-07-27,2022-08-02,11,41
2022,SCU,BARRY,2022-09-06,2022-09-06,9,40
2022,NEU,BLOOMFIELD,2022-03-02,2022-03-02,18,39
2022,SCU,PASS,2022-07-29,2022-07-29,14,38
2022,NEU,AIRPORT,2022-07-30,2022-07-30,14,38
2022,BEU,BIANCHI,2022-06-10,2022-06-10,2,38
2022,NEU,RIOSA,2022-07-17,2022-07-17,3,37
2022,FKU,LOPER,2022-05-15,2022-05-16,14,36
2022,MDF,WILLOW,2022-08-04,2022-08-07,1,35
2022,BTU,SANDRA,2022-06-30,2022-06-30,2,34
2022,MEU,OWENS,2022-05-20,2022-05-20,9,34
2022,SHU,BRANSTETTER,2022-08-31,2022-08-31,4,33
2022,KNF,SMOKEY,2022-08-04,2022-08-09,14,33
2022,BTU,NELSON,2022-09-10,2022-09-10,14,33
2022,KRN,KERTO,2022-06-10,2022-06-11,14,31
2022,LPF,NAVAJO,2022-05-08,2022-05-18,9,31
2022,SHF,BARNEY,2022-03-11,2022-04-14,9,31
2022,SKU,SHACKLEFORD,2022-07-30,2022-07-31,1,30
2022,BTU,JAN-DAR,2022-07-04,2022-07-04,14,30
2022,NEU,BAYBERRY,2022-07-08,2022-07-18,7,30
2022,CND,ALPAUGH 2,2022-05-12,2022-05-13,14,30
2022,SKU,97,2022-09-27,2022-09-29,14,30
2022,BTU,DENIZ,2022-05-24,2022-05-24,14,29
2022,MDF,CASUSE ,2022-07-03,2022-07-04,14,29
2022,MVU,SANDIA,2022-09-04,2022-09-05,10,29
2022,MVU,JEWEL,2022-05-14,2022-05-15,2,29
2022,AEU,NELDA,2022-06-06,2022-06-06,14,28
2022,MVU,BORDER 15,2022-06-20,2022-06-21,14,28
2022,KNP,AVALANCHE,2022-07-18,2022-11-10,1,28
2022,CZU,TOWER,2022-06-03,2022-06-03,7,28
2022,SCU,WILLOW,2022-05-20,2022-05-20,2,28
2022,HUU,MCCOVEY,2022-08-29,2022-09-04,14,28
2022,NEU,GARDEN BAR,2022-09-17,2022-09-19,7,28
2022,BDU,HIGHWAY,2022-07-29,2022-07-31,7,28
2022,BTU,VALE,2022-10-08,2022-10-08,2,27
2022,MCR,SANDY,2022-09-09,2022-09-09,10,27
2022,BDF,MANZANITA,2022-09-23,2022-09-30,9,26
2022,MVU,HARBISON 2,2022-07-12,2022-07-13,2,26
2022,NEU,DUTCH,2022-09-13,2022-09-19,14,26
2022,AEU,LATROBE,2022-05-31,2022-05-31,2,26
2022,BDF,CACTUS ,2022-04-30,2022-05-08,9,26
2022,HUU,RANCH,2022-08-29,2022-09-04,14,26
2022,YNP,ASPEN,2022-09-04,2022-09-30,7,25
2022,MVU,HAUSER,2022-09-17,2022-09-18,14,25
2022,KRN,SYCAMORE,2022-07-22,2022-07-22,14,25
2022,SLU,TEFT,2022-07-15,2022-07-17,10,25
2022,MVU,BORDER 16,2022-06-21,2022-06-22,7,25
2022,LUR,WOLFSEN,2022-07-08,2022-07-08,10,25
2022,FYA,ALL AMERICAN,2022-07-05,2022-07-09,14,25
2022,SKU,SLOUGH,2022-07-21,2022-07-21,14,24
2022,YNP,SNOW,2022-06-17,2022-07-02,4,24
2022,NEU,OAK,2022-08-15,2022-09-15,10,24
2022,TCU,WOODS,2022-09-01,2022-09-03,14,22
2022,NOD,MORGAN,2022-07-12,2022-07-12,14,22
2022,NEU,SPENCEVILLE,2022-07-27,2022-07-31,9,21
2022,KRN,TULE,2022-07-06,2022-07-06,14,21
2022,KRN,JACK,2022-06-23,2022-06-25,1,21
2022,HUU,SYLVANDALE,2022-10-20,2022-10-20,14,21
2022,SWR,SIXTY,2022-07-30,2022-07-30,18,21
2022,AEU,POWER,2022-10-23,2022-10-26,11,21
2022,FKU,COBBLE,2022-04-26,2022-04-26,2,20
2022,CZU,EDGEWOOD,2022-06-21,2022-06-22,11,20
2022,TNF,GOLDEN,2022-05-20,2022-05-31,9,19
2022,KRN,GRAPE,2022-06-10,2022-06-11,14,19
2022,KNF,ELIZA,2022-09-09,2022-09-16,14,19
2022,SCU,CAMINO,2022-08-03,2022-08-03,14,19
2022,NEU,MIRABELLE,2022-06-27,2022-06-28,15,18
2022,MVU,LONESTAR,2022-07-13,2022-07-13,14,18
2022,LNU,ALPINE,2022-03-01,2022-03-01,7,18
2022,BTU,EVITA,2022-05-18,2022-05-18,14,17
2022,SLU,CANYON,2022-06-17,2022-06-17,7,17
2022,HUU,CANYON,2022-09-04,2022-09-05,14,17
2022,NEU,NISEMAN,2022-06-18,2022-06-21,2,17
2022,MVU,BORDER 19,2022-06-24,2022-06-26,7,16
2022,BTU,PINECREST,2022-06-23,2022-06-23,2,16
2022,AEU,COAL,2022-08-07,2022-08-07,7,16
2022,MEU,NOME,2022-07-05,2022-07-05,9,16
2022,MEU,MEADOW,2022-07-19,2022-07-19,2,16
2022,SLU,LOPEZ,2022-06-06,2022-06-10,9,16
2022,SCU,CANYON,2022-06-13,2022-06-13,9,16
2022,SLU,ROSA,2022-09-06,2022-09-06,9,16
2022,NEU,NADER,2022-09-17,2022-09-19,10,16
2022,KRN,BEAR,2022-06-01,2022-06-02,10,15
2022,BTU,BIGGS,2022-08-04,2022-08-04,2,15
2022,ENF,PAYMASTER,2022-03-08,2022-03-11,9,15
2022,SLU,SUEY,2022-05-22,2022-05-24,2,15
2022,CZU,PIGEON,2022-09-26,2022-09-26,9,14
2022,MVU,BORDER 31,2022-08-19,2022-08-20,14,14
2022,SCU,DEER,2022-07-18,2022-07-18,7,14
2022,BTU,OREGON,2022-06-13,2022-06-13,7,14
2022,ANF,CHERRY,2022-06-13,2022-06-14,14,14
2022,BEU,AIRLINE,2022-09-01,2022-09-01,10,13
2022,KRN,CENTER,2022-04-26,2022-04-26,14,13
2022,BTU,WALL,2022-11-07,2022-11-07,2,13
2022,KRN,EDISON,2022-09-25,2022-09-25,14,13
2022,KNF,GEORGE,2022-08-11,2022-08-24,14,13
2022,SCU,MIDWAY,2022-06-21,2022-06-21,10,13
2022,NEU,HILL,2022-09-06,2022-09-15,5,13
2022,FKU,HOPE,2022-06-07,2022-06-09,2,13
2022,SHF,TEXAS,2022-09-09,2022-09-10,14,12
2022,SKU,EVERGREEN,2022-03-12,2022-03-12,14,12
2022,NEU,BUTTERFIELD,2022-07-07,2022-07-13,14,12
2022,SHU,HOBBY,2022-10-06,2022-10-06,14,12
2022,TNF,PLUM,2022-08-11,2022-08-22,9,12
2022,SCU,BRUNS,2022-05-24,2022-05-24,2,12
2022,FKU,ALTA,2022-08-25,2022-08-25,14,11
2022,NEU,RUN,2022-10-29,2022-11-02,2,11
2022,SRF,BIG BAR,2022-10-12,2022-10-23,14,11
2022,BDU,FAIRVIEW,2022-07-08,2022-07-10,11,11
2022,LMU,3-8 DIXON,2022-08-08,2022-08-09,1,11
2022,NOD,DUNE,2022-06-16,2022-06-18,7,11
2022,BDF,WAGON TRAIN,2022-05-22,2022-05-26,9,10
2022,LAC,LOBO,2022-09-24,2022-09-25,14,10
2022,NOD,VIEWLAND,2022-07-22,2022-07-22,14,10
2022,SKU,RIDGE,2022-06-25,2022-07-08,14,10
2022,ANF,SIERRA,2022-06-15,2022-06-16,14,10
2022,BDF,CASTILE,2022-05-10,2022-05-11,9,9
2022,BTU,RAIL,2022-05-08,2022-05-08,9,9
2022,NEU,BEAR,2022-07-28,2022-07-30,2,9
2022,BTU,CANFIELD,2022-06-23,2022-06-23,14,9
2022,SKU,WHITLOW,2022-03-25,2022-03-26,14,9
2022,TNR,WILLOW 9,2022-11-16,2022-11-17,15,8
2022,KRN,RIVER,2022-06-17,2022-06-17,14,8
2022,MVU,BORDER 21,2022-07-03,2022-07-03,14,8
2022,LAC,HUGHES,2022-08-06,2022-08-06,10,7
2022,KRN,BEALE,2022-06-30,2022-07-01,14,7
2022,NEU,PROVENZA,2022-11-13,2022-11-16,5,7
2022,LAC,BARREL,2022-06-29,2022-06-30,9,7
2022,MVU,BORDER 22,2022-07-08,2022-07-08,7,7
2022,KRN,CURVE,2022-08-03,2022-08-03,14,7
2022,LMU,SPLAWN,2022-10-19,2022-10-19,14,7
2022,KRN,ROW,2022-07-05,2022-07-05,14,7
2022,LAC,PYRAMID,2022-10-21,2022-10-22,10,6
2022,KRN,SCRAPER,2022-09-15,2022-09-15,14,6
2022,BTU,HURLETON,2022-08-09,2022-08-09,14,6
2022,SLU,WINDWOOD,2022-07-29,2022-07-29,10,6
2022,KRN,JUMPER,2022-05-28,2022-05-28,14,5
2022,BTU,NELSON,2022-07-18,2022-07-18,14,5
2022,VNC,LYNN,2022-11-17,2022-11-17,14,5
2022,KRN,OAKS,2022-06-29,2022-06-29,14,5
2022,SKU,SCARFACE,2022-06-10,2022-06-12,14,5
2022,BEU,AGUAJITO,2022-10-02,2022-10-03,11,5
2022,KRN,PASS,2022-07-28,2022-07-28,14,5
2022,LAC,RIDGE,2022-08-18,2022-08-19,14,4
2022,MVU,BORDER 10,2022-05-15,2022-05-15,4,4
2022,KRN,WATER,2022-05-26,2022-05-26,14,4
2022,MVU,BORDER 26,2022-07-17,2022-07-17,7,4
2022,KRN,PURPLE,2022-08-04,2022-08-04,14,4
2022,MVU,MESA 4,2022-05-07,2022-05-07,9,4
2022,LAC,SYCAMORE,2022-02-10,2022-02-11,14,3
2022,CND,CHIMNEY,2022-10-09,2022-10-10,14,3
2022,KRN,FREEWAY,2022-05-19,2022-05-19,14,3
2022,SLU,TOPAZ,2022-06-10,2022-06-10,9,3
2022,SKU,EMPIRE,2022-08-01,2022-08-02,1,3
2022,KRN,SAND,2022-06-08,2022-06-09,14,2
2022,MVU,BORDER 18,2022-06-24,2022-06-24,14,2
2022,NOD,R-3 VINCENT,2022-09-14,2022-09-14,1,2
2022,RRU,ROBERT,2022-07-09,2022-07-09,14,2
2022,LAC,CANYON,2022-04-06,2022-04-06,9,2
2022,KRN,LOST HILLS,2022-07-05,2022-07-05,2,2
2022,LAC,CUT OFF,2022-07-10,2022-07-10,14,2
2022,KRN,BEAR,2022-04-17,2022-04-18,10,2
2022,ANF,OAKWILDE,2022-10-01,2022-10-02,10,2
2022,LAC,TIERRA,2022-08-17,2022-08-17,14,2
2022,KRN,GENERAL,2022-06-25,2022-06-26,14,1
2022,KRN,VINE,2022-07-15,2022-07-15,14,1
2022,SLU,ESTRELLA,2022-03-23,2022-03-23,11,1
2022,SKU,WILDERNESS,2022-03-07,2022-03-07,5,1
2022,KRN,ROBERTS,2022-04-12,2022-04-12,14,1
2022,LAC,MUNZ,2022-09-13,2022-09-14,14,1
2022,VNC,ANA,2022-08-25,2022-08-25,14,1
2022,TNR,FURY,2022-09-08,2022-09-08,14,1
2022,KRN,KING,2022-08-17,2022-08-17,14,1
2022,KRN,HART,2022-06-24,2022-06-24,14,1
2022,VNC,CHAMBERS,2022-03-16,2022-03-17,14,1
2022,KRN,FORT,2022-07-16,2022-07-16,10,1
2022,VNC,MOON,2022-08-14,2022-08-14,14,1
2022,SLU,MARIA,2022-06-21,2022-06-21,9,1
2022,TNR,WILLOW 8,2022-10-20,2022-10-20,14,1
2022,KRN,CUMMINGS,2022-09-21,2022-09-21,14,1
2022,KRN,UPLAND,2022-06-06,2022-06-06,14,1
2022,SLU,WILSON,2022-04-28,2022-04-28,5,1
2022,KRN,LERDO,2022-06-12,2022-06-12,14,1
2022,MVU,FELIPE,2022-04-23,2022-04-23,5,1
2022,LAC,CHESEBORO,2022-09-07,2022-09-08,14,1
2022,KRN,BROOME,2022-05-31,2022-05-31,10,1
2022,LNU,ESTATES,2022-07-17,2022-07-17,16,0
2022,DBR,FIVE,2022-03-23,2022-03-23,14,0
2022,SLU,PRICE,2022-01-01,2022-01-01,4,0
2021,BTU,DIXIE,2021-07-14,2021-10-25,11,963405
2021,SHF,MONUMENT,2021-07-31,2021-11-03,1,223107
2021,ENF,CALDOR,2021-08-15,2021-11-18,14,221786
2021,KNF,RIVER COMPLEX,2021-07-31,2021-10-25,1,199354
2021,KNF,ANTELOPE,2021-08-01,2022-01-03,1,145631
2021,SHF,MCFARLAND,2021-07-30,2021-10-26,1,122447
2021,PNF,SUGAR,2021-07-02,2021-10-28,14,105003
2021,TIA,WINDY,2021-09-10,2021-11-11,1,97528
2021,SRF,MCCASH,2021-08-01,2021-10-27,1,94970
2021,KNP,KNP Complex,2021-09-10,2021-12-16,1,88257
2021,HTF,TAMARACK,2021-07-04,2021-10-26,1,67054
2021,CND,FRENCH,2021-08-18,2021-10-19,14,26535
2021,SHF,LAVA,2021-06-25,2021-10-26,1,26328
2021,LPF,ALISAL,2021-10-11,2021-12-01,1,16953
2021,SHF,SALT,2021-06-30,2021-10-26,2,12599
2021,KNF,TENNANT,2021-06-28,2022-01-03,14,10591
2021,MMU,RIVER,2021-07-11,2021-07-19,14,9655
2021,SQF,WALKERS,2021-08-15,2021-12-08,1,8778
2021,SHU,FAWN,2021-09-22,2021-09-29,7,8576
2021,MVU,SOUTHERN,2021-05-02,2022-05-06,2,5365
2021,INF,DEXTER,2021-07-12,2021-11-01,1,2967
2021,LPF,WILLOW,2021-06-17,2021-07-12,9,2877
2021,NEU,RIVER,2021-08-04,2021-08-13,14,2618
2021,MNP,MOJAVE,2021-06-17,2021-06-25,1,2490
2021,SRF,KNOB,2021-08-29,2021-10-20,14,2421
2021,YNP,TILTILL,2021-07-31,2021-08-15,1,2348
2021,CND,PEAK,2021-07-20,2021-07-31,14,2096
2021,KRN,SHELL,2021-06-27,2021-07-02,14,1828
2021,CNF,CHAPARRAL,2021-08-28,2021-09-09,9,1427
2021,CDD,OWENS,2021-05-01,2021-05-01,9,1390
2021,TIA,NETTLE ,2021-06-18,2021-07-16,14,1265
2021,LAC,PALISADES,2021-05-15,2021-05-21,14,1202
2021,HTF,EAST FORK,2021-07-01,2021-07-11,1,1135
2021,BEU,SARGENT,2021-05-30,2021-05-31,5,1117
2021,MCP,SIERRA,2021-06-09,2021-06-11,14,968
2021,NEU,INTANKO,2021-06-08,2021-06-16,14,938
2021,YNP,LUKENS,2021-07-01,2021-08-19,1,918
2021,MDF,JUNIPER,2021-07-05,2021-07-21,1,882
2021,SKU,REFUGE,2021-03-27,2021-03-29,18,873
2021,LAC,TUMBLEWEED,2021-07-04,2021-07-08,14,856
2021,LAD,WILLOW VALLEY,2021-08-12,2021-08-31,1,823
2021,BDU,SOUTH,2021-08-25,2021-09-02,14,810
2021,SHU,COW,2021-06-20,2021-06-26,2,761
2021,RRU,BONITA,2021-01-15,2021-03-10,14,681
2021,KRN,WOLF,2021-01-19,2021-01-20,14,674
2021,TCU,AIROLA,2021-08-25,2021-08-26,14,644
2021,INF,INYO CREEK,2021-06-19,2021-07-06,1,601
2021,BDU,ALABAMA,2021-06-18,2021-06-21,1,566
2021,MVU,OVERLAND,2021-06-19,2021-06-24,4,559
2021,LAC,NORTH,2021-04-28,2021-04-30,14,552
2021,BTU,GUNNISON,2021-05-08,2021-05-12,2,548
2021,PNF,DOTTA,2021-06-30,2021-07-22,14,531
2021,TCU,MILE,2021-05-27,2021-05-28,7,507
2021,MNP,POND,2021-08-30,2021-09-04,1,490
2021,ANF,ROUTE,2021-09-11,2021-09-16,4,455
2021,LAC,PINE,2021-05-12,2021-05-14,14,441
2021,MVU,YSABEL 2,2021-07-03,2021-07-06,14,428
2021,TUU,SUCCESS 2,2021-06-18,2021-06-21,1,423
2021,NEU,BRIDGE,2021-09-05,2021-09-16,14,415
2021,TUU,MAIN,2021-07-03,2021-07-04,14,378
2021,STF,ABERNATHY,2021-01-19,2021-01-26,11,373
2021,VNC,HUNGRY,2021-07-31,2021-08-02,10,365
2021,SHF,BRADLEY,2021-07-11,2021-10-25,9,356
2021,BDF,FLATS,2021-06-13,2021-06-29,9,342
2021,RRU,ROCK,2021-08-24,2021-08-27,7,318
2021,SNF,BLUE,2021-06-29,2021-07-03,14,291
2021,MVU,MESA 3,2021-06-23,2021-06-27,14,277
2021,BDU,CALVERT,2021-03-01,2021-03-01,18,257
2021,MEU,HOPKINS,2021-09-12,2021-09-19,7,253
2021,BDU,FARMINGTON,2021-06-09,2021-06-11,14,248
2021,YNP,COUNTY LINE,2021-07-01,2021-08-15,1,224
2021,ANF,EMIGRANT,2021-09-17,2021-09-27,2,221
2021,SWR,68,2021-08-18,2021-08-18,9,219
2021,CDD,DESERT,2021-06-09,2021-06-17,9,216
2021,KRN,CANYON,2021-06-26,2021-06-27,14,216
2021,SHF,SYD,2021-08-19,2021-11-09,9,204
2021,NEU,BEALE,2021-06-13,2021-06-19,11,201
2021,MEU,TURNOUT,2021-04-18,2021-04-25,18,191
2021,VNC,CASITAS,2021-06-14,2021-06-15,14,188
2021,NEU,GLEN,2021-08-11,2021-08-11,10,184
2021,LAC,TOWSLEY,2021-01-19,2021-01-22,14,183
2021,PLR,TURKEY,2021-06-10,2021-06-11,14,171
2021,BEU,PINNACLES,2021-07-28,2021-07-30,9,170
2021,CZU,BUTANO,2021-01-19,2021-01-21,1,169
2021,MDF,GRAVEL,2021-10-15,2021-10-17,9,169
2021,SRR,DAIRY,2021-06-15,2021-06-23,18,161
2021,TCU,CAMPO,2021-04-29,2021-05-04,5,159
2021,BEU,PANOCHE,2021-06-23,2021-06-23,10,146
2021,STR,SUTTER,2021-09-27,2021-09-27,2,141
2021,LNU,NEWELL,2021-10-11,2021-10-11,10,137
2021,TCU,WASHINGTON,2021-08-26,2021-08-31,14,135
2021,LMU,4-3 PUMA,2021-06-24,2021-06-25,1,132
2021,MDF,COYOTE,2021-07-09,2021-07-19,2,132
2021,SCU,DIABLO,2021-07-11,2021-07-11,14,127
2021,CZU,ESTRADA,2021-10-15,2021-10-16,18,124
2021,SQF,MOUNTAIN,2021-06-18,2021-06-19,1,124
2021,CDD,MINERAL,2021-11-26,2021-11-29,14,122
2021,SKU,BESWICK,2021-06-28,2021-07-03,14,118
2021,NOD,CHICKEN,2021-07-18,2021-07-20,2,117
2021,MDF,ANTELOPE,2021-06-22,2021-06-29,1,111
2021,SHU,ROCK,2021-06-15,2021-06-19,2,107
2021,CDD,YUHA,2021-02-20,2021-03-04,14,106
2021,KNP,LOST,2021-07-10,2021-07-18,1,100
2021,FKU,KETTLE,2021-10-11,2021-10-11,14,92
2021,RRU,WESTWARD,2021-08-25,2021-08-26,14,88
2021,CDD,GRAPEVINE,2021-03-14,2021-03-20,5,86
2021,INF,ONION,2021-04-08,2021-04-12,14,85
2021,CDD,POLELINE,2021-07-05,2021-07-05,14,83
2021,CNF,ROAD,2021-07-10,2021-07-18,2,83
2021,SCU,KIRKER,2021-07-04,2021-07-04,10,83
2021,CDD,SCENIC,2021-06-25,2021-06-28,14,80
2021,LNF,SKY,2021-06-27,2021-07-29,14,79
2021,PNF,LONE ROCK,2021-08-06,2021-08-10,14,78
2021,SHU,MAXWELL,2021-10-05,2021-10-10,7,76
2021,LFD,RIVER,2021-09-12,2021-09-13,10,70
2021,TUU,BUZZARD,2021-05-11,2021-05-11,2,70
2021,MEU,BROILER,2021-07-07,2021-07-08,2,69
2021,SBC,CABALLO,2021-09-06,2021-09-07,2,69
2021,BDF,ROADSIDE,2021-08-28,2021-09-09,2,66
2021,AEU,GOOSE,2021-06-13,2021-06-13,2,65
2021,FKU,FISH,2021-07-04,2021-07-06,3,65
2021,SLU,TOBIN,2021-07-31,2021-07-31,10,64
2021,NOD,R-1 RYE,2021-07-01,2021-07-01,1,64
2021,LNU,TULLEY,2021-04-28,2021-04-30,5,62
2021,ANF,SPRINGS,2021-04-05,2021-04-12,14,62
2021,BDF,RAILROAD,2021-08-29,2021-09-05,9,61
2021,LAC,LIMA,2021-07-06,2021-07-06,14,61
2021,LFD,BROADWAY,2021-05-08,2021-05-08,14,60
2021,FKU,GOLD,2021-06-09,2021-06-10,14,60
2021,SHU,HOUSE,2021-08-04,2021-08-09,3,59
2021,YNP,HOOVER,2021-07-19,2021-07-24,1,58
2021,LNU,SKY,2021-04-29,2021-04-29,5,58
2021,SJR,RIVER,2021-06-14,2021-06-14,4,57
2021,BEA,BEALE2,2021-10-12,2021-10-12,11,55
2021,LNU,LOPEZ,2021-05-08,2021-05-11,2,55
2021,NEU,FIDDYMENT,2021-05-23,2021-05-23,14,55
2021,MVU,ARUBA,2021-09-05,2021-09-09,14,54
2021,NEU,FRENCHTOWN,2021-07-20,2021-07-22,10,54
2021,PNF,HARTMAN,2021-06-29,2021-07-14,14,53
2021,MVU,CLEVENGER,2021-06-20,2021-06-21,14,53
2021,MDF,GULCH,2021-08-12,2021-08-13,1,52
2021,SHU,PINE,2021-06-23,2021-06-23,2,50
2021,SHF,HAMBONE,2021-08-06,2021-08-23,1,50
2021,NEU,BENNETT,2021-08-25,2021-09-03,14,50
2021,ANF,ANTONIO,2021-08-03,2021-08-04,2,49
2021,CDD,OLD WOMAN,2021-06-17,2021-06-27,1,47
2021,KRN,CRANE,2021-06-18,2021-06-20,14,46
2021,AEU,LAWRENCE,2021-09-05,2021-09-05,14,45
2021,BDU,ABERDEEN,2021-10-05,2021-10-08,14,45
2021,AEU,SETTLERS,2021-05-19,2021-05-19,2,45
2021,KNF,ELK,2021-04-04,2021-04-13,14,45
2021,TGU,CANNON,2021-07-14,2021-07-14,7,43
2021,RRU,COYOTE,2021-06-02,2021-06-06,9,42
2021,LFD,STAR BEND,2021-10-05,2021-10-05,14,41
2021,SHU,HIDING,2021-08-01,2021-08-02,2,41
2021,TGU,FORK,2021-07-17,2021-07-17,9,40
2021,CDD,HIGHLINE,2021-04-18,2021-04-24,9,40
2021,SLU,FRANKLIN,2021-09-10,2021-09-10,5,40
2021,NEU,WATT,2021-06-21,2021-06-23,14,39
2021,SCU,PIERCY,2021-06-14,2021-06-14,14,39
2021,HTF,PAN,2021-07-03,2021-07-09,1,38
2021,CDD,FLATS,2021-09-05,2021-09-05,2,38
2021,SCU,PASEO,2021-06-25,2021-06-25,2,37
2021,MVU,MARRON 4,2021-07-11,2021-07-15,10,37
2021,INF,GLACIER NORTH,2021-07-15,2021-08-20,1,37
2021,SBC,BALLARD,2021-06-08,2021-06-09,5,37
2021,SBC,ONE,2021-06-21,2021-06-22,5,37
2021,STF,HENRY,2021-06-25,2021-08-18,1,36
2021,CND,YANKEE,2021-06-15,2021-06-16,10,35
2021,AEU,BLACKSTONE,2021-06-21,2021-06-21,9,34
2021,ENF,COLD,2021-01-19,2021-01-20,5,34
2021,CZU,FREEDOM,2021-01-19,2021-01-22,11,33
2021,MVU,QUEEN,2021-08-01,2021-08-09,2,32
2021,RRU,CREEK,2021-05-04,2021-05-04,14,31
2021,CDD,WILLOW,2021-04-17,2021-04-29,14,31
2021,AEU,SALMON,2021-05-01,2021-05-01,14,31
2021,VNC,VICTORIA,2021-12-11,2021-12-12,14,31
2021,SQF,DRY,2021-05-09,2021-05-14,14,31
2021,LNU,GIBSON,2021-07-20,2021-07-22,7,29
2021,KRN,OAK,2021-06-30,2021-07-03,14,29
2021,FKU,MARLAR,2021-08-15,2021-08-18,10,29
2021,BEU,JOLON,2021-07-25,2021-07-25,2,28
2021,MVU,MARRON 6,2021-08-30,2021-09-04,5,28
2021,VNC,ERBES,2021-01-14,2021-01-15,14,27
2021,MVU,PASO,2021-04-12,2021-04-13,18,26
2021,CDD,BACKUS,2021-04-18,2021-04-19,14,26
2021,VNC,COUNTRY,2021-04-29,2021-04-30,8,26
2021,BDF,PEAK,2021-06-28,2021-06-29,9,26
2021,KRN,WOLVES,2021-04-22,2021-04-22,18,26
2021,STF,HOBART,2021-08-09,2021-08-18,9,25
2021,CDD,OLD WOMAN 2,2021-06-20,2021-06-20,1,25
2021,LPF,GIBRALTAR,2021-05-22,2021-05-27,14,25
2021,NEU,QUAIL,2021-05-12,2021-05-12,9,25
2021,HUU,MOUNTAIN,2021-07-23,2021-07-23,7,25
2021,LNU,MIDDLE,2021-08-13,2021-08-13,11,25
2021,BDF,COLDWATER,2021-08-10,2021-08-11,9,25
2021,FKU,TIVY,2021-09-07,2022-09-07,2,25
2021,FKU,BAKER,2021-05-27,2021-05-30,7,24
2021,SHU,WOODMAN,2021-04-01,2021-04-01,5,24
2021,INF,PINE,2021-07-07,2021-07-10,14,24
2021,LFD,DANTONI,2021-09-11,2021-09-12,14,24
2021,SLU,GROVE,2021-07-28,2021-07-28,10,24
2021,FKU,SLOPE,2021-05-31,2021-06-03,11,23
2021,MVU,BORDER 13,2021-07-15,2021-07-16,11,23
2021,SHU,CREEKSIDE,2021-07-12,2021-07-13,9,23
2021,MEU,KIRK,2021-06-21,2021-06-22,9,23
2021,VNC,WESTWOOD,2021-04-04,2021-04-04,14,22
2021,MMU,MANZANITA,2021-01-19,2021-01-19,5,22
2021,ENF,SUMMIT,2021-07-20,2021-10-26,1,22
2021,LKR,POINT,2021-08-20,2021-08-20,2,22
2021,MDF,FLAT,2021-02-24,2021-02-25,14,21
2021,CZU,CHINA,2021-01-19,2021-01-21,9,21
2021,SKU,MEISS,2021-04-05,2021-04-05,5,21
2021,NEU,SPENCEVILLE,2021-05-31,2021-06-04,14,21
2021,SCU,STUHR,2021-06-05,2021-06-05,9,21
2021,ORC,NIGUEL,2021-10-03,2021-10-03,14,21
2021,TCU,LINE,2021-03-28,2021-03-28,5,21
2021,TNR,MIGUEL 3,2021-01-07,2021-01-07,14,21
2021,SHF,LAKIN,2021-08-06,2021-08-23,1,20
2021,ENF,UNION,2021-01-19,2021-01-20,14,20
2021,CZU,BONNY COMPLEX,2021-01-19,2021-01-22,9,20
2021,LNU,MOODY,2021-05-16,2021-05-17,9,20
2021,LAC,GOLDEN,2021-08-07,2021-08-07,10,19
2021,CZU,PANTHER RIDGE,2021-01-19,2021-01-22,11,19
2021,MDF,FAIRCHILD,2021-06-23,2021-06-26,1,19
2021,CND,HANDLINE,2021-05-18,2021-05-19,14,19
2021,HUU,MOUNTAIN,2021-09-25,2021-09-25,10,19
2021,MVU,BORDER 2,2021-01-13,2021-01-21,5,18
2021,AEU,BELL,2021-05-20,2021-05-20,2,18
2021,KRN,CALIENTE,2021-07-12,2021-07-12,6,18
2021,LNU,CREEK WEST,2021-06-09,2021-06-10,7,18
2021,RRU,KATHRYN,2021-06-15,2021-06-15,14,18
2021,NEU,WISE,2021-05-19,2021-05-20,11,18
2021,NEU,SPRING,2021-06-12,2021-06-16,2,18
2021,MEU,TOMKI,2021-05-21,2021-05-24,14,18
2021,FKU,OWENS,2021-06-06,2021-06-08,9,17
2021,LPF,CORRAL,2021-04-05,2021-04-06,14,17
2021,LAC,MIDDLE,2021-11-11,2021-11-11,11,17
2021,BDF,CLOUD,2021-06-13,2021-06-13,9,16
2021,HUU,HARRIS,2021-07-06,2021-07-06,14,16
2021,SLU,TOWER,2021-06-05,2021-06-05,14,16
2021,LFD,MYRNA,2021-08-12,2021-08-12,14,15
2021,KRN,MOUNTAIN,2021-05-26,2021-05-26,14,15
2021,MVU,BORDER 9,2021-05-28,2021-05-31,9,15
2021,VNC,COYOTE,2021-04-30,2021-05-01,14,15
2021,SHU,LITTLE,2021-07-03,2021-07-04,9,15
2021,SQF,BOYDEN 1,2021-03-03,2021-03-18,5,14
2021,FKU,AMERICAN,2021-08-27,2021-08-27,7,14
2021,TGU,GRAHAM,2021-05-27,2021-05-27,2,14
2021,VNC,MADERA 2,2021-04-01,2021-04-01,2,14
2021,RRU,CARY,2021-05-06,2021-05-10,14,14
2021,KNF,LITTLE MARBLE,2021-09-08,2021-09-14,4,14
2021,LMU,1-4 BIZZ,2021-06-23,2021-06-25,1,13
2021,BDU,DEVORE,2021-05-04,2021-05-04,9,13
2021,BEU,FERRIS,2021-02-21,2021-02-21,5,13
2021,AEU,STEINS,2021-06-26,2021-06-26,9,13
2021,NEU,DOOLITTLE,2021-09-03,2021-09-04,10,13
2021,FKU,RUTH 2,2021-06-06,2021-06-08,2,13
2021,LNF,DOW,2021-10-05,2021-10-11,9,12
2021,KNP,SENTINEL,2021-07-29,2021-10-25,1,12
2021,NOD,R-1 ROCK,2021-05-14,2021-05-18,1,12
2021,LAC,KELLOGG,2021-01-19,2021-01-19,14,12
2021,LAC,DULCE,2021-07-04,2021-07-04,14,12
2021,NEU,LOMA,2021-08-08,2021-08-10,2,12
2021,KRN,ROOST,2021-07-17,2021-07-17,14,12
2021,FKU,WATTS,2021-05-05,2021-05-05,9,11
2021,NEU,HUTTO,2021-05-31,2021-05-31,2,11
2021,YNP,PORCUPINE,2021-07-02,2021-08-04,1,11
2021,SHF,MOSS,2021-08-27,2021-08-31,9,11
2021,YNP,KING,2021-06-29,2021-07-06,1,11
2021,SHF,TANGLE,2021-07-05,2021-07-13,9,11
2021,SLU,CRESTON,2021-06-18,2021-06-18,14,11
2021,LNU,EASTSIDE,2021-08-03,2021-08-04,2,10
2021,SLU,ANTELOPE,2021-05-04,2021-05-04,10,10
2021,ORC,LAGUNA,2021-06-16,2021-06-16,14,10
2021,KNF,HORSE,2021-03-26,2021-04-01,9,10
2021,BDF,BLUE,2021-05-11,2021-05-19,9,10
2021,KRN,PRESERVE,2021-10-03,2021-10-03,14,10
2021,PNF,GREENHORN,2021-04-13,2021-04-13,14,9
2021,NEU,KIBBIE,2021-09-06,2021-09-12,14,9
2021,KRN,EDMONSON,2021-06-30,2021-06-30,10,9
2021,KRN,RIDGE,2021-08-28,2021-08-29,14,8
2021,TNR,CAMPO,2021-01-20,2021-01-20,14,8
2021,KRN,BEALE,2021-06-19,2021-06-19,10,8
2021,SLU,TWITCHELL,2021-05-10,2021-05-10,10,8
2021,SLU,TRAIL,2021-04-10,2021-04-10,14,8
2021,LNU,GROVE,2021-05-26,2021-05-26,14,8
2021,LNU,SCOTTS,2021-04-28,2021-04-28,9,8
2021,LNU,GREEN,2021-05-08,2021-05-08,5,8
2021,CZU,BLOOM,2021-01-19,2021-01-21,9,8
2021,YNP,FORK,2021-07-01,2021-07-12,1,8
2021,BDF,LONE,2021-07-04,2021-07-05,9,8
2021,LNU,MUSTANG,2021-06-13,2021-06-13,7,7
2021,KRN,HERMOSA,2021-09-12,2021-09-12,14,7
2021,CNF,BAMBI,2021-08-11,2021-08-18,4,7
2021,ORC,PICO,2021-07-06,2021-07-06,2,7
2021,LAC,FLORES,2021-07-19,2021-07-19,14,6
2021,LNU,CLOVER,2021-08-26,2021-08-26,14,6
2021,LNU,GRANGE,2021-07-07,2021-07-07,2,6
2021,YNP,COLD,2021-08-13,2021-10-03,1,6
2021,KRN,AROSA,2021-07-08,2021-07-08,14,6
2021,MNP,HART,2021-08-31,2021-09-04,1,6
2021,LAC,VIRGENES,2021-04-29,2021-04-29,14,6
2021,LNU,PLYE,2021-08-07,2021-08-07,7,6
2021,ORC,CECIL,2021-07-15,2021-07-15,10,6
2021,KRN,HILL NORTH DIVISION,2021-06-21,2021-06-21,14,6
2021,LNU,ACACIA,2021-05-29,2021-05-29,2,6
2021,KRN,MESA,2021-08-12,2021-08-12,14,5
2021,ORC,RIDGE,2021-08-06,2021-08-06,2,5
2021,LNU,LEESVILLE,2021-07-03,2021-07-03,8,5
2021,KRN,GRAPEVINE,2021-04-20,2021-04-20,10,5
2021,MNP,CASTLE,2021-03-19,2021-03-21,4,5
2021,SLU,VISTA,2021-04-27,2021-04-27,5,5
2021,LAC,KNOLLS,2021-02-28,2021-02-28,14,5
2021,SLU,COYOTE,2021-01-21,2021-01-21,5,4
2021,LNU,DIMOND,2021-07-30,2021-07-30,7,4
2021,LNU,DREAM,2021-06-23,2021-06-23,7,4
2021,SKU,HOVEY,2021-05-05,2021-05-05,5,4
2021,LAC,TUNA,2021-07-09,2021-07-09,14,4
2021,VNC,SULPHUR,2021-04-17,2021-04-17,14,4
2021,VNC,VIRGINIA,2021-03-05,2021-03-06,14,4
2021,SHU,MALLARD,2021-06-11,2021-06-11,2,4
2021,SKU,BROWNELL,2021-04-13,2021-04-13,5,4
2021,SKU,MARY,2021-04-22,2021-04-22,18,4
2021,LNU,OLD,2021-01-18,2021-01-18,11,3
2021,KRN,FREEWAY,2021-04-17,2021-04-17,10,3
2021,LNU,CREEK,2021-08-01,2021-08-01,7,3
2021,LAC,SYCAMORE,2021-08-02,2021-08-02,10,3
2021,KRN,SCALES,2021-06-27,2021-06-27,10,3
2021,BEU,AROMAS,2021-06-26,2021-06-26,10,3
2021,KRN,LAND,2021-06-03,2021-06-03,14,3
2021,VNC,LAURIE,2021-04-25,2021-04-25,14,3
2021,KRN,LAVAL,2021-05-23,2021-05-23,14,2
2021,KRN,Backus 2,2021-04-25,2021-04-25,14,2
2021,LAC,PACIFICO,2021-01-17,2021-01-17,15,2
2021,LNU,COUNTY,2021-05-08,2021-05-08,11,2
2021,LNU,OAK,2021-06-14,2021-06-14,2,2
2021,SJR,CASJR STRINGER,2021-06-17,2021-06-17,11,2
2021,LNU,COLEMAN,2021-07-18,2021-07-18,7,2
2021,LAC,SPRINGS,2021-01-19,2021-01-19,14,2
2021,BEU,REGIONAL,2021-06-05,2021-06-05,9,2
2021,LNU,WEST,2021-05-26,2021-05-26,10,2
2021,SLU,TIFFANY,2021-01-13,2021-01-13,5,2
2021,KRN,GRANITE INC,2021-03-01,2021-03-01,11,2
2021,SKU,MEAMBER,2021-05-30,2021-05-30,5,2
2021,LAC,NEWTON,2021-01-08,2021-01-08,14,2
2021,VNC,PECK,2021-06-24,2021-06-24,14,2
2021,LAC,ROCKY 3,2021-08-18,2021-08-18,14,2
2021,LNU,MUNIZ,2021-04-20,2021-04-20,5,2
2021,LAC,DALTON,2021-09-24,2021-09-24,10,2
2021,KRN,PARK,2021-06-12,2021-06-12,10,2
2021,LAC,TONNER,2021-09-30,2021-09-30,14,1
2021,SLU,INDEPENDENCE,2021-05-24,2021-05-24,2,1
2021,LNU,SPRING,2021-07-09,2021-07-09,9,1
2021,SMP,NEWTON,2021-01-08,2021-01-08,14,1
2021,MVU,BORDER,2021-01-10,2021-01-21,9,1
2021,VNC,RANCH,2021-04-15,2021-04-15,14,1
2021,LNU,KIWI,2021-06-07,2021-06-07,2,1
2021,KRN,SABODAN,2021-06-01,2021-06-01,2,1
2021,BDU,CRYSTAL,2021-08-25,2021-08-25,4,1
2021,LMU,ROUND,2021-06-08,2021-06-08,14,1
2021,SKU,RANCH,2021-05-05,2021-05-05,5,1
2021,ORC,WINDY RIDGE,2021-05-26,2021-05-26,14,1
2021,LNU,WILSON,2021-04-29,2021-04-29,5,1
2021,LAC,VASQUEZ,2021-08-06,2021-08-06,14,1
2021,LAC,BOAT,2021-07-01,2021-07-01,10,1
2021,LAC,TURNBULL,2021-04-18,2021-04-18,14,1
2021,SLU,ADOBE,2021-01-18,2021-01-18,2,1
2021,MVU,OLD HIGHWAY 80  / LA POSTA RD,2021-09-24,2021-09-24,1,1
2021,LNU,STUBBS,2021-08-02,2021-08-02,7,1
2021,VNC,YOSEMITE,2021-07-22,2021-07-23,14,1
2021,LNU,CREEK,2021-08-29,2021-08-29,7,1
2021,LDF,PEAK,2021-07-20,2021-07-20,10,1
2021,SLU,IRON,2021-05-06,2021-05-06,9,1
2021,LNU,SODA,2021-04-17,2021-04-17,5,1
2021,KRN,MANOR,2021-09-06,2021-09-06,14,1
2021,LAC,RYE,2021-02-02,2021-02-02,2,1
2021,VNC,UNNAMED,2021-06-18,2021-06-18,2,1
2021,LNU,I-80 LYNCH,2021-08-17,2021-08-17,10,1
2021,LNU,CERRITO,2021-04-18,2021-04-18,9,1
2021,LNU,MOUNTAIN,2021-08-22,2021-08-22,7,1
2021,SLU,HIGUERA,2021-10-10,2021-10-10,14,1
2021,KRN,DOYLE,2021-06-28,2021-06-28,14,1
2021,LNU,SPRING,2021-01-19,2021-01-19,5,1
2021,ORC,BONITA,2021-07-24,2021-07-24,10,1
2021,TNR,MILLAR,2021-10-01,2021-10-01,11,0
2020,MNF,AUGUST COMPLEX,2020-08-16,2020-11-11,1,1032700
2020,SCU,SCU LIGHTNING COMPLEX,2020-08-16,2020-09-11,1,396824
2020,SNF,CREEK,2020-09-04,2020-12-24,14,379842
2020,PNF,NORTH COMPLEX,2020-08-17,2020-12-03,1,318797
2020,LNU,HENNESSEY,2020-08-17,2020-09-16,1,305351
2020,SQF,CASTLE,2020-08-19,2021-01-04,1,170647
2020,KNF,SLATER,2020-09-08,2020-12-12,14,157429
2020,SRF,RED SALMON COMPLEX,2020-07-27,2020-11-19,1,143836
2020,LPF,DOLAN,2020-08-18,2020-12-31,14,124527
2020,ANF,BOBCAT,2020-09-06,2020-10-19,14,115998
2020,CZU,CZU LIGHTNING COMPLEX,2020-08-16,2020-09-24,1,86553
2020,NOD,W-5 COLD SPRINGS,2020-08-18,2020-09-13,1,84817
2020,BNP,CALDWELL,2020-07-22,2020-09-01,1,81224
2020,LNU,GLASS,2020-09-27,2020-10-20,14,67484
2020,SHU,ZOGG,2020-09-27,2020-10-13,14,56338
2020,LNU,WALBRIDGE,2020-08-17,2020-09-11,1,55208
2020,BEU,RIVER,2020-08-16,2020-09-04,1,50213
2020,TNF,LOYALTON,2020-08-14,2020-08-27,1,46720
2020,MNP,DOME,2020-08-15,2020-09-12,1,44211
2020,RRU,APPLE,2020-07-31,2020-11-15,2,33235
2020,ANF,LAKE,2020-08-12,2020-08-30,14,30999
2020,FKU,MINERAL,2020-07-13,2020-07-26,14,29666
2020,PNF,SHEEP,2020-08-17,2020-09-07,1,29541
2020,HTF,SLINK,2020-08-29,2020-11-13,14,26751
2020,LMU,GOLD,2020-07-20,2020-10-29,14,22652
2020,BDF,EL DORADO,2020-09-05,2020-11-16,14,22503
2020,CND,MOUNTAIN VIEW,2020-11-17,2020-11-30,14,20374
2020,CNF,VALLEY,2020-09-05,2020-09-24,14,16389
2020,ORC,BLUE RIDGE,2020-10-26,2020-11-02,14,13694
2020,ORC,SILVERADO,2020-10-26,2020-11-02,14,12469
2020,CCD,BACCARAT,2020-10-04,2020-10-11,14,10456
2020,LMU,HOG,2020-07-18,2020-08-28,14,9566
2020,CDD,NADEAU,2020-07-29,2020-08-04,14,9150
2020,KNP,RATTLESNAKE,2020-08-16,2020-12-28,1,8422
2020,KRN,STAGECOACH,2020-08-03,2020-08-03,14,7750
2020,BEU,CARMEL,2020-08-18,2020-09-06,10,6996
2020,YNP,BLUEJAY,2020-07-25,2020-11-19,1,6922
2020,CCD,NORTH,2020-08-02,2020-08-10,10,6882
2020,ORC,BOND,2020-12-03,2020-12-07,14,6681
2020,RRU,SNOW,2020-09-17,2020-09-24,10,6253
2020,SCU,CREWS,2020-07-05,2020-07-15,8,5513
2020,AEU,GRANT,2020-06-12,2020-06-12,2,5062
2020,RNP,WOODWARD,2020-08-18,2020-11-20,1,4901
2020,ANF,RANCH2,2020-08-13,2020-10-01,14,4119
2020,INF,BEACH,2020-08-16,2020-08-27,1,3668
2020,MCP,CREEK 5,2020-12-24,2020-12-31,14,3052
2020,SLU,BRANCH,2020-07-28,2020-08-03,10,2922
2020,KRN,BENA,2020-07-01,2020-07-05,14,2884
2020,TCU,MOC,2020-08-20,2020-09-05,9,2857
2020,NOD,LAURA 2,2020-11-17,2020-11-23,14,2729
2020,LNU,MEYERS,2020-08-17,2020-09-02,1,2360
2020,VNC,HOLSER,2020-08-17,2020-08-22,14,2188
2020,MMU,PASS,2020-06-28,2020-07-01,11,2163
2020,FKU,HILLS,2020-08-15,2020-09-27,1,2120
2020,YNP,WOLF,2020-08-10,2020-11-19,1,2057
2020,KNF,FOX,2020-09-14,2020-09-28,4,2027
2020,SLU,POND,2020-08-01,2020-08-09,7,1962
2020,RRU,SANDERSON,2020-12-13,2020-12-14,4,1954
2020,LNU,QUAIL,2020-06-06,2020-06-18,14,1841
2020,ENF,FORK,2020-09-08,2020-11-08,14,1668
2020,SLU,SODA,2020-06-10,2020-06-10,10,1653
2020,TCU,SALT,2020-08-18,2020-08-28,9,1593
2020,LAC,SOLEDAD,2020-07-05,2020-07-07,9,1525
2020,BEU,COYOTE,2020-07-15,2020-07-18,14,1485
2020,TCU,WALKER,2020-06-16,2020-06-23,9,1398
2020,MDF,DALTON ,2020-07-23,2020-08-15,1,1367
2020,CNP,SCORPION,2020-05-31,2020-06-05,2,1320
2020,KNP,MORAINE,2020-08-21,2020-12-29,1,1316
2020,NEU,WILLOWS,2020-09-09,2020-10-13,7,1309
2020,MEU,OAK,2020-09-07,2020-09-28,9,1146
2020,RRU,AIRPORT,2020-12-01,2020-12-13,14,1085
2020,MNP,IVANPAH,2020-06-22,2020-06-26,8,1051
2020,TUU,GRADE,2020-06-22,2020-06-25,7,1050
2020,MDF,ALLEN,2020-07-21,2020-08-27,1,1034
2020,MCP,INDIA,2020-06-09,2020-06-14,9,959
2020,BTU,1-12,2020-08-24,2020-09-10,1,946
2020,BTU,5-4 POTTERS ,2020-08-17,2020-09-10,1,925
2020,PNF,ADAMS,2020-07-26,2020-07-31,1,901
2020,BEU,BITTER,2020-06-16,2020-06-20,10,895
2020,SQF,SHOTGUN,2020-08-19,2021-01-04,1,840
2020,MEU,CREEK,2020-08-18,2020-08-26,10,834
2020,VNC,LIME,2020-06-10,2020-06-17,14,802
2020,MMU,COTTONWOOD,2020-07-27,2020-07-29,10,788
2020,AEU,CLAY,2020-07-29,2020-07-29,3,740
2020,TGU,ELK,2020-08-16,2020-08-17,1,730
2020,NEU,JONES,2020-08-17,2020-09-28,1,705
2020,SBC,DRUM,2020-06-14,2020-06-17,2,695
2020,NEU,AMORUSO,2020-06-01,2020-06-04,2,685
2020,SNF,BULLFROG,2020-09-08,2020-11-09,14,654
2020,ANF,ROWHER,2020-07-01,2020-07-09,7,648
2020,SNF,TRIMMER,2020-08-03,2020-09-01,14,593
2020,NOD,R-2 TRUMBULL,2020-06-23,2020-06-28,1,576
2020,LNU,SITES,2020-08-02,2020-08-02,14,569
2020,SLU,LAKE,2020-07-04,2020-07-04,10,567
2020,NOD,R-8 PINECODE,2020-08-24,2020-08-29,1,566
2020,LPF,COLEMAN,2020-10-18,2020-11-15,14,562
2020,SKU,BADGER,2020-07-18,2020-07-19,10,557
2020,BEA,PAVE PAWS,2020-08-02,2020-08-02,11,532
2020,SNF,HOG,2020-06-12,2020-06-18,14,527
2020,AEU,MEISS,2020-08-13,2020-08-13,9,509
2020,NOD,R-5 SNOWSTORM,2020-08-17,2020-08-18,1,471
2020,SLU,AVILA,2020-06-15,2020-06-20,14,434
2020,CND,SODA,2020-06-17,2020-06-17,1,421
2020,SHF,HOBO,2020-09-01,2020-09-10,11,413
2020,MMU,HENSLEY,2020-08-30,2020-09-02,7,398
2020,BEA,VALLEY,2020-07-15,2020-07-16,14,376
2020,SCU,PARK,2020-07-04,2020-07-10,2,342
2020,SHU,PLATINA,2020-07-19,2020-07-21,9,339
2020,BEU,RICO,2020-06-22,2020-06-23,11,338
2020,LNF,STUMP,2020-08-01,2020-08-11,14,325
2020,SLU,PASS,2020-08-04,2020-08-05,10,323
2020,SLU,WHALE,2020-08-15,2020-08-18,1,322
2020,LAC,RIDGE,2020-07-27,2020-07-28,14,320
2020,VNC,ELIZABETH,2020-06-10,2020-06-13,14,298
2020,LAC,JOHNSON,2020-08-28,2020-08-29,10,291
2020,TGU,4-8,2020-08-17,2020-08-18,1,278
2020,SHU,POINT,2020-10-25,2020-10-27,9,276
2020,NOD,W-4 TERMO,2020-08-17,2020-08-20,1,265
2020,CND,BEND,2020-06-25,2020-06-27,14,264
2020,BTU,5-6 CASCADE CREEK,2020-08-17,2020-09-10,1,260
2020,NOD,R-1 MAPES,2020-08-10,2020-08-13,1,258
2020,CND,AURORA,2020-06-26,2020-07-02,1,238
2020,ANF,MARTINDALE,2020-09-28,2020-09-29,14,233
2020,KRN,SHEEP,2020-07-30,2020-07-30,14,233
2020,BEU,BRADLEY,2020-06-08,2020-06-09,2,230
2020,SHF,SPRING,2020-08-17,2020-08-27,1,228
2020,ANF,DAM,2020-07-30,2020-10-01,14,226
2020,TUU,SPRINGS,2020-06-19,2020-06-22,10,223
2020,MNF,BASEBALL,2020-02-25,2020-03-03,18,215
2020,BEU,BITTERWATER,2020-06-07,2020-06-08,11,210
2020,ANF,TEXAS,2020-08-06,2020-08-11,2,209
2020,YNP,NORTH WHIZZ DOME,2020-08-25,2020-11-19,1,199
2020,NOD,R-3 SKEDDADLE,2020-06-23,2020-06-28,1,197
2020,NEU,DYER,2020-07-06,2020-07-06,8,194
2020,BEU,HUNTER,2020-06-21,2020-06-25,4,194
2020,NOD,R-3 LITTLE FREDOYNER,2020-07-21,2020-07-26,1,187
2020,SLU,CARRIZO,2020-08-12,2020-08-12,10,184
2020,BDF,BROOK,2020-07-29,2020-08-01,9,183
2020,TGU,BEEGUM,2020-02-22,2020-02-23,18,181
2020,LAC,CASTAIC,2020-08-01,2020-08-01,14,178
2020,NOD,R-6 TUNNISON,2020-07-28,2020-07-30,1,175
2020,BTU,1-7,2020-08-17,2020-09-26,1,174
2020,BDU,BRUDER,2020-10-14,2020-10-15,14,169
2020,KRN,BAKER,2020-06-17,2020-06-18,14,165
2020,LNU,LAKEVILLE,2020-06-05,2020-06-05,2,159
2020,LAC,ELSMERE,2020-08-03,2020-08-03,14,159
2020,MEU,MINA,2020-08-10,2020-08-15,4,158
2020,SLU,TOPAZ,2020-06-12,2020-06-12,2,157
2020,SBC,HOLLISTER,2020-05-07,2020-05-10,11,157
2020,TGU,GRIZZLY,2020-03-02,2020-03-06,14,155
2020,SLU,SODA,2020-07-03,2020-07-03,2,152
2020,MMU,POWER,2020-07-11,2020-07-15,11,151
2020,MEU,VINEYARD,2020-06-09,2020-06-18,2,150
2020,LNU,HILL,2020-07-24,2020-07-24,10,139
2020,BTU,AVOCADO,2020-06-30,2020-07-11,14,137
2020,SHU,DERSCH,2020-10-25,2021-01-25,7,133
2020,CCD,RAILROAD,2020-06-23,2020-06-25,1,131
2020,CDD,SMOKETREE,2020-06-02,2020-06-05,8,129
2020,LAC,SAN DIMAS,2020-11-06,2020-11-06,7,128
2020,INF,IRIS,2020-07-21,2020-08-04,1,124
2020,LPF,166,2020-08-03,2020-08-04,14,120
2020,BDU,PITZER,2020-07-17,2020-07-18,9,118
2020,TUU,FORKS,2020-06-18,2020-06-21,15,117
2020,CND,BASIC,2020-06-24,2020-06-24,1,116
2020,NEU,NELSON,2020-06-18,2020-06-23,11,109
2020,BTU,CLARK,2020-08-14,2020-08-14,14,106
2020,BTU,NELSON,2020-06-17,2020-06-25,14,103
2020,CDD,ELLIOT,2020-07-07,2020-07-13,14,102
2020,TNF,ANTELOPE,2020-02-17,2020-02-18,5,101
2020,HUU,REDWOOD,2020-10-23,2020-10-23,2,101
2020,ENF,POINT,2020-10-26,2020-11-05,14,93
2020,LAC,ROCK POOL,2020-08-16,2020-08-17,14,92
2020,BTU,1-8,2020-08-17,2020-09-10,1,92
2020,RRU,CASINO,2020-07-13,2020-07-13,7,91
2020,KRN,WOODY,2020-08-14,2020-08-14,14,90
2020,CDD,STANDING ROCK,2020-07-19,2020-07-20,14,90
2020,AEU,LIBERTY,2020-06-17,2020-06-17,5,88
2020,BTU,HONCUT,2020-06-20,2020-06-22,14,88
2020,LNU,SALT,2020-10-05,2020-10-05,10,86
2020,LAC,EQUESTRIAN,2020-06-08,2020-06-09,11,83
2020,LPF,RIDGE,2020-06-17,2020-06-20,10,82
2020,MMU,HUNTERS,2020-06-07,2020-06-11,2,82
2020,MVU,SKYLINE 3,2020-06-11,2020-06-14,14,79
2020,CDD,BARNES,2020-08-30,2020-09-02,14,79
2020,SBC,VIEW,2020-06-06,2020-06-07,11,77
2020,NEU,DULUTH,2020-08-10,2020-08-12,10,71
2020,MVU,BORDER 7,2020-06-11,2020-06-13,14,70
2020,KRN,COMANCHE,2020-07-26,2020-07-27,14,66
2020,FKU,KINGS,2020-07-05,2020-07-05,2,65
2020,MEU,3-19,2020-08-18,2020-10-21,1,65
2020,SLU,II-2,2020-08-15,2020-08-15,1,64
2020,LNU,POPE,2020-10-23,2020-10-23,10,64
2020,CCD,HILL,2020-06-23,2020-06-25,1,63
2020,BEU,AIRLINE,2020-12-25,2020-12-25,7,62
2020,SHF,FLAT,2020-06-30,2020-08-22,10,62
2020,BDF,MOUNT R,2020-07-03,2020-07-06,2,61
2020,MVU,BORDER 11,2020-07-28,2020-07-30,14,59
2020,RRU,TRIPP,2020-07-09,2020-07-09,2,59
2020,MVU,WILLOWS,2020-12-02,2020-12-03,14,58
2020,SHU,BAR,2020-04-25,2020-04-26,5,57
2020,LNU,PARISH,2020-06-27,2020-06-27,14,57
2020,BDF,EASTON,2020-07-20,2020-07-21,7,56
2020,NEU,FIELDS,2020-10-06,2020-10-09,5,55
2020,PNF,COPPER,2020-08-18,2020-08-22,1,54
2020,NOD,WOOD,2020-02-23,2020-02-23,5,54
2020,SLU,PLACER,2020-08-25,2020-08-25,2,53
2020,KRN,LILAC,2020-10-18,2020-10-19,14,52
2020,BEU,STAGE,2020-06-21,2020-06-22,7,51
2020,BTU,GARDEN,2020-05-06,2020-05-09,2,49
2020,MMU,BEN,2020-07-15,2020-07-17,11,48
2020,RRU,SKYLINE,2020-08-03,2020-08-16,14,47
2020,TNF,BAKER,2020-03-03,2020-03-07,5,47
2020,SLU,HUASNA,2020-05-13,2020-05-13,5,47
2020,BDU,MENTONE,2020-10-12,2020-10-13,10,47
2020,LAC,WEST,2020-06-21,2020-06-21,14,46
2020,AEU,COPPER,2020-09-30,2020-09-30,3,46
2020,MVU,VOLCANO,2020-08-20,2020-08-22,9,46
2020,NOD,R-5 DRY,2020-06-23,2020-06-28,1,45
2020,LNU,CACHE,2020-07-06,2020-07-06,4,44
2020,KRN,SHERWOOD,2020-08-29,2020-08-29,14,44
2020,FKU,HILLS,2020-07-28,2020-07-28,9,44
2020,BEU,FRUDDEN,2020-06-03,2020-06-04,14,43
2020,TKR,TULE,2020-10-02,2020-10-02,2,43
2020,INF,PUMICE ,2020-06-15,2020-06-21,1,43
2020,FKU,DEN,2020-05-23,2020-05-23,11,42
2020,CRA,AHA MACAV,2020-09-11,2020-09-11,9,42
2020,SHF,GIBSON,2020-07-19,2020-07-20,9,41
2020,KRN,FLAT,2020-07-09,2020-07-12,14,40
2020,BEU,JOHNSON,2020-08-04,2020-08-05,14,39
2020,NEU,WATT,2020-06-11,2020-06-13,14,39
2020,VNC,PERKIN,2020-12-08,2020-12-11,14,39
2020,PNF,FEATHER,2020-08-13,2020-08-17,2,39
2020,BDF,PITMAN,2020-12-26,2020-12-26,2,39
2020,RRU,SIERRA,2020-06-08,2020-06-08,8,39
2020,KRN,JOHNSON,2020-08-05,2020-08-06,14,38
2020,PNF,IRON,2020-08-17,2020-08-22,1,37
2020,SKU,SHACKLEFORD,2020-09-11,2020-09-11,14,37
2020,SKU,SCHOOLHOUSE,2020-09-09,2020-09-09,14,37
2020,NEU,PFE,2020-07-05,2020-07-05,14,36
2020,BDU,GREEN,2020-06-14,2020-06-14,9,36
2020,RRU,WATER,2020-08-02,2020-08-02,14,36
2020,CDD,ORANGE,2020-09-19,2020-10-06,14,35
2020,KRN,VISTA ,2020-09-09,2020-09-09,14,34
2020,NEU,WILLOW,2020-03-10,2020-03-11,5,33
2020,LPF,33,2020-05-22,2020-05-24,2,33
2020,SLU,JUAN,2020-07-05,2020-07-05,11,33
2020,BEU,METZ,2020-05-24,2020-05-24,2,33
2020,SLU,GAGE,2020-06-28,2020-06-28,2,33
2020,CDD,CIMA,2020-09-04,2020-09-06,14,32
2020,BEU,CIRCLE,2020-10-07,2020-10-08,8,32
2020,FKU,GATOS,2020-04-26,2020-04-26,2,31
2020,BTU,GRAND,2020-10-15,2020-10-20,14,31
2020,YNP,HORSE,2020-08-23,2020-11-19,1,30
2020,NEU,KARCHNER,2020-06-05,2020-06-06,2,30
2020,RRU,INDIAN,2020-06-26,2020-06-28,9,29
2020,SBC,KIRSCHEMANN,2020-05-28,2020-05-28,2,28
2020,SBC,TWITCHELL,2020-06-06,2020-06-06,1,28
2020,NEU,SIMPSON,2020-10-15,2020-10-17,14,28
2020,AEU,CRONAN,2020-06-09,2020-06-09,2,28
2020,LNU,MOUNTAIN,2020-06-17,2020-06-17,11,28
2020,BEU,VISTA,2020-06-21,2020-06-22,11,27
2020,BTU,2-26,2020-08-17,2020-09-10,1,27
2020,NEU,ATHENS,2020-08-10,2020-08-11,14,27
2020,FKU,SUTTER,2020-05-24,2020-05-24,11,26
2020,LAC,PEAK,2020-08-11,2020-08-11,10,26
2020,FKU,SYCAMORE,2020-06-23,2020-06-25,7,26
2020,LNU,STAGE,2020-09-23,2020-09-23,11,26
2020,TGU,RED,2020-04-23,2020-04-24,5,26
2020,SBC,LITO,2020-09-07,2020-09-07,9,25
2020,LNU,LYONS,2020-10-13,2020-10-13,10,25
2020,NOD,HORN,2020-06-02,2020-06-03,14,25
2020,PNF,BIRD,2020-07-21,2020-07-23,1,25
2020,BEU,CROSS,2020-10-07,2020-10-07,2,24
2020,SLU,BERRY,2020-08-01,2020-08-01,2,24
2020,ORC,PARK,2020-07-05,2020-07-07,14,24
2020,CND,STANDARD,2020-07-05,2020-07-05,14,23
2020,SKU,MINER,2020-07-25,2020-07-25,14,23
2020,SLU,HUTTON,2020-12-07,2020-12-07,14,22
2020,MCR,SANDY,2020-09-08,2020-09-08,10,22
2020,BEU,COPPERHEAD,2020-10-26,2020-10-26,2,22
2020,NEU,FARRIER,2020-07-24,2020-07-31,8,22
2020,VNC,KUEHNER 2,2020-07-07,2020-07-07,14,22
2020,KRN,WATER,2020-12-02,2020-12-03,14,22
2020,LNU,CATHOLIC,2020-09-01,2020-09-01,10,22
2020,LNU,BRIM,2020-07-19,2020-07-19,9,21
2020,LNU,DUNFIELD,2020-03-13,2020-03-13,5,21
2020,CND,PINEY,2020-05-11,2020-05-23,2,21
2020,AEU,LAMBERT,2020-10-04,2020-10-04,9,21
2020,BEU,JULIUS,2020-05-17,2020-05-17,11,21
2020,FKU,FRONTIER,2020-06-23,2020-06-23,7,21
2020,BTU,2-28,2020-08-17,2020-09-10,1,21
2020,LNU,KIRKLAND,2020-07-27,2020-07-27,11,21
2020,FKU,TAR,2020-08-13,2020-08-18,1,20
2020,SLU,III_2,2020-08-15,2020-08-15,1,20
2020,LNU,INDIAN,2020-08-26,2020-08-26,14,20
2020,CZU,COAST,2020-06-29,2020-06-29,7,20
2020,KRN,BLUE,2020-08-16,2020-08-17,14,19
2020,SBC,CLARK,2020-12-16,2020-12-16,7,18
2020,SLU,CRESTA BLANCA,2020-06-10,2020-06-10,10,18
2020,BEU,BROWN,2020-09-22,2020-09-23,11,18
2020,SHF,BALD,2020-07-28,2020-08-01,1,17
2020,LNU,SIERRA,2020-05-24,2020-05-24,10,17
2020,SBC,BALLARD,2020-10-31,2020-10-31,14,17
2020,LNU,SPANISH,2020-05-24,2020-05-24,2,17
2020,SHU,RIDGE,2020-09-14,2021-01-14,10,17
2020,CRD,POWER,2020-05-29,2020-06-12,14,17
2020,MRN,DEVILS GULCH,2020-08-16,2020-08-16,1,16
2020,ANF,LAGO,2020-05-09,2020-05-09,2,16
2020,LPF,GIFFORD ,2020-06-08,2020-06-10,10,16
2020,SHU,LEOPARD,2020-05-31,2020-05-31,7,16
2020,LAC,VISTA,2020-06-12,2020-06-12,14,16
2020,VNC,MEDIO,2020-08-28,2020-08-28,14,16
2020,NEU,LOCUST,2020-12-31,2020-12-31,5,15
2020,SHF,FRANCISCAN,2020-08-15,2020-08-15,2,15
2020,SHU,PINES,2020-08-13,2020-08-13,9,15
2020,SLU,RIATA,2020-06-16,2020-06-16,2,15
2020,BDF,ADOBE,2020-05-07,2020-05-07,4,15
2020,SHF,BROCK,2020-06-04,2020-06-06,1,14
2020,BTU,FEATHER,2020-07-20,2020-07-22,14,14
2020,SKU,JENNY 2-3,2020-07-27,2020-07-27,1,14
2020,MNF,NAIL,2020-07-07,2020-07-10,14,14
2020,SHF,BRIDGE,2020-07-27,2020-07-28,1,14
2020,AEU,CAMERON,2020-10-18,2020-10-18,10,14
2020,MNP,BULL,2020-09-05,2020-09-05,10,14
2020,CDD,PARKER DAM,2020-02-17,2020-02-24,9,13
2020,LAC,ACTON,2020-09-28,2020-09-28,9,13
2020,SKU,TOWNSEND,2020-05-17,2020-05-17,5,13
2020,NEU,RIOSA,2020-06-15,2020-06-15,11,13
2020,MDF,FLAT,2020-07-25,2020-08-06,14,13
2020,SBC,DUTARD,2020-11-23,2020-11-23,14,13
2020,BTU,TEDDY,2020-06-18,2020-06-23,14,13
2020,SHU,ROSA,2020-02-26,2020-02-26,5,13
2020,AEU,MURPHY,2020-08-17,2020-08-17,11,13
2020,FKU,TODD,2020-07-26,2020-07-26,2,13
2020,NEU,FLEMING,2020-03-31,2020-04-01,9,12
2020,CDD,MYER,2020-06-12,2020-06-14,2,12
2020,LAC,QUAIL,2020-10-09,2020-10-09,5,12
2020,LAC,RAYBURN,2020-08-22,2020-08-22,14,12
2020,BTU,1-11,2020-08-17,2020-09-10,1,12
2020,SBC,GAREY,2020-11-29,2020-12-01,2,12
2020,HTF,MURPHY,2020-06-15,2020-06-16,14,12
2020,LNU,URSULINE,2020-09-21,2020-09-21,2,11
2020,LAC,3 POINTS,2020-07-05,2020-07-05,14,11
2020,STF,QUARTER,2020-06-20,2020-07-02,14,11
2020,KRN,RESERVE,2020-08-04,2020-08-05,14,11
2020,PNF,DAVIS 3,2020-09-09,2020-09-09,7,11
2020,FKU,THERMAL,2020-08-30,2020-08-30,11,11
2020,CND,LULU,2020-06-28,2020-06-28,14,11
2020,SHF,PINE,2020-07-28,2020-07-30,1,11
2020,CDD,TRAMWAY,2020-06-29,2020-06-29,2,11
2020,HUU,MINE,2020-12-24,2020-12-24,5,11
2020,BEU,BOOMER,2020-07-04,2020-07-05,14,10
2020,KRN,GARCES,2020-09-19,2020-09-19,14,10
2020,SHU,INWOOD,2020-07-31,2020-07-31,11,10
2020,SHF,HARRIS,2020-05-11,2020-05-11,2,10
2020,BDU,LYTLE,2020-06-07,2020-06-20,9,10
2020,HUU,BEAR,2020-02-15,2020-02-15,5,10
2020,BDF,KENWOOD,2020-07-26,2020-07-26,9,10
2020,NEU,MELANESE,2020-04-14,2020-04-19,18,10
2020,SHU,SPRINGS,2020-08-09,2020-08-09,8,10
2020,SBC,GATO,2020-07-31,2020-07-31,14,10
2020,NEU,WALDO,2020-07-09,2020-07-12,9,10
2020,KRN,CAMELOT ,2020-07-15,2020-07-15,14,9
2020,BDF,RALPH ,2020-08-15,2020-08-18,1,9
2020,SBC,MOCKINGBIRD,2020-06-12,2020-06-12,7,8
2020,LNU,PLEASANTS,2020-05-27,2020-05-27,11,8
2020,VNC,GOODENOUGH,2020-07-12,2020-07-12,14,8
2020,LAC,PALM,2020-09-11,2020-09-11,14,8
2020,SKU,NOYES 1-14,2020-07-28,2020-07-28,1,8
2020,ORC,NICHOLS,2020-07-09,2020-07-10,3,8
2020,NEU,SMARTSVILLE,2020-07-09,2020-07-09,2,8
2020,SKU,LIBERTY,2020-07-20,2020-07-20,14,8
2020,SLU,RESERVOIR,2020-11-02,2020-11-02,8,8
2020,SLU,CAMATTA,2020-07-08,2020-07-08,2,7
2020,ORC,WILLIAMS,2020-08-07,2020-08-08,2,7
2020,SLU,DELTA,2020-10-04,2020-10-04,9,7
2020,BDF,GULCH,2020-11-27,2020-12-01,4,7
2020,LNU,MULE,2020-06-20,2020-06-20,9,7
2020,LAC,CANYON,2020-12-13,2020-12-13,11,7
2020,KRN,178,2020-07-25,2020-07-25,14,7
2020,ORC,LAGUNA,2020-06-12,2020-06-12,10,7
2020,BEU,POND,2020-07-26,2020-07-26,8,7
2020,LAC,210TH,2020-07-05,2020-07-05,14,7
2020,SLU,ENERGY,2020-08-29,2020-08-29,11,6
2020,SLU,TOPAZ,2020-07-03,2020-07-03,11,6
2020,VNC,COCHRAN,2020-07-12,2020-07-12,14,6
2020,CZU,BRUNO,2020-02-28,2020-02-28,7,6
2020,LAC,TOPANGA,2020-09-08,2020-09-08,10,6
2020,LNU,ARROW,2020-08-08,2020-08-08,2,6
2020,LAC,HASLEY,2020-06-11,2020-06-11,2,6
2020,LNU,STONY,2020-06-18,2020-06-18,14,6
2020,SLU,LINNE,2020-05-29,2020-05-29,11,6
2020,BTU,2-30,2020-08-17,2020-09-10,1,6
2020,LAC,COLIMA,2020-06-09,2020-06-09,14,6
2020,LNU,DUNNIGAN,2020-06-17,2020-06-17,11,6
2020,KRN,CROSS,2020-06-11,2020-06-11,14,6
2020,SLU,GREEN,2020-07-12,2020-07-12,10,6
2020,SLU,SHED,2020-08-05,2020-08-05,10,6
2020,SLU,JACK,2020-06-12,2020-06-12,14,5
2020,KRN,WOFFORD ,2020-09-28,2020-09-28,14,5
2020,BDF,KARE,2020-05-27,2020-05-30,9,5
2020,LNU,DIGGER/QUAIL,2020-07-08,2020-07-08,2,5
2020,LNU,OAT,2020-05-28,2020-05-28,10,5
2020,MRN,PIERCE,2020-09-27,2020-09-27,2,5
2020,LNU,SALMON,2020-09-10,2020-09-10,2,5
2020,LAC,WAVE,2020-10-10,2020-10-10,14,5
2020,ANF,BLUE,2020-10-16,2020-10-20,1,5
2020,SLU,MEADOW,2020-07-22,2020-07-22,8,5
2020,SLU,WEBSTER,2020-07-06,2020-07-06,8,4
2020,LNU,BLUE LAKES,2020-02-29,2020-08-29,9,4
2020,LAC,CALGROVE,2020-06-30,2020-06-30,2,4
2020,LNU,LUCERNE,2020-09-20,2020-09-20,7,4
2020,LNU,CANAL,2020-09-08,2020-09-08,14,4
2020,VNC,LEWIS,2020-07-23,2020-07-23,14,3
2020,SLU,SPRING,2020-08-12,2020-08-12,10,3
2020,LNU,CEMENT,2020-06-02,2020-06-02,14,3
2020,SKU,ORR,2020-06-18,2020-06-18,2,3
2020,LAC,HILL,2020-06-04,2020-06-04,14,3
2020,SLU,VENICE,2020-07-11,2020-07-11,2,3
2020,SLU,DAVIS,2020-07-19,2020-07-19,10,3
2020,KRN,EXTENSION INC,2020-07-11,2020-07-12,14,3
2020,SLU,CHOLAME,2020-08-18,2020-08-18,14,3
2020,SLU,IV_1,2020-08-15,2020-08-15,1,3
2020,KRN,SABODAN,2020-10-20,2020-10-20,14,3
2020,LAC,NO NAME,2020-09-26,2020-09-26,10,3
2020,LAC,AIRPORT,2020-05-21,2020-05-21,10,3
2020,SLU,LAGO,2020-06-07,2020-06-07,14,2
2020,SKU,GUYS,2020-02-27,2020-02-27,5,2
2020,LAC,TOPANGA,2020-07-22,2020-07-22,11,2
2020,SLU,DAIRY,2020-06-23,2020-06-23,2,2
2020,LNU,NEWELL,2020-06-29,2020-06-29,7,2
2020,KRN,TRAIL,2020-08-03,2020-08-03,14,2
2020,SKU,MARTIN,2020-08-02,2020-08-02,11,2
2020,LNU,LAKE VIEW,2020-07-27,2020-07-27,14,2
2020,SLU,RANCHO,2020-05-31,2020-05-31,5,2
2020,SLU,FARM,2020-06-21,2020-06-21,2,2
2020,LNU,REDWOOD,2020-08-15,2020-08-15,2,2
2020,LNU,ANNAPOLIS,2020-02-12,2020-02-12,14,2
2020,SLU,CAMATTA,2020-06-13,2020-06-13,11,2
2020,SLU,LUCY,2020-10-02,2020-10-02,14,2
2020,SLU,BRIDLE,2020-08-16,2020-08-16,1,2
2020,LNU,LAWLEY,2020-07-08,2020-07-08,2,2
2020,LNU,HUBCAP,2020-10-10,2020-10-10,2,2
2020,SLU,TORO,2020-06-09,2020-06-09,11,2
2020,SLU,CREEK,2020-05-28,2020-05-28,10,2
2020,LNU,LYTTON,2020-10-03,2020-10-03,7,1
2020,LNU,HEATHER,2020-07-08,2020-07-08,9,1
2020,LNU,DUNNIGAN,2020-07-10,2020-07-10,2,1
2020,LNU,17-7,2020-08-17,2020-08-17,1,1
2020,SLU,HUASNA,2020-05-05,2020-05-05,5,1
2020,SLU,CORNELL,2020-08-18,2020-08-18,2,1
2020,SLU,MUSTARD,2020-07-10,2020-07-10,11,1
2020,LAC,GROVE,2020-08-14,2020-08-14,14,1
2020,SKU,SPRING,2020-04-03,2020-04-03,5,1
2020,ORC,WINDY RIDGE,2020-07-31,2020-07-31,14,1
2020,LNU,TAYLOR,2020-08-19,2020-08-19,14,1
2020,LNU,LAMB,2020-07-08,2020-07-08,9,1
2020,LNU,SPRING,2020-08-30,2020-08-30,14,1
2020,LNU,MILL,2020-05-05,2020-05-05,11,1
2020,LNU,FOX,2020-07-27,2020-07-27,4,1
2020,ORC,LIVE OAK,2020-08-22,2020-08-22,10,1
2020,SBC,RANCHO,2020-08-02,2020-08-02,11,1
2020,LAC,BANNING,2020-12-20,2020-12-20,11,1
2020,LPF,PLASKETT,2020-06-03,2020-06-06,5,1
2020,LNU,EAGLE,2020-08-27,2020-08-27,7,1
2020,SLU,BISHOP,2020-05-26,2020-05-26,14,1
2020,MRN,ISLAND,2020-08-09,2020-08-09,4,1
2020,BRR,BITTER,2020-11-01,2020-11-01,10,1
2020,MMU,DONALD,2020-06-18,2020-06-18,7,1
2020,LNU,GEORGE,2020-06-28,2020-06-28,9,1
2020,LNU,CHABLIS,2020-11-22,2020-11-22,8,1
2020,LNU,SPRING,2020-09-14,2020-09-14,11,1
2020,SKU,RED 3-1,2020-07-24,2020-07-24,1,1
2020,LAC,MESA,2020-07-13,2020-07-13,11,1
2020,LNU,CREEK,2020-06-20,2020-06-20,2,1
2020,LNU,COUNTY ROAD 2,2020-06-06,2020-06-06,14,1
2020,LNU,13-1,2020-08-16,2020-08-16,1,1
2020,SLU,MACK,2020-07-11,2020-07-11,10,1
2020,SLU,HILLS,2020-08-11,2020-08-11,10,1
2020,ORC,HIGHLAND,2020-09-12,2020-09-12,14,1
2020,KRN,SIERRA,2020-06-06,2020-06-06,14,1
2020,SLU,DAVIS,2020-11-05,2020-11-05,11,1
2020,LNU,MOBILE,2020-07-26,2020-07-26,2,1
2020,LNU,MONTICELLO,2020-08-30,2020-08-30,14,1
2020,SKU,MOFFETT,2020-06-18,2020-06-18,2,1
2020,KRN,OUTLET,2020-07-16,2020-07-16,14,1
2020,SLU,PRICE,2020-05-31,2020-05-31,10,1
2020,LNU,TWIN,2020-11-23,2020-11-23,5,1
2020,SLU,COUNTRY,2020-09-17,2020-09-17,8,1
2020,SLU,SHERRY,2020-06-07,2020-06-07,2,1
2019,LNU,KINCADE,2019-10-23,2019-11-10,11,77762
2019,PNF,WALKER,2019-09-04,2020-01-15,9,54614
2019,MDF,TUCKER,2019-07-28,2019-09-16,9,14142
2019,INF,TABOOSE,2019-09-04,2019-11-23,1,10267
2019,VNC,MARIA,2019-10-31,2019-11-05,14,10042
2019,TGU,RED BANK,2019-09-05,2019-09-15,1,8822
2019,LDF,SADDLE RIDGE,2019-10-10,2019-10-31,14,8799
2019,INF,SPRINGS,2019-07-26,2019-12-18,1,6614
2019,MDF,LONE,2019-09-05,2019-12-02,1,5737
2019,MMU,BRICEBURG,2019-10-06,2019-10-20,10,5508
2019,SHF,SOUTH,2019-09-05,2019-12-02,1,5333
2019,LAC,TICK,2019-10-24,2019-10-31,14,4581
2019,ENF,CAPLES,2019-10-10,2019-12-10,5,3441
2019,NOD,R1 RANCH,2019-08-28,2019-09-04,1,3379
2019,KRR,REFUGE,2019-05-07,2019-05-09,2,3283
2019,LPF,CAVE,2019-11-25,2019-12-14,7,2597
2019,TGU,RANCH,2019-11-03,2019-11-14,14,2534
2019,BEU,LONOAK,2019-06-25,2019-06-25,11,2520
2019,CCD,LONG VALLEY,2019-08-24,2019-08-26,14,2438
2019,LNU,SAND,2019-06-08,2019-06-13,1,2422
2019,SCU,ROCK,2019-06-26,2019-06-30,14,2233
2019,RRU,TENAJA,2019-09-04,2019-09-14,1,1939
2019,INF,COW,2019-07-25,2019-11-21,1,1875
2019,KNF,LIME,2019-09-05,2019-12-03,1,1873
2019,VNC,EASY,2019-10-30,2019-11-13,14,1806
2019,SLU,MCMILLIAN,2019-06-12,2019-06-12,2,1763
2019,SHF,MIDDLE,2019-09-05,2019-12-03,1,1339
2019,SLU,BOULDER,2019-06-05,2019-06-05,11,1110
2019,NOD,W-1 MCDONALD,2019-08-08,2019-08-12,1,1020
2019,RRU,SANDALWOOD,2019-10-10,2019-10-14,14,1008
2019,MMU,GAINES,2019-08-16,2019-08-20,14,979
2019,SLU,GILLIS,2019-07-08,2019-07-08,2,977
2019,SLU,BELMONT,2019-05-29,2019-05-29,1,832
2019,TUU,CREEK_4,2019-08-31,2019-09-06,2,754
2019,STF,ROSASCO,2019-05-23,2019-12-02,9,732
2019,MEU,BURRIS,2019-10-27,2020-01-28,9,703
2019,NEU,WEST BUTTE,2019-06-08,2019-06-10,14,647
2019,TGU,RAWSON,2019-10-26,2019-10-27,10,605
2019,INF,JORDAN,2019-06-09,2019-08-16,1,590
2019,RRU,HORSESHOE,2019-09-04,2019-09-17,14,583
2019,RRU,LINCOLN,2019-03-15,2019-03-20,7,564
2019,LDF,GETTY,2019-10-28,2019-11-05,11,552
2019,LNU,AMERICAN,2019-10-06,2019-10-07,14,526
2019,RRU,JERRY,2019-06-21,2019-06-21,10,521
2019,BTU,SWEDES,2019-09-06,2019-09-09,5,510
2019,SHU,MOUNTAIN ,2019-08-22,2019-08-26,14,493
2019,MVU,BORDER 6,2019-07-12,2019-07-15,14,467
2019,RRU,HILL,2019-10-30,2019-11-02,14,435
2019,MMU,HUNTER,2019-08-15,2019-08-15,10,428
2019,SBC,REAL,2019-10-17,2019-10-21,14,420
2019,MNF,EAST,2019-09-05,2019-09-23,1,400
2019,MVU,COPPER,2019-10-30,2019-11-01,9,371
2019,SBC,MCMURRAY,2019-09-10,2019-09-14,14,355
2019,SCU,MARSH 3,2019-08-02,2019-08-09,7,339
2019,RRU,46,2019-10-21,2019-10-31,10,329
2019,SQF,BRODER,2019-08-08,2019-11-25,1,328
2019,LPF,MILL,2019-07-30,2019-09-02,9,321
2019,BEU,LAKE,2019-07-29,2019-07-29,10,305
2019,BEU,CROSS,2019-10-08,2019-10-11,14,289
2019,SQF,SCHAEFFER,2019-09-08,2019-12-06,1,287
2019,SHF,RAMSHORN,2019-09-05,2019-10-05,1,286
2019,SCU,HOLLOW,2019-07-03,2019-07-05,10,282
2019,NOD,SNOWSTORM,2019-07-05,2019-07-21,1,264
2019,LPF,SNAIL,2019-09-01,2019-09-13,2,251
2019,MNF,HENTHORNE,2019-09-05,2019-10-31,1,244
2019,KRN,MESA,2019-07-31,2019-08-01,14,227
2019,KNF,KIDDER 2,2019-09-05,2019-11-12,1,226
2019,SCU,MARSH 5,2019-08-02,2019-08-09,7,226
2019,MVU,DEHESA 11,2019-09-24,2019-10-02,14,225
2019,SCU,MALECH,2019-06-09,2019-06-10,2,207
2019,SLU,LOPEZ,2019-09-21,2019-09-24,4,205
2019,TCU,MILTON,2019-07-15,2019-07-15,14,200
2019,MEU,MOOSE,2019-08-12,2019-08-12,2,195
2019,SCU,STUHR,2019-09-12,2019-09-12,10,190
2019,KNF,LUMGREY,2019-06-17,2019-07-17,2,186
2019,SCU,MARSH 6,2019-08-02,2019-08-09,7,173
2019,BDU,HILLSIDE,2019-10-31,2019-11-05,9,172
2019,BEU,SARGENT,2019-07-09,2019-07-09,11,171
2019,VNC,OLIVAS,2019-10-11,2019-10-13,14,171
2019,KRN,VULCAN,2019-05-03,2019-05-03,14,169
2019,BEU,ANTELOPE,2019-09-02,2019-09-02,9,167
2019,BDF,BAUTISTA,2019-09-15,2019-09-23,2,166
2019,LUR,REFUGE,2019-07-21,2019-07-21,10,158
2019,ANF,FIVE,2019-08-03,2019-08-09,2,156
2019,NEU,DYER,2019-06-26,2019-06-26,14,147
2019,MVU,DEHESA 8,2019-07-28,2019-08-02,14,141
2019,SCU,PATTERSON,2019-08-01,2019-08-21,7,139
2019,FKU,SKY,2019-09-05,2019-09-05,11,138
2019,FKU,MUD,2019-10-18,2019-10-19,11,137
2019,SCU,CANYON,2019-05-30,2019-05-30,9,135
2019,MDF,GOOSE2,2019-07-17,2019-08-21,1,132
2019,VNC,SOUTH,2019-07-14,2019-07-15,14,131
2019,NOD,R1 JUNIPER,2019-08-07,2019-08-11,1,130
2019,SHU,TRINITY,2019-06-25,2019-06-25,2,129
2019,NOD,HORSE,2019-08-24,2019-08-26,1,123
2019,SQF,LOST,2019-06-18,2019-07-29,1,121
2019,FKU,HILLS,2019-05-29,2019-06-01,2,120
2019,SHU,COTTAGE,2019-08-15,2019-08-17,2,112
2019,MEU,USAL,2019-07-27,2020-01-27,9,110
2019,PLR,TRACK,2019-06-27,2019-06-27,10,104
2019,FKU,REEF,2019-09-11,2019-09-11,11,103
2019,MVU,SAWDAY,2019-10-25,2019-10-28,15,101
2019,KNF,TREE,2019-07-27,2019-08-06,2,100
2019,LPF,RANGE,2019-07-29,2019-08-05,9,99
2019,SQF,CATTLE,2019-10-05,2019-10-15,9,92
2019,KNF,BAR,2019-09-17,2019-10-30,9,91
2019,FKU,PALM,2019-09-29,2019-09-29,11,89
2019,SLU,THOMPSON,2019-07-24,2019-07-24,4,89
2019,PNF,WEST,2019-09-17,2019-12-01,1,88
2019,RRU,TORO,2019-08-05,2019-08-06,14,88
2019,AEU,COUNTRY,2019-09-03,2019-09-03,14,85
2019,AEU,BROWNS,2019-08-02,2019-08-02,9,84
2019,TCU,MILTON_2,2019-06-02,2019-06-02,14,84
2019,TCU,TULLOCH,2019-09-23,2019-09-25,10,83
2019,RRU,MEADOWS,2019-07-16,2019-07-17,10,81
2019,NEU,SCOTT,2019-06-24,2019-06-24,2,80
2019,SMP,WENDY,2019-10-10,2019-10-14,14,80
2019,SNF,FISH,2019-07-15,2019-07-19,2,76
2019,BEU,HUNTER,2019-06-09,2019-06-09,2,74
2019,SLU,BITTER,2019-06-10,2019-06-10,10,73
2019,PNF,CREEK,2019-11-21,2019-12-06,1,73
2019,LNU,EAGLE,2019-11-04,2019-11-04,14,73
2019,LDF,BARHAM,2019-11-09,2019-11-10,14,72
2019,NEU,22ND,2019-06-08,2019-06-08,14,72
2019,MDF,FORK,2019-08-30,2019-10-29,1,71
2019,MVU,BORDER 9,2019-08-15,2019-08-16,7,67
2019,TCU,LYNETTE,2019-09-23,2019-09-23,9,66
2019,NOD,R6 CREEK,2019-09-06,2019-09-13,1,66
2019,FKU,DEER,2019-06-23,2019-06-26,7,64
2019,TNF,SUGAR,2019-05-10,2019-05-27,1,64
2019,CZU,CABRILLO,2019-10-24,2019-10-24,2,61
2019,BEU,JOLON,2019-09-01,2019-09-01,11,61
2019,FKU,PHELPS,2019-09-05,2019-09-05,11,61
2019,KRN,WHITE,2019-10-07,2019-10-08,14,61
2019,BTU,FORBESTOWN,2019-09-06,2019-09-16,11,57
2019,MVU,WILLOWS 3,2019-09-25,2019-09-25,14,57
2019,KRN,BARREL,2019-05-16,2019-05-16,14,55
2019,GNP,MUIR 2,2019-10-24,2019-10-26,10,55
2019,LPF,RANCH,2019-10-01,2019-10-10,2,55
2019,NOD,HORSE,2019-10-13,2019-10-16,1,54
2019,KRN,ENTRANCE,2019-05-30,2019-05-30,14,53
2019,LNU,OAK,2019-09-07,2019-09-10,2,53
2019,SBC,BAR,2019-11-13,2019-11-13,18,51
2019,FKU,DEVIL,2019-04-24,2019-04-24,11,50
2019,LNU,CANYON,2019-07-22,2019-07-25,2,48
2019,SLU,TOPAZ,2019-06-23,2019-06-23,2,47
2019,PNF,MEADOW,2019-06-11,2019-08-12,1,46
2019,SHU,LOWER,2019-08-12,2019-08-12,1,46
2019,LDF,PALISADES 2,2019-10-21,2019-10-21,14,45
2019,FKU,PANOCHE,2019-04-20,2019-04-20,9,44
2019,TCU,FLOOD,2019-09-05,2019-09-05,14,44
2019,BEU,ARDO,2019-06-12,2019-06-12,11,42
2019,SHU,PLAINS ,2019-10-10,2019-10-10,10,42
2019,KRN,RIDGE,2019-09-29,2019-09-29,14,38
2019,SLU,TRACY,2019-05-27,2019-05-27,2,38
2019,FKU,OIL,2019-09-28,2019-09-28,11,37
2019,SNF,BOWLER,2019-07-22,2019-08-01,1,36
2019,LNP,RED,2019-08-14,2019-11-27,1,36
2019,AEU,PATTERSON,2019-08-15,2019-08-15,14,34
2019,NEU,FAR,2019-07-06,2019-07-06,14,34
2019,TCU,FLOTO,2019-06-29,2019-06-29,14,34
2019,MDR,HEADQUARTERS,2019-07-17,2019-07-19,14,34
2019,SHU,GILBERT,2019-08-04,2019-08-06,2,33
2019,SHU,RANCH,2019-07-05,2019-07-06,2,32
2019,TCU,RODDEN,2019-07-11,2019-07-11,5,32
2019,BEU,VINEYARD ,2019-06-02,2019-06-02,5,32
2019,MVU,CRESTWOOD,2019-11-02,2019-11-02,10,31
2019,TNR,AGUA,2019-10-11,2019-10-12,8,31
2019,LPF,OAK FLAT,2019-05-25,2019-08-27,9,30
2019,CDD,DUNHAM,2019-03-13,2019-03-16,14,30
2019,CDD,92ND,2019-06-12,2019-06-12,14,30
2019,MVU,GASOLINE,2019-05-29,2019-05-30,14,29
2019,MVU,MILLER 2,2019-10-25,2019-10-27,14,29
2019,SQF,RIVER,2019-10-18,2019-10-20,9,29
2019,FKU,COVE,2019-06-20,2019-06-23,7,29
2019,BEU,HERNANDEZ,2019-06-19,2019-06-19,14,28
2019,MDF,NORTH,2019-08-29,2019-09-09,1,28
2019,MVU,OTAY 11,2019-06-29,2019-06-30,14,27
2019,MDF,MCGINTY,2019-08-29,2019-09-17,1,26
2019,NEU,WATT,2019-06-07,2019-06-07,14,26
2019,ORC,ORTEGA,2019-09-13,2019-09-15,14,26
2019,MVU,SCOUT,2019-10-05,2019-10-05,9,25
2019,MDF,TELEPHONE,2019-08-31,2019-09-08,1,25
2019,SHU,HORSE,2019-07-12,2019-07-13,14,24
2019,NEU,FOOTHILLS,2019-11-25,2019-11-25,7,24
2019,BEU,HOLLISTER,2019-06-15,2019-06-15,10,24
2019,NOD,R4 RAILROAD,2019-08-10,2019-08-13,1,24
2019,LNU,GLASS,2019-09-04,2019-09-04,14,23
2019,NOD,R2 SNOWSTORM,2019-06-13,2019-06-19,1,23
2019,MNF,HAYNES,2019-06-16,2019-09-23,1,23
2019,MVU,BORDER,2019-05-13,2019-05-19,5,23
2019,TCU,BRANDT,2019-07-03,2019-07-03,10,23
2019,MDF,GOOSE,2019-03-14,2019-04-01,1,22
2019,CDD,TRAM,2019-08-22,2019-08-25,14,22
2019,NEU,RANGE,2019-05-30,2019-05-30,2,22
2019,SLU,PLANT,2019-08-21,2019-08-21,10,22
2019,NEU,DOUGLAS,2019-08-18,2019-08-18,2,22
2019,SQF,BALD,2019-06-17,2019-07-22,1,22
2019,MVU,PAUMA 4,2019-06-10,2019-06-24,9,22
2019,SRF,VAN DUZEN,2019-08-18,2019-08-25,7,21
2019,AEU,CHAPARRAL,2019-09-29,2019-09-29,9,21
2019,CCD,AIRPORT 2,2019-07-15,2019-07-16,14,21
2019,TNF,SIERRA 2,2019-10-13,2019-12-17,9,20
2019,TCU,PRESTON,2019-08-08,2019-08-08,8,20
2019,CND,SODA,2019-06-08,2019-06-11,14,18
2019,BEU,LUCAS,2019-07-21,2019-07-21,10,18
2019,SHF,CAPTAIN,2019-07-04,2019-07-14,9,17
2019,AEU,COULTER,2019-09-21,2019-09-21,9,17
2019,SHF,CUTTHROAT,2019-09-05,2019-09-12,1,17
2019,SBC,SWEENEY,2019-08-14,2019-08-14,14,16
2019,MVU,VISTA 5,2019-07-17,2019-07-18,14,16
2019,PNF,DIXIE,2019-09-05,2019-09-22,1,16
2019,SKU,ROCKY,2019-06-14,2019-06-18,11,16
2019,CDD,18,2019-07-31,2019-08-01,4,16
2019,LNU,OLIVE,2019-06-19,2019-06-20,11,16
2019,FKU,PYRAMID,2019-09-15,2019-09-15,14,15
2019,SKU,PATRICIA,2019-09-05,2019-09-05,1,15
2019,ORC,FOSSIL,2019-09-15,2019-09-16,14,15
2019,LNU,BACHELOR,2019-09-09,2019-09-09,2,15
2019,MRN,SPIRIT,2019-08-27,2019-08-27,5,15
2019,SLU,CRESTVIEW,2019-06-08,2019-06-08,2,15
2019,SHU,COW,2019-09-24,2019-09-24,10,15
2019,SLU,DOMINGUEZ,2019-06-14,2019-06-14,14,15
2019,FKU,FRAME,2019-09-30,2019-10-02,7,15
2019,CDD,DALE,2019-06-02,2019-06-02,10,14
2019,SHU,5-9,2019-09-05,2019-09-06,1,14
2019,FKU,PALMER,2019-07-04,2019-07-04,11,14
2019,KRN,GROVE,2019-11-15,2019-11-15,14,14
2019,NOD,R3 RYE PATCH,2019-07-26,2019-07-28,1,14
2019,BEU,PARKFIELD,2019-06-30,2019-06-30,11,13
2019,FKU,BRYSON,2019-10-15,2019-10-15,7,13
2019,FKU,HORSE,2019-10-18,2019-10-19,2,13
2019,FKU,SPEARHEAD,2019-05-29,2019-05-30,11,13
2019,BEU,DUDLEY,2019-05-30,2019-05-30,2,13
2019,KRN,KECKS,2019-05-05,2019-05-05,14,13
2019,AEU,CARSON,2019-07-30,2019-07-30,2,13
2019,MDF,FOX,2019-08-28,2019-09-03,1,13
2019,BEU,STAGE,2019-09-18,2019-09-18,7,13
2019,MMU,CONVERSE,2019-12-19,2019-12-19,5,12
2019,SHF,BRADLEY,2019-05-08,2019-05-17,5,12
2019,CND,PINENUT,2019-07-23,2019-07-24,1,12
2019,TCU,CERRITOS,2019-07-15,2019-07-15,14,12
2019,FKU,WARTHAN,2019-09-01,2019-10-02,3,12
2019,KNF,UKONOM,2019-09-05,2019-10-24,1,12
2019,KNF,COMMUNITY,2019-07-27,2019-08-07,2,12
2019,SLU,EUREKA,2019-06-08,2019-06-08,2,11
2019,MVU,BORDER 10,2019-08-25,2019-08-28,14,11
2019,BEU,FRUDDEN,2019-09-03,2019-09-03,2,11
2019,VNC,POTRERO,2019-07-26,2019-07-27,14,11
2019,SLU,O'DONOVAN,2019-06-25,2019-06-25,10,10
2019,NOD,R2 RAVEN,2019-08-07,2019-08-13,1,10
2019,AEU,LIBERTY,2019-09-02,2019-09-02,2,10
2019,SHF,EAGLE,2019-11-16,2019-12-02,9,10
2019,ANF,LOWE,2019-09-22,2019-09-27,7,10
2019,BEU,LIGGETT,2019-06-08,2019-06-08,14,10
2019,AEU,ELECTRA,2019-09-25,2019-09-25,7,10
2019,TCU,CRABTREE,2019-05-13,2019-05-13,9,9
2019,STF,ROCK,2019-11-03,2019-11-26,4,9
2019,SKU,IRONGATE,2019-06-16,2019-06-29,3,9
2019,CZU,DEER,2019-09-03,2019-09-03,5,9
2019,NEU,HAMMONTON,2019-07-13,2019-07-13,14,9
2019,SNF,HALF,2019-06-19,2019-06-29,1,8
2019,SHF,JAKES,2019-09-05,2019-11-30,1,8
2019,PNF,SNAKE,2019-06-21,2019-07-02,1,8
2019,CZU,KING,2019-10-10,2019-10-10,11,8
2019,STF,RUSHING,2019-11-19,2019-12-02,9,7
2019,SKU,HIGH,2019-05-24,2019-05-25,11,7
2019,MVU,GATE,2019-08-22,2019-08-23,14,7
2019,SKU,DUZEL,2019-09-07,2019-09-08,1,6
2019,MVU,GREEN 3,2019-11-06,2019-11-07,14,6
2019,SLU,BELMONT,2019-09-26,2019-09-26,2,5
2019,LAC,MUREAU,2019-10-30,2019-10-30,14,5
2019,SKU,SCOTT,2019-06-23,2019-06-23,5,5
2019,PNF,GRIZZLEY TUNNEL,2019-09-16,2019-09-22,1,5
2019,SKU,AUBREY,2019-09-06,2019-09-06,1,5
2019,SLU,GLADE,2019-07-09,2019-07-09,2,5
2019,SKU,CREEK,2019-06-12,2019-06-12,14,4
2019,SLU,RANCH,2019-09-02,2019-09-02,10,4
2019,KRN,PHILLIPS,2019-10-30,2019-10-30,14,4
2019,SLU,TRACY,2019-05-15,2019-05-15,11,4
2019,SRR,DRUMHELLER SLOUGH,2019-07-02,2019-07-02,9,4
2019,SLU,SADDLE BACK,2019-06-17,2019-06-17,15,4
2019,LAC,TOPANGA 2,2019-11-16,2019-11-16,14,3
2019,SLU,ROCK,2019-06-08,2019-06-08,14,3
2019,ORC,BELLA COLLINA GOLF COURSE SCL ,2019-07-31,2019-07-31,14,3
2019,SKU,ETNA,2019-04-25,2019-04-25,5,3
2019,SLU,SPRING,2019-09-13,2019-09-13,14,3
2019,KRN,CORCORAN,2019-09-24,2019-09-24,3,2
2019,AEU,VINTAGE,2019-07-14,2019-07-14,2,2
2019,ORC,BLUE DIAMOND,2019-05-29,2019-05-29,16,2
2019,ORC,WILLIAMS,2019-11-03,2019-11-04,14,2
2019,SLU,VALLEY,2019-07-04,2019-07-04,14,2
2019,SPR,SEARS,2019-10-17,2019-10-17,10,1
2019,DLR,DELEVAN T28,2019-08-05,2019-08-06,2,1
2019,SLU,COTTONWOOD,2019-04-18,2019-04-18,10,1
2019,MVU,AIRPORT,2019-08-28,2019-08-28,14,1
2019,SLU,BUENA,2019-06-28,2019-06-28,8,1
2019,TCU,BURSON,2019-06-22,2019-06-22,14,1
2019,ORC,BOMMER,2019-10-24,2019-10-24,10,1
2019,MVU,MORRETTI,2019-08-22,2019-08-22,14,1
2019,LAC,LAKE 2,2019-08-02,2019-08-02,14,1
2019,NEU,LOMA,2019-10-06,2019-10-06,2,0
2019,SLU,HELIOS,2019-06-07,2019-06-07,2,0
2019,SLU,HOLLOW,2019-06-08,2019-06-08,2,0
2019,MVU,CAMINO,2019-11-02,2019-11-02,14,0
2019,FWR,TRESTLE,2019-06-02,2019-06-02,14,0
2019,SLU,BELMONT,2019-10-31,2019-10-31,2,0
2018,LNU,RANCH,2018-07-27,2018-09-19,9,410202
2018,SHU,CARR ,2018-07-23,2018-09-01,10,229651
2018,BTU,CAMP,2018-11-08,2018-11-26,11,153335
2018,SNF,FERGUSON,2018-07-13,2018-11-28,9,96831
2018,LNU,COUNTY,2018-06-30,2018-07-11,14,89831
2018,LAC,WOOLSEY,2018-11-08,2018-11-20,11,89551
2018,LNU,RIVER,2018-07-27,2018-08-10,14,48920
2018,SHF,HIRZ,2018-08-09,2018-09-15,9,40608
2018,MDF,STONE,2018-08-15,2018-08-29,1,39584
2018,RRS,NATCHEZ,2018-10-19,2018-12-18,1,38117
2018,SKU,KLAMATHON,2018-07-05,2018-07-21,5,38008
2018,CNF,HOLY,2018-08-06,2018-10-17,9,23025
2018,LNF,WHALEBACK,2018-08-05,2018-08-06,14,18701
2018,LNU,PAWNEE,2018-06-23,2018-07-05,9,15196
2018,INF,LIONS,2018-06-19,2018-11-28,1,13461
2018,TCU,WAVERLY,2018-06-29,2018-08-09,2,11759
2018,HTF,BOOT,2018-09-14,2018-09-17,14,6972
2018,SHF,MOORE,2018-08-09,2018-09-15,9,5574
2018,SQF,ALDER,2018-10-04,2018-12-17,1,4654
2018,MMU,PLANADA,2018-06-15,2018-06-15,2,4564
2018,VNC,HILL,2018-11-08,2018-11-22,14,4310
2018,TGU,SUN,2018-10-08,2018-10-08,10,3866
2018,HIA,MILL CREEK 1,2018-09-05,2018-09-06,14,3676
2018,KRN,TARINA,2018-08-03,2018-08-04,14,3516
2018,TGU,LANE,2018-06-24,2018-06-24,7,3416
2018,LAC,CHARLIE,2018-09-22,2018-09-23,14,3350
2018,INF,GEORGES,2018-07-08,2018-09-02,1,2942
2018,TGU,APPLE,2018-06-09,2018-06-09,2,2725
2018,LNU,SNELL,2018-09-08,2018-09-15,14,2488
2018,TGU,CHROME2,2018-06-09,2018-06-09,9,2259
2018,BEU,TURKEY,2018-08-06,2018-08-07,9,2222
2018,LNU,NELSON,2018-08-10,2018-08-12,9,2158
2018,NOD,EAGLE,2018-07-14,2018-08-06,2,2097
2018,BDU,PLEASANT,2018-02-18,2018-02-25,7,2075
2018,KNP,EDEN,2018-10-04,2018-12-04,1,1777
2018,SHU,HAT ,2018-08-09,2018-08-12,9,1769
2018,SHF,KERLIN,2018-09-04,2018-09-17,9,1752
2018,MMU,NEES,2018-05-02,2018-05-02,2,1739
2018,LAC,STONE,2018-06-04,2018-06-05,2,1350
2018,BDU,VALLEY,2018-07-06,2018-07-20,9,1343
2018,BEU,AIRLINE,2018-06-21,2018-06-22,11,1312
2018,SQF,MOUNTAINEER,2018-10-13,2018-12-17,1,1270
2018,RRU,PATTERSON,2018-05-17,2018-05-18,2,1260
2018,BDU,MOFFAT,2018-04-19,2018-04-23,4,1253
2018,NEU,BUTTE,2018-07-31,2018-08-02,14,1237
2018,SHU,DUMP,2018-06-24,2018-06-27,7,1220
2018,TNF,NORTH,2018-09-03,2018-10-17,4,1119
2018,LPF,FRONT,2018-08-19,2018-11-07,9,1013
2018,BTU,STONEY,2018-07-12,2018-09-07,14,954
2018,MNF,EEL,2018-07-31,2018-10-11,9,939
2018,AEU,IRISH,2018-07-06,2018-07-10,2,824
2018,LNU,EIGHTY EIGHT,2018-07-18,2018-07-21,14,822
2018,TGU,DALE,2018-07-09,2018-07-09,14,722
2018,NEU,SUNSET,2018-08-01,2018-08-03,14,692
2018,BEU,GULCH,2018-08-11,2018-08-11,2,683
2018,NOD,TUMBLEWEED,2018-06-14,2018-06-19,10,645
2018,SCU,GRANT,2018-07-09,2018-07-09,9,632
2018,TCU,TULLOCH,2018-09-09,2018-09-13,10,574
2018,BEU,EASTERN 2,2018-06-04,2018-06-12,11,528
2018,CNF,WEST,2018-07-06,2018-07-10,2,505
2018,TUU,RIVER_7,2018-08-15,2018-08-18,14,496
2018,BTU,JUNES,2018-10-30,2018-11-12,5,450
2018,CND,HOT CREEK,2018-07-31,2018-08-29,1,436
2018,MMU,ONEALS,2018-06-04,2018-06-07,2,432
2018,LMU,HYATT,2018-06-27,2018-06-29,8,431
2018,BEU,METZ,2018-09-13,2018-09-15,11,411
2018,SHU,PANTHER ,2018-06-24,2018-06-27,7,386
2018,SQF,CALL,2018-08-18,2018-09-09,9,367
2018,MMU,OAK,2018-09-22,2018-09-29,8,359
2018,YNP,INDIAN,2018-09-04,2018-11-26,1,358
2018,BTU,SHIPPEE,2018-06-26,2018-06-26,11,357
2018,SHU,BASCOM,2018-06-23,2018-06-23,2,336
2018,MVU,PASQUAL,2018-07-29,2018-12-18,14,327
2018,SCU,COUNTRY,2018-07-22,2018-10-25,14,321
2018,AEU,SHINGLE,2018-07-04,2018-07-04,7,315
2018,INF,OWENS,2018-07-31,2018-08-29,1,308
2018,TCU,SOUTH,2018-08-06,2018-08-08,10,292
2018,BEU,SAN ARDO,2018-06-25,2018-06-26,9,287
2018,CNF,SKYLINE,2018-07-19,2018-08-03,9,281
2018,BEU,PANOCHE 2,2018-06-04,2018-06-06,9,266
2018,LNF,WILSON,2018-09-28,2018-11-30,9,261
2018,TGU,STOLL,2018-06-24,2018-06-24,14,258
2018,CNP,SANTA CRUZ,2018-03-27,2018-04-05,18,258
2018,LMU,ROXIE,2018-07-26,2018-07-27,14,256
2018,MVU,RECYCLE,2018-06-06,2018-06-10,4,248
2018,SCU,MARSH,2018-07-26,2018-08-04,14,247
2018,SRF,GRAPE,2018-04-24,2018-06-20,5,244
2018,KNF,PETERSBURG,2018-07-01,2018-10-05,9,225
2018,SKU,STEAMBOAT,2018-07-15,2018-07-20,1,223
2018,BDF,RIBBON,2018-07-28,2018-08-03,14,222
2018,MDF,BATTLE,2018-07-22,2018-09-11,1,220
2018,LAC,FAIRMONT,2018-09-09,2018-09-09,14,219
2018,BEU,PANOCHE,2018-07-11,2018-07-15,14,213
2018,MVU,ROCK 5,2018-07-28,2018-08-02,14,206
2018,KRN,ROUND,2018-09-12,2018-09-14,14,201
2018,AEU,DUTCH,2018-08-02,2018-08-05,14,197
2018,BEU,BEAVER,2018-06-12,2018-06-18,9,194
2018,SBC,WASIOJA,2018-05-20,2018-05-22,11,189
2018,VNC,PEAK,2018-11-12,2018-11-14,9,182
2018,ORC,ALISO ,2018-06-02,2018-06-10,14,175
2018,LAC,SOUTH,2018-06-09,2018-06-12,14,175
2018,KNP,NORTH BUBBS,2018-08-01,2018-09-06,1,173
2018,BEU,PRIEST,2018-10-13,2018-10-13,2,171
2018,LPF,OGILVY,2018-09-01,2018-10-16,1,165
2018,TCU,FLAT,2018-06-24,2018-07-04,14,163
2018,RRU,EUCLID,2018-06-13,2018-06-23,14,156
2018,ORC,SANTIAGO,2018-06-11,2018-06-14,14,154
2018,SHU,GORGE ,2018-08-19,2019-08-19,14,154
2018,VNC,BRIGGS,2018-11-15,2018-11-16,14,154
2018,ANF,FORK,2018-09-09,2018-10-05,9,138
2018,LNU,STEELE,2018-07-28,2018-08-01,14,136
2018,TCU,PARROTTS,2018-08-05,2018-08-20,14,135
2018,AEU,SLIGER,2018-09-04,2018-09-07,14,134
2018,SHU,FLAT,2018-06-28,2018-06-30,14,129
2018,MMU,WHEELER,2018-06-18,2018-06-20,14,124
2018,LNU,SPRING 2,2018-07-09,2018-07-11,14,121
2018,SCU,BRIDAL,2018-07-06,2018-07-07,14,120
2018,SBC,HOLIDAY,2018-07-06,2018-07-09,14,118
2018,PNF,MURPHY,2018-08-07,2018-10-07,9,117
2018,MNF,OPEN,2018-06-01,2018-06-27,7,113
2018,KRN,PINE,2018-08-16,2018-08-17,14,111
2018,LAC,PICO,2018-07-23,2018-07-24,14,111
2018,BEU,IDRIA,2018-07-12,2018-07-15,9,110
2018,CDD,AGUA CALIENTE,2018-07-09,2018-07-10,11,108
2018,FKU,COBBLE,2018-05-26,2018-05-27,2,108
2018,TGU,JELLY,2018-05-18,2018-05-18,2,107
2018,TCU,COOPERSTOWN ,2018-07-16,2018-07-21,7,106
2018,LNU,CACHE,2018-08-26,2018-08-28,14,103
2018,SQF,WOOD,2018-05-21,2018-07-23,1,97
2018,SHU,CORNER ,2018-07-28,2018-07-28,14,94
2018,SBC,WINDMILL,2018-07-20,2018-07-23,2,90
2018,SLU,WATER,2018-05-24,2018-05-24,11,87
2018,PNF,CROCKER,2018-07-24,2018-10-07,1,87
2018,KNP,DENNISON,2018-10-13,2018-12-04,1,87
2018,HIA,SIGNBOARD,2018-11-16,2018-11-17,14,81
2018,SLU,SHANDON,2018-09-29,2018-09-29,14,80
2018,MDF,JUNIPER,2018-07-18,2018-07-31,1,79
2018,TCU,HORSE,2018-06-25,2018-07-05,14,79
2018,FKU,ANCHOR,2018-06-27,2018-06-29,7,78
2018,NEU,SANKEY,2018-06-06,2018-06-06,11,77
2018,SBC,CRUCES,2018-07-18,2018-07-19,10,77
2018,TGU,CHROME,2018-05-28,2018-05-28,9,76
2018,LMU,3-16 PIT,2018-07-15,2018-07-21,1,76
2018,SHU,CREEK,2018-06-24,2018-06-26,7,71
2018,SCU,TESLA,2018-06-29,2018-06-30,14,70
2018,BDU,STERLING,2018-08-31,2018-09-07,9,69
2018,AEU,BUMPER,2018-08-01,2018-08-03,14,66
2018,AEU,OMEGA,2018-08-01,2018-08-02,14,66
2018,AEU,LIBERTY,2018-06-12,2018-06-12,5,63
2018,KNF,CHERRY,2018-06-27,2018-07-02,5,62
2018,NEU,NEWTON,2018-08-06,2018-08-08,14,62
2018,LPF,CANYON,2018-06-23,2018-07-14,2,62
2018,BDF,BOX,2018-07-06,2018-07-20,2,61
2018,MDF,MEADOW,2018-07-15,2018-08-05,1,60
2018,SHU,CRESTLINE ,2018-07-24,2018-07-24,14,60
2018,VNC,YOSEMITE,2018-09-18,2018-09-18,14,60
2018,SHU,SILVER,2018-09-28,2018-09-28,14,60
2018,BEU,MANZANITA,2018-09-01,2018-09-02,11,59
2018,SBC,HAPPY,2018-05-17,2018-05-17,11,59
2018,SLU,VISTA,2018-06-13,2018-06-13,2,59
2018,MVU,AGUA,2018-05-22,2018-05-24,14,59
2018,SLU,CAMINO,2018-10-19,2018-10-19,10,58
2018,LNU,GRADE,2018-08-30,2018-08-30,14,58
2018,LMU,3-10 VALLEY,2018-07-15,2018-07-18,1,57
2018,LNF,H-2 CAMP,2018-07-15,2018-11-02,1,56
2018,SLU,CRESTON,2018-06-14,2018-06-14,10,56
2018,TGU,ADAMS,2018-11-05,2018-11-05,11,55
2018,YNP,RANCHERIA,2018-09-08,2018-11-30,1,54
2018,MMU,BOYER,2018-06-15,2018-06-16,2,52
2018,MDF,KELLY,2018-07-14,2018-08-03,1,52
2018,LMU,COPPER,2018-09-22,2018-09-28,7,52
2018,BDF,KENBROOK,2018-09-26,2018-10-15,9,51
2018,SLU,RESERVOIR,2018-09-16,2018-09-16,11,51
2018,AEU,GRANT,2018-06-29,2018-06-29,10,50
2018,LNU,CARDER,2018-07-21,2018-07-21,14,50
2018,FKU,AQUEDUCT,2018-04-12,2018-04-12,2,49
2018,SLU,SPRING,2018-09-02,2018-09-02,10,46
2018,INF,LOST,2018-10-03,2018-11-28,1,46
2018,KRN,LEBEC,2018-07-08,2018-07-09,14,45
2018,TNR,AGUA,2018-11-27,2018-11-27,2,44
2018,FKU,EDISON,2018-11-04,2018-11-07,18,41
2018,LNU,EAST,2018-08-08,2018-08-09,14,40
2018,NEU,BUTTE_2,2018-11-13,2018-11-13,14,40
2018,BEU,HIDDEN,2018-07-25,2018-07-25,14,38
2018,SKU,MARTIN,2018-06-06,2018-06-07,5,36
2018,BEU,FAIRVIEW 2,2018-06-03,2018-06-03,11,35
2018,LNU,RIDGE,2018-09-02,2018-09-03,14,35
2018,KNP,HORSE CREEK,2018-07-19,2018-09-06,1,34
2018,BDF,CREEK,2018-06-30,2018-07-20,9,32
2018,BTU,SIMMONS,2018-07-19,2018-07-19,7,32
2018,LMU,3-18 SNAG,2018-07-15,2018-07-22,1,30
2018,SNF,EAGLE,2018-10-02,2018-10-08,1,30
2018,NEU,NELSON,2018-06-29,2018-07-03,14,30
2018,KRN,PEPPER,2018-06-08,2018-06-08,14,29
2018,TGU,LARIAT,2018-07-14,2018-07-14,14,29
2018,MVU,BORDER 8,2018-07-17,2018-07-17,7,28
2018,VNC,OLSEN,2018-06-27,2018-06-28,14,27
2018,MDF,QUARANTINE,2018-08-15,2018-08-29,1,27
2018,TCU,WILDCAT,2018-10-12,2018-10-13,9,26
2018,SLU,VINEYARD,2018-05-30,2018-05-30,2,25
2018,NEU,THORNTREE,2018-09-25,2018-09-25,14,25
2018,SCA,MARTINEZ,2018-07-25,2018-07-26,14,24
2018,LNU,KELSEY,2018-09-03,2018-09-03,14,24
2018,FKU,UTICA,2018-06-12,2018-06-12,2,24
2018,KNF,COUGAR,2018-03-31,2018-06-26,2,23
2018,NEU,SPENCE,2018-07-01,2018-07-06,9,22
2018,NEU,RANCHO,2018-06-29,2018-06-30,14,22
2018,MMU,WAGNER,2018-08-04,2018-08-07,11,22
2018,RRU,SOBOBA,2018-09-14,2018-09-15,14,21
2018,TCU,CARTER,2018-06-07,2018-06-11,9,20
2018,PNF,FRENCH,2018-04-26,2018-05-01,5,20
2018,LNF,SPRING,2018-07-18,2018-08-29,1,20
2018,NEU,BASELINE,2018-07-03,2018-07-04,14,19
2018,MDF,ESSEX,2018-09-02,2018-09-16,1,19
2018,SBC,WOODCHOPPER 1,2018-07-17,2018-07-17,11,19
2018,KRN,DERBY,2018-06-06,2018-06-06,14,19
2018,SQF,MOSES,2018-10-17,2018-12-17,1,19
2018,LPF,ADAMS,2018-07-19,2018-08-01,1,19
2018,TCU,LAKE,2018-07-24,2018-07-27,14,18
2018,LAC,HEFFNER,2018-05-04,2018-05-05,14,17
2018,NOD,LIKELY,2018-08-05,2018-08-07,10,16
2018,VNC,CASITAS,2018-08-12,2018-08-13,14,15
2018,BEU,GABILAN,2018-02-17,2018-02-17,5,15
2018,CZU,RINCON,2018-11-03,2018-11-09,14,15
2018,SQF,BASKET,2018-09-15,2018-10-01,4,15
2018,LMU,COYOTE,2018-07-14,2018-07-19,1,15
2018,HUU,JOHNSON,2018-07-15,2018-07-16,7,15
2018,SKU,IRON GATE,2018-10-10,2018-10-12,2,15
2018,TCU,RIATA,2018-09-09,2018-09-12,9,14
2018,LAC,COMMERCE,2018-05-06,2018-05-06,11,14
2018,YNP,TILTILL,2018-07-13,2018-08-21,1,14
2018,FKU,RUTH,2018-10-24,2018-10-24,2,14
2018,ANF,SAN,2018-11-02,2018-11-07,4,14
2018,MVU,CASNER 2,2018-08-06,2018-08-06,2,13
2018,LMU,TERMO,2018-07-07,2018-07-07,10,13
2018,SLU,CAMP,2018-07-17,2018-07-17,11,13
2018,LMU,RICE,2018-09-04,2018-09-08,14,13
2018,AEU,INDIO,2018-06-08,2018-06-08,10,13
2018,CNF,MONTE,2018-05-09,2018-05-10,14,13
2018,HUU,MATTOLE,2018-02-11,2018-02-11,14,13
2018,LNU,MADRONA,2018-08-16,2018-08-16,14,12
2018,SLU,RESORT,2018-06-13,2018-06-13,14,12
2018,LNU,BELLAGIO,2018-05-21,2018-05-21,14,12
2018,BEU,RANCHITA,2018-06-19,2018-06-19,10,12
2018,SQF,HOOPER,2018-06-18,2018-07-06,9,12
2018,NEU,THOUSAND,2018-07-18,2018-07-18,11,12
2018,SKU,HIDDEN,2018-02-02,2018-02-02,5,12
2018,MVU,BORDER 3,2018-02-08,2018-02-08,14,12
2018,FKU,COLDWELL,2018-06-02,2018-06-02,7,12
2018,ANF,DEL,2018-09-11,2018-09-14,10,12
2018,MVU,VISTA,2018-06-05,2018-06-06,14,12
2018,LNU,MADISON,2018-06-01,2018-06-01,14,12
2018,MVU,CINNAMON,2018-07-20,2018-07-20,2,11
2018,HTF,SILVER KING,2018-08-30,2018-08-31,14,11
2018,FKU,ELEPHANT,2018-06-11,2018-06-11,2,11
2018,CND,MCGEE,2018-08-30,2018-09-02,14,11
2018,NOD,CONSTANTIA,2018-08-05,2018-08-06,14,11
2018,MVU,CHURCH 2,2018-06-11,2018-06-12,10,11
2018,BTU,DARK,2018-07-10,2018-07-10,2,10
2018,FKU,SYCAMORE,2018-06-18,2018-06-19,14,10
2018,MVU,BUILDING,2018-07-06,2018-07-07,9,10
2018,BEU,GRIFFEN,2018-06-24,2018-06-27,7,10
2018,FKU,SHEPHERD,2018-05-30,2018-05-30,2,10
2018,LNU,SYAR,2018-08-09,2018-08-09,14,10
2018,AEU,MYERS,2018-09-20,2018-09-22,14,10
2018,VNC,LYNN,2018-11-12,2018-11-13,14,10
2018,FKU,FRAZIER,2018-06-03,2018-06-03,2,9
2018,VNC,TAPO,2018-08-01,2018-08-01,14,9
2018,TCU,WHISKEY,2018-10-15,2018-10-26,14,9
2018,LMU,3-13 MUCK,2018-07-15,2018-07-20,1,9
2018,LAC,DULCE,2018-08-18,2018-08-18,15,9
2018,CZU,BEAR,2018-11-16,2018-11-16,14,9
2018,FKU,SHELL,2018-07-04,2018-07-04,2,8
2018,NEU,OAK,2018-08-12,2018-08-12,14,8
2018,HUU,SCHOOL,2018-08-20,2018-08-20,9,7
2018,LAC,BRIDGE,2018-04-19,2018-04-20,11,7
2018,SHU,HONEYBEE,2018-06-24,2018-06-24,7,7
2018,ORC,TALBERT PARK SOUTH,2018-04-15,2018-04-15,14,7
2018,VNC,TELEGRAPH,2018-06-12,2018-06-12,14,7
2018,VNC,HARBOR,2018-06-29,2018-06-30,14,7
2018,LAC,COPCO,2018-11-07,2018-11-14,9,6
2018,STF,LOST,2018-07-12,2018-07-30,9,6
2018,VNC,COLLINS,2018-09-26,2018-09-26,9,6
2018,VNC,SOUTH,2018-10-19,2018-10-19,14,5
2018,SLU,TOWNSITE,2018-06-12,2018-06-12,2,5
2018,LNU,RESERVOIR,2018-05-28,2018-05-28,14,5
2018,SLU,RANGE,2018-02-12,2018-02-12,9,5
2018,NEU,RIDGE,2018-06-30,2018-07-02,2,4
2018,NEU,NICOLAUS,2018-07-01,2018-07-02,2,4
2018,RRS,POKER,2018-07-22,2018-12-18,14,4
2018,KRN,OILFIELD INC,2018-04-10,2018-04-10,14,4
2018,STF,HUNTER,2018-07-30,2018-07-30,9,4
2018,FKU,LAKE,2018-05-30,2018-06-01,2,4
2018,FKU,FRAME,2018-06-04,2018-06-04,7,3
2018,SLU,ALMOND,2018-07-12,2018-07-12,11,3
2018,SLU,CREEK,2018-08-19,2018-08-19,2,3
2018,KRN,OIL,2018-07-29,2018-07-29,14,2
2018,MCP,SAN MATEO CAMPGROUND,2018-08-02,2018-08-02,14,2
2018,YNP,UNICORN,2018-07-29,2018-11-30,1,2
2018,LNU,BERREYESSA,2018-06-01,2018-06-01,14,2
2018,SKU,BLUE,2018-05-15,2018-05-15,3,2
2018,SMP,SERRA,2018-01-29,2018-01-30,14,2
2018,KRN,DIRT,2018-09-11,2018-09-11,14,2
2018,KRN,ANNETTE,2018-08-20,2018-08-20,14,2
2018,SKU,OBERLIN,2018-06-12,2018-06-12,2,2
2018,LAC,OAK,2018-12-25,2018-12-25,11,2
2018,SKU,WEST,2018-06-19,2018-06-19,2,2
2018,LAC,QUAIL,2018-10-16,2018-10-16,14,2
2018,SKU,NORTH,2018-07-23,2018-07-26,1,2
2018,SKU,ORDWAY,2018-03-12,2018-03-12,5,2
2018,SLU,COLONY,2018-09-14,2018-09-14,11,2
2018,KRN,SOUTH,2018-06-18,2018-06-18,14,2
2018,VNC,ARROYO,2018-06-12,2018-06-12,14,2
2018,KRN,LAKE,2018-05-31,2018-05-31,14,1
2018,MCR,FARM FIELD 3,2018-10-30,2018-10-30,11,1
2018,VNC,CORONADO,2018-06-12,2018-06-12,14,1
2018,KRN,HILL,2018-05-28,2018-05-28,14,1
2018,SQF,ROCK,2018-10-29,2018-10-30,14,1
2018,ORC,LIVE OAK,2018-06-13,2018-06-13,14,1
2018,HTF,CLIFF,2018-08-28,2018-08-28,14,1
2018,VNC,TORREY,2018-06-04,2018-06-04,2,1
2018,VNC,ROBLAR,2018-07-21,2018-07-21,14,1
2018,VNC,SURF,2018-01-28,2018-01-29,14,1
2018,VNC,VISTA,2018-11-16,2018-11-16,2,1
2018,KNP,THARPS,2018-10-12,2018-11-28,1,1
2018,RNP,LIMANTOUR,2018-07-09,2018-07-10,10,1
2018,LAC,SANTA MARIA,2018-10-31,2018-10-31,14,1
2018,SMP,KNOLLS,2018-10-19,2018-10-20,4,1
2018,KRN,NATIONAL,2018-08-30,2018-08-30,14,1
2018,ORC,LAGUNA ,2018-06-06,2018-06-06,14,1
2018,SLU,LAGUNA,2018-07-29,2018-07-29,2,1
2018,SKU,PATTERSON,2018-04-23,2018-04-23,5,1
2018,SKU,MUSTANG,2018-03-07,2018-03-07,5,1
2018,SKU,FRANKLIN,2018-05-13,2018-05-13,5,1
2018,FKU,FISH,2018-08-30,2018-08-30,9,1
2018,SPR,PADDOCK,2018-09-06,2018-09-06,10,0
2018,LAC,SUN,2018-06-21,2018-06-21,14,0
2018,VNC,RIVER,2018-06-16,2018-06-16,14,0
2018,SMP,CORNELL,2018-05-29,2018-05-30,14,0
2018,ORC,AMENO,2018-11-26,2018-11-26,14,0
2018,SLU,MATTIE,2018-07-17,2018-07-17,10,0
2018,VNC,BALCOM,2018-01-28,2018-01-28,14,0
2018,ORC,COTO,2018-08-05,2018-08-05,14,0
2018,VNC,TREE,2018-06-14,2018-06-14,2,0
2018,VNC,MCWANE,2018-01-28,2018-01-29,14,0
2018,VNC,VICTORIA,2018-07-02,2018-07-02,14,0
2018,VNC,CENTER,2018-01-20,2018-01-20,14,0
2018,VNC,ROADRUNNER,2018-11-08,2018-11-08,14,0
2018,CNF,JIM,2018-06-05,2018-06-18,14,0
2018,VNC,LUNA,2018-07-16,2018-07-16,9,0
2018,VNC,BEACH,2018-06-30,2018-06-30,9,0
2018,KRN,WELDON,2018-05-31,2018-05-31,14,0
2018,HTF,GOLD,2018-06-27,2018-08-03,14,0
2018,ORC,CREEK,2018-01-28,2018-01-28,14,0
2018,SLU,ANTELOPE,2018-09-06,2018-09-06,10,0
2018,VNC,HARBOR,2018-04-14,2018-04-14,14,0
2018,VNC,MARIA,2018-10-22,2018-10-22,14,0
2018,VNC,BALCOM,2017-12-22,2017-12-22,14,0
2018,VNC,KUEHNER,2018-05-07,2018-05-07,14,0
2018,ORC,ALICIA,2018-07-09,2018-07-09,14,0
2018,VNC,PERKINS,2018-06-19,2018-06-19,14,0
2018,VNC,FAIRVIEW,2018-07-30,2018-07-30,9,0
2018,SKU,GULCH,2018-07-23,2018-07-26,1,0
2018,VNC,HARBOR,2018-07-02,2018-07-02,14,0
2018,VNC,HOPPER,2018-02-07,2018-02-07,2,0
2018,VNC,STEARNS,2018-11-08,2018-11-08,9,0
2018,ORC,SANTIAGO CANYON,2018-07-11,2018-07-11,14,0
2018,VNC,CAMPUS,2018-02-25,2018-02-25,14,0
2018,VNC,GRIMES,2018-10-31,2018-11-01,2,0
2018,VNC,LEMON,2018-07-06,2018-07-06,14,0
2018,ORC,RIDGE ROUTE ,2018-01-23,2018-01-23,14,0
2018,VNC,GUIBERSON,2018-02-15,2018-02-15,9,0
2018,VNC,BURSON,2018-07-08,2018-07-08,2,0
2018,LAC,MUREAU,2018-10-10,2018-10-10,11,0
2018,VNC,DITCH,2018-07-13,2018-07-13,14,0
2018,VNC,KNOLL,2018-06-30,2018-06-30,14,0
2018,LAC,VANTAGE,2018-09-08,2018-09-08,3,0
2018,LAC,VIEW,2018-05-27,2018-05-27,2,0
2018,ORC,EL TORO IC ,2018-01-24,2018-01-24,14,0
2018,ORC,B2 - YORBA,2018-09-15,2018-09-15,14,0
2018,VNC,SULPHUR,2018-06-28,2018-06-28,2,0
2018,LAC,WELDON,2018-11-01,2018-11-01,2,0
2018,VNC,BROMLEY,2018-08-25,2018-08-25,9,0
2018,ORC,JAMBOREE,2018-08-05,2018-08-05,14,0
2018,VNC,MADERA,2018-10-16,2018-10-16,14,0
2018,VNC,ROCKY,2018-08-04,2018-08-04,9,0
2018,VNC,PEKING,2018-11-16,2018-11-16,9,0
2018,VNC,MAIN,2018-01-03,2018-01-03,14,0
2018,VNC,ERBES,2018-01-31,2018-01-31,14,0
2018,LAC,RAMBLA,2018-02-13,2018-02-13,11,0
2018,MCP,MCP BASILONE GATE,2018-03-28,2018-03-28,14,0
2018,ORC,CANADA IC ,2018-02-20,2018-02-20,14,0
2018,VNC,SOUTH,2017-12-21,2017-12-21,14,0
2018,VNC,SOUTH MOUNTAIN,2018-07-06,2018-07-06,14,0
2018,ORC,COSTCO,2018-09-29,2018-09-29,14,0
2018,VNC,KUEHNER,2018-12-14,2018-12-14,14,0
2018,ORC,LA RAMBLA,2018-02-19,2018-02-19,14,0
2018,VNC,ROLLING,2018-07-23,2018-07-23,14,0
2018,ORC,BLUFF COVE ,2018-02-12,2018-02-12,14,0
2018,ORC,SOUTH HAMPTON CT ,2018-03-27,2018-03-27,14,0
2018,VNC,CANADA,2018-09-18,2018-09-18,14,0
2018,VNC,ERRINGER,2018-01-31,2018-01-31,9,0
2018,VNC,NO NAME,2018-07-30,2018-07-30,9,0
2018,VNC,HARBOR,2018-01-29,2018-01-29,14,0
2018,VNC,DUNES,2018-07-15,2018-07-15,14,0
2017,VNC,THOMAS,2017-12-04,2018-01-12,9,281790
2017,KNF,OAK,2017-08-11,2017-09-29,1,91125
2017,NOD,LONG VALLEY,2017-07-11,2017-07-27,10,83581
2017,MMU,DETWILER,2017-07-16,2017-08-31,9,81826
2017,KNF,WALLOW,2017-08-11,2017-11-13,1,63785
2017,LNU,NUNS,2017-10-08,2017-10-31,14,55798
2017,LNU,ATLAS,2017-10-08,2017-11-01,14,51624
2017,FKU,GARZA,2017-07-09,2017-07-25,10,48886
2017,MDF,STEELE,2017-07-26,2017-08-13,1,45704
2017,LNU,TUBBS,2017-10-08,2017-11-01,14,36701
2017,SQF,PIER,2017-08-29,2017-08-30,7,36619
2017,LNU,REDWOOD VALLEY,2017-10-08,2017-10-25,14,36522
2017,RRS,ABNEY,2017-08-10,2018-01-09,1,32893
2017,MDF,COVE,2017-07-25,2017-09-06,1,30890
2017,SLU,ALAMO,2017-07-06,2017-07-20,10,28834
2017,SRF,HAYPRESS,2017-08-10,2017-10-16,1,21317
2017,SQF,LION,2017-09-25,2017-11-02,1,18913
2017,NOD,R-4 PARSNIP,2017-08-30,2017-09-15,1,18601
2017,SHF,HELENA,2017-08-30,2017-11-14,9,18493
2017,LPF,WHITTIER,2017-07-08,2017-12-21,9,18412
2017,LNU,POCKET,2017-10-08,2017-11-01,14,17359
2017,NEU,CASCADE,2017-10-08,2017-10-26,14,16140
2017,SQF,SCHAEFFER,2017-06-24,2017-11-15,1,15833
2017,LAC,CREEK,2017-12-05,2017-12-05,14,15619
2017,SHF,BUCK,2017-09-12,2017-10-30,1,13357
2017,SNF,RAILROAD,2017-08-29,2017-11-18,9,12371
2017,FKU,ELM,2017-05-18,2017-05-23,2,11146
2017,ORC,CANYON II,2017-10-09,2017-10-17,5,9198
2017,KNF,CEDAR,2017-08-08,2017-09-29,1,9129
2017,CND,SLINKARD,2017-08-29,2017-09-21,1,8923
2017,YNP,EMPIRE,2017-07-31,2017-11-27,1,8577
2017,BTU,CHEROKEE,2017-10-08,2017-11-05,11,8415
2017,MDF,PARKER2 ,2017-08-03,2017-08-15,1,7693
2017,YNP,SOUTH FORK,2017-08-13,2017-11-03,1,7560
2017,LDF,LA TUNA,2017-09-01,2017-09-08,14,7051
2017,RRU,MANZANITA,2017-06-26,2017-06-30,10,6303
2017,LAC,RYE,2017-12-05,2017-12-13,14,6047
2017,NOD,MUD,2017-08-29,2017-09-11,1,6036
2017,BTU,WALL,2017-07-07,2017-08-03,2,6028
2017,MDF,LAKE,2017-07-27,2017-08-30,1,4665
2017,FKU,JAYNE,2017-04-20,2017-04-21,2,4533
2017,STF,MCCORMICK,2017-08-18,2017-11-16,1,4423
2017,PNF,MINERVA 5,2017-07-29,2017-08-16,7,4339
2017,SRF,UKONOM,2017-07-25,2017-10-15,1,4240
2017,MVU,LILAC,2017-12-07,2017-12-24,14,4080
2017,BTU,PONDEROSA,2017-08-29,2017-10-28,7,4015
2017,RRU,PALMER,2017-09-02,2017-09-06,9,3872
2017,SHF,FORK,2017-08-07,2017-11-15,1,3372
2017,SRF,WILLIE,2017-08-07,2017-08-22,1,3140
2017,KRN,HAWK,2017-07-07,2017-07-07,2,2940
2017,ORC,CANYON I,2017-09-25,2017-10-01,9,2661
2017,LNU,WINTER,2017-07-06,2017-07-12,10,2366
2017,INF,INDIAN,2017-08-03,2017-08-31,1,2294
2017,TUU,ROADRUNNER,2017-07-30,2017-08-01,7,2284
2017,LNU,SULPHER,2017-10-09,2017-10-25,14,2206
2017,MVU,GATE,2017-05-20,2017-05-23,9,1912
2017,BEU,PARKFIELD,2017-07-08,2017-07-08,11,1821
2017,STF,CREEK ,2017-09-03,2017-09-12,1,1747
2017,MMU,WRIGHT,2017-05-12,2017-05-13,14,1730
2017,FKU,PARK,2017-07-17,2017-07-19,2,1648
2017,SLU,HILL,2017-06-26,2017-06-30,10,1645
2017,SRF,BURNEY,2017-07-26,2017-10-16,1,1643
2017,LNU,37,2017-10-09,2017-10-16,11,1613
2017,KNF,ISLAND,2017-06-26,2017-09-01,1,1594
2017,FKU,DERRICK,2017-07-02,2017-07-05,14,1561
2017,SRF,DUTCHMAN,2017-08-07,2017-08-12,1,1522
2017,SQF,HIGHWAY,2017-06-18,2017-09-26,9,1522
2017,BDF,HOLCOMB,2017-06-19,2017-07-09,9,1505
2017,MDF,RIMROCK,2017-07-24,2017-11-29,1,1492
2017,MMU,OAKWOOD,2017-06-10,2017-06-13,9,1428
2017,SQF,CALDWELL,2017-09-01,2017-10-23,1,1321
2017,SQF,GARDEN,2017-07-30,2017-11-04,2,1282
2017,AEU,LATROBE,2017-07-26,2017-07-26,5,1268
2017,KRN,HUDSON,2017-07-18,2017-07-18,14,1175
2017,TNF,CHILCOOT,2017-08-06,2017-08-07,1,1019
2017,RRU,OPERA,2017-04-30,2017-05-02,10,999
2017,SHU,BERRY,2017-09-12,2017-10-04,1,994
2017,MMU,MISSION,2017-09-03,2017-09-13,11,988
2017,MEU,GRADE,2017-07-16,2017-07-21,10,890
2017,NEU,BEALE,2017-08-20,2017-08-22,11,867
2017,CNF,WILDOMAR,2017-10-26,2017-11-08,10,866
2017,PNF,POSLIN,2017-08-06,2017-08-12,1,855
2017,NEU,LOBO,2017-10-08,2017-10-26,14,820
2017,LNU,PRESSLEY,2017-10-08,2017-10-15,14,791
2017,LAC,PLACERITA,2017-06-25,2017-06-26,7,759
2017,LAC,LAKE,2017-06-17,2017-06-17,14,733
2017,MCP,CRISTIANITOS,2017-06-28,2017-06-30,9,702
2017,TCU,JACKSONVILLE,2017-07-29,2017-07-30,14,684
2017,MMU,PEAK,2017-09-03,2017-09-09,10,677
2017,BDF,MART,2017-06-27,2017-07-08,7,669
2017,MDF,BATTLE,2017-06-28,2017-07-01,2,653
2017,SNF,BUTTE,2017-08-07,2017-11-04,1,611
2017,RRU,BLAINE,2017-08-13,2017-08-14,14,577
2017,MMU,BEN,2017-06-28,2017-07-06,10,558
2017,RRU,MIAS,2017-08-14,2017-08-20,11,521
2017,STF,BUMMERS,2017-09-11,2017-11-20,1,510
2017,RRS,KNOX,2017-08-11,2017-11-28,1,492
2017,MMU,EASTMAM,2017-09-18,2017-09-18,11,482
2017,SKU,FAY,2017-07-05,2017-07-05,9,469
2017,BDF,BRIDGE 2,2017-07-14,2017-07-14,9,460
2017,LPF,RED,2017-08-02,2017-08-03,1,450
2017,KRN,MING,2017-05-20,2017-05-20,14,449
2017,PNF,EUREKA,2017-09-05,2017-11-15,1,446
2017,SBC,RUCKER,2017-09-29,2017-10-04,10,429
2017,ENF,TABLE,2017-09-08,2017-10-27,1,426
2017,LDF,SKIRBALL,2017-12-06,2017-12-15,4,419
2017,TUU,ELEPHANT 2,2017-07-20,2017-07-22,7,415
2017,NOD,WEST,2017-04-01,2017-04-03,5,401
2017,INF,GRANT,2017-07-31,2017-08-03,1,394
2017,NEU,PLEASANT,2017-08-30,2017-09-06,14,392
2017,MDF,DOBE,2017-07-13,2017-07-18,1,381
2017,FKU,CREEK,2017-06-23,2017-06-27,5,356
2017,TUU,DINELY,2017-06-07,2017-06-11,2,340
2017,SLU,STONE,2017-07-09,2017-07-11,2,340
2017,BDU,BRYANT 2,2017-08-03,2017-08-11,7,336
2017,MVU,JENNINGS 2,2017-07-11,2017-07-14,10,332
2017,BDU,OAK,2017-11-29,2017-12-07,10,325
2017,SRF,MARBLE,2017-07-19,2017-07-29,9,318
2017,CZU,BEAR,2017-10-16,2017-10-25,7,317
2017,MDF,BOLES,2017-08-23,2017-09-11,1,313
2017,STF,DOUGLAS,2017-07-03,2017-11-16,1,310
2017,MDF,JONES,2017-08-23,2017-09-11,1,281
2017,NOD,R-9 SHINN,2017-07-24,2017-07-27,1,278
2017,SBC,CEBRIAM,2017-06-25,2017-06-25,11,269
2017,KNF,GARDEN,2017-08-09,2017-11-13,1,265
2017,MDF,CLARK,2017-07-26,2017-09-11,1,254
2017,SLU,CAMP,2017-05-15,2017-05-15,9,253
2017,CNF,LOST,2017-07-22,2017-07-26,4,250
2017,SLU,HUASNA,2017-09-20,2017-09-20,2,244
2017,SRF,FORKS,2017-07-25,2017-10-01,1,242
2017,AEU,LARGO,2017-07-30,2017-07-30,7,237
2017,FKU,MURPHY,2017-09-19,2017-09-20,2,236
2017,SLU,OLIVE,2017-07-24,2017-07-24,10,236
2017,MMU,SPRING,2017-07-03,2017-07-07,2,208
2017,NOD,R-5 STONEY,2017-08-22,2017-08-27,1,203
2017,TGU,TEHAMA,2017-10-30,2017-10-31,10,194
2017,RRU,LAMB,2017-05-25,2017-05-26,14,193
2017,RRU,ROSE,2017-07-31,2017-08-03,2,188
2017,SHU,LAVERNE,2017-07-18,2017-07-18,9,175
2017,NOD,R-5 SPANISH,2017-08-29,2017-08-31,1,166
2017,FKU,TUMEY,2017-04-29,2017-04-30,9,160
2017,BDU,HIGH,2017-07-23,2017-07-27,9,157
2017,SCU,CORAL,2017-09-19,2017-09-22,14,157
2017,SKU,HILL,2017-07-29,2017-07-29,2,155
2017,BTU,HONEY,2017-10-09,2017-10-30,11,153
2017,PLR,TURKEY TRACT,2017-08-16,2017-08-16,14,150
2017,LAC,GORMAN,2017-07-28,2017-07-28,14,149
2017,NOD,PEG,2017-08-26,2017-08-27,9,148
2017,SBC,AIR,2017-09-25,2017-09-25,2,147
2017,SLU,LUCY,2017-06-14,2017-06-14,11,147
2017,SRF,RIVERS,2017-10-14,2017-10-14,5,147
2017,BTU,SODA,2017-09-28,2017-10-30,1,147
2017,SNF,CROWN,2017-09-07,2017-11-17,1,145
2017,BTU,SKYWAY,2017-06-16,2017-06-19,10,143
2017,MVU,ECLIPSE,2017-08-21,2017-08-21,14,142
2017,TNF,ELEPHANT,2017-07-29,2017-07-31,1,139
2017,AEU,RANCH,2017-07-26,2017-07-31,2,138
2017,MVU,BORDER 6,2017-09-01,2017-09-03,14,135
2017,STF,WILLOW ,2017-08-18,2017-11-16,1,134
2017,AEU,FRENCH,2017-09-17,2017-09-18,14,130
2017,TCU,POINT,2017-10-09,2017-10-09,11,130
2017,LNU,TIMM,2017-10-02,2017-10-03,14,125
2017,TCU,TWIST,2017-07-30,2017-07-30,14,124
2017,MMU,CORONADO,2017-08-13,2017-08-13,10,123
2017,MDF,CANTRALL,2017-07-25,2017-08-04,1,120
2017,NOD,R-4 RANCH,2017-08-09,2017-08-12,1,120
2017,SLU,OLIVE,2017-05-02,2017-05-02,10,117
2017,MDF,CHALK,2017-08-07,2017-08-07,1,115
2017,TCU,MARIA,2017-07-17,2017-07-17,14,114
2017,LNU,CANYON,2017-08-11,2017-10-12,14,114
2017,KNF,LITTLE BUCK,2017-09-07,2017-09-29,1,113
2017,PNF,SQUIRREL,2017-09-27,2017-08-29,7,113
2017,FKU,FLAT,2017-08-26,2017-08-30,2,110
2017,SCU,BALLY,2017-09-03,2017-09-06,14,109
2017,SQF,BELL,2017-06-27,2017-07-01,9,107
2017,LNU,YOUNG,2017-10-08,2017-10-25,14,106
2017,SLU,POLY,2017-09-26,2017-09-29,2,105
2017,KRN,HILL CREST,2017-06-08,2017-06-08,14,105
2017,SCU,FELIPE,2017-07-10,2017-07-14,14,102
2017,FKU,COALINGA,2017-08-30,2017-08-30,2,102
2017,SCU,LARIAT,2017-07-11,2017-07-13,14,102
2017,KNF,DEEP,2017-09-07,2017-09-07,1,101
2017,NOD,R-3 MUD,2017-08-22,2017-08-26,1,99
2017,BDF,TOWER,2017-04-30,2017-04-30,7,93
2017,KNF,MARY,2017-08-10,2017-11-13,1,91
2017,FKU,AUBERRY,2017-07-05,2017-07-06,9,91
2017,KNF,GRIZZLY,2017-08-12,2017-11-13,1,90
2017,MNF,SKELETON,2017-09-12,2017-09-18,1,87
2017,VNC,VISTA,2017-10-24,2017-10-26,14,86
2017,NOD,R-10 PAINTER,2017-07-24,2017-07-27,1,83
2017,TNF,RANCH,2017-09-06,2017-09-07,1,83
2017,BEU,COUNTRY,2017-08-07,2017-08-07,11,81
2017,KNF,KLAMATH,2017-07-04,2017-07-06,4,80
2017,SNF,QUARTZ,2017-08-07,2017-10-08,1,79
2017,MDF,VALLEY,2017-06-27,2017-06-27,1,78
2017,CND,ALPAUGH,2017-07-26,2017-07-26,14,78
2017,FKU,TIVY,2017-06-11,2017-06-11,1,76
2017,NEU,MCCOURTNEY,2017-10-08,2017-10-11,14,75
2017,PNF,MILLS,2017-09-03,2017-09-04,9,75
2017,INF,DIAZ,2017-06-21,2017-08-01,9,75
2017,SLU,LINNE,2017-09-26,2017-09-26,14,74
2017,AEU,AXEL,2017-08-07,2017-08-07,14,72
2017,NOD,RIVER,2017-06-04,2017-06-05,14,71
2017,SLU,LYNCH,2017-10-19,2017-10-19,10,71
2017,SLU,CAMATTA,2017-08-02,2017-08-02,1,70
2017,FKU,PARKFIELD,2017-09-03,2017-09-05,2,70
2017,SLU,MARGARITA,2017-09-03,2017-09-03,10,69
2017,BDF,MILE,2017-07-31,2017-08-07,7,67
2017,CDD,HIGHLINE,2017-03-26,2017-04-01,14,66
2017,INF,PAYNE,2017-06-06,2017-06-06,9,66
2017,LAC,ESCONDIDO,2017-08-13,2017-08-13,14,65
2017,MVU,MONTEZUMA,2017-08-26,2017-08-28,10,65
2017,TCU,ORANGE,2017-06-21,2017-06-21,2,64
2017,LPF,POZO ,2017-10-09,2017-10-09,2,64
2017,MDF,WEST,2017-07-27,2017-08-13,1,63
2017,SLU,TOWER,2017-07-07,2017-07-07,10,63
2017,TCU,LAKE,2017-07-08,2017-07-08,14,62
2017,LNU,BOTTLE,2017-08-08,2017-08-09,14,61
2017,LAC,RODEO,2017-07-23,2017-07-23,14,61
2017,TGU,BOLLA,2017-06-18,2017-06-21,9,60
2017,FKU,HILLS,2017-08-27,2017-08-27,10,60
2017,TCU,QUAIL,2017-07-12,2017-07-12,2,59
2017,BEU,PINE,2017-09-11,2017-09-11,1,59
2017,NOD,SHAFFER,2017-06-19,2017-06-23,1,59
2017,TUU,HOGBACK,2017-07-18,2017-07-18,9,58
2017,MNF,SLIDE,2017-09-12,2017-09-20,1,58
2017,PNF,TOLL,2017-08-20,2017-08-25,7,57
2017,FKU,SILVER,2017-10-11,2017-10-13,14,57
2017,FKU,FREEDOM,2017-07-04,2017-07-04,2,56
2017,YNP,STARR KING,2017-08-02,2017-11-03,1,56
2017,SKU,BOGUS,2017-06-18,2017-06-22,5,55
2017,LNU,RIDGE,2017-10-06,2017-10-08,14,54
2017,SKU,OWENS,2017-08-29,2017-09-04,14,54
2017,SHF,BRADLEY,2017-08-29,2017-09-08,9,54
2017,LNU,SANDS,2017-07-17,2017-07-19,14,53
2017,HUU,SAW,2017-03-08,2017-08-08,10,53
2017,PNF,CRESCENT,2017-06-30,2017-07-07,7,53
2017,SBC,MESA,2017-07-17,2017-07-17,2,51
2017,NOD,DRY VALLEY,2017-09-13,2017-09-14,1,51
2017,MDF,DAVIS,2017-10-10,2017-10-13,9,51
2017,KRN,CALGARY,2017-08-05,2017-08-07,14,50
2017,NEU,WEST,2017-07-09,2017-07-09,14,50
2017,SRF,SECRET,2017-08-07,2017-08-11,1,50
2017,SQF,ROWELL,2017-08-20,2018-01-15,1,48
2017,BEU,BITTERWATER,2017-11-25,2017-11-25,10,48
2017,VNC,GRADE,2017-07-04,2017-07-05,14,47
2017,CNF,CANYON,2017-08-27,2017-08-31,9,46
2017,KRN,TANK,2017-10-26,2017-10-26,14,46
2017,SLU,ZENON,2017-07-20,2017-07-20,14,46
2017,BDF,HIDDEN,2017-07-12,2017-07-18,9,45
2017,SHU,GRACE,2017-04-03,2017-04-03,7,45
2017,ANF,WILSON,2017-10-17,2017-10-31,9,45
2017,CDD,CAHUILA,2017-06-17,2017-06-17,9,44
2017,SKU,WHITEPINE,2017-06-06,2017-06-11,5,44
2017,VLJ,TOLL,2017-06-22,2017-06-22,14,43
2017,LNU,ESTATE,2017-09-23,2017-09-23,2,42
2017,LAC,STOKES,2017-06-29,2017-07-02,14,42
2017,LMU,JONES,2017-06-03,2017-06-03,7,42
2017,RRU,EXTENSION,2017-10-23,2017-10-23,14,41
2017,CNF,CAPTAIN,2017-10-21,2017-10-22,2,41
2017,KRN,LAKEWOOD,2017-09-29,2017-09-29,14,39
2017,LAC,JOHNSON,2017-06-11,2017-06-11,7,38
2017,TCU,TABLE,2017-09-19,2017-09-19,11,38
2017,TCU,RED,2017-06-11,2017-06-11,14,38
2017,TCU,HARNEY,2017-09-24,2017-09-24,11,37
2017,NEU,SPENCEVILLE,2017-07-24,2017-07-28,10,37
2017,NEU,GOLD,2017-07-11,2017-07-17,7,37
2017,LNU,LAKEVILLE,2017-08-03,2017-08-03,14,37
2017,LAC,SIERRA,2017-08-27,2017-08-28,2,36
2017,CZU,SKEGGS,2017-09-11,2017-09-13,1,36
2017,BDF,DOLLAR,2017-07-22,2017-07-23,9,36
2017,LAC,TOWSLEY,2017-07-13,2017-07-15,8,35
2017,SHF,BRIDGE,2017-10-31,2017-11-03,2,35
2017,BEU,VALLEY,2017-07-04,2017-07-04,10,34
2017,RRU,SMILEY,2017-05-21,2017-05-21,14,34
2017,SBC,BELL,2017-08-05,2017-08-05,7,34
2017,KRN,FEED,2017-05-14,2017-05-14,14,34
2017,HUU,MILLER,2017-08-31,2017-10-09,11,33
2017,MVU,BLACK,2017-06-25,2017-06-26,14,33
2017,CDD,CHRISTMAS,2017-07-07,2017-07-07,14,33
2017,MDF,BLUE2,2017-07-26,2017-07-26,1,33
2017,HUU,BLOCKSBURG,2017-03-08,2017-04-08,11,33
2017,TCU,GOLD,2017-07-05,2017-07-05,10,33
2017,LNU,MURPHY,2017-07-17,2017-07-17,14,32
2017,KRN,WEST,2017-06-19,2017-06-19,14,32
2017,KRN,CREEK,2017-06-06,2017-06-06,14,32
2017,BEU,UNION,2017-07-02,2017-07-02,10,32
2017,SHF,SANDY,2017-08-02,2017-08-16,9,32
2017,SQF,TRAIL,2017-08-12,2018-01-15,1,31
2017,NOD,COWHEAD,2017-10-09,2017-10-12,4,31
2017,FKU,JUNIPER,2017-08-23,2017-08-23,10,30
2017,SLU,SODA,2017-10-20,2017-10-20,14,30
2017,SQF,DAVIS,2017-09-12,2017-09-13,1,30
2017,KRN,HUB,2017-05-12,2017-05-12,14,30
2017,MRN,PINE,2017-06-27,2017-06-27,11,30
2017,LNU,KNOXVILLE,2017-07-01,2017-07-01,14,30
2017,ENF,ICE,2017-10-10,2017-10-15,2,29
2017,MDF,RIMROCK2,2017-07-24,2017-07-29,1,29
2017,NEU,BLACKFORD,2017-08-01,2017-08-08,14,29
2017,LMU,JOESPH,2017-08-30,2017-09-05,1,28
2017,BNP,SHALE,2017-07-27,2017-08-12,1,28
2017,MRN,SPALLETTA,2017-07-12,2017-07-12,2,28
2017,ORC,LAMBERT ,2017-10-18,2017-10-18,14,28
2017,BTU,THIRTY TWO,2017-09-25,2017-09-25,14,28
2017,KRN, ,2017-10-28,2017-10-28,14,28
2017,NEU,JASPER,2017-09-26,2017-09-26,14,27
2017,MVU,WILSON,2017-10-15,2017-10-16,9,27
2017,SRF,FRANK,2017-07-26,2017-10-16,1,27
2017,CDD,TECOPA,2017-09-11,2017-09-14,1,26
2017,NOD,R-2 SCHAFFER,2017-07-24,2017-07-30,1,26
2017,RRU,VERNON,2017-06-03,2017-06-03,14,26
2017,SNF,COW,2017-09-07,2017-11-17,1,25
2017,SBC,WESTERLY,2017-08-12,2017-08-12,11,25
2017,CDD,FAIRVIEW,2017-06-01,2017-06-01,14,25
2017,LAC,FIVE,2017-06-03,2017-06-03,14,25
2017,FKU,MONTEREY,2017-05-06,2017-05-07,2,25
2017,SBC,WOODCHOPPER 2,2017-12-08,2017-12-08,11,25
2017,NOD,CHERRY,2017-08-29,2017-08-30,1,24
2017,SLU,COVE,2017-09-23,2017-09-23,14,24
2017,LPF,APACHE ,2017-05-13,2017-05-17,4,24
2017,KNF,FOURTH,2017-09-07,2017-11-13,1,24
2017,BEU,PINE,2017-05-16,2017-05-16,10,24
2017,CND,KECK,2017-04-10,2017-04-10,14,23
2017,TCU,ZAMORA,2017-08-15,2017-08-15,14,23
2017,FKU,CITY,2017-05-18,2017-05-18,10,23
2017,LNU,ROCKVILLE,2017-08-23,2017-08-23,14,23
2017,MVU,BORDER 9,2017-09-08,2017-09-08,14,22
2017,AEU,TONZI,2017-06-17,2017-06-17,14,22
2017,KRN,BRECKENRIDGE,2017-12-01,2017-12-01,14,22
2017,NOD,R-9 FREDONYER,2017-08-23,2017-08-25,1,22
2017,SLU,ROCKY,2017-05-20,2017-05-20,2,21
2017,PNF,FRENCHMAN,2017-06-21,2017-06-25,9,21
2017,SLU,CYPRESS,2017-07-24,2017-07-24,11,21
2017,LNU,MULE,2017-09-05,2017-09-06,14,21
2017,BTU,HIGHWAY,2017-06-22,2017-06-22,11,21
2017,LMU,PINE,2017-07-27,2017-07-31,1,21
2017,SQF,NEEDLES,2017-07-08,2017-07-08,9,20
2017,KRN,AIRPORT,2017-04-29,2017-04-29,14,20
2017,BEU,BITTERWATER,2017-05-22,2017-05-22,11,20
2017,RRU,LAMB 2,2017-06-18,2017-06-18,14,20
2017,CND,ALPAUGH,2017-06-15,2017-06-16,10,20
2017,SLU,GAVIOTA,2017-06-14,2017-06-14,9,20
2017,TCU,FALLS,2017-08-01,2017-08-01,14,20
2017,MCP,JARDINE,2017-06-16,2017-06-16,5,20
2017,LAC,TOPANGA,2017-06-29,2017-07-02,14,20
2017,FKU,AVENAL,2017-08-29,2017-08-29,10,19
2017,NEU,GARDEN,2017-10-10,2017-10-10,10,19
2017,SHF,PICKETT,2017-08-07,2017-08-20,1,19
2017,SLU,CHALK,2017-07-08,2017-07-08,14,18
2017,TCU,WILLMS,2017-07-18,2017-07-18,14,18
2017,LAC,NEENACH,2017-06-30,2017-06-30,2,18
2017,MDF,DIAMOND4,2017-07-29,2017-10-17,1,18
2017,LNU,FORT,2017-10-07,2017-10-08,14,18
2017,LNU,SMITH,2017-07-01,2017-07-01,14,18
2017,CND,PANOCHE,2017-05-28,2017-05-28,9,17
2017,LNF,ANTELOPE,2017-07-06,2017-07-11,9,17
2017,TCU,MILTON,2017-10-18,2017-10-18,2,17
2017,LNU,BODEGA,2017-08-27,2017-08-28,14,17
2017,NOD,R-2 BUTTE WELL,2017-09-06,2017-09-11,1,17
2017,CDD,MOTOR,2017-06-09,2017-06-10,2,17
2017,MDF,ROCK,2017-06-29,2017-06-30,9,17
2017,STF,GRANT,2017-06-27,2017-07-02,9,17
2017,SRF,SWAY,2017-08-01,2017-08-17,2,16
2017,BEU,CANYON,2017-08-14,2017-08-14,2,16
2017,BEU,LONEOAK,2017-05-17,2017-05-17,11,16
2017,MDF,ROCK2,2017-07-28,2017-10-17,1,16
2017,BDF,SEINE,2017-07-22,2017-07-23,9,16
2017,SKU,CRAM,2017-02-14,2017-02-14,5,16
2017,MDF,QUAKING,2017-07-26,2017-08-17,1,15
2017,MVU,SUNSHINE COMPLEX,2017-09-18,2017-09-18,10,15
2017,SBC,CAT,2017-12-05,2017-12-05,11,15
2017,MDF,MOWITZ,2017-08-23,2017-08-26,1,15
2017,LNU,SITES,2017-07-15,2017-07-15,14,15
2017,LMU,CENTERVILLE,2017-07-17,2017-07-20,14,15
2017,CND,PICNIC,2017-08-14,2017-08-17,9,15
2017,CDD,CANYON,2017-05-14,2017-05-14,10,15
2017,YNP,RATTLESNAKE,2017-09-07,2017-09-15,10,14
2017,STF,TWIN ,2017-09-18,2017-11-21,1,14
2017,BEU,SAN JUAN,2017-09-01,2017-09-01,14,14
2017,TCU,CRABTREE,2017-06-21,2017-06-21,10,14
2017,BEU,HOG,2017-06-09,2017-06-09,9,14
2017,CDD,MATZ,2017-05-29,2017-05-30,14,14
2017,KRN,ELK,2017-06-02,2017-06-02,14,14
2017,LNU,REDWOOD,2017-09-20,2017-09-21,14,14
2017,SHU,CORNER,2017-08-17,2017-08-17,10,13
2017,MVU,SLOANE,2017-06-27,2017-06-27,9,13
2017,BDF,ROUSE,2017-08-30,2017-09-05,9,13
2017,LNU,CLOVER,2017-09-23,2017-09-24,14,13
2017,NEU,CHINA,2017-07-05,2017-07-05,11,13
2017,MDF,RADAR,2017-08-26,2017-09-07,1,13
2017,NOD,W4 ROMERO,2017-08-22,2017-08-24,14,13
2017,KRN,AQUADUCT,2017-05-14,2017-05-14,14,13
2017,NEU,BROPHY,2017-09-16,2017-09-17,14,13
2017,SBC,DRUM,2017-12-16,2017-12-16,9,13
2017,TCU,PALOMA,2017-07-18,2017-07-18,14,13
2017,KRN,ERIC,2017-06-03,2017-06-03,14,13
2017,LNU,SPRINGS,2017-09-01,2017-09-02,14,13
2017,MDF,JIM,2017-07-28,2017-08-05,1,13
2017,SBC,HWY_1,2017-12-14,2017-12-14,11,13
2017,MVU,GREENFIELD,2017-06-09,2017-06-09,14,13
2017,KNF,CLAIRE,2017-09-07,2017-09-13,1,12
2017,NEU,CATLETT,2017-08-05,2017-08-05,14,12
2017,CDD,WINDMILLS,2017-06-27,2017-06-27,14,12
2017,LNU,GEYSERS,2017-05-24,2017-05-24,14,12
2017,KRN,CORCARAN,2017-06-20,2017-06-20,14,12
2017,SLU,RANCH,2017-08-13,2017-08-13,10,12
2017,NEU,BREWER,2017-07-02,2017-07-09,2,12
2017,HUU,BLUE,2017-08-10,2017-08-10,11,12
2017,SBC,VINEYARD,2017-04-30,2017-04-30,11,12
2017,ENF,FORNI,2017-08-11,2017-08-14,14,12
2017,MVU,DEHESA 5,2017-06-04,2017-06-04,14,12
2017,SLU,SHANDON,2017-05-07,2017-05-07,10,12
2017,BDF,SILVER,2017-07-04,2017-07-06,2,12
2017,ANF,ZERMATT,2017-06-17,2017-06-17,9,11
2017,NEU,STAGECOACH,2017-07-20,2017-07-23,3,11
2017,LNU,SPRING,2017-08-30,2017-08-30,14,11
2017,RRU,JAMESON,2017-04-30,2017-05-01,9,11
2017,NEU,REX,2017-07-12,2017-07-14,2,11
2017,SBC,TRAIL,2017-06-23,2017-06-23,9,11
2017,LNU,BEAR,2017-06-23,2017-06-23,14,11
2017,SKU,APSUUN,2017-06-30,2017-07-05,7,11
2017,NEU,SMARTSVILLE,2017-10-08,2017-10-09,14,11
2017,KRN,FARMER,2017-06-17,2017-06-17,14,11
2017,MDF,TANK,2017-08-08,2017-08-10,1,11
2017,BDU,CABLE,2017-06-24,2017-06-24,9,11
2017,SLU,WEST,2017-07-31,2017-07-31,10,11
2017,HUU,SHORE,2017-06-26,2017-06-27,14,11
2017,LDF,DOMINICA,2017-05-28,2017-05-28,9,11
2017,SLU,SOLAR,2017-06-03,2017-06-03,14,11
2017,ORC,JEFFREY,2017-08-19,2017-08-19,14,11
2017,AEU,STONY,2017-06-24,2017-06-24,11,10
2017,LMU,3-20,2017-09-12,2017-09-23,1,10
2017,NEU,GRIZZLY,2017-07-21,2017-07-31,10,10
2017,NEU,SPENCEVILLE,2017-05-28,2017-06-03,9,10
2017,ANF,OSITA,2017-07-13,2017-07-13,9,10
2017,HUU,POTATO,2017-08-10,2017-08-11,1,10
2017,YNP,PORCUPINE,2017-08-02,2017-11-02,1,10
2017,CDD,IRWIN,2017-07-13,2017-07-13,14,10
2017,SNF,RIVER,2017-09-01,2017-09-05,9,10
2017,ANF,CHARLTON,2017-08-06,2017-08-06,9,10
2017,NOD,W-2 LIKELY,2017-08-22,2017-08-23,1,10
2017,MVU,BANDY 2,2017-08-17,2017-08-22,9,10
2017,SLU,VILLA,2017-07-28,2017-07-28,11,10
2017,NEU,GREENHORN,2017-07-27,2017-08-03,14,10
2017,SBC,ARMOUR,2017-07-27,2017-07-27,10,10
2017,KRN,SWITCH,2017-08-24,2017-08-24,14,10
2017,VNC,BROOK,2017-05-23,2017-05-24,14,10
2017,NEU,MAVERICK,2017-08-03,2017-08-05,14,10
2017,CND,HILL,2017-09-06,2017-09-06,2,9
2017,KRN,LOOP,2017-06-15,2017-06-15,14,9
2017,BEU,ALVARADO,2017-07-16,2017-07-16,11,9
2017,LNU,QUAIL,2017-08-13,2017-10-13,14,9
2017,ANF,RINCON,2017-08-03,2017-08-04,1,9
2017,SKU,MACDOEL,2017-06-29,2017-06-29,5,9
2017,LAC,SOUTH,2017-06-13,2017-06-13,4,9
2017,KRN,OILFIELD,2017-05-08,2017-05-08,14,9
2017,KRN,GULTCH,2017-08-11,2017-08-12,14,9
2017,CDD,BLUE,2017-05-05,2017-05-05,2,9
2017,STF,MURPHY,2017-08-24,2017-08-26,2,9
2017,PNF,DIXIE,2017-09-12,2017-09-16,9,8
2017,STF,PILOT,2017-08-29,2017-09-02,1,8
2017,FKU,SHAVER,2017-09-11,2017-09-14,4,8
2017,RNP,DRAKE 2,2017-09-21,2017-09-21,9,8
2017,KNP,NORTH GUARD,2017-07-18,2017-11-27,1,8
2017,KRN,SKYLINE,2017-05-16,2017-05-16,14,8
2017,KRN,TEJON,2017-07-02,2017-07-02,14,8
2017,BEU,KING,2017-08-26,2017-08-26,14,7
2017,LAC,MULHOLLAND,2017-05-19,2017-05-19,14,7
2017,NEU,VISTA,2017-10-14,2017-10-15,2,7
2017,PNF,GENESSEE,2017-06-30,2017-07-02,7,6
2017,KRN,CHAMPAGNE,2017-05-28,2017-05-28,14,6
2017,SKU,COMSTOCK,2017-07-02,2017-07-02,7,5
2017,ANF,VISTA,2017-07-21,2017-07-21,9,5
2017,SKU,HAWKINSVILLE,2017-07-08,2017-07-08,2,5
2017,ORC, ,2017-09-02,2017-09-02,14,5
2017,ORC,MAGAZINE,2017-07-31,2017-07-31,14,5
2017,KRN,GRANITE,2017-04-25,2017-04-25,14,4
2017,VNC,"SCHOOL
SCHOOL",2017-11-23,2017-11-23,9,4
2017,SKU,SHELL,2017-10-05,2017-10-05,5,4
2017,MNP,GRANITE,2017-07-08,2017-07-11,1,4
2017,KRN,RESOURCE,2017-06-25,2017-06-25,14,4
2017,ORC,CARBON CANYON PARK,2017-10-25,2017-10-25,14,4
2017,SKU,SHULMEYER,2017-07-06,2017-07-06,2,4
2017,LNU,FOOTHILL,2017-07-27,2017-07-27,4,4
2017,LNU,INDEPENDENCE,2017-07-27,2017-07-27,14,4
2017,KRN,HILLS,2017-11-16,2017-11-16,14,3
2017,VNC,ROLLING,2017-08-03,2017-08-03,14,3
2017,SKU,DAVIS,2017-06-16,2017-06-23,14,3
2017,MNP,FORD LAKE,2017-07-10,2017-07-11,1,3
2017,SKU,OAKWOOD,2017-06-12,2017-06-12,5,3
2017,SKU,HORNBROOK,2017-06-20,2017-06-21,9,3
2017,YNP,YOSEMITE CREEK,2017-08-03,2017-09-24,1,3
2017,SHF,CHATTER,2017-07-02,2017-07-02,9,3
2017,KRN,CARNATION,2017-05-26,2017-05-26,14,3
2017,BDF,MELVIN,2017-06-25,2017-06-25,9,2
2017,LAC,PALMS,2017-07-31,2017-07-31,14,2
2017,ORC,LAGUNA NIGUEL REGIONAL PARK,2017-08-06,2017-08-06,14,2
2017,VNC,MONTVIEW,2017-05-15,2017-05-15,14,2
2017,LAC,GAVINA,2017-05-15,2017-05-15,4,2
2017,ESR,HARKIN,2017-06-28,2017-06-28,4,2
2017,LAC,ENCINAL,2017-04-29,2017-04-29,2,2
2017,VNC,RUNNER,2017-12-05,2017-12-05,9,2
2017,KRN,DERBY,2017-09-27,2017-09-27,14,2
2017,VNC,BALDWIN,2017-06-16,2017-06-16,2,2
2017,VNC,LIBBEY,2017-04-16,2017-04-16,9,2
2017,SKU,RAILROAD,2017-09-23,2017-09-23,14,2
2017,ORC,ANTONIO,2017-06-24,2017-06-24,14,2
2017,SKU,EDGEWOOD,2017-06-06,2017-06-06,5,2
2017,LAC,BARN,2017-05-29,2017-05-29,4,2
2017,KRN,TOWERLINE,2017-06-09,2017-06-09,14,2
2017,VNC,MCWANE,2017-05-21,2017-05-21,14,1
2017,SKU,BAILEY,2017-06-21,2017-06-22,14,1
2017,KRN,OWL,2017-08-01,2017-08-01,14,1
2017,LAC,OLD,2017-07-18,2017-07-18,2,1
2017,VNC,FORK,2017-04-28,2017-04-28,14,1
2017,BRR,STUBBLE,2017-07-27,2017-07-27,9,1
2017,RNP,SHORELINE,2017-09-26,2017-09-26,9,1
2017,YNP,RIBBON,2017-09-26,2017-11-27,1,1
2017,LAC,CANYON,2017-07-04,2017-07-04,14,1
2017,LAC,HASLEY,2017-07-09,2017-07-09,8,1
2017,ORC,NIGUEL,2017-06-29,2017-06-29,2,1
2017,VNC,SCALES,2017-12-21,2017-12-21,14,1
2017,ENF,MIDDLE,2017-07-09,2017-07-12,4,1
2017,VNC,PACIFIC,2017-09-09,2017-09-09,14,1
2017,VNC,PALMA,2017-10-21,2017-10-21,14,1
2017,VNC,PACIFICA,2017-06-24,2017-06-24,14,1
2017,SKU,DORRIS,2017-07-01,2017-07-01,14,1
2017,LAC,PARKMOR,2017-07-25,2017-07-25,14,1
2017,ENF,LONG,2017-09-12,2017-11-12,1,0
2017,KRN,SIERRA,2017-08-13,2017-08-13,14,0
2017,LAC,VISTA,2017-07-29,2017-07-29,14,0
2017,ORC,TOMATO SPRINGS,2017-12-22,2017-12-22,14,0
2017,SKU,HILT,2017-05-21,2017-05-21,9,0
2017,ORC,IRVINE PARK,2017-05-20,2017-05-20,14,0
2017,SKU,STATELINE,2017-08-19,2017-08-19,2,0
2017,RNP,VISION,2017-07-10,2017-07-11,9,0
2017,SKU,GAZELLE,2017-07-04,2017-07-04,14,0
2017,SKU,JUNIPER,2017-08-30,2017-08-30,14,0
2017,SKU,MILL,2017-10-01,2017-10-01,14,0
2017,SKU,BARR,2017-10-29,2017-10-29,10,0
2017,SKU,MARBLE,2017-09-01,2017-09-01,2,0
2017,YNP,KNOB 91,2017-08-04,2017-09-12,1,0
2017,SKU,PLEASANT,2017-08-27,2017-08-27,2,0
2017,LAC,TETON,2017-09-28,2017-09-28,14,0
2017,SKU,KILLGORE,2017-06-10,2017-06-10,7,0
2017,ORC, ,2017-10-09,2017-10-09,14,0
2017,SKU,DEER ONE,2017-09-04,2017-09-04,14,0
2017,LAC,HACIENDA,2017-11-12,2017-11-12,14,0
2017,LAC,COYOTE,2017-10-29,2017-10-29,14,0
2017,YNP,INSPIRATION,2017-07-16,2017-07-26,9,0
2017,YNP,TUNNEL,2017-07-23,2017-07-23,9,0
2017,YNP,EL CAP,2017-07-08,2017-07-08,9,0
2017,SKU,MODOC,2017-11-15,2017-11-15,7,0
2017,INF,GOODALE,2017-07-24,2017-08-28,1,0
2017,LAC,WAGON,2017-06-22,2017-06-22,2,0
2017,LAC,RAMBLA,2017-12-18,2017-12-18,2,0
2017,ORC,ROSE,2017-07-04,2017-07-04,9,0
2017,ENF,WINTON,2017-08-28,2017-09-02,7,0
2017,SKU,CANTERA,2017-06-04,2017-06-04,5,0
2017,YNP,NORTH DOME,2017-08-02,2017-08-06,1,0
2017,YNP,JAY,2017-08-02,2017-09-12,1,0
2017,YNP,BLUE,2017-08-02,2017-09-12,1,0
2017,ENF,HORSE,2017-08-24,2017-08-24,1,0
2017,ORC,CREEK,2017-11-06,2017-11-06,14,0
2017,LAC,LEONA,2017-09-09,2017-09-09,11,0
2017,ENF,MORMON,2017-07-10,2017-07-10,9,0
2017,ORC, ,2017-08-27,2017-08-27,8,0
2017,BNP,HARDIN,2017-07-25,2017-08-12,1,0
2017,SKU,JADE,2017-10-31,2017-10-31,5,0
2017,ORC, ,2017-10-23,2017-10-23,14,0
2017,SKU,MEADOW,2017-07-09,2017-07-09,9,0
2017,YNP,MEADOW,2017-06-21,2017-06-22,9,0
2017,YNP,MARKET,2017-08-15,2017-08-15,9,0
2017,ORC,TESORO SCHOOL,2017-07-31,2017-08-01,14,0
2017,YNP,ILLILOUETTE CREEK,2017-09-12,2017-09-30,1,0
2017,YNP,AVALANCH VEHICLE,2017-06-21,2017-06-21,10,0
2017,YNP,POHONO,2017-10-09,2017-10-09,4,0
2017,YNP,SENTINEL,2017-09-12,2017-09-12,1,0
2017,YNP,CRANE,2017-09-20,2017-09-20,9,0
2017,YNP,INDIAN CANYON,2017-08-02,2017-08-03,1,0
2017,YNP,WATKINS,2017-09-11,2017-09-12,1,0
2017,YNP,INDIAN ROCK,2017-09-15,2017-09-24,1,0
2017,YNP,HIDDEN,2017-09-12,2017-09-24,1,0
2017,YNP,COYOTE ROCKS,2017-06-26,2017-08-26,9,0
2017,YNP,PORCUPINE CAMPGROUND,2017-09-11,2017-10-07,1,0
2017,YNP,WOLFE,2017-09-11,2017-10-06,1,0
2017,YNP,MORRISON,2017-09-11,2017-09-24,1,0
2017,YNP,LECONTE,2017-09-11,2017-09-27,1,0
2017,YNP,BENSON PASS,2017-08-03,2017-09-01,1,0
2017,YNP,VERNON,2017-07-12,2017-07-12,1,0
2017,ORC, ,2017-10-16,2017-10-16,14,0
2017,KRN,MID,2017-08-15,2017-08-15,14,0
2017,LAC,SKYLINE,2017-11-13,2017-11-13,2,0
2017,ENF,MILL,2017-07-12,2017-07-12,9,0
2017,LAC,MARTINEZ,2017-10-05,2017-10-06,7,0
2017,ORC,TRAFALGAR CANYON,2017-06-01,2017-06-01,14,0
2017,LAC,BROWNS,2017-07-04,2017-07-05,8,0
2017,LAC,MEDLEY,2017-10-21,2017-10-21,14,0
2017,ORC, ,2017-08-31,2017-08-31,14,0
2017,ORC,CROSS CREEK,2017-09-15,2017-09-15,14,0
2017,ORC, ,2017-09-13,2017-09-13,14,0
2017,ORC,WOOD,2017-12-20,2017-12-20,14,0
2017,ORC,GEORGIA SUE,2017-07-05,2017-07-05,14,0
2017,ORC, ,2017-01-30,2017-01-30,14,0
2017,ORC, ,2017-11-10,2017-11-10,14,0
2017,RNP,A RANCH,2017-09-12,2017-09-12,1,0
2017,ORC, ,2017-12-22,2017-12-22,14,0
2016,BEU,SOBERANES,2016-07-22,2016-10-13,4,132104
2016,CND,ERSKINE,2016-06-23,2016-06-30,14,48008
2016,SLU,CHIMNEY,2016-08-13,2016-09-09,10,46233
2016,ANF,SAND,2016-07-22,2016-08-07,2,41382
2016,BDF,BLUE CUT,2016-08-16,2016-08-26,9,36266
2016,LPF,REY,2016-08-18,2016-09-15,9,32580
2016,SQF,CEDAR,2016-08-16,2016-08-16,9,29100
2016,MVU,BORDER 3,2016-06-19,2016-07-07,14,7606
2016,LPF,SHERPA ,2016-06-15,2016-07-11,9,7465
2016,FKU,MINERAL,2016-08-08,2016-08-19,7,6790
2016,LNU,COLD,2016-08-02,2016-08-09,14,5730
2016,ENF,TRAILHEAD,2016-06-28,2016-11-08,9,5644
2016,INF,OWENS RIVER,2016-09-17,2016-11-18,9,5457
2016,SCU,LOMA ,2016-09-26,2016-10-26,14,4474
2016,SQF,MEADOW,2016-10-29,2016-11-25,1,4346
2016,ANF,FISH,2016-06-20,2016-07-03,9,4245
2016,LNU,CLAYTON,2016-08-13,2016-08-16,7,3928
2016,BEU,METZ,2016-05-22,2016-05-25,5,3856
2016,KNF,PONY,2016-06-07,2016-12-15,1,2857
2016,FKU,CURRY,2016-07-01,2016-07-04,14,2820
2016,INF,CLARK,2016-08-04,2017-01-06,1,2816
2016,SQF,HIDDEN,2016-10-29,2016-11-23,1,2767
2016,SQF,SLATE,2016-10-04,2016-10-14,1,2614
2016,LMU,WILLARD,2016-09-11,2016-11-28,14,2573
2016,LPF,COLEMAN,2016-06-04,2016-06-21,5,2522
2016,MDF,SOUP 2,2016-09-17,2016-12-12,7,2512
2016,LPF,PINE,2016-06-30,2016-12-15,4,2300
2016,FKU,GOOSE,2016-07-30,2016-08-09,7,2241
2016,SNF,SACATA,2016-10-11,2016-10-15,9,2099
2016,CND,SODA,2016-06-04,2016-06-04,14,2000
2016,SQF,JACOBSON,2016-10-20,2016-10-21,9,1704
2016,KRN,DEER,2016-07-01,2016-07-04,14,1563
2016,LNU,SAWMILL,2016-09-25,2016-09-28,14,1546
2016,RRU,BOGART,2016-08-30,2016-09-02,14,1458
2016,CND,CHIMNEY,2016-06-01,2016-06-10,9,1323
2016,MMU,DINOSAUR,2016-06-25,2016-06-26,10,1246
2016,ANF,RESERVOIR,2016-06-20,2016-07-03,2,1146
2016,YNP,LAKES,2016-06-26,2016-12-02,1,1000
2016,TCU,MARSHES,2016-09-26,2016-10-05,10,930
2016,LAC,SAGE,2016-07-09,2016-07-16,4,850
2016,SNF,CROWN,2016-09-15,2016-10-06,1,796
2016,BTU,SADDLE,2016-09-05,2016-09-17,10,739
2016,SKU,GRADE,2016-08-24,2016-09-10,9,709
2016,CDD,CUDDEBACK,2016-05-13,2016-05-14,14,698
2016,STF,MOKELUMNE,2016-08-19,2016-08-20,1,649
2016,INF,MARINA,2016-06-24,2016-07-07,9,641
2016,HUU,TULLEY,2016-08-22,2016-09-04,7,607
2016,BTU,NINTEY NINE,2016-08-02,2016-08-08,8,541
2016,KRN,RANGE,2016-08-26,2016-08-30,14,515
2016,TGU,COLYEAR,2016-06-30,2016-07-03,11,465
2016,LAC,OLD,2016-06-04,2016-06-08,2,463
2016,TCU,WILLOW,2016-08-29,2016-09-04,10,447
2016,NEU,BEALE ESCAPE,2016-08-18,2016-08-19,18,389
2016,SQF,TULE,2016-08-22,2016-08-22,9,387
2016,LMU,HOWARD,2016-09-11,2016-10-17,6,379
2016,INF,HORSESHOE,2016-08-09,2016-08-26,9,372
2016,AEU,RANCHO,2016-06-28,2016-06-29,10,371
2016,TCU,PACHECO,2016-07-12,2016-07-19,2,340
2016,SHU,FIDDLER,2016-07-08,2016-07-20,7,330
2016,TGU,HOG,2016-09-13,2016-09-13,11,320
2016,NEU,BUTTE,2016-09-20,2016-09-20,16,315
2016,CND,HAVILAH 2,2016-08-27,2016-08-28,14,303
2016,FKU,DEWOLF,2016-05-25,2016-05-25,14,288
2016,TCU,APPALOOSA,2016-07-02,2016-07-15,9,283
2016,KRN,ONYX,2016-07-13,2016-07-15,15,266
2016,PNF,TOBIN,2016-09-26,2016-09-30,9,248
2016,CDD,JOHAN,2016-05-30,2016-05-31,9,229
2016,BEU,KING,2016-06-17,2016-06-21,14,225
2016,AEU,CAMANCHE,2016-06-17,2016-06-19,14,209
2016,FKU,HILL,2016-04-28,2016-04-28,1,189
2016,FKU,BIG,2016-07-11,2016-07-13,14,187
2016,STF,EARLY,2016-08-29,2016-09-01,9,184
2016,TMU,EMERALD,2016-10-14,2016-10-18,9,175
2016,LNU,CREEK,2016-06-26,2016-06-28,14,171
2016,FKU,FRAME,2016-07-04,2016-07-07,7,166
2016,SLU,SHEDD,2016-05-10,2016-05-10,14,161
2016,FKU,SUNNY,2016-09-03,2016-09-06,10,157
2016,ANF,WHEATLAND,2016-05-23,2016-05-25,2,155
2016,NEU,ATHENS,2016-05-17,2016-05-17,14,155
2016,LNU,RESERVOIR,2016-06-26,2016-06-30,14,152
2016,STF,OLD,2016-09-13,2016-10-17,2,149
2016,CNF,HOLY,2016-08-31,2016-09-09,9,146
2016,BTU,BANGOR,2016-09-22,2016-09-25,10,142
2016,RRU,TEMECULA,2016-06-05,2016-06-07,14,139
2016,MDF,SOUP 1,2016-09-17,2016-09-21,7,133
2016,FKU,AVOCADO,2016-05-15,2016-05-16,11,132
2016,FKU,GREEN,2016-07-15,2016-07-28,3,131
2016,SCU,SIERRA,2016-07-30,2016-08-01,2,123
2016,INF,ROCK CREEK,2016-08-05,2016-08-10,2,123
2016,RRU,BRIGSS,2016-07-12,2016-07-15,14,118
2016,INF,ASH,2016-06-12,2016-06-23,1,109
2016,BTU,COAL,2016-06-20,2016-06-23,2,107
2016,LAC,GORMAN,2016-04-19,2016-04-19,14,105
2016,BEU,BRADLEY,2016-07-22,2016-07-24,10,104
2016,BDU,LONE PINE,2016-07-01,2016-07-05,14,104
2016,LAC,JOHNSON,2016-10-11,2016-10-11,14,101
2016,MMU,BROKEN,2016-07-04,2016-07-05,2,101
2016,SCU,DIABLO ,2016-08-02,2016-08-02,14,101
2016,CNF,FEATHER,2016-07-18,2016-07-20,2,100
2016,ORC,TRABUCO,2016-09-06,2016-09-07,14,97
2016,BEU,MERCURY,2016-07-09,2016-07-10,9,94
2016,SHU,COW,2016-09-25,2016-09-29,10,94
2016,TGU,FLORES,2016-07-01,2016-07-01,10,88
2016,SJR,MAZE,2016-08-04,2016-08-04,10,87
2016,BTU,SANTOS,2016-08-26,2016-09-10,7,87
2016,SLU,FRAZIER,2016-06-27,2016-06-27,10,86
2016,MMU,GRUB,2016-08-04,2016-08-04,9,85
2016,SCU,COE ,2016-06-21,2016-06-23,9,84
2016,TCU,TULLOCH,2016-05-30,2016-06-07,9,81
2016,VNC,SHERWOOD,2016-07-14,2016-07-15,14,78
2016,NEU,MOORE,2016-06-21,2016-06-21,2,78
2016,ENF,SALT,2016-10-03,2016-11-15,1,77
2016,LNU,DUNNIGAN,2016-07-15,2016-07-15,2,77
2016,TGU,BAKER,2016-08-03,2016-08-03,14,75
2016,KNP,SENTINEL,2016-08-19,2016-11-15,1,74
2016,BEU,OLD,2016-06-12,2016-06-13,9,73
2016,TCU,CHEYENNE,2016-06-15,2016-06-18,2,72
2016,MCR,SANDY,2016-07-13,2016-07-13,5,71
2016,KNP,YUCCA,2016-11-05,2016-11-15,1,71
2016,ORC,SAN JUAN,2016-06-15,2016-06-16,14,70
2016,MCR,FOSTER,2016-10-18,2016-10-18,10,68
2016,BEU,ARROYO,2016-06-18,2016-06-20,10,67
2016,MVU,PALA 3,2016-05-31,2016-07-02,14,66
2016,KRN,STOCKDALE,2016-07-29,2016-07-29,14,65
2016,TGU,HOAG 2,2016-06-11,2016-06-11,14,64
2016,MMU,SERPA,2016-07-21,2016-07-21,14,63
2016,LNU,FOOTHILL,2016-07-19,2016-07-19,14,62
2016,BEU,MAIN,2016-08-14,2016-08-14,10,62
2016,LNU,KUGELMAN,2016-08-09,2016-08-11,7,62
2016,LAC,KAGEL,2016-10-19,2016-10-19,14,61
2016,LNU,OAK 2,2016-07-22,2016-07-22,14,58
2016,SHF,MILL,2016-05-19,2016-05-20,9,57
2016,TCU,BAKER,2016-07-21,2016-07-23,2,57
2016,ORC,SAN JUAN,2016-11-13,2016-11-13,10,55
2016,BEU,LOWE,2016-06-23,2016-06-24,9,53
2016,NEU,JOINES,2016-09-03,2016-09-07,10,53
2016,FKU,PANOCHO,2016-04-16,2016-04-16,9,53
2016,KRN,POSO,2016-04-25,2016-04-26,14,50
2016,AEU,STORKSBILL,2016-07-22,2016-07-24,2,49
2016,SLU,ESTRELLA,2016-06-03,2016-06-03,2,47
2016,SRF,WILDERNESS,2016-07-04,2016-07-04,4,46
2016,ORC,LAGUNA,2016-06-26,2016-06-29,14,46
2016,VNC,CASITAS,2016-04-28,2016-04-30,14,46
2016,MEU,RUFF,2016-09-10,2016-09-10,10,45
2016,BEU,PRIEST,2016-08-22,2016-08-22,2,44
2016,KRN,FRONTIER,2016-06-22,2016-06-22,14,44
2016,TGU,PASKENTA,2016-06-21,2016-06-21,2,42
2016,ANF,MAREK,2016-11-14,2016-11-14,2,41
2016,SQF,BAILY,2016-07-20,2016-07-26,9,41
2016,LNU,KNOXVILLE,2016-08-09,2016-08-10,14,40
2016,BEU,ENCINAL,2016-05-17,2016-05-17,10,40
2016,VNC,SAGE,2016-12-20,2016-12-21,2,40
2016,AEU,BOYS,2016-09-11,2016-09-11,2,40
2016,MEU,MINA,2016-08-30,2016-08-30,2,39
2016,MMU,SPRING,2016-05-27,2016-05-27,5,38
2016,TNF,PHOENIX,2016-09-07,2016-09-10,4,37
2016,BEU,SANTA,2016-06-07,2016-06-08,2,37
2016,BDF,BASIN,2016-08-15,2016-08-16,9,36
2016,RRU,EVERGREEN 2,2016-08-28,2016-08-28,7,36
2016,KRR,REFUGE,2016-05-29,2016-05-30,5,35
2016,TCU,STAGECOACH,2016-07-12,2016-07-18,14,34
2016,MVU,GOPHER 7,2016-08-08,2016-08-14,14,34
2016,TCU,CAMPO,2016-06-27,2016-06-30,14,33
2016,TCU,KENNEDY,2016-05-29,2016-06-02,10,33
2016,SLU,O'DONOVAN,2016-04-17,2016-04-17,14,33
2016,AEU,CLAY,2016-06-03,2016-06-03,2,31
2016,ANF,SPUNKY,2016-07-28,2016-07-28,2,30
2016,SLU,BLUFF,2016-07-18,2016-07-18,2,30
2016,LAC,CEMENT,2016-04-29,2016-04-29,5,30
2016,MVU,GOPHER 10,2016-11-13,2016-11-16,14,29
2016,SKU,MOFFETT,2016-09-12,2016-09-13,8,29
2016,NEU,CHUCK,2016-05-27,2016-05-28,2,29
2016,LAC,SESNON,2016-10-18,2016-10-19,14,28
2016,LAC,NEWHALL ,2016-04-15,2016-04-15,11,28
2016,LMU,DOCKERY,2016-07-30,2016-08-17,10,27
2016,SKU,BAILEY,2016-07-19,2016-07-20,6,27
2016,CND,DUTCH,2016-06-18,2016-06-18,14,27
2016,TCU,HUNT,2016-06-02,2016-06-03,2,26
2016,TGU,RIDGE,2016-09-16,2016-09-16,2,26
2016,SHU,MEADOW,2016-05-20,2016-07-13,1,25
2016,ENF,ALDER,2016-08-06,2016-08-11,9,24
2016,HUU,STAFFORD,2016-08-14,2016-08-15,14,24
2016,NEU,AUBURN,2016-09-17,2016-09-17,7,23
2016,SLU,TOPAZ,2016-05-15,2016-05-15,11,23
2016,TNF,SACRED,2016-04-05,2016-04-08,5,23
2016,TCU,PERRICONE,2016-08-15,2016-08-15,9,23
2016,NEU,WALDO2,2016-08-10,2016-08-10,14,23
2016,NEU,WALDO,2016-07-06,2016-07-06,9,23
2016,SKU,TABLE,2016-07-21,2016-07-26,14,23
2016,NEU,HAMMONTON,2016-09-07,2016-09-09,14,22
2016,HUU,JOHNSON,2016-08-03,2016-08-06,2,22
2016,MCP,SAN MATEO CAMPGROUND,2016-06-18,2016-06-18,16,22
2016,NEU,CHICKEN,2016-03-01,2016-03-01,7,22
2016,AEU,HOYA,2016-08-15,2016-08-15,2,22
2016,PNF,NELSON,2016-06-28,2016-08-18,9,22
2016,LNU,NORTH BRANCH,2016-07-29,2016-07-29,14,21
2016,HUU,SUMMIT,2016-08-13,2016-08-18,14,20
2016,LNU,MOCKINGBIRD,2016-08-30,2016-08-30,7,19
2016,LNF,MURKEN,2016-07-31,2016-08-01,9,19
2016,SBC,CAT,2016-06-27,2016-06-27,11,19
2016,TCU,DORSEY,2016-06-04,2016-06-04,2,19
2016,ORC,CANYON,2016-09-12,2016-09-12,10,19
2016,VNC,RANCHO,2016-07-11,2016-07-11,14,19
2016,ANF,BURRO,2016-06-18,2016-06-18,9,19
2016,ORC,TORTOISE,2016-06-03,2016-06-03,14,19
2016,BEU,JOLON,2016-05-21,2016-05-21,10,18
2016,SLU,ELK,2016-05-28,2016-05-28,14,18
2016,FKU,ARMSTRONG,2016-06-24,2016-06-24,10,18
2016,MVU,BARRETT 3,2016-07-03,2016-07-04,10,18
2016,MVU,LAKESIDE,2016-07-24,2016-07-25,14,18
2016,AEU,WILLOW,2016-08-30,2016-08-30,10,18
2016,SBC,BAR,2016-08-24,2016-08-24,14,17
2016,TCU,BUCKSKIN,2016-06-28,2016-06-28,14,17
2016,LNU,HILLCREST,2016-06-17,2016-06-17,14,17
2016,BDF,KEN,2016-09-03,2016-09-04,9,17
2016,MVU,ROCK 2,2016-07-22,2016-07-25,10,17
2016,NEU,DOUGLAS,2016-06-11,2016-06-11,14,17
2016,NEU,BREWER,2016-09-17,2016-09-17,14,16
2016,CDD,ROSAMOND,2016-04-18,2016-04-18,9,16
2016,TGU,SPRING,2016-07-15,2016-07-15,9,16
2016,SLU,JUAN,2016-04-29,2016-04-29,14,16
2016,SQF,BOREL,2016-06-12,2016-06-12,9,16
2016,INF,WILSON,2016-08-03,2016-08-08,9,15
2016,NEU,PALLADAY,2016-05-31,2016-05-31,7,15
2016,TCU,BUCKSKIN,2016-06-10,2016-06-11,9,15
2016,AEU,STONY,2016-07-02,2016-07-02,9,15
2016,BEU,HIDDEN,2016-06-03,2016-06-04,10,15
2016,KNF,DILLON,2016-06-07,2016-06-08,1,14
2016,LNU,CALPINE,2016-06-26,2016-06-26,14,14
2016,MEU,OIL WELL,2016-09-28,2016-09-28,10,14
2016,CDD,TRONA,2016-10-11,2016-10-11,9,14
2016,ORC,REATA ,2016-07-11,2016-07-11,2,14
2016,NEU,SUNSET,2016-10-01,2016-10-01,9,13
2016,TCU,TELEGRAPH,2016-06-01,2016-06-02,9,13
2016,BDF,EAST,2016-07-21,2016-07-23,9,13
2016,NEU,VISTA,2016-09-30,2016-09-30,14,13
2016,AEU,MIDDLE,2016-07-11,2016-07-11,14,12
2016,LAC,BARNES,2016-07-19,2016-07-19,3,12
2016,SHF,GILMAN,2016-09-15,2016-10-01,7,12
2016,ANF,PLEASANT,2016-09-05,2016-09-09,9,12
2016,PLR,PIXLEY,2016-06-28,2016-06-28,14,12
2016,LNF,LEMM,2016-08-08,2016-08-10,4,12
2016,KRN,ROCKY,2016-05-29,2016-05-29,14,11
2016,SLU,ADELAIDA,2016-06-02,2016-06-02,11,11
2016,SMP,MULHOLLAND,2016-02-25,2016-02-28,14,11
2016,VNC,EDISON,2016-05-12,2016-05-13,14,11
2016,LNU,HILL,2016-06-07,2016-06-07,2,11
2016,LNU,CANYON,2016-08-09,2016-08-09,14,10
2016,SLU,GREEN,2016-07-15,2016-07-15,2,10
2016,LNU,TWENTY,2016-08-21,2016-08-21,7,10
2016,ORC,COW CAMP,2016-08-29,2016-08-29,14,10
2016,NEU,BEALE,2016-06-28,2016-06-28,7,10
2016,RRU,WOLF,2016-07-23,2016-07-23,14,10
2016,CDD,GREAT,2016-05-13,2016-05-14,4,10
2016,SLU,RIVER,2016-06-26,2016-06-26,9,10
2016,RRU,CHECKPOINT,2016-07-18,2016-07-18,14,10
2016,CDD,CEDAR,2016-07-08,2016-07-08,9,9
2016,LAC,OAK,2016-08-05,2016-08-05,14,8
2016,HUU,PANTHER,2016-08-03,2016-08-03,9,7
2016,LAC,CALGROVE,2016-09-20,2016-09-20,14,7
2016,TCU,YOSEMITE,2016-07-03,2016-07-04,4,7
2016,LAC,WAYSIDE,2016-06-09,2016-06-09,14,7
2016,NEU,WALEGRA,2016-09-30,2016-09-30,10,6
2016,SKR,I-5,2016-07-02,2016-07-02,10,5
2016,VNC,ROCKY,2016-06-02,2016-06-02,14,5
2016,LAC,LIBERTY,2016-12-29,2016-12-29,14,4
2016,LAC,DALE,2016-05-28,2016-05-28,14,4
2016,LDF,VALLEY CIRCLE,2016-06-04,2016-06-04,14,4
2016,LAC,GORMAN,2016-09-02,2016-09-02,14,4
2016,LAC,RIDGE,2016-11-19,2016-11-19,10,4
2016,KRN,GRANITE,2016-06-06,2016-06-06,14,4
2016,LAC,SOLEDAD ,2016-09-25,2016-09-25,14,3
2016,SRF,BURNT,2016-08-02,2016-08-05,14,3
2016,KRN,DUMP,2016-08-04,2016-08-04,14,3
2016,LAC,SYCAMORE,2016-07-12,2016-07-12,14,3
2016,TGU,CAMINO,2016-08-05,2016-08-05,5,3
2016,VNC,LARGO,2016-03-31,2016-03-31,14,3
2016,KRN,VIEW,2016-08-09,2016-08-09,14,2
2016,KRN,CARBINE,2016-06-05,2016-06-05,14,2
2016,TGU,DIAMOND,2016-07-01,2016-07-01,4,2
2016,KRN,BODFISH,2016-07-06,2016-07-06,14,2
2016,TGU,SIESTA,2016-07-21,2016-07-21,14,2
2016,SKU,COPCO,2016-07-06,2016-07-09,5,2
2016,TGU,TEDOC,2016-04-17,2016-04-17,5,2
2016,RRU,EVERGREEN 1,2016-07-16,2016-07-16,14,2
2016,KRN,TUNNEL,2016-08-09,2016-08-09,14,2
2016,VNC,CRESTVIEW,2016-02-07,2016-02-07,14,2
2016,VNC,CAMBRIDGE,2016-05-21,2016-05-21,14,1
2016,TGU,OAK,2016-09-22,2016-09-22,11,1
2016,TGU,RED,2016-09-17,2016-09-17,5,1
2016,KRN,HARTINC,2016-06-15,2016-06-15,14,1
2016,PLR,PIXLEY 2,2016-07-12,2016-07-12,14,1
2016,KRN,BEALE,2016-05-15,2016-05-15,14,1
2016,SRR,PACKER,2016-07-09,2016-07-09,18,1
2016,CND,HILLS,2016-04-28,2016-04-29,1,1
2016,YNP,WASTEWATER,2016-06-27,2016-06-27,14,1
2016,LAC,WESTLAKE ,2016-04-23,2016-04-24,14,1
2016,KRN,TUCKER,2016-06-23,2016-06-23,14,1
2016,KRN,KEENE,2016-10-13,2016-10-13,14,1
2016,SMP,COAST,2016-12-02,2016-12-02,14,1
2016,LAC,CROSSROADS,2016-11-10,2016-11-10,2,0
2016,KRN,RIVER,2016-05-29,2016-05-29,14,0
2016,LAC,TOPANGA,2016-06-23,2016-06-23,14,0
2016,SKU,BOGUS,2016-08-10,2016-08-11,9,0
2016,MRN,PT REYES,2016-07-15,2016-07-15,10,0
2016,VNC,WHEELER,2016-07-05,2016-07-05,2,0
2016,LAC,NEWELL,2016-11-09,2016-11-09,3,0
2016,HPR,BURSON,2016-04-01,2016-04-01,2,0
2016,RNP,PELICAN,2016-07-07,2016-07-07,14,0
2016,VNC,GRIDLEY,2016-09-13,2016-09-13,15,0
2016,YNP,LUKENS,2016-10-09,2016-10-14,14,0
2016,SKU,AGER,2016-07-13,2016-07-13,5,0
2016,YNP,DEWEY,2016-09-01,2016-09-01,14,0
2016,SKU,COTTONWOOD,2016-09-26,2016-09-26,14,0
2016,SKU,MCADAMS,2016-05-24,2016-05-24,5,0
2016,YNP,SWINGING BRIDGE,2016-02-26,2016-02-28,14,0
2016,KRN,BLUE,2016-07-10,2016-07-10,14,0
2016,LAC,SPRINGS,2016-08-15,2016-08-15,14,0
2016,VNC,OCEAN,2016-09-15,2016-09-15,14,0
2016,YNP,POWERLINE,2016-07-24,2016-07-24,14,0
2016,YNP,TURNER,2016-06-12,2016-07-10,1,0
2016,YNP,SUMMIT,2016-07-28,2016-07-28,14,0
2016,YNP,FISSURE,2016-09-24,2016-09-24,14,0
2016,YNP,POHONO,2016-09-28,2016-09-28,14,0
2016,YNP,TAFT,2016-07-11,2016-07-11,14,0
2016,YNP,ASH,2016-07-20,2016-07-20,14,0
2016,YNP,MIST TRAIL,2016-09-13,2016-09-13,14,0
2016,YNP,BRIDAL,2016-09-23,2016-09-24,14,0
2016,YNP,WEST,2016-06-17,2016-06-20,14,0
2016,YNP,EL CAP,2016-06-04,2016-06-05,14,0
2016,YNP,CURRY,2016-06-21,2016-06-21,14,0
2016,YNP,HAPPY,2016-09-22,2016-09-22,14,0
2016,YNP,LIEDIG,2016-08-06,2016-08-06,14,0
2016,YNP,WILDCAT,2016-10-24,2016-10-24,1,0
2016,YNP,TENAYA,2016-06-08,2016-06-08,1,0
2016,YNP,CLOUDS REST,2016-07-30,2016-07-31,14,0
2016,YNP,INDIAN CAVES,2016-05-31,2016-05-31,14,0
2016,YNP,LYELL,2016-08-14,2016-08-15,14,0
2016,YNP,CRANE,2016-06-12,2016-06-12,1,0
2016,YNP,SNOW CREEK,2016-09-05,2016-09-05,14,0
2016,YNP,GIN,2016-06-12,2016-06-14,1,0
2016,YNP,CREEK,2016-06-13,2016-06-13,1,0
2016,YNP,STAND BY,2016-06-13,2016-06-13,1,0
2016,YNP,HAZEL,2016-06-13,2016-06-13,1,0
2016,YNP,MAY,2016-09-20,2016-09-21,14,0
2016,SMP,LIBERTY CANYON,2016-11-05,2016-11-05,14,0
2016,BNP,INDIAN WELLS,2016-09-29,2016-09-30,14,0
2015,SNF,ROUGH,2015-07-31,2015-11-06,1,151546
2015,LNU,VALLEY ,2015-09-12,2015-10-06,14,76084
2015,AEU,BUTTE,2015-09-10,2015-09-28,14,70846
2015,LNU,ROCKY  ,2015-07-29,2015-08-14,9,69438
2015,SHF,HAPPY,2015-07-30,2015-08-08,1,68095
2015,BDF,LAKE,2015-06-17,2015-12-31,9,31284
2015,LNU,JERUSALEM ,2015-08-09,2015-08-24,14,25118
2015,SRF,LASSICS,2015-07-30,2015-09-06,1,18192
2015,SHF,JOHNSON,2015-07-30,2015-10-30,1,17821
2015,HTF,WASHINGTON,2015-06-19,2015-07-09,1,17779
2015,SHF,SHIELL,2015-07-30,2015-10-30,1,15390
2015,SHF,CASTLE,2015-06-23,2015-06-23,4,14253
2015,SHF,PATTISON,2015-07-30,2015-08-18,1,12916
2015,SRF,BEAR,2015-07-31,2015-10-31,1,11616
2015,SRF,PEAK,2015-08-01,2015-10-31,1,11524
2015,SRF,PICKETT,2015-07-30,2015-09-01,1,11012
2015,NOD,DODGE,2015-08-03,2015-08-17,2,10517
2015,SHF,RAIL,2015-07-30,2015-10-30,1,8669
2015,SRF,GOBBLER,2015-07-30,2015-09-01,1,8305
2015,LNU,WRAGG ,2015-07-22,2015-08-05,10,8049
2015,SRF,NICKOWITZ,2015-08-01,2015-11-02,1,7576
2015,SQF,CABIN SEQ,2015-07-19,2015-11-23,1,6996
2015,SRF,GROVES,2015-07-30,2015-10-30,1,6803
2015,BDU,ROUND,2015-02-07,2015-02-09,9,6537
2015,SHF,PEAK,2015-07-30,2015-10-30,1,6273
2015,SNF,WILLOW,2015-07-25,2015-08-20,8,5701
2015,SRF,COON,2015-08-01,2015-10-31,1,5682
2015,MDF,FROG,2015-07-30,2015-08-07,1,4862
2015,BDF,NORTH,2015-07-17,2015-07-17,9,4249
2015,SHF,PELLETREAU,2015-07-30,2015-10-09,1,4109
2015,INF,WALKER,2015-08-14,2015-10-31,9,3815
2015,SHF,DOG,2015-07-30,2015-10-05,1,3276
2015,SCU,TESLA,2015-08-19,2015-09-01,14,2989
2015,SHF,BLUE,2015-07-30,2015-10-30,1,2828
2015,SLU,CUESTA,2015-08-16,2015-08-28,10,2445
2015,NEU,LOWELL,2015-07-25,2015-08-12,14,2315
2015,SLU,PARKHILL,2015-06-20,2015-06-24,10,1812
2015,HUU,PINE 1-44,2015-07-30,2015-09-08,1,1773
2015,MMU,MCCABE,2015-07-18,2015-07-22,1,1728
2015,SHF,SADDLE,2015-06-09,2015-10-30,1,1542
2015,SRF,EAST,2015-07-30,2015-10-30,1,1530
2015,ANF,CABIN,2015-08-14,2015-09-02,9,1461
2015,SRF,BUCK,2015-07-30,2015-08-12,1,1420
2015,HUU,STEELHEAD 1-54,2015-07-30,2015-09-08,1,1403
2015,VNC,SOLIMAR,2015-12-25,2015-12-29,11,1287
2015,BEU,TASSAJARA,2015-09-19,2015-09-29,7,1075
2015,RRU,HIGHWAY,2015-04-18,2015-04-24,4,1048
2015,BTU,LUMPKIN,2015-09-11,2015-09-21,7,1045
2015,MMU,CORRINE,2015-06-18,2015-06-24,11,921
2015,BTU,MERIDIAN,2015-10-13,2015-10-13,2,901
2015,SRF,FEEDER,2015-08-02,2015-09-05,1,897
2015,HUU,DOBBYN 1-57,2015-07-30,2015-09-08,1,787
2015,SHF,DYER,2015-07-30,2015-08-06,1,757
2015,BEU,CIENEGA,2015-10-12,2015-10-16,11,686
2015,SHF,CLARK,2015-07-30,2015-08-05,1,675
2015,LNU,ELK,2015-09-02,2015-09-08,2,670
2015,SRF,CASTLE 1,2015-07-30,2015-10-30,1,662
2015,SRF,SUMMIT,2015-08-02,2015-09-05,1,639
2015,RRU,ANZA,2015-08-10,2015-08-15,10,543
2015,INF,VAN DYKE,2015-02-06,2015-02-13,14,512
2015,SHF,KERLIN,2015-07-30,2015-10-10,1,500
2015,SNF,SKY,2015-06-18,2015-06-21,2,498
2015,TCU,TRIPLE,2015-07-21,2015-07-21,1,427
2015,LAC,POPPY,2015-06-05,2015-06-06,14,410
2015,YNP,TENAYA,2015-07-09,2015-09-15,1,408
2015,SHF,OLSEN,2015-07-30,2015-08-13,1,400
2015,SKU,YORK,2015-07-04,2015-07-04,1,398
2015,BTU,SWEDES,2015-07-25,2015-08-16,7,390
2015,SHF,ROAD,2015-07-30,2015-08-07,1,378
2015,LAC,CALGROVE,2015-06-24,2015-06-26,14,364
2015,AEU,IONE,2015-07-02,2015-07-02,7,357
2015,YNP,MIDDLE,2015-07-27,2015-11-08,1,324
2015,HUU,BLOCKSBURG 1-58,2015-07-30,2015-09-08,1,283
2015,HUU,WILDCAT 1-51,2015-07-30,2015-09-08,1,283
2015,LPF,CHORRO,2015-08-02,2015-08-11,2,273
2015,ANF,WARM,2015-08-16,2015-08-18,7,270
2015,KNP,BIG FIVE,2015-06-17,2015-11-02,1,264
2015,SRF,TIERNEY,2015-07-30,2015-08-12,1,247
2015,SHF,YORK,2015-07-30,2015-08-30,1,243
2015,LAC,LINCOLN,2015-08-16,2015-08-16,14,234
2015,LNU,PACHECO,2015-09-09,2015-09-13,10,217
2015,SBC,MESA,2015-06-29,2015-06-30,8,210
2015,SHF,STEPHENS,2015-02-24,2015-03-03,5,209
2015,TCU,BIG CREEK,2015-07-29,2015-09-09,5,204
2015,HUU,BLUFORD 1-55,2015-07-30,2015-09-08,1,202
2015,VNC,RUSTIC,2015-08-14,2015-08-16,14,186
2015,RRU,MERWIN,2015-07-01,2015-07-04,14,181
2015,SHU,CHINA,2015-07-29,2015-07-29,2,175
2015,ANF,PINES,2015-07-17,2015-07-20,9,174
2015,SHF,MINERS,2015-07-30,2015-08-18,1,173
2015,MVU,WILDCAT,2015-06-17,2015-06-18,14,170
2015,VNC,RIVER,2015-06-22,2015-06-24,1,164
2015,TGU,BLACK,2015-07-04,2015-07-04,14,163
2015,KNP,BURNT,2015-10-20,2015-11-13,1,160
2015,SRF,CHANCE,2015-07-30,2015-10-30,1,160
2015,HUU,QUEEN,2015-07-25,2015-08-01,7,159
2015,CNF,CUTCA,2015-07-16,2015-08-01,1,150
2015,HUU,WINCHESTER 1-47,2015-07-30,2015-09-08,1,147
2015,HUU,HORSE,2015-08-18,2015-10-01,14,145
2015,NEU,COOK,2015-06-18,2015-06-24,18,139
2015,LNU,PETERSON ,2015-08-22,2015-08-27,2,138
2015,MMU,RED,2015-06-21,2015-06-24,5,134
2015,SHF,PANTHER,2015-07-30,2015-08-09,1,128
2015,SHU,DEMOCRAT,2015-08-25,2015-08-25,14,123
2015,BDF,STERLING,2015-06-25,2015-06-28,9,118
2015,MEU,CLUB,2015-04-02,2015-04-25,5,111
2015,NOD,SHINN,2015-06-30,2015-07-06,1,110
2015,MNF,DEER,2015-08-01,2015-08-10,1,97
2015,TGU,36,2015-08-08,2015-08-10,11,97
2015,LAC,MUNZ,2015-05-26,2015-05-26,14,96
2015,MNF,BOARDMAN 2,2015-08-01,2015-08-09,1,94
2015,SLU,DEER,2015-07-10,2015-07-15,4,94
2015,BEU,LAURELES,2015-09-19,2015-09-21,10,90
2015,SHU,FERN,2015-08-02,2015-08-02,1,88
2015,HIA,DEER HORN 2,2015-08-01,2015-08-12,1,86
2015,ENF,KYBURZ,2015-07-23,2015-11-02,14,84
2015,NEU,RIOSA,2015-06-08,2015-06-08,14,75
2015,SHF,MILL,2015-07-30,2015-08-30,1,72
2015,BTU,WEB,2015-07-01,2015-07-09,9,71
2015,CDD,PALMAS,2015-10-15,2015-10-22,1,69
2015,KNF,PRARIE,2015-08-20,2015-08-22,9,67
2015,MDF,TWIN,2015-08-05,2015-08-06,1,67
2015,BEU,DEER,2015-05-10,2015-05-10,1,66
2015,SHU,MALLARD,2015-07-29,2015-07-29,15,65
2015,KNF,FIVEMILE,2015-07-30,2015-08-11,1,62
2015,MMU,TRIANGLE,2015-06-18,2015-06-19,10,58
2015,BEU,BETABEL,2015-07-20,2015-07-20,2,56
2015,MVU,DELUZ,2015-08-09,2015-08-10,14,56
2015,BDF,SUMMIT3,2015-08-23,2015-09-20,9,55
2015,SHF,TELEPHONE,2015-07-30,2015-10-05,1,54
2015,TGU,FORK,2015-06-17,2015-06-17,9,54
2015,BDU,MILL2,2015-07-12,2015-07-12,2,53
2015,SBC,WHITE,2015-08-01,2015-08-01,11,53
2015,LAC,JOHNSON,2015-09-05,2015-09-05,9,53
2015,NEU,BEALE,2015-07-11,2015-07-11,9,52
2015,SHF,MILITARY,2015-10-10,2015-10-12,4,52
2015,YNP,WHITE CASCADE,2015-07-03,2015-11-09,1,50
2015,BTU,OLIVE,2015-09-02,2015-09-03,2,47
2015,BDF,SCALES,2015-08-01,2015-08-05,2,45
2015,ENF,TANNER,2015-01-24,2015-03-01,5,44
2015,VNC,PRINCETON,2015-07-11,2015-08-11,14,44
2015,SMP,POTRERO 2,2015-11-07,2015-11-08,14,43
2015,MDF,MASON ,2015-07-09,2015-07-10,1,43
2015,YNP,CATHEDRAL,2015-08-02,2015-10-18,1,40
2015,SHF,RASPBERRY,2015-07-30,2015-08-18,1,39
2015,YNP,BRIDAL VEIL,2015-10-05,2015-10-13,1,38
2015,YNP,DARK,2015-07-09,2015-09-16,1,37
2015,SHF,WATER,2015-08-01,2015-08-07,1,35
2015,ENF,MCOULLOH,2015-01-24,2015-03-01,5,35
2015,RRU,SPIDER,2015-07-12,2015-07-13,14,35
2015,SNF,MUSIC,2015-08-08,2015-08-12,9,32
2015,MNF,ETSEL,2015-07-30,2015-08-08,1,32
2015,SQF,LIGHTNING,2015-07-01,2015-07-01,9,31
2015,SKU,AGER,2015-07-04,2015-07-05,1,31
2015,LAC,CASTAIC,2015-06-13,2015-06-13,14,31
2015,NEU,MCCOURTNEY,2015-09-21,2015-09-21,2,30
2015,NOD,S1 DUCK,2015-08-03,2015-08-18,1,30
2015,NOD,S2 COAL,2015-07-07,2015-07-10,1,29
2015,KNF,HOWARDS,2015-08-01,2015-08-13,1,29
2015,VNC,POTRERO,2015-07-11,2015-08-11,14,29
2015,NEU,FRANCIS,2015-08-04,2015-08-04,11,28
2015,SHU,BROWN,2015-09-08,2015-09-08,2,28
2015,SKU,DORRIS,2015-07-21,2015-07-21,1,28
2015,MEU,SODA,2015-07-04,2015-07-07,10,28
2015,LNU,GARAGE ,2015-06-09,2015-06-10,11,27
2015,HUU,BALD,2015-06-09,2015-06-14,1,26
2015,BBD,GREEN CREEK,2015-09-12,2015-09-24,10,26
2015,SHF,BIG FOOT,2015-07-30,2015-10-05,1,25
2015,STF,RESERVOIR,2015-07-21,2015-08-16,1,25
2015,VNC,BANNISTER,2015-11-11,2015-12-11,14,25
2015,RRU,SNOW,2015-06-05,2015-06-05,2,24
2015,LNU,GRADE ,2015-08-24,2015-08-25,2,24
2015,ANF,FIVE,2015-08-06,2015-08-06,2,24
2015,SHF,PROSPECT,2015-07-30,2015-08-22,1,24
2015,MVU,LAKE 3,2015-07-16,2015-07-17,14,23
2015,MNF,SAN HEDRIN,2015-06-19,2015-06-20,5,22
2015,VNC,PALM,2015-12-03,2015-03-13,14,22
2015,ENF,MEADOW,2015-02-22,2015-07-15,5,22
2015,NEU,BAXTER,2015-07-22,2015-07-22,14,21
2015,MVU,PARK,2015-07-24,2015-07-25,14,21
2015,LPF,GIBRALTAR,2015-10-29,2015-11-04,9,21
2015,SQF,FISH,2015-05-20,2015-05-27,4,20
2015,SLU,VISTA,2015-04-05,2015-04-05,18,20
2015,SRF,DEVIL,2015-06-09,2015-06-15,1,20
2015,NEU,DOOLITTLE,2015-07-14,2015-07-14,14,20
2015,SBC,GRADE,2015-08-16,2015-08-16,10,19
2015,SQF,GREY,2015-07-03,2015-07-03,1,19
2015,BTU,GRIMY,2015-05-30,2015-05-30,2,19
2015,NEU,FOUNTAIN,2015-08-28,2015-08-28,14,19
2015,LPF,BURSON,2015-09-03,2015-09-04,2,18
2015,NEU,WOLF,2015-06-19,2015-06-19,14,17
2015,SHF,DAILEY,2015-07-30,2015-08-02,1,16
2015,LAC,REMSEN,2015-07-12,2015-07-12,14,16
2015,RRU,GAVILAN,2015-03-29,2015-03-29,10,16
2015,HUU,BUCK,2015-07-28,2015-07-30,2,15
2015,PNF,SPRING GARDEN,2015-02-06,2015-02-06,5,15
2015,MEU,4-2 CAHTO,2015-07-30,2015-10-04,1,15
2015,MDF,WHITE ,2015-07-21,2015-07-23,1,15
2015,SHU,PONDEROSA,2015-02-23,2015-02-23,5,15
2015,KNF,DEVIL,2015-09-20,2015-09-20,2,14
2015,LMU,BECKWOURTH LIGHTNING COMPLEX,2015-07-02,2015-07-05,1,14
2015,MDF,COLD ,2015-07-23,2015-07-23,1,14
2015,SKU,COPCO,2015-07-31,2015-08-01,1,14
2015,BBD,STINE,2015-08-14,2015-08-14,1,13
2015,RRU,RAMONA,2015-09-07,2015-09-07,9,12
2015,SHU,MILL,2015-09-07,2015-09-07,14,12
2015,BTU,TREE,2015-07-26,2015-08-01,2,12
2015,SLU,CHOLAME,2015-08-16,2015-08-17,10,12
2015,TGU,RANCHO,2015-06-11,2015-06-11,14,11
2015,LAC,FREEWAY,2015-06-23,2015-06-23,2,11
2015,ANF,SHINN,2015-08-11,2015-08-12,4,11
2015,MDF,YELLOW,2015-07-02,2015-07-03,1,11
2015,SHF,HIDDEN,2015-07-30,2015-08-02,1,11
2015,LAC,HOPPER,2015-09-09,2015-09-10,1,10
2015,ANF,RANCH,2015-10-09,2015-10-09,2,10
2015,SRF,PAW,2015-07-31,2015-08-04,1,10
2015,TGU,OAKRIDGE,2015-07-21,2015-07-21,14,10
2015,LAC,ZEBRA,2015-05-03,2015-05-03,14,10
2015,NEU,BURNETT,2015-08-05,2015-08-08,1,9
2015,BDF,SAN GORGONIO,2015-05-05,2015-05-06,9,9
2015,ANF,MORRIS,2015-09-02,2015-09-03,9,9
2015,LAC,RIDGE,2015-06-29,2015-06-29,14,9
2015,VNC,PERKIN,2015-11-08,2015-08-13,14,9
2015,SBC,MARIPOSA,2015-07-26,2015-07-26,10,9
2015,SBC,RIDGE,2015-06-19,2015-06-19,11,9
2015,SHF,DEER,2015-07-30,2015-08-18,1,8
2015,MVU,MERCADO,2015-06-19,2015-06-20,14,8
2015,RRU,MUSTANG,2015-06-10,2015-06-10,1,7
2015,STF,TWO MILE ,2015-04-21,2015-04-27,5,7
2015,CLR,CLEAR,2015-07-05,2015-07-06,1,7
2015,KRN,GRAPE ,2015-05-01,2015-05-01,3,7
2015,LAC,WAYSIDE,2015-09-09,2015-09-10,1,7
2015,SHF,HALSEY,2015-07-30,2015-08-05,1,7
2015,TGU,VALLEY,2015-06-05,2015-06-05,1,7
2015,VNC,SHARP,2015-11-06,2015-11-07,14,6
2015,TGU,LINKS,2015-08-16,2015-08-16,14,6
2015,LAC,WAYSIDE,2015-04-02,2015-04-02,2,6
2015,STF,STONY GULCH ,2015-03-28,2015-03-31,9,6
2015,VNC,KITTRIDGE,2015-06-19,2015-06-19,14,6
2015,LAC,WIND,2015-05-29,2015-05-29,2,6
2015,RRU,JACK,2015-07-13,2015-07-13,14,5
2015,SMP,MALIBU,2015-06-21,2015-06-21,14,5
2015,LAC,SPUNKY,2015-08-29,2015-08-29,2,5
2015,SMP,GRIFFITH PARK,2015-09-05,2015-09-05,14,4
2015,LAC,FOUR BAY,2015-09-09,2015-09-10,1,4
2015,VNC,WHEELER,2015-04-18,2015-04-19,7,4
2015,YNP,INDIAN CANYON,2015-07-03,2015-08-18,1,4
2015,TGU,36,2015-07-18,2015-07-18,10,3
2015,RNP,POPLAR,2015-05-10,2015-05-10,14,3
2015,BDF,GREEN,2015-06-04,2015-06-08,9,3
2015,VNC,TOLAND,2015-07-05,2015-07-05,14,3
2015,VNC,PEAK,2015-08-14,2015-08-14,10,2
2015,VNC,BROOKS,2015-07-17,2015-07-17,14,2
2015,TGU,BUTTE,2015-11-17,2015-11-17,14,2
2015,SMP,LATIGO 2,2015-12-11,2015-12-11,14,2
2015,VNC,POTRERO ,2015-04-30,2015-04-30,9,2
2015,VNC,SHELL,2015-12-06,2015-12-06,14,2
2015,VNC,DOUGH,2015-08-13,2015-08-13,14,2
2015,SOR,BRUCHARD,2015-10-07,2015-10-07,18,2
2015,VNC,MOORPARK,2015-08-07,2015-08-07,14,2
2015,VNC,JOHNSON,2015-05-06,2015-05-06,14,1
2015,TGU,TRUCKEE,2015-09-06,2015-09-06,2,1
2015,SMP,DUME,2015-04-17,2015-04-17,10,1
2015,LAC,TUNA,2015-03-13,2015-03-13,4,1
2015,SMP,TEMESCAL,2015-11-08,2015-11-08,14,1
2015,VNC,FARIA,2015-06-24,2015-06-24,14,0
2015,SHF,LOOK,2015-07-30,2015-07-31,1,0
2015,VNC,STAFFORD,2015-06-11,2015-06-11,2,0
2015,VNC,LEWIS,2015-06-11,2015-06-11,14,0
2015,TGU,BAKER,2015-05-24,2015-05-24,5,0
2015,VNC,VICTORIA,2015-05-11,2015-05-11,14,0
2015,VNC,SUNSET,2015-10-13,2015-10-13,10,0
2015,SHF,SPRINGER,2015-07-30,2015-08-05,1,0
2015,SMP,CALABASAS,2015-05-23,2015-05-23,9,0
2015,SMP,MUREAU,2015-10-03,2015-10-03,1,0
2015,SMP,RAMBLA,2015-09-19,2015-09-19,14,0
2015,VNC,SOUTH,2015-07-04,2015-07-04,14,0
2015,VNC,JOHNSON,2015-09-27,2015-09-27,14,0
2015,SMP,TOPANGA CYN,2015-04-06,2015-04-06,10,0
2015,VNC,MAIN,2015-07-02,2015-07-02,14,0
2015,YNP,MONO,2015-10-31,2015-11-30,1,0
2015,YNP,SNOW,2015-10-27,2015-10-27,4,0
2015,YNP,DEERLICK,2015-07-02,2015-07-03,1,0
2015,SMP,COUNTRY CLUB,2015-07-03,2015-07-03,14,0
2015,SMP,AGOURA,2015-10-24,2015-10-24,9,0
2015,SMP,GRAND VIEW,2015-04-27,2015-04-27,10,0
2015,SMP,WENDY,2015-07-04,2015-07-04,8,0
2015,SMP,NEWTON,2015-11-07,2015-11-07,5,0
2015,VNC,ARROYO,2015-12-25,2015-12-25,14,0
2015,VNC,RED,2015-02-09,2015-02-09,10,0
2015,SHF,GARDEN,2015-07-30,2015-07-30,1,0
2015,SMP,CORNELL,2015-06-24,2015-06-24,14,0
2015,VNC,HARBOR,2015-03-11,2015-03-11,14,0
2015,VNC,OJAI,2015-09-28,2015-09-28,14,0
2014,KNF,FRYING PAN,2014-08-11,2014-09-30,1,133177
2014,ENF,KING,2014-09-13,2014-10-10,7,97684
2014,LNF,BALD,2014-07-30,2014-08-15,1,39752
2014,KNF,WHITES,2014-07-30,2014-09-25,1,33794
2014,KNF,BEAVER,2014-07-30,2014-10-08,1,32493
2014,LNF,EILER,2014-07-31,2014-08-24,9,31995
2014,SNF,FRENCH,2014-07-27,2014-08-18,4,13831
2014,LMU,DAY,2014-07-30,2014-08-13,1,13150
2014,SHU,BULLY,2014-07-11,2014-07-23,10,12658
2014,MEU,LODGE,2014-07-30,2014-09-18,1,12533
2014,LNU,MONTICELLO,2014-07-04,2014-07-12,9,6599
2014,SHF,COFFEE,2014-07-29,2014-10-30,1,6256
2014,KNF,LITTLE DEER,2014-07-30,2014-08-12,1,5499
2014,YNP,MEADOW,2014-07-20,2014-11-03,1,4774
2014,YNP,EL PORTAL,2014-07-26,2014-11-20,4,4744
2014,LNU,BUTTS,2014-07-01,2014-07-09,2,4297
2014,AEU,SAND,2014-07-26,2014-07-30,10,4239
2014,KRN,WAY,2014-08-18,2014-08-22,14,3882
2014,KNF,LOG,2014-07-30,2014-08-28,1,3636
2014,SQF,SHIRLEY,2014-06-13,2014-06-13,9,2546
2014,MVU,COCOS,2014-05-14,2014-05-23,14,1994
2014,ANF,COLBY,2014-01-16,2014-01-21,4,1951
2014,SQF,NICOLLS,2014-07-11,2014-07-11,9,1679
2014,SQF,SODA,2014-01-13,2014-03-22,9,1423
2014,MDF,GULCH ,2014-07-03,2014-08-01,6,1397
2014,SHU,GULCH,2014-09-10,2014-09-12,10,1374
2014,MVU,BERNARDO,2014-05-13,2014-05-18,2,1331
2014,YNP,DARK HOLE,2014-07-16,2014-09-27,1,1076
2014,CNF,SILVERADO,2014-09-12,2014-09-21,9,959
2014,LNF,CAMPBELL,2014-01-02,2014-01-10,4,864
2014,MMU,HUNTER,2014-05-26,2014-06-04,14,690
2014,MDF,DALTON,2014-07-01,2014-08-20,1,641
2014,SBC,MIGUELITO,2014-05-13,2014-05-19,11,631
2014,MMU,JUNCTION,2014-08-18,2014-08-25,14,612
2014,WED,BOLES,2014-09-15,2014-09-20,7,516
2014,SHU,OREGON,2014-08-24,2014-08-30,10,460
2014,NEU,APPLEGATE,2014-10-08,2014-10-08,14,458
2014,MDF,DOBIE,2014-07-01,2014-07-02,1,456
2014,MVU,HIGHWAY,2014-05-14,2014-05-19,14,441
2014,MEU,BLACK,2014-09-13,2014-10-02,2,403
2014,BTU,WEB,2014-07-28,2014-08-27,2,377
2014,MVU,POINSETTIA,2014-05-14,2014-05-18,14,376
2014,LNU,31,2014-08-09,2014-08-09,14,367
2014,BTU,NELSON,2014-09-18,2014-09-18,11,336
2014,HUU,RED,2014-01-04,2014-01-08,5,332
2014,YNP,DOG ROCK,2014-10-07,2014-11-02,14,312
2014,MMU,COURTNEY,2014-09-14,2014-09-22,5,290
2014,CNF,GUN,2014-03-08,2014-03-09,9,270
2014,MMU,BRIDGE,2014-09-05,2014-09-14,10,270
2014,ANF,TECOLOTE,2014-08-17,2014-09-14,9,268
2014,SWR,TRACT 17,2014-09-17,2014-09-20,18,251
2014,NEU,DOGBAR,2014-09-13,2014-09-13,14,248
2014,BRR,SCHOOL,2014-04-30,2014-05-02,9,223
2014,HIA,BALD HILL 3,2014-09-12,2014-10-10,10,210
2014,BEU,ENCINAL,2014-03-19,2014-03-19,18,190
2014,ANF,SHOEMAKER,2014-08-14,2014-09-14,1,190
2014,MVU,BANNER,2014-07-03,2014-07-06,14,177
2014,KNF,KEMPER,2014-08-11,2014-08-29,1,173
2014,MVU,RIVER,2014-05-14,2014-05-19,14,167
2014,MDF,NORTHERN ,2014-07-02,2014-07-03,1,117
2014,LAC,PINE ,2014-03-15,2014-03-15,10,117
2014,KRR,CORCORAN,2014-08-17,2014-08-17,14,116
2014,BDU,BRIDGES,2014-04-19,2014-04-27,14,113
2014,MMU,HAIGH,2014-06-10,2014-06-15,5,111
2014,NEU,BREWER,2014-01-22,2014-01-22,10,104
2014,FKU,LAKE,2014-01-25,2014-01-26,14,102
2014,MDF,LITTLE ,2014-08-12,2014-09-18,1,100
2014,MMU,VALLEY,2014-06-06,2014-06-08,2,96
2014,ENF,IRENE,2014-09-14,2014-09-23,1,94
2014,BBD,BODIE,2014-07-18,2014-07-23,1,93
2014,LNU,SARATOGA,2014-09-03,2014-09-03,14,87
2014,TNF,HIRSCHDALE,2014-08-18,2014-11-02,9,81
2014,STF,MONTGOMERY,2014-09-06,2014-09-11,3,78
2014,RRU,SABINA,2014-07-23,2014-07-24,14,77
2014,MEU,NELSON,2014-09-21,2014-09-29,14,71
2014,SQF,RANCH,2014-07-01,2014-07-01,9,69
2014,LNU,NORMAN,2014-06-12,2014-06-12,14,68
2014,TNF,HARDING,2014-07-29,2014-11-03,1,63
2014,SHU,CASSEL,2014-07-05,2014-07-08,9,60
2014,MDF,LAKE,2014-07-02,2014-07-04,1,58
2014,MDF,GULCH3,2014-07-03,2014-08-01,6,58
2014,BEU,SAN LUCAS,2014-04-30,2014-05-02,18,55
2014,NEU,HUTTO,2014-07-07,2014-07-07,14,48
2014,FKU,MORGAN,2014-06-09,2014-06-11,2,47
2014,BBD,CONWAY,2014-09-16,2014-09-22,10,46
2014,INF,JUNE,2014-09-16,2014-09-26,2,45
2014,MDF,HOWARDS,2014-05-01,2014-06-04,6,44
2014,RRU,BOGART,2014-06-06,2014-06-08,14,31
2014,KNF,JACKSON,2014-08-11,2014-08-14,1,28
2014,PNF,CHANCE,2014-07-17,2014-07-18,1,28
2014,LNU,ESPARTO,2014-06-14,2014-06-16,14,28
2014,MVU,JACUMBA,2014-05-05,2014-05-06,10,26
2014,MEU,SHIMMINS,2014-07-09,2014-07-15,2,26
2014,KNF,SUTCLIFFE,2014-08-11,2014-08-14,1,26
2014,INF,BALL MOUNTAIN,2014-09-21,2014-11-10,1,24
2014,MVU,WILDCAT_4,2014-07-29,2014-07-30,10,24
2014,HUU,HOUSE,2014-09-05,2014-09-06,7,24
2014,FKU,HALL,2014-06-09,2014-06-09,7,24
2014,LNU,LAKEVIEW,2014-07-20,2014-07-20,14,24
2014,CDD,BAILEY,2014-05-30,2014-05-31,10,23
2014,SLU,TWITCHELL,2014-01-12,2014-01-12,11,21
2014,TMU,CASCADE,2014-09-28,2014-10-02,4,21
2014,LNU,SHADY,2014-06-24,2014-06-24,14,21
2014,CDD,SANDY VALLEY,2014-06-18,2014-06-21,14,21
2014,TNF,ELEPHANT,2014-07-29,2014-08-07,1,21
2014,HUU,PECWAN,2014-08-01,2014-08-01,14,21
2014,SHF,RAYS,2014-07-28,2014-10-15,1,20
2014,MEU,SPRING,2014-07-28,2014-08-16,14,20
2014,LNU,BOTTLE,2014-04-29,2014-04-29,14,20
2014,MEU,BLUE (ALK 4-3),2014-07-30,2014-08-31,1,20
2014,VNC,BRISTOL,2014-02-05,2014-03-05,14,20
2014,RRU,MORONGO,2014-06-14,2014-06-14,14,19
2014,CDD,MINE,2014-02-17,2014-02-17,9,19
2014,YNP,CATHEDRAL,2014-07-15,2014-10-31,1,19
2014,BDU,KEOUGH,2014-08-09,2014-08-20,14,18
2014,CNF,VIEWPOINT,2014-05-03,2014-05-03,9,17
2014,HUU,BRIDGE,2014-01-04,2014-01-04,11,17
2014,SHF,LAKIN,2014-07-15,2014-07-29,1,17
2014,SWR,AFTON,2014-01-21,2014-01-23,14,17
2014,KNF,LEEF,2014-07-29,2014-07-29,1,16
2014,KNF,THOMPSON,2014-08-11,2014-08-14,1,16
2014,NEU,BREWER,2014-09-12,2014-09-12,14,16
2014,KNF,RIVER,2014-05-02,2014-05-12,9,16
2014,MDF,MUD ,2014-07-20,2014-08-01,1,14
2014,MDF,GULCH4,2014-07-03,2014-08-01,6,14
2014,SHF,WEST,2014-07-01,2014-07-09,9,14
2014,NEU,IOWA,2014-07-21,2014-07-21,9,14
2014,KNP,KERN,2014-08-11,2014-11-03,1,14
2014,SNF,BALD ROCK,2014-01-11,2014-02-10,9,13
2014,MEU,PIETA,2014-05-16,2014-05-24,9,13
2014,SHF,DEER,2014-09-23,2014-10-21,1,13
2014,RRU,SANTA,2014-06-04,2014-06-05,10,13
2014,KNF,TIMS,2014-08-11,2014-08-12,1,13
2014,VNC,FOOTHILL,2014-09-29,2014-10-01,14,12
2014,LKR,LOWER,2014-09-06,2014-09-12,2,12
2014,FKU,SYCAMORE,2014-01-29,2014-01-29,14,12
2014,TNF,WALKER,2014-09-10,2014-10-12,9,12
2014,KRN,COPUS,2014-08-30,2014-08-30,14,12
2014,MVU,BORDER_8,2014-08-16,2014-08-17,9,12
2014,KNF,ETHEL,2014-08-12,2014-09-15,1,11
2014,BNP,CALDWELL,2014-07-01,2014-07-13,1,11
2014,LNU,PUTAH,2014-06-08,2014-06-08,14,11
2014,BDF,EAGLE CANYON,2014-10-12,2014-10-12,4,10
2014,NEU,REEDY,2014-01-02,2014-01-02,5,10
2014,SHF,SODA,2014-04-19,2014-05-09,5,10
2014,SLU,INDIANA,2014-09-14,2014-09-14,4,10
2014,YNP,STARR KING,2014-07-15,2014-11-03,1,10
2014,HUU,MCLELLON,2014-08-01,2014-08-01,14,10
2014,RRU,GILLETTE,2014-06-15,2014-06-15,14,10
2014,NEU,MONUMENT,2014-06-12,2014-06-12,14,9
2014,NEU,PERIMERTER,2014-05-09,2014-05-09,5,9
2014,CDD,CONTOUR,2014-06-06,2014-06-06,9,9
2014,VNC,BRIGGS,2014-05-14,2014-05-14,14,8
2014,KNP,LOWER TENT MDW,2014-08-02,2014-10-01,4,7
2014,NEU,PFE,2014-07-04,2014-07-04,7,7
2014,KNP,REDWOOD,2014-09-21,2014-11-03,1,5
2014,YNP,MORRISON,2014-07-14,2014-07-25,1,5
2014,YNP,LEMBERT,2014-07-15,2014-10-31,1,4
2014,YNP,FIREPLACE,2014-06-14,2014-06-16,14,3
2014,YNP,WOODLOT,2014-07-20,2014-07-21,1,3
2014,SMP,PALISADES,2014-01-14,2014-01-14,14,3
2014,SMP,SKYVIEW,2014-01-14,2014-01-14,14,2
2014,SMP,SHERWOOD,2014-06-26,2014-06-26,14,2
2014,VNC,STAFFORD,2014-07-07,2014-07-07,14,2
2014,YNP,CRANE,2014-07-20,2014-07-29,1,2
2014,YNP,HAZEL,2014-08-08,2014-08-10,1,2
2014,VNC,SHERWOOD,2014-06-06,2014-06-06,14,1
2014,YNP,RANCHERIA,2014-07-15,2014-07-26,1,1
2014,YNP,WAPAMA,2014-07-20,2014-07-25,1,1
2014,YNP,ELBOW,2014-07-20,2014-08-07,1,1
2014,YNP,DOUBLE ROCK,2014-07-20,2014-10-31,1,1
2014,SMP,PIUMA,2014-01-01,2014-01-01,14,0
2014,KNP,BUBBS CREEK,2014-10-22,2014-11-04,4,0
2014,RWP,ENDERTS,2014-08-24,2014-08-24,4,0
2014,SMP,RAMBLA,2014-11-26,2014-11-26,8,0
2014,SMP,TYLER,2014-11-22,2014-11-22,4,0
2014,YNP,MOSQUITO,2014-06-19,2014-06-19,14,0
2014,SMP,VIRGENES,2014-01-25,2014-01-25,14,0
2014,SMP,WINERY,2014-08-14,2014-08-14,14,0
2014,YNP,WAWONA,2014-10-25,2014-10-26,14,0
2014,YNP,MCSWAIN,2014-07-20,2014-07-31,1,0
2014,YNP,JACK,2014-10-16,2014-10-17,14,0
2014,YNP,DEEP,2014-07-20,2014-07-26,1,0
2014,KNP,CENTER PEAK,2014-07-24,2014-10-01,1,0
2014,SMP,CALABASAS,2014-04-21,2014-04-21,14,0
2014,SMP,OCEAN VIEW,2014-05-19,2014-05-19,2,0
2014,VNC,TELEGRAPH,2014-07-28,2014-07-28,14,0
2014,YNP,POTTER,2014-09-15,2014-09-18,4,0
2014,YNP,LYELL,2014-07-12,2014-07-12,4,0
2014,YNP,TRIPEL,2014-08-27,2014-08-28,14,0
2014,YNP,EVELYN,2014-08-01,2014-08-02,1,0
2014,YNP,GAYLOR,2014-07-05,2014-07-06,4,0
2014,YNP,MORAINE,2014-07-16,2014-07-20,1,0
2014,YNP,RED,2014-07-20,2014-07-25,1,0
2014,YNP,BUCK,2014-07-20,2014-07-21,1,0
2014,YNP,ILLILOUETTE,2014-09-02,2014-09-03,4,0
2014,YNP,OTTOWAY,2014-07-20,2014-07-25,1,0
2014,YNP,ROYAL,2014-07-20,2014-07-25,1,0
2014,YNP,HOOVER,2014-07-20,2014-07-23,1,0
2014,YNP,MINNOW,2014-10-25,2014-10-26,14,0
2014,YNP,BUENA VISTA,2014-07-04,2014-07-05,4,0
2014,YNP,PORCUPINE,2014-08-05,2014-08-06,14,0
2014,YNP,NORTH,2014-07-24,2014-07-29,4,0
2014,YNP,COYOTE,2014-07-19,2014-07-20,1,0
2014,YNP,CARABINER,2014-09-01,2014-09-02,3,0
2014,YNP,POINT,2014-10-18,2014-10-19,3,0
2014,YNP,CASTLE,2014-11-10,2014-11-11,14,0
2014,YNP,MCGURK,2014-07-20,2014-07-25,1,0
2014,YNP,CREEK,2014-08-07,2014-08-08,1,0
2014,YNP,CAMPGROUND,2014-08-07,2014-08-08,1,0
2014,YNP,CHILNUALNA,2014-10-16,2014-10-17,14,0
2014,YNP,EL CAP,2014-08-31,2014-08-31,14,0
2014,YNP,GRANITE,2014-08-08,2014-08-09,1,0
2014,YNP,LUKENS,2014-07-14,2014-07-28,1,0
2014,YNP,LUKENS NORTH,2014-09-08,2014-09-09,4,0
2014,YNP,WOLF,2014-07-16,2014-07-20,1,0
2014,YNP,SNOW,2014-08-07,2014-10-31,1,0
2014,YNP,SMOKEY,2014-07-20,2014-07-25,1,0
2014,YNP,TAMARACK,2014-09-21,2014-09-22,4,0
2014,YNP,ASPEN,2014-07-14,2014-07-16,1,0
2014,YNP,GIBSON,2014-07-20,2014-07-25,1,0
2014,YNP,FALLS,2014-07-20,2014-07-25,1,0
2014,YNP,LOOKOUT,2014-07-20,2014-07-25,1,0
2014,YNP,ELEANOR,2014-09-09,2014-09-10,1,0
2014,SMP,VIEW RIDGE,2014-05-19,2014-05-19,14,0
2014,SMP,LEONARDO,2014-11-05,2014-11-05,14,0
2014,SMP,TAPIA,2014-01-12,2014-01-12,14,0
2014,SMP,MURPHY,2014-05-11,2014-05-11,14,0
2014,SMP,HIGHLAND,2014-11-21,2014-11-21,10,0
2014,SMP,TRANCAS,2014-04-30,2014-04-30,11,0
2014,SMP,ENCINAL,2014-06-03,2014-06-03,11,0
2013,STF,RIM,2013-08-17,2013-10-24,4,256175
2013,ANF,POWERHOUSE,2013-05-30,2013-12-18,9,30267
2013,BDF,MOUNTAIN,2013-07-15,2013-07-30,9,27523
2013,TNF,AMERICAN,2013-08-10,2013-10-08,9,27430
2013,VNC,SPRINGS,2013-05-02,2013-05-11,14,23676
2013,SNF,ASPEN,2013-07-22,2013-09-08,1,22937
2013,SRF,BUTLER,2013-07-31,2013-10-01,7,22444
2013,RRU,SILVER,2013-08-07,2013-08-13,14,20308
2013,KNF,SALMON COMPLEX,2013-07-31,2013-08-25,7,14785
2013,HTF,SPRING PEAK,2013-08-18,2013-08-27,1,14267
2013,SRF,CORRAL,2013-08-10,2013-10-02,1,12541
2013,TGU,DEER,2013-08-23,2013-08-29,9,11428
2013,SHU,CLOVER,2013-09-09,2013-09-15,7,8075
2013,MVU,CHARIOT,2013-07-06,2013-07-15,14,7084
2013,BTU,PANTHER,2013-05-01,2013-12-09,9,6896
2013,CCD,RED ROCK,2013-07-01,2013-07-05,14,5365
2013,KRN,GRAND,2013-05-16,2013-05-22,14,4345
2013,BDF,HATHAWAY,2013-06-06,2013-06-20,4,3779
2013,LNU,MCCABE,2013-11-22,2013-11-27,14,3506
2013,RRU,SUMMIT,2013-05-01,2013-05-04,14,3166
2013,SCU,MORGAN,2013-09-08,2013-09-16,9,3107
2013,MVU,FELIPE,2013-05-23,2013-05-27,18,2780
2013,BTU,SWEDES,2013-08-06,2013-08-22,2,2462
2013,MCP,DELUZ,2013-10-05,2013-10-14,14,2229
2013,SQF,FISH,2013-08-23,2013-09-20,1,2049
2013,LPF,WHITE,2013-05-27,2013-08-01,4,1912
2013,SNF,CARSTENS,2013-06-16,2013-07-07,4,1707
2013,CNF,FALLS,2013-08-05,2013-08-14,9,1384
2013,MVU,GENERAL,2013-05-26,2013-05-31,9,1270
2013,STF,POWER,2013-08-05,2013-08-18,4,1075
2013,LPF,PFEIFFER,2013-12-16,2013-12-20,9,913
2013,KRN,RANCHO,2013-07-18,2013-07-22,3,712
2013,KNP,WINDY PEAK,2013-08-23,2013-11-07,1,681
2013,LAC,LAKE,2013-05-17,2013-05-18,3,659
2013,KRN,WATER,2013-07-23,2013-07-23,14,612
2013,SRF,DANCE,2013-07-29,2013-08-02,7,576
2013,ENF,KYBURZ,2013-07-08,2013-07-11,9,570
2013,BDU,MILL,2013-06-28,2013-06-29,7,534
2013,BDF,GORGONIO,2013-05-04,2013-05-05,14,510
2013,LPF,BRANCH,2013-06-01,2013-06-26,9,489
2013,MMU,ROLLING,2013-06-16,2013-06-18,10,481
2013,SCU,KIRKER,2013-07-01,2013-07-03,11,478
2013,SQF,RIVER,2013-09-10,2013-09-12,9,439
2013,LUR,FREMONT,2013-05-26,2013-05-28,14,431
2013,SQF,TENANT,2013-08-18,2013-08-19,1,411
2013,BDU,RIVER,2013-02-24,2013-03-01,14,406
2013,BDF,GOBBLERS,2013-08-19,2013-10-29,1,406
2013,SQF,SHIRLEY,2013-08-18,2013-08-19,1,378
2013,RRU,JURUPA,2013-02-28,2013-03-02,14,362
2013,BEU,TRES PINOS,2013-05-03,2013-05-03,2,353
2013,PNF,RIDGE/HEIGHTS,2013-08-18,2013-11-04,1,335
2013,MVU,BORDER2,2013-05-22,2013-05-22,14,325
2013,LNU,BECKS,2013-01-22,2013-01-24,5,318
2013,MNF,HIGH GLADE,2013-11-23,2013-11-30,2,304
2013,LNU,PUTAH,2013-10-03,2013-10-04,14,303
2013,BTU,SUMMIT,2013-10-04,2013-10-05,9,268
2013,CNF,LYON,2013-09-09,2013-09-12,9,263
2013,CDD,HIGHLINE,2013-04-01,2013-04-03,1,261
2013,NEU,GRASS VALLEY,2013-09-10,2013-09-10,14,254
2013,ANF,SHARP,2013-08-08,2013-08-13,7,245
2013,TCU,SHELTON,2013-05-30,2013-05-30,2,236
2013,MNF,DAVES,2013-06-10,2013-06-15,1,225
2013,BTU,LONE,2013-06-03,2013-06-03,2,224
2013,LPF,TASSAJARA,2013-07-17,2013-08-07,4,212
2013,LAC,MADRE,2013-09-23,2013-09-27,5,209
2013,TGU,306,2013-05-01,2013-05-02,5,208
2013,ANF,BEE,2013-08-09,2013-08-09,9,206
2013,YNP,FORBIDDEN,2013-05-09,2013-10-18,1,198
2013,MEU,FOSTER,2013-05-03,2013-05-06,5,187
2013,LNU,SILVERADO_2,2013-11-21,2013-11-23,14,187
2013,MMU,GOLD,2013-04-30,2013-04-30,14,183
2013,SHU,WARNER 1-1,2013-08-19,2013-08-27,1,182
2013,NEU,PFE,2013-06-13,2013-06-13,14,179
2013,SQF,ANGORA,2013-09-08,2013-09-20,1,179
2013,LNU,LAKEVILLE,2013-07-26,2013-07-27,2,177
2013,RRU,REDLANDS,2013-07-16,2013-07-17,14,168
2013,MVU,OTAY,2013-05-03,2013-05-03,14,164
2013,SMP,OLD,2013-08-18,2013-08-21,10,161
2013,LNU,CRANE,2013-10-04,2013-10-05,14,158
2013,TCU,MURPHY,2013-06-23,2013-06-23,14,154
2013,VNC,GOODENOUGH,2013-04-08,2013-04-08,11,145
2013,LAC,MAGIC,2013-05-28,2013-05-28,2,145
2013,CNF,PEUTZ,2013-07-02,2013-07-02,9,139
2013,LNU,CANTWELL,2013-11-08,2013-11-09,10,132
2013,RRU,SMILEY,2013-05-25,2013-05-25,9,126
2013,BDF,SIERRA,2013-09-24,2013-09-24,9,123
2013,FKU,GEORGE,2013-06-25,2013-06-27,14,117
2013,NEU,BEALE,2013-06-15,2013-06-15,14,109
2013,BEU,FREEMAN,2013-06-29,2013-06-29,10,105
2013,FKU,RUTH HILL,2013-08-03,2013-08-04,14,101
2013,TGU,SALE,2013-06-03,2013-06-03,8,100
2013,LNU,HIGHLAND,2013-09-28,2013-09-29,14,98
2013,BDF,CLEGHORN,2013-08-17,2013-08-17,2,98
2013,MDF,DAVIS,2013-09-05,2013-09-06,9,97
2013,BDF,LITTLE,2013-08-24,2013-08-29,9,95
2013,SLU,CREEK,2013-09-24,2013-09-24,11,94
2013,BEU,PINNACLES,2013-07-03,2013-07-03,10,92
2013,PNF,JOHNSON,2013-08-18,2013-11-04,1,90
2013,RRU,WATER,2013-05-21,2013-05-21,9,89
2013,MEU,RETECH,2013-11-22,2013-11-23,5,84
2013,LNU,YELLOW,2013-05-01,2013-05-02,11,83
2013,LNF,MURKEN,2013-08-19,2013-08-22,1,78
2013,CDD,BACKUS,2013-03-23,2013-03-23,9,77
2013,BDF,LYTLE,2013-05-13,2013-05-13,2,76
2013,RRU,LIVE OAK,2013-09-11,2013-09-11,14,72
2013,NEU,MCGANNEY,2013-07-08,2013-07-08,14,72
2013,CCD,ELKHORN,2013-05-23,2013-05-23,14,71
2013,BTU,BRANCH,2013-08-01,2013-08-10,9,69
2013,BTU,CEDAR,2013-05-01,2013-05-04,18,68
2013,MDF,RAIL,2013-09-05,2013-09-07,2,67
2013,RRU,RELAY,2013-08-04,2013-08-04,14,67
2013,NEU,SPENCEVILLE,2013-06-15,2013-06-15,14,65
2013,NOD,CLARKS,2013-05-12,2013-05-25,1,65
2013,LNU,DOUBLE,2013-08-16,2013-08-17,10,64
2013,SQF,BALD,2013-08-19,2013-08-20,9,63
2013,KNP,CHAGOOPA,2013-08-18,2013-10-28,1,62
2013,MVU,BORDER,2013-05-22,2013-05-23,7,61
2013,SRF,GREEN,2013-09-11,2013-09-12,1,61
2013,SLU,ADELAIDA,2013-07-07,2013-07-10,14,60
2013,LNU,SILVERADO,2013-04-30,2013-05-01,5,60
2013,BDF,TRAM,2013-08-06,2013-08-07,2,59
2013,MVU,VALLEY 2,2013-09-24,2013-09-28,14,58
2013,NEU,NICOLAUS WESTLAND,2013-06-04,2013-06-04,2,58
2013,BTU,CENTERVILLE,2013-08-31,2013-09-01,9,54
2013,MDF,WHITTEMORE,2013-08-21,2013-08-22,1,51
2013,SLU,TORO,2013-11-08,2013-11-10,2,51
2013,LPF,ROCK,2013-05-04,2013-05-12,9,50
2013,TCU,CLEMENTS,2013-07-15,2013-07-15,2,50
2013,SKU,COTTONWOOD,2013-08-15,2013-08-15,2,49
2013,ANF,HIGHWAY,2013-05-13,2013-05-14,10,49
2013,KNP,HOCKETT,2013-07-23,2013-11-07,1,48
2013,NEU,TYLER,2013-08-31,2013-08-31,14,47
2013,TCU,BRIDGE,2013-08-17,2013-08-17,14,46
2013,FKU,SIERRA,2013-06-17,2013-06-20,2,45
2013,VNC,HAPPY CAMP,2013-12-10,2013-12-10,11,44
2013,SKU,TROUT,2013-07-31,2013-07-31,1,44
2013,TNR,MIGUEL,2013-07-29,2013-07-29,14,44
2013,MEU,PRATT,2013-07-23,2013-07-23,10,41
2013,NEU,DOOLITTLE,2013-07-12,2013-07-12,9,40
2013,RRU,HEACOCK,2013-07-19,2013-07-19,14,40
2013,RRU,VIPER,2013-06-08,2013-06-08,9,40
2013,FKU,WOLF,2013-08-24,2013-08-25,10,40
2013,PNF,FLEA,2013-10-27,2013-11-27,1,39
2013,SNF,CHIQUITO,2013-05-11,2013-05-22,9,39
2013,LAC,MAY,2013-05-01,2013-05-01,14,39
2013,VNC,HIDDEN,2013-06-06,2013-06-06,7,37
2013,HUU,COOSKIE,2013-07-12,2013-07-12,4,36
2013,LNU,INDIAN,2013-08-07,2013-08-08,14,35
2013,LNU,MOUNT,2013-06-20,2013-06-21,2,35
2013,NEU,NELSON,2013-06-05,2013-06-05,2,33
2013,SLU,COTTONTAIL,2013-05-20,2013-05-20,14,30
2013,ANF,TOWNSEND,2013-06-22,2013-06-22,2,29
2013,SHU,FIDDLERS,2013-07-09,2013-07-09,14,29
2013,RRU,THOMAS,2013-11-09,2013-11-09,10,27
2013,BTU,ONION,2013-04-23,2013-05-01,18,27
2013,VNC,CONDOR,2013-06-18,2013-06-18,14,25
2013,RRU,ROSA,2013-10-04,2013-10-04,2,24
2013,HPR,SANCTUARY,2013-09-20,2013-09-24,9,24
2013,NEU,MCCOURTNEY,2013-05-04,2013-05-04,14,24
2013,NEU,SIERRA,2013-08-10,2013-08-10,6,23
2013,SRF,GRIZZLY,2013-08-09,2013-08-16,1,23
2013,LNF,LOGAN,2013-09-10,2013-09-18,9,23
2013,NEU,WALDO,2013-05-11,2013-05-11,9,22
2013,LNU,DAM,2013-11-23,2013-11-24,14,22
2013,VNC,WHEELER,2013-11-14,2013-11-14,2,22
2013,HUU,BUSHNELL,2013-07-14,2013-07-14,2,22
2013,LAC,CANYON,2013-09-21,2013-09-21,9,21
2013,PNF,HOUGH COMPLEX,2013-08-18,2013-11-04,1,21
2013,LNU,DUTCHER,2013-05-08,2013-05-08,9,21
2013,KRN,WILLIAMS,2013-08-21,2013-08-21,14,20
2013,MVU,BODEN,2013-06-02,2013-06-02,9,20
2013,PNF,HUNT,2013-08-18,2013-09-06,1,20
2013,PNF,KEDDIE,2013-08-18,2013-09-09,1,20
2013,LNU,SULPHUR,2013-08-24,2013-08-25,11,19
2013,ENF,HENRY,2013-12-18,2013-12-18,14,19
2013,SQF,CANE,2013-07-23,2013-07-23,1,19
2013,ANF,DEL,2013-06-09,2013-06-09,2,17
2013,LNU,GADDY,2013-10-03,2013-10-04,14,17
2013,KRN, ,2013-08-19,2013-08-19,14,17
2013,RRU,CACTUS,2013-09-04,2013-09-04,11,17
2013,NEU,GLADDING,2013-08-19,2013-08-19,9,17
2013,ENF,TIGER,2013-08-18,2013-08-20,1,16
2013,TNF,BAR,2013-05-04,2013-05-07,1,15
2013,DVP,SOTTY'S,2013-05-20,2013-06-06,11,15
2013,LAC,COLTRANE,2013-06-22,2013-06-22,14,15
2013,BEU,SYCAMORE,2013-08-04,2013-08-04,8,14
2013,ENF,BALTIC,2013-08-03,2013-08-05,14,14
2013,HUU,BROWN,2013-08-15,2013-08-15,2,14
2013,ANF,LIEBRE,2013-11-12,2013-11-19,7,14
2013,BDF,FAWNSKIN,2013-04-19,2013-05-01,4,14
2013,SHF,CORRAL,2013-07-24,2013-08-24,1,14
2013,LNU,SODA,2013-05-01,2013-05-02,11,14
2013,FKU,SALES,2013-06-23,2013-06-23,9,14
2013,MEU,MCGALL,2013-10-12,2013-10-12,2,13
2013,CNF,LA POSTA 2,2013-09-02,2013-09-02,1,13
2013,BDU,SPRING,2013-01-27,2013-01-27,14,13
2013,BDF,WOOD,2013-08-04,2013-08-04,9,13
2013,MVU,RED,2013-09-06,2013-09-07,1,12
2013,LAC,LOWRIDGE,2013-12-29,2013-12-29,14,12
2013,LAC,CANYON,2013-09-13,2013-09-13,14,12
2013,KRN,FARM 2,2013-05-13,2013-05-13,14,12
2013,BDU,GREY,2013-07-19,2013-09-19,14,12
2013,ANF,ISLAND,2013-07-09,2013-07-09,2,11
2013,VNC,BARDSDALE,2013-05-09,2013-05-09,14,11
2013,STF,GRUB,2013-03-17,2013-03-19,4,11
2013,FKU,ENNIS,2013-05-22,2013-05-23,10,11
2013,TCU,FARRIS,2013-06-29,2013-06-29,14,11
2013,BDF,KEENBROOK,2013-05-15,2013-05-15,6,11
2013,AEU,VOLCANO,2013-08-03,2013-08-04,9,10
2013,LAC,BOUQUET,2013-04-08,2013-04-08,9,10
2013,MDF,OKLAHOMA,2013-08-07,2013-08-08,1,10
2013,STF,13 ,2013-04-29,2013-05-01,4,10
2013,CNF,VAIL,2013-01-26,2013-05-26,9,10
2013,MDF,CREEK,2013-07-27,2013-07-28,1,10
2013,LNU,AMIGAS,2013-07-04,2013-07-04,8,10
2013,MNF,ANDERSON,2013-07-04,2013-07-05,1,10
2013,LAC,SHOOTING,2013-08-27,2013-08-27,2,10
2013,HUU,TELL,2013-03-10,2013-03-10,14,10
2013,SLU,WHITE TAIL,2013-06-15,2013-06-15,14,9
2013,NEU,MCDANIEL,2013-09-12,2013-09-12,3,9
2013,SHF,LITTLE,2013-07-26,2013-07-31,1,8
2013,STF,MYSTERY,2013-05-14,2013-05-15,1,8
2013,NEU,HAMMONTON,2013-07-06,2013-07-06,14,8
2013,KRN,LOST HILLS,2013-04-06,2013-04-06,14,7
2013,LNU,BOHAN,2013-09-25,2013-09-25,11,7
2013,KRN,JACKS,2013-10-05,2013-10-05,14,7
2013,SKU,AGER,2013-09-10,2013-09-10,2,7
2013,RRU,VAN BUREN,2013-05-02,2013-05-02,3,7
2013,KRN,HANNING,2013-04-14,2013-04-14,14,7
2013,MNF,CROCKETT,2013-08-09,2013-08-11,1,6
2013,LNU,LAKESHORE,2013-08-30,2013-08-30,14,6
2013,LAC,MARPLE,2013-09-08,2013-09-08,3,6
2013,LAC,CLARITA,2013-10-05,2013-10-05,14,6
2013,SHF,GIRARD,2013-07-26,2013-08-15,1,5
2013,LAC,MADISON,2013-05-27,2013-05-27,2,5
2013,BDF,KEN,2013-11-12,2013-11-12,9,5
2013,ANF,GULCH,2013-09-07,2013-09-09,9,5
2013,ANF,MESSENGER,2013-05-03,2013-05-04,4,4
2013,KRN,KEM,2013-09-22,2013-09-22,14,4
2013,KRN,FARM,2013-05-01,2013-05-01,14,3
2013,LAC,GABRIEL,2013-07-30,2013-08-18,2,3
2013,RWP,BALDY,2013-08-13,2013-08-19,14,3
2013,LAC,VIRGENES,2013-09-18,2013-09-19,14,3
2013,KRN, ,2013-08-11,2013-08-11,14,3
2013,RNP,COAST,2013-10-20,2013-10-21,3,3
2013,KRN,BRANDY,2013-05-02,2013-05-02,14,2
2013,CCD,RIO,2013-08-19,2013-08-19,14,2
2013,KRN, ,2013-07-09,2013-07-09,14,2
2013,GNP,SHORELINE,2013-08-30,2013-08-30,11,2
2013,CCD,KENDON,2013-06-21,2013-06-21,14,2
2013,LNU,SUMMIT,2013-04-24,2013-04-24,11,2
2013,SKU,LICHENS,2013-06-16,2013-06-16,5,2
2013,KRN,VINE,2013-04-29,2013-04-29,14,1
2013,NEU,THOUSAND OAKS,2013-06-01,2013-06-01,2,1
2013,SKU,PERCH,2013-07-11,2013-07-11,2,1
2013,KRN,BEAR,2013-06-08,2013-06-08,14,1
2013,LAC,CANYON,2013-08-19,2013-08-19,14,1
2013,MVU,MORENA,2013-07-17,2013-07-17,14,1
2013,KRN,CANAL,2013-04-06,2013-04-06,14,1
2013,KRN,EVANS,2013-06-22,2013-06-22,14,1
2013,VNC,CAMARILLO,2013-05-27,2013-05-28,10,1
2013,KRN, ,2013-06-14,2013-06-14,14,1
2013,BDF,HOLCOMB,2013-03-30,2013-03-31,4,0
2013,PNF,EVANS,2013-08-13,2013-08-25,1,0
2013,LAC,CASTRO,2013-07-08,2013-07-08,2,0
2013,LNU,OAT,2013-10-26,2013-10-26,14,0
2013,SKU,ENGLISH,2013-05-26,2013-05-26,5,0
2013,KRN,APPLE,2013-04-14,2013-04-14,14,0
2013,YNP,CABLE,2013-03-28,2013-03-31,11,0
2013,KRN,PIUTE,2013-05-13,2013-05-13,14,0
2013,SKU,COTTONWOOD,2013-07-04,2013-07-04,9,0
2013,KNP,SKAGWAY,2013-07-22,2013-09-20,1,0
2013,LNU,BENNETT,2013-05-01,2013-05-01,11,0
2013,SKU,PIONEER,2013-07-30,2013-07-30,2,0
2013,KNP,WILLOW CREEK,2013-09-11,2013-10-28,1,0
2013,SKU,GRENADA,2013-07-08,2013-07-08,14,0
2013,LAC,OLD TOPANGA,2013-03-11,2013-03-11,14,0
2013,YNP,BUNNELL,2013-09-10,2013-09-16,1,0
2013,YNP,PICNIC,2013-08-08,2013-08-08,4,0
2013,YNP,RAINBOW VIEW,2013-05-09,2013-05-14,1,0
2013,YNP,MERCED LAKE,2013-08-12,2013-08-13,14,0
2013,YNP,EAGLE,2013-08-13,2013-08-14,14,0
2013,YNP,CATHEDRAL,2013-06-29,2013-06-30,1,0
2013,YNP,LAKE,2013-08-20,2013-08-23,1,0
2013,YNP,PORCUPINE,2013-09-10,2013-09-18,1,0
2013,YNP,MCSWAIN,2013-09-21,2013-10-18,1,0
2013,YNP,LINE,2013-09-21,2013-10-18,1,0
2013,YNP,RAISIN,2013-08-01,2013-08-02,4,0
2013,YNP,DARK HOLE,2013-07-03,2013-07-04,1,0
2013,YNP,SIESTA,2013-07-31,2013-08-01,14,0
2013,YNP,HARDEN,2013-08-20,2013-08-21,1,0
2013,YNP,AULIN,2013-07-18,2013-07-18,4,0
2013,YNP,PATE,2013-08-20,2013-08-23,1,0
2013,YNP,RODGERS,2013-07-25,2013-10-18,1,0
2013,YNP,RICHARDSON,2013-09-21,2013-10-18,1,0
2013,YNP,SNOW PEAK,2013-07-20,2013-10-18,1,0
2012,NOD,RUSH,2012-08-12,2012-10-22,1,315511
2012,FNF,BARRY POINT ,2012-08-06,2012-09-17,1,92944
2012,PNF,CHIPS,2012-07-28,2012-08-31,4,76349
2012,SHF,BAGLEY,2012-08-18,2012-10-29,1,46040
2012,MNF,NORTH PASS,2012-06-18,2012-09-27,1,41812
2012,MNF,MILL,2012-07-07,2012-07-18,9,29525
2012,LNP,READING,2012-07-23,2012-11-13,14,28073
2012,TGU,PONDEROSA,2012-08-18,2012-10-12,1,27670
2012,KNF,GOFF,2012-08-05,2012-10-01,1,22266
2012,LNU,SIXTEEN COMPLEX,2012-09-04,2012-09-15,7,17942
2012,CND,INDIAN,2012-08-08,2012-08-24,1,12575
2012,CDD,JAWBONE COMPLEX,2012-08-10,2012-09-05,1,12015
2012,CDD,WILSON,2012-08-13,2012-08-20,1,11667
2012,CDD,STEWART,2012-08-13,2012-08-20,1,10630
2012,CDD,LIKLEY,2012-09-05,2012-10-21,11,9965
2012,MVU,BANNER,2012-05-24,2012-05-29,14,5320
2012,LNU,WALKER,2012-08-12,2012-08-24,14,5102
2012,MEU,SCOTTS,2012-09-07,2012-09-14,4,4509
2012,LNU,SITES COMPLEX,2012-07-08,2012-07-19,7,4429
2012,SHF,STAFFORD,2012-09-05,2012-09-13,9,4406
2012,ANF,WILLIAMS,2012-09-02,2012-09-09,14,4192
2012,NOD,NELSON (W-1),2012-08-17,2012-09-03,1,3659
2012,LNU,WYE,2012-08-12,2012-08-24,14,2831
2012,RRU,BUCK,2012-08-14,2012-08-16,1,2637
2012,NEU,ROBBERS,2012-07-11,2012-07-20,7,2635
2012,MVU,SHOCKEY ,2012-09-23,2012-09-27,14,2555
2012,BEU,TURKEY,2012-07-09,2012-07-11,2,2530
2012,CDD,HIGHLAND,2012-06-16,2012-06-20,9,2177
2012,MVU,CHIHAUHAU 2,2012-08-09,2012-08-12,1,2006
2012,SHF,FLAT,2012-07-11,2012-11-26,10,1720
2012,SQF,GEORGE,2012-06-01,2012-06-17,7,1707
2012,YNP,CASCADE,2012-06-16,2012-11-09,1,1704
2012,MDF,LAKE,2012-08-05,2012-08-09,1,1664
2012,MMU,GAINES,2012-05-31,2012-05-31,11,1662
2012,BTU,MILL,2012-08-13,2012-08-23,7,1640
2012,KRN,CLEAR,2012-08-10,2012-08-10,1,1451
2012,KRN,SAND,2012-07-17,2012-07-17,14,1428
2012,NOD,SPANISH,2012-07-18,2012-07-26,14,1150
2012,STF,RAMSEY,2012-08-11,2012-08-27,4,1136
2012,BDF,FISH,2012-07-07,2012-07-11,14,1135
2012,SHU,DALE,2012-07-05,2012-07-07,11,1037
2012,MVU,OLD - 2,2012-06-17,2012-06-20,14,995
2012,SHF,SALT CREEK,2012-08-01,2012-09-26,9,982
2012,KNF,HELLO,2012-08-05,2012-10-01,1,977
2012,LAC,HILLSIDE,2012-07-03,2012-07-03,14,885
2012,TCU,SEVEN,2012-07-10,2012-07-14,7,827
2012,SNF,BEAR,2012-08-06,2012-09-29,1,717
2012,PNF,PEAK,2012-07-28,2012-08-02,5,708
2012,LPF,HILL,2012-06-23,2012-07-07,9,689
2012,MDF,ANTELOPE,2012-08-21,2012-08-25,1,622
2012,SLU,CALF,2012-07-16,2012-07-18,2,616
2012,LNU,FOREST,2012-07-21,2012-07-29,2,601
2012,SHF,WARD,2012-09-11,2012-10-24,9,551
2012,CDD,VALLECITO ,2012-08-13,2012-08-20,1,519
2012,LAC,FIVE MILE,2012-06-08,2012-06-08,2,488
2012,DVP,PASS,2012-08-10,2012-08-17,1,440
2012,RRU,VISTA,2012-08-20,2012-08-21,2,402
2012,SQF,GULCH,2012-06-19,2012-06-24,9,385
2012,CDD,VIEW,2012-06-17,2012-06-19,2,376
2012,MEU,NORTH,2012-07-28,2012-07-31,7,374
2012,LPF,OZENA,2012-06-16,2012-06-30,7,360
2012,BDF,DEVORE,2012-11-05,2012-11-05,2,334
2012,SQF,HEALD ,2012-08-04,2012-08-11,1,330
2012,KNP,WOODS CREEK,2012-07-15,2012-10-17,14,324
2012,CDD,RANGE,2012-05-06,2012-05-06,9,322
2012,KNF,DILLON,2012-08-03,2012-12-31,2,317
2012,LNU,TWENTY_NINE,2012-10-18,2012-10-22,11,313
2012,RRU,VOLCANO,2012-08-01,2012-08-05,2,309
2012,SHF,COAL,2012-09-21,2012-10-27,9,268
2012,JTP,QUAIL,2012-08-12,2012-09-05,1,257
2012,RRU,LAKEPOINTE,2012-05-27,2012-05-28,14,256
2012,SQF,SLIDES,2012-09-02,2012-09-02,9,254
2012,SHU,POWER,2012-09-01,2012-09-04,9,247
2012,KRN,SOUTH,2012-07-29,2012-08-01,14,245
2012,LMU,CHENEY,2012-09-13,2012-09-15,9,230
2012,KNF,LICK,2012-08-05,2012-10-01,1,229
2012,NOD,MARR,2012-08-12,2012-08-14,1,227
2012,KRN,GRAPEVINE,2012-06-18,2012-06-18,14,206
2012,NEU,RAMIREZ,2012-07-21,2012-07-21,5,199
2012,LNU,SODA,2012-02-23,2012-02-26,18,196
2012,KRN,KECKS,2012-07-08,2012-07-08,14,196
2012,MEU,FLYNN,2012-10-01,2012-10-01,11,194
2012,SKU,OAK,2012-06-28,2012-07-02,5,192
2012,NEU,BROADWAY NORTH COMPLEX,2012-07-07,2012-07-07,7,187
2012,STF,WHEATS ,2012-08-04,2012-08-10,1,180
2012,KRN,EMIGDIO,2012-06-29,2012-06-29,14,173
2012,NEU,FIDDYMENT,2012-06-14,2012-06-14,14,168
2012,SLU,BITTER,2012-08-31,2012-08-31,9,167
2012,BDF,CARY,2012-06-29,2012-06-30,8,160
2012,NOD,CONSTANIA,2012-08-15,2012-08-15,1,154
2012,SHU,CREEK,2012-09-04,2012-09-04,2,148
2012,LAC,COPCO,2012-08-18,2012-08-18,14,146
2012,SLU,CALIENTE,2012-08-04,2012-08-04,1,144
2012,CDD,HIGHLINE,2012-06-01,2012-06-01,5,142
2012,MDF,SISTERS,2012-10-11,2012-10-11,2,141
2012,CDD,WINDY,2012-11-08,2012-11-08,2,136
2012,FKU,LANES,2012-08-11,2012-08-12,3,135
2012,TCU,PENN,2012-07-25,2012-08-01,2,134
2012,KRN,TWINS,2012-06-11,2012-06-11,14,130
2012,LAC,TREE,2012-05-08,2012-05-08,14,126
2012,NOD,SPANISH,2012-08-31,2012-09-01,4,121
2012,CDD,BORDER 12,2012-07-07,2012-07-08,14,121
2012,BDF,BOWEN,2012-06-10,2012-06-11,4,118
2012,BTU,OREGON,2012-07-08,2012-07-16,11,117
2012,TCU,LA GRANGE,2012-07-10,2012-07-10,7,112
2012,NEU,BEALE,2012-08-11,2012-08-11,2,109
2012,RRU,FREEWAY,2012-07-23,2012-07-23,14,97
2012,NEU,WALTZ,2012-06-15,2012-06-15,2,96
2012,TCU,HORSESHOE,2012-06-21,2012-06-23,14,95
2012,MRN,ANTONIO,2012-08-08,2012-08-08,10,95
2012,LAC,OASIS,2012-06-30,2012-06-30,14,94
2012,BEU,LONOAK,2012-08-11,2012-08-11,9,93
2012,CND,MIDOLI 2,2012-05-27,2012-05-27,9,93
2012,BTU,POWER,2012-06-15,2012-06-15,14,92
2012,FKU,PINE,2012-06-05,2012-06-06,2,90
2012,BDU,LITTLE,2012-06-14,2012-06-15,10,86
2012,NEU,COLUMBIA,2012-06-16,2012-06-16,2,82
2012,NEU,BREWER,2012-10-05,2012-10-05,5,79
2012,BTU,WINDY,2012-06-10,2012-06-15,14,78
2012,VNC,TELEGRAPH,2012-08-26,2012-08-26,1,75
2012,SHF,HAPPY,2012-09-05,2012-10-02,9,74
2012,CDD,MARRON,2012-07-01,2012-07-02,9,73
2012,LAC,TOVEY,2012-07-31,2012-07-31,14,71
2012,RRU,CEDAR,2012-05-25,2012-05-26,9,71
2012,SHF,LOMA,2012-08-26,2012-09-18,10,71
2012,TCU,GOPHER,2012-07-23,2012-07-26,1,70
2012,BEU,RANCHITA,2012-06-18,2012-06-18,2,66
2012,CDD,SOLEDAD,2012-06-17,2012-06-18,2,66
2012,BDF,CREEK,2012-06-08,2012-06-09,9,66
2012,NOD,SCHALER,2012-07-15,2012-07-16,14,65
2012,BEU,JOHNSON,2012-08-06,2012-08-06,8,65
2012,TCU,GRAHAM,2012-07-25,2012-08-01,2,64
2012,SKU,CRAM,2012-04-06,2012-04-06,5,64
2012,LPF,VALLEY,2012-09-03,2012-09-12,9,63
2012,MVU,BORDER 6,2012-05-16,2012-05-18,14,61
2012,HUU,ARROW COMPLEX,2012-10-04,2012-10-06,7,60
2012,BDU,GREENSPOT,2012-09-08,2012-09-08,14,56
2012,MVU,BORDER 7,2012-05-18,2012-05-18,14,56
2012,BTU,CONCOW,2012-09-26,2012-09-29,2,55
2012,SHU,IRON,2012-09-12,2012-09-12,9,53
2012,LDF,SEPULVEDA PASS,2012-09-14,2012-09-15,14,53
2012,MEU,GRADE,2012-08-12,2012-08-12,3,51
2012,BEU,DAVIS,2012-07-22,2012-07-22,9,50
2012,FKU,DERRICK,2012-07-15,2012-07-15,11,50
2012,LAC,HILLSIDE,2012-07-03,2012-03-07,9,47
2012,LPF,TINTA,2012-06-03,2012-06-08,9,47
2012,TCU,SHELLY,2012-08-11,2012-08-12,2,45
2012,RRU,RED,2012-09-01,2012-09-02,2,45
2012,RRU,ROCK,2012-05-23,2012-05-24,2,45
2012,RRU,BLUFF,2012-09-17,2012-09-17,11,44
2012,ENF,HAZEL,2012-08-05,2012-08-08,4,44
2012,KNF,BILL,2012-08-05,2012-10-22,1,44
2012,FKU,FIRESTONE,2012-05-25,2012-05-25,7,44
2012,ORC,SANTIAGO,2012-09-27,2012-09-27,14,43
2012,FKU,REEF,2012-06-25,2012-06-25,11,43
2012,LPF,LOOKOUT,2012-10-17,2012-10-27,5,43
2012,BDU,TWIN,2012-07-11,2012-07-11,9,41
2012,MDF,SALISBURY,2012-08-05,2012-08-11,1,41
2012,KRN,LAVAL,2012-06-03,2012-06-03,14,41
2012,NEU,ISLAND,2012-07-16,2012-07-16,14,39
2012,NOD,40,2012-08-08,2012-08-08,1,39
2012,NOD,TERMO,2012-08-11,2012-08-12,3,38
2012,FKU,PIEDRA,2012-07-18,2012-07-18,2,36
2012,CDD,POWERLINE,2012-06-14,2012-06-14,9,36
2012,KRN, ,2012-08-04,2012-08-04,14,35
2012,VNC,SKYLINE,2012-08-27,2012-08-27,14,35
2012,SKU,AIRPORT,2012-04-29,2012-04-29,5,35
2012,KRN,PRISON,2012-07-02,2012-07-02,14,33
2012,BEU,GLORIA,2012-07-12,2012-07-12,9,30
2012,CND,ADOBE,2012-07-26,2012-07-30,1,30
2012,CDD,JAMESON,2012-06-03,2012-06-04,9,30
2012,BDF,TRUCK,2012-09-14,2012-09-14,9,29
2012,MRN,MARTINONI,2012-08-21,2012-08-21,14,29
2012,KRN,LANCER,2012-07-08,2012-07-08,14,29
2012,VNC,MOUNT SINAI,2012-08-30,2012-08-30,14,29
2012,TCU,ARMARIO,2012-08-07,2012-08-11,2,27
2012,LPF,BLUE,2012-08-05,2012-08-20,1,27
2012,CDD,CHRISTMAS,2012-09-29,2012-09-29,9,27
2012,LAC,RIDGE,2012-06-25,2012-06-25,14,27
2012,STF,DONNELL ,2012-10-06,2012-10-07,9,27
2012,BEU,198,2012-01-09,2012-01-09,11,26
2012,RRU,BLUFF 2,2012-09-17,2012-09-17,9,25
2012,CDD,LAMB,2012-08-11,2012-08-12,1,25
2012,KNF,CARIBOU,2012-09-03,2012-09-16,4,24
2012,NEU,WALDO,2012-06-11,2012-06-12,9,22
2012,KRN,LERDO,2012-02-10,2012-02-10,14,22
2012,FKU,RUTH,2012-07-20,2012-07-20,11,22
2012,BDU,ARROWHEAD,2012-07-23,2012-07-24,14,22
2012,MEU,POND,2012-06-14,2012-06-19,2,21
2012,VNC,CONEJO,2012-08-10,2012-08-10,10,21
2012,NEU,DYER,2012-06-22,2012-06-22,11,21
2012,KRN, ,2012-03-31,2012-03-31,14,21
2012,FKU,TRACTOR,2012-02-04,2012-02-04,2,21
2012,KRN,CONDOR,2012-06-25,2012-06-25,14,20
2012,SRF,RUTH DAM,2012-07-08,2012-07-16,9,20
2012,RRU,LINDELL,2012-06-18,2012-06-18,14,20
2012,MVU,OTAY - 3,2012-06-20,2012-06-20,14,20
2012,SHU,LCA 1-9,2012-08-19,2012-08-19,1,20
2012,SKU,KUCK,2012-07-29,2012-07-29,5,20
2012,BDF,CRANSTON,2012-07-01,2012-07-01,9,20
2012,STF,SPUR ,2012-10-29,2012-10-29,2,19
2012,CND,BIEDERMAN,2012-07-22,2012-07-24,1,19
2012,SLU,JACK,2012-07-03,2012-07-03,10,19
2012,NEU,COUNTY,2012-06-07,2012-06-08,9,19
2012,BDU,HIGH,2012-08-10,2012-08-11,14,19
2012,KRN,WOFFORD,2012-07-30,2012-07-30,9,17
2012,LPF,ROCK,2012-06-09,2012-06-13,9,17
2012,KRN,TEXCO,2012-04-03,2012-04-03,14,17
2012,CDD,STEELE,2012-06-02,2012-06-02,2,17
2012,KRN, ,2012-06-03,2012-06-03,14,17
2012,NOD,STONE,2012-08-18,2012-08-21,1,17
2012,KNF,RED,2012-09-18,2012-10-22,9,16
2012,RRU,GILMER,2012-08-25,2012-08-25,9,16
2012,CDD,RANGE,2012-09-29,2012-10-02,9,15
2012,SHF,PARK,2012-08-05,2012-08-13,9,15
2012,RRU,WHITEWATER,2012-11-08,2012-11-08,2,15
2012,NEU,COLLINS,2012-06-09,2012-06-12,9,14
2012,KRN,HILL,2012-06-21,2012-06-21,14,14
2012,SNF,SUMMIT,2012-09-04,2012-04-22,5,14
2012,KRN,JACK,2012-06-23,2012-06-23,14,14
2012,KNF,CECIL,2012-08-30,2012-11-01,9,14
2012,CNF,COTTONWOOD,2012-04-03,2012-04-04,18,14
2012,BEU,OLD STAGE,2012-07-19,2012-07-19,7,13
2012,MEU,MILL,2012-06-27,2012-06-28,7,13
2012,MRN,RING MOUNTAIN,2012-06-14,2012-06-14,14,13
2012,BDF,LAWLER,2012-01-08,2012-01-10,9,13
2012,SHU,WONDERLAND 2,2012-09-10,2012-09-10,14,13
2012,MEU,VIEW,2012-05-19,2012-05-21,5,13
2012,CDD,WASH,2012-08-11,2012-08-11,1,13
2012,KRN,EDMONSTON,2012-06-22,2012-06-22,14,13
2012,NEU,FIDDYMENT,2012-07-02,2012-07-02,14,13
2012,NEU,TWENTY,2012-07-13,2012-07-13,2,13
2012,SRF,SWIM,2012-08-18,2012-09-01,1,12
2012,CDD,BOONE,2012-06-24,2012-06-24,9,12
2012,INF,SAGE HEN,2012-08-04,2012-08-31,1,12
2012,NOD,RED,2012-05-23,2012-05-25,14,12
2012,BEU,NORTH,2012-11-06,2012-11-06,7,12
2012,VNC,HOWARD,2012-10-30,2012-10-30,5,12
2012,LAC,ALISO,2012-01-02,2012-01-02,2,12
2012,ANF,PANORAMA,2012-08-29,2012-09-01,1,12
2012,BEU,JOLON,2012-02-25,2012-02-25,18,12
2012,SQF,CAMPGROUND,2012-06-13,2012-06-13,9,11
2012,LPF,YELLOWJACKET,2012-03-09,2012-03-12,9,11
2012,CDD,BORDER 6,2012-05-17,2012-05-19,14,11
2012,BDU,KENWOOD,2012-09-19,2012-09-20,14,11
2012,CDD,MARTINEZ,2012-08-13,2012-08-16,1,11
2012,LAC,MESA,2012-07-30,2012-07-30,2,10
2012,SNF,COW,2012-08-05,2012-08-10,1,10
2012,FKU,DUNLAP,2012-05-31,2012-05-31,14,10
2012,MNF,NORTH PASS ,2012-06-18,2012-06-27,1,10
2012,HUU,ARROW COMPLEX,2012-10-04,2012-10-06,7,10
2012,BEU,SAN ARDO,2012-11-21,2012-11-21,11,10
2012,STF,DEER,2012-01-13,2012-01-14,5,10
2012,SKU,SYLVA,2012-03-08,2012-03-08,5,10
2012,SQF,WOOLSTAFF,2012-08-10,2012-08-11,1,10
2012,SNF,CHINA,2012-06-19,2012-06-28,4,10
2012,FKU,RIDGE,2012-08-04,2012-08-04,1,10
2012,RRU,BRADFORD,2012-07-22,2012-07-22,14,10
2012,MEU,RIVER,2012-06-26,2012-06-27,11,9
2012,SHF,LAKE,2012-10-03,2012-10-26,9,9
2012,LAC,BOUQUET,2012-10-03,2012-10-03,9,9
2012,STF,SOURGRASS ,2012-08-04,2012-08-05,1,9
2012,BDF,HWY 18,2012-01-12,2012-01-14,2,8
2012,NEU,HAMMONTON,2012-06-09,2012-06-09,14,8
2012,DVP,SOUTH,2012-08-10,2012-08-13,1,8
2012,KRN,NINE,2012-01-31,2012-01-31,14,8
2012,KRN,CHESTER EXT,2012-07-04,2012-07-04,14,7
2012,LAC,AGUA,2012-04-08,2012-08-04,2,7
2012,LDF,RUSTIC,2012-09-15,2012-09-15,7,6
2012,BDF,LYTLE,2012-06-24,2012-06-24,9,6
2012,RRU,BONITA,2012-08-09,2012-08-09,1,6
2012,SKU,MOFFETT,2012-08-09,2012-08-09,1,6
2012,ANF,STEELE,2012-03-11,2012-03-12,16,6
2012,LNU,STONY,2012-10-01,2012-10-02,10,5
2012,KRN,RANCHO,2012-06-01,2012-06-01,14,5
2012,MNF,NORTH PASS,2012-08-18,2012-09-18,1,5
2012,LAC,OLIVEVIEW,2012-07-24,2012-07-25,14,5
2012,HUU,ARROW COMPLEX,2012-10-04,2012-10-06,7,5
2012,KRN,WALKER,2012-05-29,2012-05-29,14,5
2012,KRN, ,2012-03-31,2012-03-31,14,4
2012,RRU,TAFFLE,2012-08-09,2012-08-10,5,4
2012,SKU,SHASTA,2012-07-14,2012-07-14,14,4
2012,KRN,HOOPER,2012-11-24,2012-11-24,14,4
2012,RRU,SCOTT,2012-06-06,2012-06-06,9,4
2012,KRN,CAMP 9,2012-05-26,2012-05-26,14,4
2012,LAC,MARTINEZ,2012-02-09,2012-02-09,14,4
2012,KRN,BEALE,2012-07-03,2012-07-03,14,3
2012,ANF,BIGROCK,2012-10-20,2012-10-21,7,3
2012,KRN, ,2012-01-02,2012-01-02,14,3
2012,PLR,TURKEY,2012-06-22,2012-06-22,14,3
2012,KRN,LERDO,2012-06-08,2012-06-08,14,3
2012,KRN,SIERRA,2012-05-17,2012-05-17,14,3
2012,SKU,DUZEL,2012-03-10,2012-03-10,5,3
2012,BDF,HWY 74,2012-06-02,2012-06-02,2,3
2012,KRN, ,2012-01-21,2012-01-21,1,3
2012,CDD,WYNOLA,2012-08-13,2012-08-20,1,3
2012,PNF,PEAK,2012-07-28,2012-08-02,5,2
2012,SKU,BOLES,2012-06-21,2012-06-21,4,2
2012,KRN,TUCKER,2012-10-27,2012-10-27,14,2
2012,SKU,JOYLAND,2012-04-29,2012-04-29,5,2
2012,SKU,EDGEWOOD,2012-02-21,2012-02-21,5,2
2012,HUU,ARROW COMPLEX,2012-10-04,2012-10-06,7,2
2012,CDD,SHOOTS,2012-08-13,2012-08-20,1,1
2012,HUU,ARROW COMPLEX,2012-10-04,2012-10-06,7,1
2012,KRN,BLUE,2012-08-28,2012-08-29,14,1
2012,CDD,COOPER,2012-08-13,2012-08-20,1,1
2012,KRN, ,2012-05-11,2012-05-11,14,1
2012,KRN,CHOCTAW,2012-02-05,2012-02-05,14,1
2012,KRN,VISTA,2012-06-22,2012-06-22,14,1
2012,SKU,DORRIS,2012-03-27,2012-03-27,9,1
2012,SKU,DENNIS,2012-04-07,2012-04-07,2,1
2012,LAC,MULHOLLAND,2012-10-26,2012-10-26,14,1
2012,KRN, ,2012-06-12,2012-06-12,14,1
2012,SKU,BAILEY,2012-07-24,2012-07-24,14,0
2012,KRN, ,2012-09-27,2012-09-27,14,0
2012,KRN,COLE,2012-06-13,2012-06-13,14,0
2012,KRN, ,2012-04-12,2012-04-12,14,0
2012,KRN,COWBOY,2012-06-07,2012-06-07,14,0
2012,SKU,REYNOLDS,2012-01-10,2012-01-10,5,0
2012,MEU,POND,2012-06-14,2012-06-19,2,0
2012,ANF,POWERHOUSE,2012-10-17,2012-10-18,14,0
2012,KRN,PASADENA,2012-05-16,2012-05-16,14,0
2012,KRN,KEYSTONE,2012-07-04,2012-07-04,3,0
2012,LAC,CASTLE ROCK,2012-01-26,2012-01-26,11,0
2012,KRN,TUCKER,2012-05-25,2012-05-25,14,0
2012,HUU,ARROW COMPLEX,2012-10-04,2012-10-06,7,0
2012,SKU,PIONEER,2012-06-09,2012-06-09,5,0
2012,SKU,MONTAGUE,2012-07-15,2012-07-15,14,0
2012,SKU,PICARD_2,2012-09-18,2012-09-18,14,0
2012,LAC,ESCONDIDO,2012-06-01,2012-06-01,3,0
2012,KRN,HISTORY,2012-07-30,2012-07-30,14,0
2012,LAC,VANTAGE POINTE,2012-03-03,2012-03-03,14,0
2012,KRN, ,2012-05-31,2012-05-31,14,0
2012,RRU,TAFFLE,2012-08-09,2012-08-10,5,0
2012,SKU,PICARD_5,2012-09-18,2012-09-18,9,0
2012,SKU,PICARD_3,2012-09-18,2012-09-18,14,0
2012,SKU,PICARD_4,2012-09-18,2012-09-18,7,0
2012,SKU,PICARD_1,2012-09-18,2012-09-18,9,0
2012,KRN,155,2012-02-09,2012-02-09,14,0
2011,KRN,COMANCHE,2011-09-10,2011-09-17,1,25939
2011,KRN,BRECKENRIDGE COMPLEX,2011-09-10,2011-09-17,1,25223
2011,SQF,LION,2011-07-08,2011-11-08,1,20681
2011,KRN,CANYON,2011-09-04,2011-09-10,16,14585
2011,MVU,EAGLE,2011-07-21,2011-07-29,7,13992
2011,KRN,REED,2011-09-10,2011-09-11,1,5899
2011,BDU,JOHN,2011-09-13,2011-09-16,14,5799
2011,SQF,MOTOR,2011-08-25,2011-10-01,2,5230
2011,KRN,ANTELOPE,2011-06-19,2011-06-21,14,5068
2011,KRN,NORTH,2011-09-10,2011-09-11,1,3438
2011,KRN,QUINN,2011-06-21,2011-06-21,14,3138
2011,KRN,INDIAN,2011-09-10,2011-09-14,1,3068
2011,KRN,KNOB,2011-09-10,2011-09-11,1,2709
2011,KRN,BLACK,2011-09-10,2011-09-14,1,2577
2011,MVU,GREAT,2011-10-01,2011-10-07,14,2133
2011,KRN,CATTLE,2011-09-11,2011-09-11,1,2130
2011,NOD,ANNIE,2011-08-18,2011-08-26,14,2075
2011,KRN,65,2011-09-23,2011-09-24,1,2003
2011,MDF,COUGAR,2011-06-08,2011-09-05,4,1790
2011,KRN,BAKER,2011-09-10,2011-09-14,1,1711
2011,MNP,WELLS,2011-08-27,2011-09-09,1,1708
2011,SLU,SODA,2011-09-03,2011-09-03,2,1533
2011,SRF,RUTH,2011-09-23,2011-09-29,5,1457
2011,MDF,SCORPION,2011-07-15,2011-09-05,6,1417
2011,MDF,MAMMOTH,2011-07-15,2011-09-05,6,1193
2011,BDF,HILL,2011-09-02,2011-09-02,14,1159
2011,TUU,STAGE,2011-06-27,2011-06-27,2,1129
2011,TCU,MILTON,2011-09-09,2011-09-09,1,1122
2011,SQF,COVE,2011-05-27,2011-06-02,9,1121
2011,SQF,WILLOWS,2011-09-04,2011-09-12,7,1121
2011,YNP,AVALANCHE,2011-07-30,2011-09-11,1,1068
2011,BBD,BUCKEYE,2011-09-25,2011-10-02,1,1045
2011,RRU,GILMAN,2011-08-06,2011-08-07,14,1026
2011,YNP,TAMARACK,2011-09-13,2011-10-04,1,1014
2011,BDU,WINTERTON,2011-03-02,2011-03-10,18,908
2011,TUU,GRANITE,2011-07-11,2011-07-11,1,872
2011,BEU,METZ,2011-05-14,2011-05-14,11,832
2011,CDD,LAGUNA,2011-05-18,2011-05-23,14,730
2011,LNU,BEACON,2011-08-27,2011-08-30,7,702
2011,TCU,BLUE,2011-12-01,2011-12-06,5,698
2011,LPF,FIGUERO,2011-09-03,2011-09-12,2,675
2011,BBD,58 COMPLEX,2011-08-03,2011-08-04,11,674
2011,KRN,IKEA,2011-08-08,2011-08-08,14,667
2011,MEU,PASS,2011-08-03,2011-08-09,10,643
2011,KRN,WOLF,2011-09-10,2011-09-11,1,633
2011,ANF,MINT,2011-09-17,2011-09-19,9,601
2011,MMU,ERRECA,2011-06-26,2011-06-26,10,568
2011,KNF,ONION,2011-08-19,2011-10-11,1,561
2011,KRN,BLUE,2011-09-10,2011-09-11,1,561
2011,KRN,CALIENTE,2011-09-10,2011-09-10,1,552
2011,KRN,LIGHTNING,2011-09-10,2011-09-11,1,550
2011,CDD,WINDY POINT,2011-09-24,2011-09-26,9,541
2011,HUU,SPANISH,2011-07-08,2011-07-11,2,523
2011,SCU,FLYNN ,2011-07-14,2011-07-14,9,517
2011,SCU,TOP,2011-07-21,2011-07-22,8,516
2011,ORC,CARBON CANYON,2011-07-07,2011-07-08,14,508
2011,LNU,KNOXVILLE,2011-08-13,2011-08-16,3,507
2011,STF,PUNCH,2011-09-12,2011-10-21,1,507
2011,TUU,TENNESSEE,2011-09-11,2011-09-11,1,484
2011,ENF,LONG,2011-09-12,2011-10-05,1,482
2011,KRN,HARPER,2011-09-10,2011-09-14,1,465
2011,MMU,ROMERO,2011-07-23,2011-07-23,14,451
2011,BDU,CENTER,2011-03-18,2011-03-20,14,440
2011,SCU,CHRISMAN,2011-07-05,2011-07-05,10,431
2011,RRU,KELLER,2011-08-29,2011-08-30,2,411
2011,KRN,OLD,2011-09-23,2011-09-24,1,408
2011,BEU,CATTLEMAN,2011-05-29,2011-05-29,11,384
2011,SLU,HIGHWAY,2011-06-24,2011-06-24,10,380
2011,LAC,OASIS,2011-08-27,2011-08-27,1,355
2011,ENF,SALT,2011-12-01,2011-12-07,9,342
2011,TUU,MUD SPRINGS,2011-09-23,2011-09-23,1,342
2011,NEU,KRISTA,2011-07-09,2011-07-10,14,341
2011,TUU,ROADRUNNER,2011-09-04,2011-09-04,7,334
2011,NOD,HERLONG,2011-07-15,2011-07-17,14,324
2011,BDF,KEN,2011-08-22,2011-08-23,2,322
2011,LAC,WAGON,2011-09-05,2011-09-05,15,298
2011,BDU,BOWEN,2011-06-09,2011-06-10,14,294
2011,KRN,HART,2011-09-10,2011-09-12,1,283
2011,NOD,HOG,2011-07-30,2011-08-05,1,267
2011,LAC,RANGE,2011-05-28,2011-05-28,10,241
2011,NEU,WEST BUTTE,2011-05-14,2011-05-14,9,240
2011,KRN,HARRIS,2011-09-10,2011-09-11,1,217
2011,CDD,TRONA,2011-05-21,2011-05-22,9,217
2011,BEU,RELIZ,2011-08-16,2011-08-19,10,215
2011,FKU,WEST,2011-09-23,2011-09-23,14,214
2011,FKU,GATOS,2011-05-22,2011-05-22,2,209
2011,INF,BUTTERMILK,2011-05-25,2011-05-28,4,206
2011,YNP,BALD,2011-06-24,2011-06-30,1,202
2011,MVU,PALA,2011-08-29,2011-09-01,11,191
2011,SBC,CANYON,2011-08-10,2011-08-11,2,188
2011,SLU,BITTERWATER,2011-05-02,2011-05-02,2,187
2011,MVU,BEE,2011-06-05,2011-06-06,9,185
2011,BBD,UNKNOWN,2011-09-10,2011-09-16,1,182
2011,CDD,JOHNSON,2011-08-20,2011-08-22,9,179
2011,SBC,ALISOS,2011-06-30,2011-06-30,9,171
2011,CDD,JAWBONE 2,2011-08-01,2011-08-03,1,170
2011,KRN,WILLIAMS,2011-07-08,2011-07-08,14,167
2011,RRU,GARZA,2011-08-22,2011-08-23,2,167
2011,FKU,CANYON,2011-06-19,2011-06-20,2,162
2011,MVU,BARRETT,2011-08-27,2011-08-28,1,160
2011,KRN,GRAPE,2011-08-17,2011-08-18,10,155
2011,BBD,KEY,2011-06-05,2011-06-07,14,151
2011,NEU,SMARTVILLE,2011-08-17,2011-08-17,10,149
2011,SCU,BIRD,2011-06-27,2011-06-27,11,144
2011,BDU,ROUNDUP,2011-06-01,2011-06-02,14,143
2011,CNF,RIDGE,2011-08-28,2011-09-02,1,141
2011,NEU,YEAGER INCIDENT,2011-08-11,2011-08-12,10,140
2011,CDD,QUAIL,2011-09-23,2011-09-26,14,138
2011,CDD,EL MIRAGE,2011-05-29,2011-05-31,9,138
2011,SQF,COW,2011-09-10,2011-09-17,1,135
2011,BEU,ARGYLE,2011-08-27,2011-08-29,4,134
2011,BBD,TUPMAN,2011-08-15,2011-08-15,2,134
2011,LAC,LIGHTNING,2011-09-23,2011-09-23,1,132
2011,SLU,MARCOS,2011-06-24,2011-06-24,10,129
2011,LPF,HURRICANE,2011-09-10,2011-09-13,1,124
2011,BBD,PEAK,2011-08-09,2011-08-11,14,120
2011,SKU,HAWKINSVILLE,2011-09-01,2011-09-02,2,120
2011,LAC,BANNING,2011-05-02,2011-05-02,2,117
2011,FKU,HIGHWAY,2011-05-06,2011-05-07,2,114
2011,TCU,LAGRANGE,2011-09-24,2011-09-24,9,114
2011,SQF,BLOOM,2011-07-06,2011-07-10,1,114
2011,LAC,EAST,2011-08-27,2011-08-27,1,113
2011,NEU,SOUTH RIDGE,2011-07-27,2011-07-27,14,109
2011,LAC,RIVERBED,2011-06-22,2011-06-22,14,108
2011,LPF,GOAT,2011-09-10,2011-09-13,1,107
2011,CDD,ABIGAIL,2011-05-21,2011-05-23,9,104
2011,CNF,TRILOGY,2011-06-02,2011-06-06,9,102
2011,ENF,BLACKSMITH,2011-12-01,2011-12-01,5,101
2011,RRU,CABAZON,2011-08-07,2011-08-07,14,98
2011,CDD,CAHUILLA,2011-07-17,2011-07-18,9,97
2011,BEU,FREEMAN,2011-07-25,2011-07-25,2,97
2011,TCU,MIDDLE,2011-07-22,2011-07-26,2,96
2011,BEU,PINE,2011-07-27,2011-07-27,5,89
2011,BBD,ELK 2,2011-07-11,2011-07-11,2,86
2011,NOD,HOLBROOK 2,2011-09-24,2011-09-26,1,84
2011,BEU,ARDO,2011-08-12,2011-08-12,11,83
2011,LAC,PARK,2011-09-23,2011-09-23,14,82
2011,NEU,FIDDYMENT,2011-07-02,2011-07-02,9,80
2011,LAC,CHARLIE,2011-07-02,2011-07-02,14,80
2011,RRU,WHITEWATER,2011-07-19,2011-07-19,14,78
2011,BEU,ROSA,2011-08-06,2011-08-06,9,78
2011,SLU,GENESEO,2011-09-06,2011-09-06,14,78
2011,TCU,BRIDGE,2011-08-14,2011-08-15,14,77
2011,ENF,LONGJOHN,2011-11-30,2011-12-03,5,75
2011,CDD,SPANISH TRAIL,2011-05-08,2011-05-09,5,73
2011,TCU,MURRAY,2011-07-25,2011-07-28,2,71
2011,RRU,SAN TIM,2011-07-20,2011-07-20,14,71
2011,BBD,SEVEN,2011-05-14,2011-05-14,2,69
2011,BEU,SARGENTS,2011-07-01,2011-07-01,2,68
2011,BDU,FLORIDA,2011-08-28,2011-08-30,14,67
2011,NEU,SPENCEVILLE,2011-09-10,2011-09-10,14,65
2011,LPF,BUCKHORN,2011-09-10,2011-09-17,1,65
2011,CNF,SAGE,2011-06-24,2011-06-25,10,64
2011,FKU,REEF,2011-09-24,2011-09-24,1,64
2011,SLU,YOSEMITE,2011-08-28,2011-08-28,11,64
2011,HUU,SNOW,2011-11-01,2011-11-02,18,62
2011,VNC,FOOTHILL,2011-12-22,2011-12-26,11,60
2011,FKU,JAYNE,2011-09-04,2011-09-04,2,60
2011,STF,RIDGE ,2011-12-01,2011-12-03,5,59
2011,VNC,COLLINS,2011-07-15,2011-07-15,14,58
2011,SQF,CHURCH,2011-07-11,2011-07-25,1,58
2011,LAC,INDIA,2011-05-03,2011-05-03,2,57
2011,TCU,FRECCERO,2011-09-08,2011-09-10,7,56
2011,RRU,THEODORE,2011-07-04,2011-07-04,10,56
2011,HUU,YAGER,2011-11-10,2011-11-14,18,55
2011,TCU,EASTMAN,2011-05-20,2011-05-20,2,55
2011,BDF,MOMYER,2011-05-08,2011-05-20,9,54
2011,RRU,CANYON,2011-06-11,2011-06-12,9,54
2011,BDF,ARROWHEAD,2011-08-05,2011-08-05,9,54
2011,RRU,FREE,2011-10-22,2011-10-22,14,52
2011,RRU,WAYMAN,2011-06-20,2011-06-20,14,50
2011,LAC,HUGHES,2011-06-23,2011-06-23,14,50
2011,AEU,GROOVY,2011-12-01,2011-12-01,5,46
2011,RRU,LAGO,2011-06-27,2011-06-27,14,46
2011,BEU,SILACCI,2011-11-03,2011-11-03,18,44
2011,TCU,EAST,2011-12-01,2011-12-05,5,44
2011,LAC,NEENACH,2011-09-08,2011-09-08,14,42
2011,BEU,SARGENTS2,2011-08-27,2011-08-27,2,39
2011,STF,COTTON,2011-11-15,2011-12-06,5,39
2011,SQF,BOREL,2011-07-24,2011-08-01,9,39
2011,SLU,RED,2011-07-31,2011-07-31,14,39
2011,LAC,LANCASTER,2011-09-02,2011-09-02,1,36
2011,MVU,BORDER 12,2011-06-21,2011-06-22,14,35
2011,LPF,ALISO,2011-06-08,2011-06-13,9,35
2011,SQF,CANEBREAK,2011-08-27,2011-08-31,1,34
2011,BEU,WUNPOST,2011-07-08,2011-07-08,11,34
2011,CDD,STEELE,2011-05-29,2011-05-29,14,33
2011,BDF,MILL,2011-10-21,2011-10-21,2,32
2011,ENF,GIRARD,2011-12-01,2011-12-03,5,32
2011,BDF,PONY,2011-07-21,2011-07-21,9,32
2011,NEU,LOMA,2011-09-30,2011-09-30,18,31
2011,SHU,CANYON,2011-06-20,2011-06-21,11,31
2011,NEU,BASELINE,2011-09-10,2011-09-10,14,31
2011,ENF,SUGARLOAF,2011-12-03,2011-12-04,5,31
2011,CDD,STODDARD 3,2011-10-01,2011-10-04,9,30
2011,SOR,ALAMO,2011-08-20,2011-08-21,14,30
2011,FKU,SAMPLE,2011-07-31,2011-07-31,1,29
2011,LAC,EMMA,2011-07-09,2011-07-09,2,29
2011,BDF,VALLEY,2011-08-03,2011-08-03,9,29
2011,LNU,OLD,2011-08-23,2011-08-25,9,28
2011,SQF,SPLIT,2011-10-18,2011-10-18,2,27
2011,LAC,EAST,2011-05-23,2011-05-23,14,27
2011,PNF,ADAMS,2011-08-23,2011-08-23,2,27
2011,LAC,PERKINS,2011-08-22,2011-08-22,14,27
2011,FKU,JAYNE,2011-07-18,2011-07-18,14,27
2011,BEU,LONEOAK,2011-09-20,2011-09-20,14,27
2011,VNC,TAPO,2011-07-24,2011-07-24,14,25
2011,ANF,CROSSOVER,2011-09-28,2011-09-28,10,25
2011,BDF,DEEP,2011-07-30,2011-08-01,1,25
2011,FKU,GATOS,2011-12-02,2011-12-02,2,25
2011,SQF,GIANT,2011-07-19,2011-10-05,9,25
2011,BEU,TOPO,2011-07-19,2011-07-19,11,25
2011,LPF,STATION,2011-10-22,2011-11-01,9,24
2011,LAC,NORTH,2011-07-27,2011-07-27,14,23
2011,LAC,PEAR,2011-08-08,2011-08-08,14,23
2011,ENF,FUNKY,2011-12-02,2011-12-02,5,22
2011,YNP,SMITH,2011-09-13,2011-10-04,1,22
2011,LPF,RANGE,2011-06-04,2011-06-04,9,22
2011,BEU,RED BARN,2011-08-06,2011-08-06,10,22
2011,MVU,BORDER 16,2011-09-30,2011-10-01,14,21
2011,RRU,GRANITE,2011-06-22,2011-06-22,14,21
2011,FKU,PANOCHE,2011-10-15,2011-10-15,9,21
2011,FKU,PARKFIELD,2011-09-24,2011-09-24,1,21
2011,BEU,WILLOW,2011-12-17,2011-12-17,14,21
2011,SHU,OAKRUN,2011-12-01,2011-12-01,9,21
2011,HUU,ROWDY,2011-08-14,2011-08-16,18,20
2011,BEU,SLACKS,2011-08-15,2011-08-15,2,20
2011,NEU,BEALE,2011-08-18,2011-08-18,14,20
2011,SLU,JACK,2011-07-29,2011-07-29,14,19
2011,BEU,LOCKWOOD,2011-06-02,2011-06-02,7,19
2011,YNP,BILEDO,2011-12-16,2011-12-18,4,19
2011,NOD,DEPOT,2011-08-17,2011-08-18,14,19
2011,ENF,NOODLES,2011-12-04,2011-12-04,5,19
2011,ANF,STRIKE,2011-07-31,2011-07-31,1,19
2011,BBD,ERSKINE,2011-07-23,2011-07-23,14,18
2011,ENF,MOSQUITO,2011-12-04,2011-12-05,7,18
2011,NEU,WALDO,2011-06-15,2011-06-15,14,18
2011,BDF,PALM,2011-09-08,2011-09-09,2,18
2011,SKU,SLOUGH,2011-09-14,2011-09-14,1,17
2011,LPF,CIELO,2011-10-23,2011-10-27,9,17
2011,SLU,SHELL,2011-05-09,2011-05-09,10,17
2011,SCU,BRICKYARD,2011-09-06,2011-09-06,11,17
2011,LAC,LANCASTER,2011-08-24,2011-08-24,5,17
2011,NEU,SCOTT,2011-09-09,2011-09-09,2,17
2011,NEU,CHALK,2011-12-01,2011-12-02,18,16
2011,NEU,WEST WISE,2011-08-13,2011-08-13,14,16
2011,BTU,60 B,2011-12-01,2011-12-01,18,16
2011,BEU,MUSTANG,2011-11-30,2011-12-01,11,16
2011,BDF,FREE,2011-10-22,2011-10-22,7,15
2011,LPF,FRAZIER 1,2011-09-09,2011-09-13,1,15
2011,SKU,BELL,2011-10-01,2011-10-01,2,15
2011,ORC,ROSE,2011-11-02,2011-11-02,11,15
2011,LPF,SALT,2011-09-10,2011-09-16,1,15
2011,FKU,MONO,2011-08-08,2011-08-08,14,15
2011,AEU,ONYX,2011-09-09,2011-09-09,1,14
2011,BEU,LEWIS,2011-06-30,2011-06-30,2,14
2011,TCU,HOLLOW,2011-04-29,2011-04-29,5,14
2011,VNC,CONEJO,2011-07-23,2011-07-23,10,14
2011,KNF,KANGAROO,2011-12-25,2012-01-20,4,14
2011,SCU,RANCH,2011-08-31,2011-08-31,2,13
2011,MDF,CHICKEN,2011-09-23,2011-10-20,1,13
2011,LPF,QUARRY,2011-09-10,2011-09-14,1,13
2011,ENF,GREYHORSE,2011-12-01,2011-12-02,5,13
2011,STF,ACKERSON ,2011-12-21,2011-12-26,3,12
2011,TNF,INDIAN,2011-09-14,2011-09-26,1,12
2011,BEU,ROCKS,2011-07-31,2011-07-31,10,12
2011,LNP,SUMMIT,2011-09-14,2011-10-27,1,12
2011,SKU,COPCO,2011-08-01,2011-08-01,1,12
2011,SKU,WILLOW,2011-06-25,2011-06-25,2,12
2011,LAC,SIERRA,2011-08-26,2011-08-26,2,12
2011,SQF,GOLDEN,2011-09-24,2011-11-14,1,11
2011,BTU,DIXIE,2011-08-19,2011-08-23,11,11
2011,GNP,BOBCAT,2011-09-27,2011-09-27,14,11
2011,FKU,WATTS,2011-08-05,2011-08-05,2,10
2011,BTU,LOVELOCK,2011-02-13,2011-02-13,18,10
2011,BTU,FOUR CORNERS,2011-12-01,2011-12-01,18,10
2011,CDD,STODDARD 2,2011-08-11,2011-08-12,4,10
2011,SQF,COLD,2011-08-20,2011-08-31,4,10
2011,SHF,JUNIPER,2011-09-13,2011-09-13,9,10
2011,VNC,CAMARILLO SPRINGS,2011-12-03,2011-12-03,9,9
2011,KNP,WILLOW,2011-08-30,2011-10-27,1,8
2011,SKU,MONTAGUE,2011-02-13,2011-02-13,18,7
2011,SHF,HIGH,2011-09-13,2011-09-13,1,6
2011,BDF,DEEP CREEK,2011-05-02,2011-05-02,9,5
2011,SKU,BOGUS,2011-08-01,2011-08-01,1,5
2011,SLU,TALLEY,2011-07-01,2011-07-01,14,5
2011,VNC,RANCHO CONEJO,2011-06-29,2011-06-29,9,4
2011,SKU,BLACK,2011-07-25,2011-07-25,9,4
2011,VNC,ALIZIA,2011-08-29,2011-08-29,2,4
2011,SLU,BEAR,2011-05-10,2011-05-10,10,3
2011,SKU,JADE,2011-10-17,2011-10-17,5,3
2011,SKU,HORNBROOK,2011-08-24,2011-08-24,1,3
2011,VNC,LEWIS,2011-07-08,2011-07-08,9,2
2011,LAC,ENCINAL,2011-07-07,2011-07-07,2,2
2011,SKU,CALLAHAN,2011-09-05,2011-09-05,9,2
2011,ANF,PELONA,2011-10-29,2011-10-29,9,2
2011,SKU,DANDY,2011-11-10,2011-11-10,18,2
2011,SKU,LIGHTHILL,2011-10-02,2011-10-02,18,1
2011,SKU,AGER,2011-06-16,2011-06-16,2,1
2011,LAC,LAS VIRGENES,2011-08-24,2011-08-24,9,1
2011,ANF,DEL,2011-08-23,2011-08-23,2,1
2011,ORC,UNNAMED,2011-07-18,2011-07-18,4,1
2011,LAC,FOOSE,2011-08-02,2011-08-02,9,0
2011,ANF,SHEEP,2011-07-30,2011-07-30,1,0
2011,SKU,WEED,2011-09-07,2011-09-07,8,0
2011,SKU,APACHE,2011-07-31,2011-07-31,1,0
2011,KNP,CRYSTAL CAVE,2011-08-02,2011-08-03,11,0
2011,LAC,COLINA,2011-07-10,2011-07-10,9,0
2011,LAC,PIUMA,2011-10-31,2011-10-31,10,0
2011,LAC,MALIBU BEACH,2011-01-14,2011-01-14,9,0
2011,RNP,INDIAN CLOVER,2011-10-03,2011-10-03,14,0
2011,GNP,FIELD,2011-07-20,2011-07-20,14,0
2011,GNP,VISTA,2011-07-26,2011-07-26,14,0
2011,RNP,NORTH BEACH 1,2011-07-22,2011-07-22,14,0
2011,GNP,YATES,2011-08-03,2011-08-03,14,0
2011,RNP,NORTH BEACH 2,2011-09-11,2011-09-11,14,0
2010,SQF,BULL,2010-07-25,2010-07-31,9,16448
2010,LAC,CROWN,2010-07-29,2010-08-02,2,12582
2010,NOD,MCDONALD,2010-07-26,2010-08-10,1,9406
2010,SQF,CANYON,2010-09-12,2010-09-24,9,9336
2010,KNP,SHEEP COMPLEX,2010-07-17,2010-10-25,1,9021
2010,BBD,COTTON,2010-05-15,2010-05-20,2,2037
2010,YNP,SLOPE,2010-07-25,2010-11-04,1,1710
2010,KRN,WEST,2010-07-27,2010-08-06,2,1637
2010,MMU,ROBINSON,2010-06-11,2010-06-11,11,1600
2010,CDD,INDIAN,2010-07-18,2010-07-25,1,1502
2010,NOD,CONSTANTIA,2010-07-24,2010-08-12,1,1452
2010,KRN,POST,2010-08-24,2010-08-28,14,1311
2010,NEU,BULLARDS INCIDENT,2010-08-27,2010-08-31,14,1289
2010,AFV,BEAR CREEK,2010-10-28,2010-10-30,11,1219
2010,INF,MONO,2010-07-26,2010-07-29,1,1204
2010,LPF,POZO,2010-08-21,2010-09-07,9,1150
2010,PNF,BAR,2010-07-31,2010-08-18,7,1039
2010,RRU,MCKINLEY,2010-05-20,2010-05-22,2,1028
2010,YNP,VERNON,2010-08-08,2010-11-04,1,964
2010,CNF,MONTE,2010-08-21,2010-08-26,8,953
2010,BBD,WASH,2010-05-15,2010-05-15,2,947
2010,TUU,BALES,2010-06-04,2010-06-04,2,913
2010,CDD,SAND 2,2010-07-16,2010-07-20,1,910
2010,STF,PINECREST ,2010-08-08,2010-08-09,1,906
2010,TUU,STOKES 2,2010-08-17,2010-08-18,2,895
2010,RRU,PEDLEY,2010-05-12,2010-05-13,2,717
2010,RRU,CACTUS,2010-07-15,2010-07-19,1,705
2010,ANF,BRIGGS,2010-07-29,2010-08-01,9,692
2010,MVU,COWBOY,2010-09-02,2010-09-07,14,684
2010,BTU,PALERMO,2010-07-04,2010-08-05,8,672
2010,BBD,POTATO,2010-07-24,2010-07-28,1,631
2010,SCU,STUHR,2010-06-08,2010-06-09,11,604
2010,BBD,BODFISH,2010-07-15,2010-07-18,1,551
2010,RRU,SKINNER,2010-07-15,2010-07-18,1,522
2010,SCU,BRADFORD,2010-07-03,2010-07-03,14,511
2010,NEU,GRAND INCIDENT,2010-10-11,2010-10-11,14,493
2010,NEU,BASELINE,2010-08-20,2010-08-21,14,478
2010,SNF,BUCKHORN,2010-08-07,2010-11-03,1,470
2010,MMU,LEGRAND,2010-06-05,2010-06-05,10,462
2010,SCU,DIABLO,2010-06-18,2010-07-15,14,458
2010,SBC,166,2010-07-12,2010-07-13,14,356
2010,LNU,INDIAN,2010-08-24,2010-08-24,14,346
2010,KNF,DUTCH,2010-07-31,2010-08-05,9,335
2010,KRN,METSON,2010-05-15,2010-05-15,9,330
2010,KRN,ADOBE,2010-07-25,2010-07-25,2,285
2010,RRU,POTRERO,2010-08-10,2010-08-11,7,255
2010,CNF,MESA,2010-08-25,2010-08-26,4,254
2010,NOD,ANNIE,2010-08-02,2010-08-04,1,249
2010,FKU,FINE,2010-06-22,2010-06-23,14,236
2010,LMU,SUNNYSIDE,2010-08-08,2010-08-08,1,231
2010,LUR,BALLOON,2010-05-08,2010-05-08,7,223
2010,KRN,GRANITE,2010-09-18,2010-09-19,2,203
2010,HUU,BUCKEYE,2010-09-06,2010-09-17,2,202
2010,KRN,TOWN,2010-08-24,2010-08-24,11,195
2010,SLU,ANTELOPE,2010-10-26,2010-10-26,14,193
2010,SCU,CURRY,2010-08-24,2010-08-28,11,184
2010,SHU,BEAVER,2010-07-12,2010-07-19,1,183
2010,MVU,FELIPE,2010-07-15,2010-07-15,1,177
2010,LAC,NEENACH,2010-07-17,2010-07-17,14,171
2010,TCU,CANAL,2010-09-05,2010-09-06,14,157
2010,KRN,BASE,2010-08-22,2010-08-22,2,151
2010,MDF,BIRTHDAY,2010-07-28,2010-07-29,1,146
2010,STF,BUMMER ,2010-10-03,2010-11-16,1,143
2010,RRU,RANCH,2010-06-22,2010-06-23,8,126
2010,BTU,WINDY,2010-09-06,2010-09-10,14,126
2010,LAC,LANCASTER,2010-07-29,2010-07-29,2,121
2010,KRN,TUCKER,2010-08-26,2010-08-26,14,118
2010,RRU,PALMER,2010-09-03,2010-09-04,6,112
2010,SLU,LAKE,2010-10-09,2010-10-11,14,111
2010,JTP,KEYS,2010-08-26,2010-08-30,1,110
2010,CNF,TENAJA,2010-01-14,2010-01-14,5,109
2010,TCU,CURVE,2010-07-21,2010-07-22,14,107
2010,BDU,TECOPA,2010-08-28,2010-08-30,1,105
2010,PNF,GULCH,2010-07-25,2010-07-25,1,103
2010,KRN,FAY,2010-05-05,2010-05-06,2,102
2010,MVU,PALA 5,2010-06-23,2010-06-24,14,100
2010,ANF,LARGOVISTA,2010-08-20,2010-08-20,9,100
2010,RRU,GILMAN,2010-09-05,2010-09-05,14,99
2010,BBD,BRAMLETTE,2010-03-24,2010-03-27,1,98
2010,SQF,CREEK,2010-07-15,2010-07-16,1,95
2010,BDU,SCOTT,2010-11-06,2010-11-06,10,95
2010,ENF,BLACK,2010-09-18,2010-09-18,14,90
2010,LMU,RUSSELL (3-9),2010-07-25,2010-07-30,1,86
2010,BDF,ANGEL,2010-08-16,2010-08-16,3,82
2010,NEU,MORRISON INCIDENT,2010-10-11,2010-10-11,10,82
2010,RRU,MINTO,2010-08-30,2010-08-30,5,80
2010,RRU,SADDLE,2010-07-15,2010-07-15,1,79
2010,LMU,WITCHER,2010-07-26,2010-07-26,1,78
2010,VNC,LOMA,2010-07-13,2010-07-14,19,77
2010,KRN,BACK,2010-08-28,2010-08-28,1,77
2010,BEU,GREEN,2010-08-03,2010-08-04,11,75
2010,LPF,FIGUEROA,2010-11-16,2010-12-02,18,74
2010,NEU,TWIN BRIDGES,2010-07-26,2010-07-26,7,67
2010,BDU,MILLER,2010-08-17,2010-08-17,7,65
2010,RRU,CLINTON,2010-09-01,2010-09-03,2,64
2010,RRU,FAIRVIEW,2010-05-26,2010-05-27,2,63
2010,PNF,ROCK,2010-08-13,2010-08-15,7,62
2010,LMU,PIT,2010-08-17,2010-08-17,2,59
2010,NEU,MEADOWLARK INCIDENT,2010-06-18,2010-06-18,8,59
2010,BEU,198,2010-06-06,2010-06-06,10,58
2010,NEU,DYER INCIDENT,2010-06-08,2010-06-08,14,55
2010,RRU,LEON,2010-06-27,2010-06-28,14,55
2010,MVU,SLAUGHTERHOUSE,2010-05-25,2010-05-25,14,55
2010,RRU,WHITEWATER,2010-06-10,2010-06-11,2,52
2010,MDF,POINT,2010-07-25,2010-07-25,1,51
2010,BEU,BRADLEY-LOCKWOOD,2010-11-05,2010-11-05,5,51
2010,MVU,NARROWS,2010-06-16,2010-06-17,14,49
2010,NEU,ROCKLIN_CLOVER INCIDENT,2010-06-14,2010-06-14,14,49
2010,NEU,BRIDGE INCIDENT,2010-10-11,2010-10-11,14,48
2010,KRN,CALIENTE,2010-07-01,2010-07-02,2,48
2010,BDF,PACIFIC,2010-05-08,2010-05-08,7,46
2010,RRU,RIVER,2010-06-16,2010-06-16,2,46
2010,SQF,MAGGIE,2010-07-17,2010-07-17,1,45
2010,LAC,HASKELL,2010-08-08,2010-08-08,3,44
2010,RRU,SCOTT,2010-05-31,2010-05-31,14,44
2010,APF,LOS BUEYOS,2010-07-08,2010-07-10,18,43
2010,BEU,JOLON,2010-07-22,2010-07-22,2,42
2010,TGU,HOG,2010-08-27,2010-08-27,2,41
2010,VNC,HAMPSHIRE,2010-09-28,2010-09-28,14,41
2010,BDU,CACTUS,2010-06-06,2010-06-06,11,40
2010,RRU,ROCK,2010-08-19,2010-08-20,8,38
2010,CNF,LONG,2010-09-23,2010-09-23,2,38
2010,ANF,RAMP,2010-09-16,2010-09-16,9,37
2010,SQF,CHINA,2010-07-06,2010-07-08,9,33
2010,LAC,NEWHALL,2010-07-23,2010-07-23,14,33
2010,NEU,NADER2 INCIDENT,2010-07-11,2010-07-11,2,33
2010,BEU,HWY25,2010-08-04,2010-08-04,10,33
2010,CDD,BORDER 12,2010-10-10,2010-10-10,2,31
2010,RRU,GILMER,2010-05-31,2010-05-31,14,31
2010,MDF,PEAK,2010-07-25,2010-07-29,1,30
2010,NEU,ORR INCIDENT,2010-10-21,2010-10-21,14,30
2010,SLU,ROCKY,2010-08-02,2010-08-02,14,29
2010,BTU,PARHAM,2010-08-23,2010-08-23,14,27
2010,BBD,COW,2010-08-01,2010-08-06,9,26
2010,BBD,ALLENSWORTH,2010-05-28,2010-05-28,14,25
2010,NEU,RIOSA2 INCIDENT,2010-06-23,2010-06-23,14,25
2010,SQF,MARVIN,2010-07-15,2010-07-15,1,24
2010,BBD,SOUTH FORK,2010-06-08,2010-06-08,14,24
2010,NEU,DYER2 INCIDENT,2010-07-04,2010-07-04,7,24
2010,LAC,ECHO LAKE,2010-07-01,2010-07-10,16,24
2010,SLU,LAKE,2010-08-25,2010-08-25,14,23
2010,KNF,CRAGGY,2010-07-26,2010-07-29,1,23
2010,BDU,SEPULVEDA,2010-11-06,2010-11-06,9,23
2010,KRN,UMTALI,2010-07-09,2010-07-09,14,23
2010,LAC,MUREAU,2010-08-01,2010-08-01,14,22
2010,LAC,TAMPA,2010-09-13,2010-09-13,14,22
2010,BEU,COALINGA,2010-03-28,2010-03-28,5,22
2010,SQF,GROUSE,2010-07-15,2010-07-15,1,22
2010,NEU,CHAMBERLIN,2010-07-13,2010-07-13,14,22
2010,MDF,HAGER,2010-07-25,2010-07-27,1,21
2010,DVP,TRAVERTINE,2010-08-09,2010-08-15,14,21
2010,BEU,IDRIA,2010-07-29,2010-07-29,7,21
2010,SQF,COW,2010-06-19,2010-06-20,4,20
2010,LAC,LOST,2010-07-02,2010-07-02,2,19
2010,PNF,WOODY,2010-07-28,2010-08-13,7,17
2010,KNF,TITUS,2010-07-27,2010-07-28,1,17
2010,MDF,DALTON,2010-07-26,2010-07-30,1,17
2010,ANF,GLENDORA,2010-07-31,2010-07-31,9,17
2010,MVU,SANTA,2010-08-22,2010-08-23,2,17
2010,NEU,RIOSA INCIDENT,2010-06-16,2010-06-16,14,16
2010,BDF,HIGHWAY 2,2010-08-04,2010-08-04,9,16
2010,BEU,HWY198,2010-07-08,2010-07-08,7,16
2010,LAC,OAK,2010-08-31,2010-08-31,10,15
2010,YNP,WILDCAT2,2010-07-17,2010-07-31,1,15
2010,PNF,MEADOW VIEW,2010-07-24,2010-07-24,1,15
2010,BDF,BAUTISTA,2010-08-12,2010-08-13,7,14
2010,LNF,WILLOW,2010-07-25,2010-07-26,1,14
2010,RRU,MAYWOOD,2010-07-17,2010-07-17,9,13
2010,MVU,76-2,2010-06-23,2010-06-23,14,11
2010,BEU,SALINAS,2010-08-24,2010-08-24,2,11
2010,LPF,WEST,2010-07-17,2010-07-21,2,11
2010,SKU,DESAVADO,2010-07-16,2010-07-16,9,11
2010,ANF,WRIGHT,2010-06-24,2010-07-24,9,11
2010,LAC,COLIMA,2010-09-16,2010-09-16,10,11
2010,NEU,DOBBINS INCIDENT,2010-08-20,2010-08-23,14,11
2010,YNP,CLARK,2010-08-08,2010-08-11,4,11
2010,SKU,CRAM,2010-07-31,2010-07-31,2,11
2010,NOD,PATTERSON,2010-07-05,2010-07-06,1,10
2010,CNF,TENAJA2,2010-06-07,2010-06-07,9,10
2010,SLU,CREEK,2010-06-26,2010-06-26,14,10
2010,ANF,RANGE,2010-06-11,2010-06-11,9,10
2010,KNF,TAMARACK,2010-07-26,2010-07-27,1,10
2010,ANF,ESCORT,2010-06-05,2010-07-05,9,9
2010,LPF,PLASKETT,2010-06-19,2010-06-22,9,9
2010,LUR,WILDLIFE,2010-05-01,2010-05-01,7,8
2010,SHU,OREGON,2010-07-16,2010-07-16,10,8
2010,LAC,QUAIL,2010-06-19,2010-06-19,2,8
2010,CDD,ISABELLA,2010-05-08,2010-05-10,8,7
2010,LAC,CALGROVE,2010-06-25,2010-06-25,14,7
2010,ANF,MENDENHALL,2010-06-17,2010-07-17,9,7
2010,SKU,RY,2010-03-31,2010-03-31,11,7
2010,KNP,ESHOM,2010-09-30,2010-10-12,14,6
2010,CDD,CORTEZ,2010-05-03,2010-05-04,1,5
2010,LAC,QUEENS,2010-09-15,2010-09-15,14,4
2010,SKU,BAILEY,2010-08-10,2010-08-10,2,4
2010,KNP,CAHOON,2010-07-23,2010-11-30,1,4
2010,SKU,EASY,2010-07-02,2010-07-02,10,4
2010,SMP,DEER CREEK,2010-05-29,2010-05-29,11,3
2010,SKU,HAMLIN,2010-06-30,2010-06-30,2,3
2010,SKU,HART,2010-07-29,2010-07-29,2,3
2010,SKU,GAZELLE,2010-09-13,2010-09-13,2,2
2010,LAC,RIVER,2010-06-19,2010-06-19,2,2
2010,SKU,EASTMAN,2010-07-27,2010-07-27,1,2
2010,SKU,HOLLOW,2010-07-26,2010-07-26,1,1
2010,LAC,OLIVE,2010-06-28,2010-06-28,14,1
2010,SKU,EMPIRE,2010-07-26,2010-07-26,1,0
2010,SKU,WHISKEY,2010-06-23,2010-06-23,2,0
2009,ANF,STATION,2009-08-26,2009-09-22,7,160833
2009,LPF,LA BREA,2009-08-08,2009-08-22,9,97815
2009,VNC,GUIBERSON,2009-09-22,2009-09-24,14,17526
2009,SCU,CORRAL,2009-08-13,2009-08-20,9,12242
2009,LNF,SUGARLOAF,2009-08-01,2009-08-12,1,9354
2009,SBC,JESUSITA,2009-05-05,2009-05-17,2,8733
2009,CZU,LOCKHEED,2009-08-12,2009-08-23,14,7783
2009,YNP,BIG MEADOW,2009-08-26,2009-09-04,18,7553
2009,BDF,SHEEP,2009-10-03,2009-10-24,9,7237
2009,SHU,CHALK,2009-08-01,2009-09-01,1,6846
2009,BEU,GLORIA,2009-08-28,2009-09-08,9,6435
2009,STF,KNIGHT,2009-07-26,2009-08-21,9,6129
2009,SHU,CASSEL,2009-08-02,2009-08-17,1,6098
2009,SRF,LT-17(BACKBONE),2009-07-01,2009-09-03,1,5193
2009,SHU,GOOSE,2009-08-01,2009-10-20,1,3948
2009,NEU,YUBA,2009-08-15,2009-08-20,11,3828
2009,KNF,TENNANT,2009-07-19,2009-07-24,2,3183
2009,YNP,GROUSE,2009-05-30,2009-07-11,1,3039
2009,HIA,MILL CREEK 4,2009-10-07,2009-11-18,9,2831
2009,INF,FORKS,2009-07-18,2009-07-24,1,2811
2009,SQF,LION,2009-06-29,2009-10-16,1,2577
2009,BDF,COTTONWOOD,2009-08-27,2009-08-31,9,2410
2009,BEU,BRYSON,2009-08-26,2009-08-28,15,2256
2009,ANF,MORRIS,2009-08-25,2009-11-30,7,2236
2009,SCU,EXPLOSIVES,2009-06-19,2009-06-19,11,1988
2009,LNF,BROWN,2009-08-01,2009-08-26,1,1833
2009,KNF,REDROCK,2009-08-21,2009-09-04,9,1736
2009,SCU,PACHECO,2009-08-29,2009-09-14,10,1688
2009,LNP,FAIRFIELD,2009-08-03,2009-09-30,1,1662
2009,YNP,HARDEN,2009-06-08,2009-07-11,1,1653
2009,LNU,OASIS,2009-09-07,2009-09-13,4,1574
2009,NOD,MENDIBOUREAU,2009-08-01,2009-08-01,1,1426
2009,SQF,GRANITE,2009-07-20,2009-11-02,1,1397
2009,SQF,SHOTGUN,2009-06-17,2009-10-12,1,1333
2009,YNP,WILDCAT,2009-07-28,2009-10-13,1,1292
2009,SHF,REDSPOT,2009-07-01,2009-07-26,1,1129
2009,SHU,COFFIN,2009-08-12,2009-08-14,7,1098
2009,BDU,OAK GLEN 3,2009-08-30,2009-09-10,7,983
2009,BDU,FORT,2009-02-05,2009-02-07,18,943
2009,LMU,DAY,2009-08-27,2009-08-30,2,852
2009,BDU,PENDLETON,2009-08-31,2009-09-03,7,838
2009,SCU,MUSTANG,2009-05-13,2009-05-16,5,764
2009,KRN,PARKWAY,2009-06-22,2009-06-22,11,689
2009,LNU,RUMSEY,2009-06-29,2009-07-02,2,677
2009,CZU,LOMA,2009-10-25,2009-10-27,14,669
2009,KNP,HORSE,2009-07-19,2009-10-12,1,664
2009,NEU,MAMMOTH,2009-07-15,2009-07-16,9,642
2009,AFV,HIGHWAY,2009-09-30,2009-10-03,11,562
2009,LPF,SULPHUR,2009-07-11,2009-07-20,9,468
2009,JTP,LOST HORSE,2009-05-24,2009-06-02,14,450
2009,SHU,GOMEZ,2009-08-02,2009-08-17,1,424
2009,SBC,ALISO,2009-05-24,2009-05-25,5,423
2009,TCU,ROCK,2009-06-26,2009-06-28,9,409
2009,RRU,VAIL,2009-09-19,2009-09-20,10,398
2009,SHF,TRINITY,2009-07-01,2009-07-26,1,391
2009,KRN,BITTER,2009-05-31,2009-05-31,10,353
2009,LPF,PONDEROSA,2009-08-01,2009-08-13,9,351
2009,BDF,ELM,2009-07-07,2009-07-07,9,348
2009,BDU,CRAFTON,2009-09-23,2009-09-27,14,348
2009,NEU,FORTY NINE,2009-08-30,2009-08-31,7,343
2009,ANF,OSITO,2009-07-13,2009-07-13,2,332
2009,CRA,DEER,2009-07-06,2009-07-21,14,330
2009,PNF,SILVER,2009-09-19,2009-09-27,9,310
2009,TUU,LIGHTNING 1,2009-05-28,2009-05-29,1,294
2009,HUU,WILSON BRANCH 2,2009-10-09,2009-10-14,14,289
2009,SQF,POWER,2009-09-27,2009-09-29,9,289
2009,CDD,LAMB,2009-07-11,2009-07-11,10,288
2009,MNF,SUMMIT,2009-08-12,2009-08-25,4,287
2009,PNF,MILFORD GRADE,2009-04-22,2009-04-22,1,284
2009,NEU,BEALE,2009-08-28,2009-08-28,14,281
2009,KRN,ROUND,2009-06-24,2009-06-24,10,277
2009,PNF,ELEPHANT,2009-08-16,2009-08-31,9,274
2009,INF,BLACKJACK,2009-07-18,2009-08-25,1,270
2009,NEU,DYER,2009-07-20,2009-07-20,14,262
2009,LAC,GRAVE,2009-05-28,2009-05-28,14,262
2009,KRN,BEAR,2009-10-29,2009-10-29,14,236
2009,LAC,PV,2009-08-27,2009-08-28,11,234
2009,LAC,G,2009-06-04,2009-06-04,14,215
2009,ANF,TUJUNGA,2009-07-05,2009-07-09,1,210
2009,KRN,CAMERON,2009-07-06,2009-07-06,14,208
2009,LNU,PINE,2009-09-21,2009-09-25,14,199
2009,KRN,ROCKY,2009-06-24,2009-06-24,15,188
2009,LNF,PRISON,2009-08-01,2009-08-02,1,175
2009,KNF,SIMS,2009-06-23,2009-06-23,9,169
2009,KRN,FRANK,2009-05-26,2009-05-26,2,168
2009,BDF,MCKINLEY,2009-06-03,2009-06-03,1,166
2009,TCU,TELEGRAPH,2009-09-12,2009-09-14,1,161
2009,LAC,DIAMOND,2009-11-03,2009-11-04,10,155
2009,PNF,HOWLAND,2009-07-15,2009-07-20,4,154
2009,SHU,BACKBONE,2009-08-01,2009-08-05,1,149
2009,HUU,IAGUA,2009-10-03,2009-10-06,2,148
2009,ORC,ORTEGA,2009-11-16,2009-11-17,2,141
2009,HUU,PRATT,2009-09-11,2009-09-11,2,141
2009,KNF,HARRINGTON,2009-08-02,2009-09-09,1,141
2009,LAC,STATE PARK,2009-06-28,2009-06-29,14,141
2009,RRU,BLUFF2,2009-09-10,2009-09-11,9,140
2009,SBC,PALMER,2009-08-13,2009-08-13,2,139
2009,SQF,CORRAL,2009-08-07,2009-08-08,9,136
2009,LAC,VALLEY,2009-05-18,2009-05-18,3,130
2009,HUU,RANCH,2009-01-15,2009-01-16,18,124
2009,SLU,LAKE,2009-07-19,2009-07-20,11,123
2009,SQF,FAIRVEW,2009-06-28,2009-06-28,9,114
2009,VNC,VINTAGE,2009-08-14,2009-08-14,9,112
2009,MVU,PALA 4,2009-05-24,2009-05-25,14,106
2009,SKU,BLACK,2009-09-02,2009-09-06,7,103
2009,LAC,HILLSIDE,2009-09-25,2009-09-26,14,96
2009,SQF,CHINA COMPLEX,2009-06-03,2009-06-03,1,94
2009,YNP,COTTONWOOD,2009-05-18,2009-05-25,1,93
2009,TCU,WAVERLEY,2009-06-26,2009-06-27,9,93
2009,NEU,SUNSET,2009-09-30,2009-09-30,10,93
2009,RRU,DE LUZ,2009-07-02,2009-07-03,14,93
2009,INF,N. GLASS,2009-07-18,2009-07-19,1,90
2009,KRN,ROUND,2009-05-09,2009-05-09,10,89
2009,LAC,GOLF,2009-07-11,2009-07-11,14,88
2009,SLU,HIGHWAY,2009-11-08,2009-11-08,11,83
2009,NEU,RIVERBOTTOM,2009-03-29,2009-03-31,14,83
2009,KRN,WILLOW,2009-08-15,2009-08-15,14,82
2009,LAC,SLOAN,2009-07-17,2009-07-17,10,81
2009,NOD,DODGE,2009-08-01,2009-08-01,1,81
2009,TCU,VALENTE,2009-05-18,2009-05-18,7,75
2009,TCU,CLARIBEL,2009-05-15,2009-05-16,7,74
2009,BDU,PARK 2,2009-05-07,2009-05-08,14,72
2009,NEU,NELSON,2009-06-25,2009-06-25,7,71
2009,CDD,SPRINGS,2009-07-28,2009-07-28,14,71
2009,SQF,LAKE,2009-07-22,2009-07-22,9,70
2009,NEU,FIDDYMENT,2009-07-05,2009-07-05,14,70
2009,MDF,RAIL,2009-08-01,2009-08-01,1,68
2009,RRU,GRANDE IC,2009-03-02,2009-03-03,5,67
2009,KRN,SCHOOL,2009-08-24,2009-08-24,10,66
2009,BEU,CHALONE,2009-06-09,2009-06-11,10,65
2009,TUU,KONDA 3,2009-05-28,2009-05-29,1,65
2009,MDF,FLAT,2009-07-30,2009-08-03,1,62
2009,ANF,ISLAND,2009-07-01,2009-07-01,2,61
2009,RRU,RABBIT,2009-07-08,2009-07-08,9,59
2009,SKU,PERCH,2009-03-23,2009-03-24,5,59
2009,TCU,BELOTTA,2009-05-18,2009-05-18,14,57
2009,VNC,RANCHO,2009-10-04,2009-10-04,9,56
2009,MVU,WILLOW 3,2009-05-22,2009-05-23,14,54
2009,MMU,49,2009-07-26,2009-07-27,14,51
2009,SQF,PEAK,2009-09-12,2009-09-16,4,50
2009,KRN,SLUMP,2009-06-18,2009-06-18,14,50
2009,RRU,TRAM,2009-04-03,2009-04-03,9,49
2009,TCU,132 ,2009-06-19,2009-06-19,9,49
2009,NEU,BASELINE,2009-06-07,2009-06-07,14,47
2009,LNF,BUTTE,2009-08-04,2009-08-04,1,45
2009,BDU,BUCKLEY,2009-03-21,2009-03-22,7,45
2009,SQF,COFFEE,2009-06-21,2009-06-24,9,45
2009,FKU,VALLEY,2009-06-11,2009-06-11,7,43
2009,BDU,BASELINE,2009-06-07,2009-06-07,8,43
2009,MVU,CHECKPOINT,2009-09-04,2009-09-04,9,43
2009,LNF,BUTTE,2009-08-01,2009-08-26,1,43
2009,SLU,NACIMIENTO,2009-07-23,2009-07-23,14,42
2009,HUU,ISLAND,2009-07-30,2009-08-02,10,40
2009,SKU,OMEGA,2009-07-09,2009-07-09,2,40
2009,TUU,QEUDOW,2009-05-28,2009-05-29,1,39
2009,SHF,JONES,2009-07-28,2009-10-18,1,39
2009,CDD,QUAIL,2009-07-02,2009-07-02,14,38
2009,LAC,CANYON,2009-07-19,2009-07-19,2,38
2009,PNF,SADDLE,2009-08-02,2009-08-03,9,37
2009,LNF,WHALEBACK,2009-08-01,2009-08-09,1,35
2009,FKU,BEAR,2009-09-11,2009-09-12,7,35
2009,LAC,MT ST MARYS,2009-07-08,2009-07-08,2,35
2009,MDF,UPPER,2009-07-31,2009-08-05,1,34
2009,HUU,WILSON BRANCH 1,2009-10-09,2009-10-14,14,34
2009,BEU,SARGENTS 2,2009-06-13,2009-06-13,11,33
2009,LPF,LOCKWOOD,2009-04-08,2009-04-22,9,33
2009,HUU,RIVER,2009-01-14,2009-01-14,5,33
2009,FKU,AUBERY,2009-06-02,2009-06-02,3,31
2009,KRN,OAK,2009-05-13,2009-05-13,11,30
2009,BEU,INTERLAKE,2009-06-04,2009-06-04,11,30
2009,FKU,LODGE,2009-07-30,2009-07-30,14,30
2009,KRN,KECKS,2009-05-17,2009-05-17,14,29
2009,ANF,STEEP,2009-05-10,2009-05-10,2,29
2009,FKU,MORGAN,2009-07-13,2009-07-13,7,29
2009,HUU,LITTLE,2009-01-13,2009-01-13,18,28
2009,HUU,FRENCH,2009-10-01,2009-10-02,14,27
2009,SHU,WILD,2009-08-21,2009-08-26,7,26
2009,HUU,KNEELAND,2009-10-08,2009-10-09,1,25
2009,KRN,WOFFORD COMPLEX,2009-08-31,2009-08-31,10,25
2009,KRN,PERRY,2009-07-10,2009-07-10,7,25
2009,TNF,HILL,2009-04-20,2009-04-24,9,25
2009,TUU,GIBBON,2009-06-02,2009-06-02,1,25
2009,HUU,VALLEY,2009-01-16,2009-01-16,5,24
2009,BTU,JORDAN,2009-07-15,2009-07-16,5,24
2009,BEU,SARGENTS,2009-06-27,2009-06-27,2,23
2009,SHU,CAVE,2009-08-02,2009-08-17,1,23
2009,SLU,CLARK,2009-04-28,2009-04-28,2,23
2009,RRU,BANNING,2009-10-03,2009-10-03,9,22
2009,TUU,LIGHTNING 2,2009-06-02,2009-06-02,1,22
2009,NEU,MAGNOLIA,2009-09-12,2009-09-12,11,21
2009,MDF,GROUSE,2009-08-01,2009-08-02,1,19
2009,SHU,1-34,2009-08-02,2009-08-17,1,19
2009,TUU,TRUBLOOD 2,2009-06-02,2009-06-02,1,19
2009,LAC,TERREBONNE,2009-06-03,2009-06-04,1,19
2009,ANF,SMOKEY,2009-10-10,2009-10-10,2,18
2009,NOD,SNOWSTORM,2009-07-30,2009-08-02,1,17
2009,FKU,SAND,2009-07-10,2009-07-10,2,17
2009,KRN,BLUE,2009-06-28,2009-06-29,10,17
2009,CDD,WRANGLER,2009-07-17,2009-07-19,14,17
2009,NEU,SPRING,2009-07-20,2009-07-20,14,17
2009,VNC,CASITAS,2009-09-06,2009-09-08,2,16
2009,CNF,ORTEGA 3,2009-09-04,2009-09-04,9,16
2009,SHF,LOWER,2009-07-28,2009-08-01,1,16
2009,NEU,WEST WISE,2009-05-25,2009-05-25,14,15
2009,KRN,HIGHWAY 178,2009-09-29,2009-09-29,14,15
2009,SHF,SWIFT,2009-09-26,2009-09-29,9,15
2009,LPF,YELLOWJACKET,2009-11-15,2009-11-18,2,14
2009,KRN,BRECKENRIDGE,2009-04-24,2009-04-24,14,14
2009,LAC,MARSHALL,2009-07-12,2009-07-12,14,14
2009,STF,MURPHYS,2009-09-12,2009-09-18,1,13
2009,INF,SPOOK,2009-07-18,2009-07-20,1,13
2009,HUU,GOODMAN,2009-08-25,2009-08-25,2,12
2009,ANF,PARADISE,2009-07-17,2009-07-17,10,11
2009,MCP,ORTEGA 2,2009-07-30,2009-07-31,2,11
2009,KRN,RANCHO,2009-10-05,2009-10-05,14,11
2009,SQF,BOULDER2,2009-06-24,2009-06-24,9,11
2009,KRN,FOREST,2009-08-29,2009-08-29,14,10
2009,SHU,HOPEFUL,2009-04-18,2009-04-18,5,10
2009,NEU,MANZANITA,2009-07-05,2009-07-25,14,10
2009,KRN,RIDGE,2009-08-10,2009-08-10,10,10
2009,HUU,PECWAN,2009-08-05,2009-08-06,14,9
2009,NEU,FORESTHILL,2009-08-28,2009-08-28,14,9
2009,NEU,MCCOURTNEY,2009-09-29,2009-09-29,14,9
2009,FKU,PIEDRA,2009-05-14,2009-05-14,11,8
2009,ORC,SAN JUAN,2009-08-13,2009-08-13,9,7
2009,SKU,COVE,2009-10-09,2009-10-09,5,6
2009,KNP,LOST GROVE,2009-09-27,2009-09-27,4,6
2009,LAC,EE RANCH,2009-05-09,2009-05-09,2,6
2009,LAC,ROMDELL,2009-08-22,2009-08-22,14,5
2009,HUU,PANTHER,2009-07-17,2009-07-17,14,5
2009,HUU,AHPAH,2009-09-28,2009-10-02,14,5
2009,RWP,TALL,2009-10-10,2009-10-12,14,4
2009,TUU,WHITE RIVER,2009-05-30,2009-05-31,1,4
2009,SHU,CLARK,2009-08-02,2009-08-17,1,3
2009,SKU,AGER,2009-07-05,2009-07-05,9,3
2009,TUU,KONDA 4,2009-05-29,2009-05-30,1,3
2009,TUU,ROUND VALLEY 1,2009-06-02,2009-06-02,1,2
2009,TUU,POTHOLES,2009-05-29,2009-05-30,1,2
2009,KNP,GRANITE,2009-07-29,2009-07-30,1,2
2009,TUU,BALD,2009-06-02,2009-06-03,1,1
2009,TUU,ROUND VALLEY 2,2009-06-02,2009-06-02,1,1
2009,KNP,MEHRTEN,2009-08-21,2009-08-30,1,1
2009,LAC,PARK,2009-07-14,2009-07-14,8,1
2009,SHU,VENTURE,2009-08-02,2009-08-17,1,1
2009,SMP,GILLETTE,2009-09-30,2009-09-30,2,1
2009,SLU,CHOLAME,2009-07-07,2009-07-07,10,0
2009,SHU,MCCLOUD,2009-08-01,2009-08-17,1,0
2009,TUU,KONDA 2,2009-05-28,2009-05-29,1,0
2009,TUU,LIGHTNING 3,2009-06-02,2009-06-02,1,0
2009,GNP,HAWK,2009-09-18,2009-09-18,4,0
2009,TUU,TRUBLOOD 1,2009-06-02,2009-06-02,1,0
2008,LPF,GALLERY,2008-06-21,2008-07-27,1,163606
2008,LPF,INDIANS,2008-06-08,2008-07-10,4,76459
2008,SRF,MILL,2008-06-20,2008-10-03,1,65882
2008,BTU,BTU LIGHTNING COMPLEX,2008-07-02,2008-07-24,1,53699
2008,KNF,PANTHER,2008-07-22,2008-10-14,1,44497
2008,SRF,JAKE,2008-06-21,2008-10-03,1,38416
2008,SQF,PIUTE,2008-06-28,2008-07-30,9,37346
2008,MMU,TELEGRAPH,2008-07-25,2008-08-01,9,34083
2008,SHF,EAGLE,2008-06-21,2008-10-04,1,32023
2008,MNF,YELLOW,2008-06-21,2008-11-20,1,31932
2008,SHF,IRON,2008-06-21,2008-08-23,1,30660
2008,RRU,FREEWAY,2008-11-15,2008-11-18,10,30305
2008,SHF,BUCKHORN,2008-06-21,2008-07-31,1,29814
2008,SHF,CEDAR,2008-06-21,2008-07-31,1,25391
2008,SHF,LIME,2008-06-20,2008-08-13,1,24884
2008,SHF,MINERS,2008-06-21,2008-10-31,1,24876
2008,BTU,HUMBOLDT,2008-06-11,2008-06-16,7,23344
2008,SRF,BLUE 2,2008-06-21,2008-10-03,1,17552
2008,LPF,CHALK,2008-09-27,2008-10-30,9,16265
2008,SQF,CLOVER,2008-05-31,2008-06-07,1,15788
2008,SRF,HELL'S HALF,2008-06-20,2008-08-25,1,15130
2008,LNF,CUB,2008-06-21,2008-07-21,1,14728
2008,MNF,VINEGAR,2008-06-22,2008-06-25,1,14544
2008,SRF,HAYPRESS,2008-06-21,2008-10-03,1,13664
2008,TGU,MILL,2008-06-21,2008-06-29,1,13511
2008,KNF,CARIBOU,2008-06-21,2008-12-16,1,13126
2008,PNF,SCOTCH,2008-06-21,2008-08-31,1,13008
2008,SHF,NOBLE,2008-06-21,2008-07-08,1,12984
2008,SHF,IRONSIDE,2008-06-20,2008-07-31,1,12834
2008,LMU,CORRAL,2008-06-23,2008-07-21,1,12434
2008,PNF,SOUTH-FREY,2008-06-21,2008-08-31,1,12401
2008,KNP,TEHIPITE,2008-07-19,2008-12-01,1,11648
2008,ANF,SAYRE,2008-11-14,2008-12-05,14,11260
2008,LNU,WALKER,2008-06-22,2008-07-05,10,11173
2008,TNF,WESTVILLE,2008-06-21,2008-08-01,1,11090
2008,KNF,DARK,2008-06-21,2008-07-23,1,10389
2008,LPF,GAP,2008-07-01,2008-07-17,9,9544
2008,TNF,GOVERNMENT,2008-06-21,2008-08-01,1,9219
2008,SRF,MERRILL,2008-06-21,2008-10-03,1,8339
2008,LNF,PETERSON,2008-06-21,2008-07-01,1,8021
2008,MNF,WHISKEY,2008-06-12,2008-10-27,9,7783
2008,MEU,RED MOUNTAIN LIGHTNING,2008-06-21,2008-08-01,1,7513
2008,MEU,SUGARLOAF,2008-06-21,2008-07-09,1,6927
2008,SHF,TELEPHONE,2008-06-20,2008-08-13,1,6910
2008,MNF,GROUSE,2008-06-21,2008-07-05,1,6323
2008,PNF,RICH,2008-07-29,2008-09-02,6,6110
2008,BNP,JACK ,2008-08-17,2008-08-31,1,6067
2008,PNF,COLD,2008-06-21,2008-08-31,1,5599
2008,MEU,HARDY CREEK LIGHTNING,2008-06-21,2008-07-11,1,5354
2008,KNF,THREE,2008-06-20,2008-07-23,1,4922
2008,LNF,ONION,2008-06-21,2008-07-22,1,4904
2008,MEU,CLIFF RIDGE,2008-06-22,2008-07-12,1,4657
2008,ANF,MAREK,2008-10-12,2008-10-20,14,4573
2008,MEU,COWSHED  LIGHTNING,2008-06-21,2008-07-15,1,4465
2008,SCU,SUMMIT,2008-05-21,2008-05-27,5,4174
2008,PNF,FRIEND-DARNELL,2008-07-08,2008-07-21,1,4111
2008,LNU,WILD,2008-06-21,2008-06-27,14,4101
2008,BEU,BROWN,2008-06-22,2008-06-25,1,3786
2008,SHF,CAREY,2008-06-21,2008-07-31,1,3714
2008,SHF,TROUGH #1,2008-06-21,2008-08-13,1,3688
2008,KNP,HIDDEN,2008-09-10,2008-10-08,1,3685
2008,TGU,ANTELOPE,2008-06-21,2008-06-29,1,3416
2008,MEU,ORR SERIES,2008-07-04,2008-07-12,1,3416
2008,MNF,MILL,2008-06-21,2008-07-26,1,3041
2008,STF,NORTH MTN,2008-06-21,2008-07-19,1,2964
2008,SHF,GULCH,2008-09-07,2008-09-11,2,2878
2008,SNF,OLIVER,2008-06-21,2008-07-14,1,2806
2008,MMU,41,2008-06-10,2008-06-11,10,2592
2008,TNF,FALL,2008-06-21,2008-07-15,1,2416
2008,MEU,BUTCH,2008-07-04,2008-07-04,1,2367
2008,SHF,ZIEGLER,2008-06-21,2008-07-31,1,2349
2008,MNF,BIG,2008-06-21,2008-07-05,1,2192
2008,MEU,INDIAN,2008-06-26,2008-07-12,1,2095
2008,MEU,MIDDLE,2008-06-23,2008-07-15,1,2067
2008,BTU,CRAIG,2008-08-04,2008-08-07,5,2019
2008,SBC,TEA,2008-11-13,2008-11-18,4,1946
2008,MNF,MONKEY ROCK,2008-06-21,2008-07-14,1,1885
2008,PNF,FOX,2008-06-22,2008-08-31,1,1869
2008,MEU,NAVARRO,2008-06-21,2008-06-26,1,1852
2008,KNF,ANTHONY MILNE,2008-06-19,2008-12-16,1,1777
2008,MNF,SLIDES,2008-06-21,2008-06-27,1,1640
2008,MMU,HWY 140,2008-06-21,2008-06-23,1,1566
2008,MNF,BACK,2008-06-21,2008-06-29,1,1566
2008,MEU,JACK SMITH,2008-07-04,2008-07-12,1,1537
2008,TGU,COLYEAR,2008-05-06,2008-05-10,18,1400
2008,PNF,LITTLE,2008-06-22,2008-08-31,1,1398
2008,INF,HONEY BEE,2008-05-06,2008-05-26,1,1390
2008,SRF,BONANZA,2008-06-21,2008-07-05,1,1370
2008,NEU,TWENTY,2008-06-21,2008-06-25,1,1355
2008,MEU,LOW GAP,2008-07-04,2008-07-15,1,1347
2008,TCU,LAGRANGE,2008-06-10,2008-06-12,7,1334
2008,MEU,LOST PIPE,2008-07-04,2008-07-10,1,1187
2008,SHF,SLIDE,2008-06-21,2008-07-08,1,1182
2008,MEU,TRAVIS 1,2008-07-05,2008-07-05,1,1171
2008,TNF,SCOTCHMAN,2008-06-21,2008-07-03,1,1165
2008,NEU,GLADDING,2008-09-01,2008-09-05,7,1089
2008,HUU,PARADISE,2008-06-21,2008-08-01,1,1071
2008,MNF,THOMES,2008-06-22,2008-06-30,1,980
2008,BTU,OPHIR,2008-06-10,2008-06-12,2,958
2008,SRF,TRAVIS,2008-06-21,2008-06-26,1,957
2008,MNF,HARVEY,2008-06-22,2008-07-01,1,948
2008,STF,DOME ROCK,2008-09-28,2008-10-01,1,917
2008,MEU,JAMESON,2008-07-04,2008-07-12,1,879
2008,LNU,PINE,2008-06-10,2008-06-11,14,815
2008,MMU,COTTONWOOD,2008-07-10,2008-07-11,10,796
2008,SCU,HUMMINGBIRD,2008-06-21,2008-06-24,1,786
2008,BDF,APACHE,2008-04-29,2008-05-07,3,770
2008,BDU,BLUFF,2008-03-16,2008-03-20,4,766
2008,MMU,ROMERO,2008-07-21,2008-07-22,10,766
2008,MEU,JACKS,2008-06-20,2008-07-12,1,729
2008,CZU,TRABING,2008-06-20,2008-06-22,10,594
2008,TUU,ELK,2008-08-14,2008-08-14,7,588
2008,TNF,PEAVINE,2008-06-21,2008-07-06,1,580
2008,MEU,HORSE,2008-06-28,2008-07-04,1,576
2008,SJR,RIVER,2008-06-24,2008-06-25,9,573
2008,SNF,SILVER KNOB,2008-06-21,2008-06-26,1,569
2008,ANF,SANTA ANITA,2008-04-26,2008-05-23,14,556
2008,SHF,GRANITE,2008-06-21,2008-09-14,1,551
2008,KRN,GRAPEVINE-08,2008-06-06,2008-06-07,1,527
2008,ANF,BIGHORN,2008-05-13,2008-05-18,14,500
2008,CZU,MARTIN,2008-06-11,2008-06-16,4,482
2008,MEU,SHAMROCK EAST,2008-06-21,2008-07-12,1,481
2008,TUU,RODEO,2008-08-14,2008-08-14,7,463
2008,RRU,DOS PALMAS,2008-04-13,2008-04-15,5,456
2008,NEU,MYRNA,2008-09-01,2008-09-01,14,455
2008,MEU,BURGER CREEK,2008-07-04,2008-07-12,1,451
2008,MEU,WILLIAMS,2008-06-21,2008-06-27,1,444
2008,MEU,1-21 PORK LIGHTNING,2008-07-04,2008-07-12,1,403
2008,BEU,COTTONWOOD,2008-08-07,2008-08-07,2,402
2008,MEU,BRUSHY 1,2008-06-21,2008-06-26,1,391
2008,SQF,RICHBAR,2008-06-09,2008-06-09,7,390
2008,KNF,SLINKARD,2008-08-17,2008-10-14,1,379
2008,MEU,CASOOSE CREEK,2008-07-04,2008-07-04,1,370
2008,KNF,HEADWATER,2008-06-19,2008-10-12,1,358
2008,CDD,ACOMA,2008-06-07,2008-06-07,9,356
2008,INF,SHERWIN,2008-08-03,2008-10-14,1,354
2008,SHF,ELMORE,2008-09-07,2008-09-14,7,343
2008,PNF,HARTMAN,2008-06-21,2008-08-31,1,330
2008,MEU,BRUSHY 3 ,2008-06-21,2008-07-12,1,327
2008,MEU,LITTLE JUAN CREEK (MRC),2008-06-27,2008-07-15,1,326
2008,BDU,FOXBOROUGH,2008-10-22,2008-10-22,8,324
2008,LNU,85,2008-06-05,2008-06-05,2,319
2008,SCU,LEDEIT,2008-10-20,2008-10-21,18,312
2008,TNF,CELINA,2008-06-21,2008-07-02,1,309
2008,MRN,ANGEL ISLAND,2008-10-13,2008-10-14,8,302
2008,TUU,WIGGELL,2008-07-01,2008-07-01,7,299
2008,TUU,FOUNTAIN,2008-06-01,2008-06-01,9,292
2008,CDD,MONTGOMERY,2008-04-07,2008-04-07,4,289
2008,LNU,GEYSERS,2008-05-15,2008-05-17,5,289
2008,SNF,CASCADEL,2008-09-11,2008-09-17,9,277
2008,MEU,MURPHY RIDGE,2008-07-04,2008-07-04,1,271
2008,SNF,STAR,2008-06-21,2008-07-14,1,267
2008,BDF,RIDGE,2008-07-03,2008-07-05,2,262
2008,SCU,WHITE HURST,2008-06-21,2008-06-23,1,256
2008,AEU,ELECTRA,2008-06-13,2008-06-14,11,250
2008,KNF,JACKASS,2008-06-19,2008-10-13,1,247
2008,LNU,DEER,2008-10-10,2008-10-12,10,233
2008,SQF,MOSES,2008-10-15,2008-10-31,1,231
2008,MNF,CAMP,2008-06-21,2008-06-30,1,231
2008,KNF,GOULD,2008-06-21,2008-07-02,1,228
2008,MEU,OSO,2008-06-21,2008-07-12,1,228
2008,SHF,STUARTS,2008-06-21,2008-06-30,1,223
2008,MVU,MONTE,2008-08-01,2008-08-02,2,217
2008,BDF,SAN ANTONIO,2008-10-23,2008-10-23,2,210
2008,CZU,QUARRY,2008-06-22,2008-06-22,4,210
2008,LPF,BUCKHORN,2008-08-15,2008-08-19,1,199
2008,SHU,OLINDA,2008-08-27,2008-08-27,14,187
2008,MEU,BLUE SLIDE 1,2008-07-04,2008-07-14,1,186
2008,SRF,SWIM,2008-06-21,2008-06-30,1,184
2008,SHF,INDIAN VALLEY,2008-06-20,2008-07-03,1,181
2008,MEU,BRUSHY 4,2008-07-04,2008-07-12,1,181
2008,CNF,YANKEE,2008-07-02,2008-07-02,9,176
2008,TCU,SERPENTINE,2008-07-26,2008-07-29,1,176
2008,MMU,MILLERTON,2008-06-18,2008-06-19,14,175
2008,HUU,STEWART,2008-08-15,2008-08-16,11,169
2008,TNF,25TH,2008-06-21,2008-06-26,1,168
2008,LAC,LOST,2008-08-26,2008-08-26,8,167
2008,LNU,RED,2008-08-18,2008-08-19,11,161
2008,PNF,CHINO,2008-06-22,2008-08-31,1,158
2008,HUU,COLONY,2008-09-07,2008-09-08,7,154
2008,SLU,WHITE,2008-07-09,2008-07-09,2,154
2008,CDD,LAKE,2008-06-03,2008-06-03,14,146
2008,MEU,TABLE MTN,2008-06-20,2008-06-26,1,145
2008,SNF,CHIQUITO,2008-06-21,2008-07-17,1,145
2008,MEU,BRUSHY 7,2008-06-21,2008-06-25,1,141
2008,CNF,VAIL,2008-08-18,2008-08-18,10,134
2008,MEU,MIDDLE OUTLET LIGHTNING,2008-07-04,2008-07-15,1,134
2008,ANF,SOUTH,2008-08-17,2008-08-26,9,133
2008,MVU,SHOCKEY,2008-10-14,2008-10-14,14,131
2008,INF,BIG TREES,2008-08-05,2008-08-09,1,124
2008,MVU,BORDER #14,2008-08-02,2008-08-03,14,124
2008,KNF,NOMANS,2008-06-28,2008-08-20,1,119
2008,BDU,GARNET,2008-09-06,2008-09-07,2,119
2008,LNU,CAPELL,2008-08-15,2008-08-15,14,110
2008,TCU,EVANS,2008-07-06,2008-07-06,6,103
2008,NEU,FINLEY,2008-08-30,2008-09-10,7,102
2008,BEU,HIGHWAY_198,2008-10-17,2008-10-17,10,102
2008,SNF,WESTFALL,2008-06-21,2008-07-14,1,101
2008,BEU,THOMPSON_CYN,2008-06-18,2008-06-18,14,101
2008,MEU,BRUSHY 8,2008-06-21,2008-07-10,1,96
2008,AEU,COOL,2008-05-22,2008-05-22,11,95
2008,BDF,CAJON,2008-06-23,2008-06-23,2,93
2008,NEU,WISE,2008-06-11,2008-06-11,14,92
2008,MEU,BRUSHY 5,2008-06-21,2008-06-25,1,91
2008,MEU,FOLSOM,2008-06-21,2008-07-08,1,90
2008,MEU,BELL SPRINGS,2008-07-04,2008-07-09,1,89
2008,BDU,SPRINGS,2008-03-02,2008-03-05,14,87
2008,SRF,NIELSON,2008-06-21,2008-07-14,1,86
2008,MVU,HARBISON,2008-06-07,2008-06-07,14,84
2008,SHF,CUTTHROAT,2008-06-25,2008-06-25,9,84
2008,SHF,SOUTH FORK,2008-06-21,2008-06-26,1,82
2008,NEU,RIOSA,2008-07-18,2008-07-18,14,80
2008,LPF,WILDLIFE,2008-05-15,2008-05-17,9,79
2008,MMU,OLD TOLL,2008-06-21,2008-06-23,1,78
2008,PNF,KEDDIE,2008-06-21,2008-06-25,19,78
2008,LNU,AETNA,2008-08-14,2008-08-14,11,76
2008,BTU,FEATHER FALLS,2008-05-14,2008-05-16,7,74
2008,PNF,BIG ,2008-06-21,2008-07-04,1,73
2008,TCU,POOL 2 - MAIN ,2008-07-29,2008-07-29,10,73
2008,BRR,WILDLIFE,2008-05-15,2008-05-17,9,69
2008,NEU,ATHENS,2008-05-15,2008-05-15,14,69
2008,TCU,SONORA,2008-07-25,2008-07-25,7,68
2008,MEU,PANTHER BASIN,2008-07-04,2008-07-10,1,68
2008,SRF,VAN HORN,2008-06-21,2008-06-23,1,67
2008,SNF,FULLER,2008-06-29,2008-07-22,1,67
2008,HUU,CARSON,2008-06-21,2008-07-04,1,65
2008,LDF,SEPULVEDA,2008-10-23,2008-10-23,14,64
2008,LPF,ROCK,2008-04-28,2008-04-28,2,64
2008,SHF,MILLER,2008-08-16,2008-08-17,1,62
2008,BDU,EMERALD,2008-09-12,2008-09-12,6,61
2008,SRF,WATERSPOUT #1,2008-06-21,2008-07-10,1,61
2008,MDF,ISLAND,2008-09-09,2008-09-09,1,60
2008,RWP,REQUA,2008-09-27,2008-10-03,4,60
2008,MNF,BOSWELL,2008-06-25,2008-09-15,1,59
2008,SCU,BULLHEAD,2008-07-30,2008-07-31,1,59
2008,SHF,HALF,2008-10-01,2008-10-03,7,59
2008,TCU,WARNERVILLE,2008-06-21,2008-06-21,9,58
2008,SLU,CERRITO,2008-11-14,2008-11-14,11,58
2008,NEU,IOWA,2008-06-06,2008-06-06,2,57
2008,HUU,BAY,2008-10-09,2008-10-09,9,56
2008,LNU,TAR,2008-05-15,2008-05-16,11,56
2008,TCU,WILMS,2008-07-06,2008-07-06,7,56
2008,NEU,FORESTHILL,2008-06-21,2008-06-25,1,54
2008,AEU,SIERRA,2008-05-15,2008-05-15,11,53
2008,LPF,MANZANITA,2008-08-15,2008-08-15,1,53
2008,CDD,MOUNTAIN,2008-06-23,2008-06-23,1,52
2008,SHF,HITCHCOCK,2008-06-20,2008-08-13,1,52
2008,MNF,JOHNSON,2008-06-21,2008-06-25,1,52
2008,NEU,PHYLLIP,2008-05-08,2008-05-08,14,52
2008,MEU,SHAMROCK,2008-06-20,2008-06-25,1,51
2008,SHF,MURPHY,2008-06-23,2008-06-30,1,51
2008,SMP,MALIBU,2008-07-04,2008-07-04,15,50
2008,MEU,BLUE NOSE,2008-07-04,2008-07-04,1,50
2008,NEU,SUNSET,2008-10-11,2008-10-11,10,49
2008,MMU,INDIAN PEAK,2008-06-21,2008-06-23,1,48
2008,SQF,KERN,2008-08-16,2008-11-03,1,48
2008,NEU,NICOLAUS,2008-06-11,2008-06-12,7,48
2008,LNU,20,2008-06-18,2008-06-19,10,47
2008,CDD,CARRIZO,2008-06-19,2008-06-19,10,46
2008,KRN,SODA,2008-07-10,2008-07-10,3,46
2008,MEU,SHAMROCK WEST,2008-06-21,2008-07-12,1,45
2008,MNF,ISLAND ,2008-08-22,2008-08-23,7,45
2008,KNF,EMPIRE,2008-09-16,2008-09-20,9,44
2008,ENF,NORTH,2008-11-12,2008-11-16,5,43
2008,SHF,DENNY,2008-06-21,2008-06-25,1,43
2008,KRN,SILVER QUEEN,2008-07-31,2008-07-31,14,42
2008,ANF,CROSSOVER,2008-10-01,2008-10-05,10,42
2008,MEU,RED HILL,2008-06-20,2008-07-15,1,42
2008,BDF,BLUE,2008-08-25,2008-08-25,9,41
2008,HUU,IAQUA,2008-07-12,2008-07-14,1,41
2008,NEU,LEVEE,2008-08-18,2008-08-18,14,41
2008,NEU,OLD,2008-06-30,2008-06-30,14,40
2008,LNF,OLIVER,2008-09-13,2008-09-14,9,40
2008,SLU,ORCUTT,2008-08-15,2008-08-15,1,40
2008,MNF,BULL,2008-06-21,2008-06-27,1,39
2008,PNF,CREST,2008-06-21,2008-07-04,1,39
2008,SHF,BEAR WALLOW,2008-06-20,2008-07-13,1,38
2008,STF,GROUNDHOG ,2008-07-13,2008-07-22,1,36
2008,TCU,PRUSSIAN 2,2008-03-05,2008-03-05,5,36
2008,SLU,BITTERWATER,2008-06-13,2008-06-13,2,36
2008,SRF,PACKSADDLE,2008-06-21,2008-06-24,1,35
2008,SHF,CHINA,2008-06-21,2008-06-23,1,35
2008,SRF,SIGNAL,2008-07-11,2008-07-13,9,34
2008,SHF,FISHER,2008-06-21,2008-07-05,1,34
2008,LNU,KELLY,2008-06-19,2008-06-19,14,32
2008,SHF,BOULDER,2008-06-21,2008-06-22,1,32
2008,ANF,PAINT,2008-09-06,2008-09-06,2,32
2008,SKU,LOUIE,2008-06-12,2008-06-12,7,31
2008,KRN,COPUS,2008-09-01,2008-09-01,14,31
2008,SHF,SAND FLAT,2008-07-24,2008-07-24,1,31
2008,SHF,BENNETT,2008-06-21,2008-06-22,1,30
2008,SRF,LOST CREEK,2008-06-21,2008-06-30,1,30
2008,MEU,BRUSHY 6,2008-06-21,2008-07-10,1,30
2008,MNF,GILEAD,2008-06-21,2008-06-26,1,30
2008,HUU,REDCREST 2,2008-06-20,2008-06-21,1,30
2008,ANF,BURRO,2008-09-06,2008-09-10,14,29
2008,SHF,DEEP #1,2008-06-20,2008-07-05,1,29
2008,SRF,CREEK,2008-06-21,2008-07-10,1,29
2008,ENF,SOLDIER,2008-06-21,2008-06-24,1,29
2008,MEU,BURNS FLAT,2008-06-20,2008-06-30,1,28
2008,PNF,BROWN,2008-06-21,2008-08-31,1,28
2008,SKU,SODA,2008-05-22,2008-05-22,14,28
2008,HUU,HIGH,2008-06-20,2008-06-22,1,28
2008,HUU,LARABEE 3,2008-06-20,2008-06-21,1,28
2008,STF,COTTON,2008-07-15,2008-07-16,1,28
2008,LNU,INDIAN,2008-04-03,2008-04-03,7,27
2008,NEU,RIEGO,2008-09-12,2008-09-12,14,26
2008,PNF,FORBESTOWN,2008-06-21,2008-06-24,1,26
2008,MEU,RIDEOUT,2008-06-21,2008-07-08,1,25
2008,KRN,RANCHERIA,2008-09-08,2008-09-09,1,24
2008,MEU,TRAVIS 3,2008-07-04,2008-07-04,1,24
2008,PNF,ROCK2,2008-06-22,2008-08-31,1,24
2008,SNF,JOHNSON,2008-10-27,2008-10-28,4,23
2008,SLU,HIGHWAY,2008-11-20,2008-11-20,11,23
2008,MEU,5-10 CAVANAUGH LIGHTNING,2008-06-21,2008-07-09,1,23
2008,NEU,RAVINE,2008-06-22,2008-06-23,2,23
2008,SRF,LASSIC,2008-06-21,2008-06-21,1,22
2008,SHF,MADDOX LAKE #3,2008-06-20,2008-08-13,1,22
2008,VNC,LA JOLLA,2008-10-15,2008-10-15,14,22
2008,KNF,GREENTHIN,2008-10-29,2008-10-31,9,22
2008,INF,TIOGA,2008-08-16,2008-08-20,9,22
2008,BEU,SAN_JUAN_GRADE,2008-06-20,2008-06-20,1,21
2008,TCU,SMITTY,2008-09-01,2008-09-03,1,20
2008,PNF,HUNGARY,2008-06-21,2008-08-31,1,20
2008,MEU,LINCOLN,2008-06-20,2008-06-22,1,20
2008,LPF,LOGWOOD,2008-06-21,2008-07-27,1,20
2008,NEU,SHOOTING,2008-08-11,2008-08-12,9,20
2008,CDD,BORDER 15,2008-08-06,2008-08-06,19,20
2008,SHF,BOTTOM,2008-06-20,2008-06-21,1,20
2008,BEU,SARGEANTS,2008-06-21,2008-06-21,1,19
2008,SKU,RIDGE,2008-09-16,2008-09-16,1,19
2008,CZU,CASTLE,2008-07-14,2008-07-21,14,19
2008,STF,COLDSPRINGS ,2008-04-16,2008-04-20,5,19
2008,ENF,BOTTLE,2008-06-21,2008-06-22,1,19
2008,ENF,CAPPS,2008-06-21,2008-06-22,1,18
2008,PNF,RODY,2008-06-21,2008-08-31,1,18
2008,NEU,RIFLE,2008-05-11,2008-05-11,9,18
2008,PNF,GARDEN,2008-08-06,2008-08-09,1,18
2008,SHF,GRASSY CREEK,2008-06-20,2008-06-24,1,17
2008,LPF,OWL,2008-08-15,2008-08-16,1,17
2008,PNF,MCRAE,2008-07-27,2008-07-28,9,17
2008,SHF,BIERCE,2008-06-21,2008-06-22,1,17
2008,LNU,CLOVERDALE,2008-05-31,2008-06-01,5,17
2008,BDF,ANGEL 2,2008-06-01,2008-06-01,4,17
2008,SHF,MEADOWS,2008-09-16,2008-09-16,1,17
2008,SLU,CANYON,2008-07-22,2008-07-22,2,17
2008,SLU,FRASIER,2008-10-07,2008-10-07,10,16
2008,LPF,LOPEZ,2008-03-21,2008-03-24,5,16
2008,PNF,BULLARDS,2008-08-06,2008-08-09,1,15
2008,SMP,GRANDE,2008-12-09,2008-12-09,14,15
2008,SQF,ROCKY,2008-06-11,2008-06-11,9,15
2008,KNF,CRAPO,2008-06-21,2008-07-31,1,15
2008,KRN,TULE,2008-04-21,2008-04-21,7,14
2008,NOD,PAINTERS,2008-06-21,2008-06-22,1,14
2008,MDF,WILLOW,2008-09-17,2008-09-18,1,14
2008,LMU,LOOKOUT,2008-07-28,2008-07-29,14,14
2008,NEU,DEL,2008-05-21,2008-05-21,11,14
2008,NEU,SPENCEVILLE,2008-09-21,2008-09-21,9,14
2008,ANF,POLE,2008-05-21,2008-05-23,2,13
2008,BDF,330,2008-05-18,2008-05-18,9,12
2008,SNF,SUNNY,2008-09-02,2008-09-02,10,12
2008,NEU,BASELINE,2008-06-15,2008-06-15,7,12
2008,YNP,HILL,2008-07-10,2008-07-14,1,12
2008,NEU,GILARDI,2008-06-08,2008-06-09,14,12
2008,MVU,CARRIZO,2008-08-04,2008-08-04,14,12
2008,BDF,CATHEDRAL,2008-06-07,2008-06-07,4,12
2008,MDF,LAVA,2008-08-06,2008-08-06,1,11
2008,MEU,RUNNING SPRINGS,2008-06-20,2008-06-21,1,11
2008,MEU,5-12 WHIPPLE LIGHTNING,2008-06-21,2008-06-30,1,11
2008,STF,CLAVEY ,2008-07-08,2008-07-11,1,11
2008,SRF,LONG,2008-06-21,2008-06-26,1,10
2008,PNF,SLATE ,2008-06-21,2008-08-04,1,10
2008,SKU,ROCKY,2008-09-16,2008-09-16,1,10
2008,NEU,PLANTZ,2008-09-01,2008-09-01,14,10
2008,MEU,BRUSHY 2,2008-07-04,2008-07-08,1,9
2008,SRF,SPRING,2008-06-21,2008-07-10,1,9
2008,AEU,LAKEVIEW,2008-04-18,2008-04-18,5,9
2008,SQF,STAIRS,2008-07-25,2008-07-26,9,9
2008,SRF,FUELS,2008-06-21,2008-06-21,1,8
2008,SQF,SPILLWAY,2008-04-17,2008-04-17,5,8
2008,MEU,NORTHFORK CAMP,2008-06-21,2008-07-06,1,8
2008,MEU,SKUNK 1,2008-07-04,2008-07-08,1,8
2008,MEU,ARCHER,2008-06-20,2008-07-09,1,7
2008,SKU,MOTT,2008-05-20,2008-05-20,14,7
2008,SNF,BIG,2008-10-07,2008-10-07,9,7
2008,MRN,BEACH,2008-06-22,2008-06-22,11,6
2008,MEU,4 MILE,2008-06-20,2008-07-19,1,6
2008,MEU,RIVER 2,2008-06-20,2008-07-06,1,6
2008,MEU,TWO ROCK,2008-06-20,2008-06-21,1,4
2008,LNU,NIESTRATH,2008-06-17,2008-06-17,11,3
2008,MEU,ALBION RIVER,2008-06-20,2008-06-21,1,2
2008,SKU,GUYS,2008-05-20,2008-05-20,5,2
2008,LAC,KANAN,2008-09-27,2008-09-27,14,2
2008,MMU,ROAD 600,2008-06-21,2008-06-22,1,2
2008,RWP,OVERLOOK,2008-09-11,2008-09-11,9,1
2008,MEU,1-6 SKUNK 2 LIGHTNING,2008-06-25,2008-07-04,1,1
2008,RWP,MESA WATERTANK,2008-07-24,2008-07-24,1,1
2008,SMP,YELLOW HILL,2008-11-21,2008-11-21,14,1
2008,LAC,TOPANGA,2008-08-26,2008-08-26,10,1
2008,MEU,RIVER 1,2008-07-04,2008-07-06,1,0
2008,AEU,BERRY,2008-07-30,2008-07-30,2,0
2008,LAC,TRIUNFO,2008-06-04,2008-06-04,14,0
2008,VNC,POTRERO,2008-12-08,2008-12-08,14,0
2008,LAC,WESTLAKE,2008-05-01,2008-05-01,14,0
2008,SMP,BLUFF,2008-07-16,2008-07-16,16,0
2008,MEU,1-11 RAY SPRINGS LIGHTNING,2008-06-26,2008-07-05,1,0
2008,MEU,LEONARD LAKE,2008-06-27,2008-07-04,1,0
2008,LAC,MULHOLLAND,2008-01-17,2008-01-17,14,0
2008,SMP,CONEJO GRADE 1,2008-06-21,2008-06-21,10,0
2007,SBC,ZACA,2007-07-04,2007-09-02,2,240358
2007,MVU,WITCH,2007-10-21,2007-10-31,9,162070
2007,MVU,HARRIS 2,2007-10-21,2007-11-02,14,90728
2007,PNF,MOONLIGHT,2007-09-03,2007-09-25,2,64959
2007,ANF,RANCH,2007-10-20,2007-11-15,2,58410
2007,MVU,POOMACHA,2007-10-23,2007-12-01,9,49410
2007,SCU,LICK,2007-09-03,2007-09-15,5,47748
2007,LAC,BUCKWEED,2007-10-21,2007-10-21,8,38347
2007,ORC,SANTIAGO,2007-10-21,2007-11-08,9,28429
2007,INF,OAK,2007-07-06,2007-07-13,1,27062
2007,PNF,WHEELER,2007-07-05,2007-07-21,1,22331
2007,MCP,AMMO,2007-10-23,2007-11-01,14,21493
2007,BDF,BUTLER #2,2007-09-14,2007-12-31,9,13736
2007,BDF,SLIDE,2007-10-22,2007-11-14,9,12769
2007,KRN,WHITE,2007-06-24,2007-06-29,2,12432
2007,KNF,KING CREEK #2,2007-07-10,2007-12-06,1,10477
2007,MVU,RICE,2007-10-07,2007-11-05,9,9471
2007,MDF,FLETCHER,2007-07-10,2007-08-04,1,8081
2007,INF,SAGE,2007-07-06,2007-07-11,1,6462
2007,FKU,TAR,2007-08-10,2007-08-19,14,5671
2007,LAC,ISLAND,2007-05-10,2007-05-17,14,4722
2007,LAC,CORRAL,2007-11-24,2007-11-27,14,4707
2007,SQF,GOLDLEDGE,2007-06-03,2007-06-16,9,4196
2007,TMU,ANGORA,2007-06-23,2007-07-02,4,3069
2007,KNF,CHINA,2007-07-10,2007-08-18,1,2939
2007,LAC,MAGIC,2007-10-22,2007-10-25,14,2824
2007,LAC,GORMAN,2007-05-19,2007-05-22,14,2373
2007,KNF,TITUS,2007-07-10,2007-12-06,1,2177
2007,KNF,LITTLE GRIDER,2007-07-10,2007-12-06,1,2172
2007,TUU,SHANNON,2007-06-03,2007-06-04,2,2140
2007,LAC,NORTH,2007-09-02,2007-09-02,1,2122
2007,CNF,PINE,2007-09-12,2007-10-02,4,2111
2007,DVP,GOLDEN,2007-04-14,2007-04-15,14,1989
2007,INF,SEVEN,2007-07-06,2007-07-13,1,1643
2007,ORC,241 INCIDENT,2007-03-11,2007-03-13,7,1618
2007,SHF,WALLOW,2007-08-29,2007-09-08,2,1438
2007,BBD,BROWN,2007-06-20,2007-06-23,9,1430
2007,SQF,JAMES,2007-04-29,2007-08-02,9,1348
2007,BDF,GRASS VALLEY,2007-10-22,2007-12-31,9,1242
2007,KNF,ELK,2007-07-10,2007-08-04,1,1144
2007,YNP,JACK WF,2007-11-08,2007-12-08,1,1106
2007,BBD,LARSON,2007-06-01,2007-06-11,1,1075
2007,BTU,BANGOR,2007-08-07,2007-08-07,7,1057
2007,SQF,GROUSE,2007-08-27,2007-12-18,1,1004
2007,CDD,DAWSON,2007-05-08,2007-05-08,9,960
2007,NEU,PHILLIPS,2007-07-16,2007-07-16,2,935
2007,KNF,WINGATE,2007-07-10,2007-07-15,1,931
2007,SHU,POWER,2007-07-10,2007-07-12,14,919
2007,RRU,ALESSANDRO,2007-03-04,2007-03-04,14,860
2007,SKU,BEAR,2007-08-13,2007-08-18,2,840
2007,KRN,MOUNTAIN,2007-07-19,2007-07-19,14,840
2007,MVU,ANGEL 3,2007-09-15,2007-09-25,4,832
2007,SBC,SEDGWICK,2007-10-21,2007-10-23,11,808
2007,RRU,SIERRA,2007-03-11,2007-03-12,14,777
2007,RRU,MOCKINGBIRD,2007-10-05,2007-10-05,14,737
2007,SHF,BOLLI,2007-05-01,2007-05-27,5,728
2007,BTU,HONEY,2007-05-22,2007-05-28,11,726
2007,CDD,INKOPAH,2007-06-05,2007-06-08,4,698
2007,INF,JUNE,2007-07-10,2007-07-16,1,679
2007,LNU,BRAYE,2007-05-18,2007-05-22,14,636
2007,BDU,MARTIN RANCH,2007-10-23,2007-10-24,11,602
2007,SHF,LAZY,2007-08-29,2007-09-09,1,597
2007,INF,OHAREL,2007-10-29,2007-12-18,1,596
2007,KRN,WOFFORD,2007-05-09,2007-05-13,9,567
2007,TCU,ORVIS,2007-08-16,2007-08-16,10,534
2007,LMU,ISLAND,2007-06-01,2007-06-04,1,517
2007,LNU,HWY 128,2007-08-14,2007-08-15,14,508
2007,SBC,CEMETERY,2007-08-20,2007-08-23,8,501
2007,LMU,PINE,2007-06-23,2007-07-29,5,481
2007,TGU,"CONNER, W",2007-06-28,2007-06-28,2,456
2007,BDU,MERIDIAN,2007-07-05,2007-07-06,1,445
2007,MEU,PASS,2007-07-10,2007-07-11,14,444
2007,TUU,HORSE,2007-05-28,2007-05-30,7,434
2007,BEU,QUIEN,2007-08-30,2007-09-02,1,422
2007,SQF,VISTA,2007-08-22,2007-08-24,4,420
2007,RRU,ROSA,2007-10-22,2007-10-22,14,409
2007,PNF,BABCOCK PEAK,2007-07-05,2007-07-06,1,406
2007,LPF,RANCH,2007-06-30,2007-07-01,9,394
2007,TGU,DYE,2007-06-13,2007-06-13,4,386
2007,RRU,COLINA,2007-09-10,2007-09-10,14,374
2007,CNF,MCCOY,2007-10-21,2007-10-24,9,353
2007,SLU,DIABLO,2007-01-16,2007-01-16,15,332
2007,YNP,BALD WFU,2007-08-30,2007-09-05,1,331
2007,NEU,PEACE VALLEY,2007-09-21,2007-09-22,1,282
2007,RRU,ROCA,2007-10-21,2007-10-21,11,270
2007,MDF,ROCK BSFMU A6,2007-07-06,2007-07-25,1,267
2007,YNP,BABCOCK,2007-07-11,2007-09-20,1,263
2007,BDF,CAJON,2007-10-22,2007-10-23,9,256
2007,LNF,COLBY,2007-08-10,2007-08-19,7,253
2007,BTU,HWY 32,2007-08-03,2007-08-03,10,247
2007,LAC,WEST,2007-07-07,2007-07-08,14,245
2007,YNP,DEVIL,2007-10-29,2007-12-08,1,239
2007,TCU,GASSNER,2007-07-21,2007-07-21,14,228
2007,LAC,BARHAM,2007-03-30,2007-03-31,8,224
2007,RRU,DAILY,2007-07-29,2007-07-29,14,224
2007,MVU,VUELTA,2007-06-16,2007-06-18,14,214
2007,BBD,BODFISH,2007-06-10,2007-06-11,14,213
2007,LAC,FAIRMONT,2007-09-01,2007-09-08,14,211
2007,SKU,SECERT,2007-07-11,2007-07-12,1,210
2007,BDU,RED STAR,2007-01-07,2007-01-07,14,208
2007,TCU,DUNTON,2007-06-04,2007-06-04,2,208
2007,NEU,SMARTVILLE,2007-06-29,2007-06-29,1,197
2007,NEU,SOUTH BEALE,2007-10-23,2007-10-23,6,194
2007,SNF,TRIMMER,2007-05-25,2007-05-26,9,193
2007,SBC,MARIPOSA,2007-09-03,2007-09-04,11,188
2007,CDD,KINGSTON#1,2007-08-26,2007-08-31,1,186
2007,KNP,WILLOW,2007-07-19,2007-11-06,1,184
2007,SHU,CLEAR,2007-06-29,2007-06-29,7,176
2007,LAC,EMMA,2007-09-11,2007-09-11,14,172
2007,NOD,BULL,2007-02-17,2007-02-18,1,168
2007,SCU,STEVENS,2007-08-30,2007-09-09,11,166
2007,BDU,GLEN HELEN  2,2007-10-21,2007-10-22,2,163
2007,STF,NIAGARA,2007-08-09,2007-08-09,4,161
2007,RRU,RIVER,2007-04-28,2007-04-28,14,158
2007,FKU,AUBERRY,2007-08-28,2007-09-03,10,150
2007,SQF,RIVER,2007-08-01,2007-08-01,2,149
2007,NEU,GARDEN,2007-10-07,2007-10-07,2,146
2007,NOD,DANHAUSER,2007-08-30,2007-08-31,14,145
2007,STF,DOME2,2007-08-10,2007-08-10,2,137
2007,MVU,BORDER #25,2007-07-06,2007-07-07,4,136
2007,LNU,SPRUCE,2007-07-15,2007-07-15,11,129
2007,AEU,BAYNE,2007-07-01,2007-07-01,7,125
2007,LNU,ROBINSON,2007-07-28,2007-07-30,7,121
2007,SHU,SILVER,2007-06-17,2007-06-17,2,110
2007,MVU,BORDER #34,2007-09-12,2007-09-16,14,109
2007,BDF,SAND,2007-08-02,2007-08-05,5,108
2007,TCU,SHELLEY,2007-09-15,2007-09-15,2,103
2007,TCU,MURRAY,2007-05-25,2007-05-26,5,102
2007,MNF,SUGARLAOF,2007-08-29,2007-09-11,1,102
2007,TCU,ITALIAN,2007-08-22,2007-08-28,14,102
2007,TCU,SHELL,2007-07-02,2007-07-03,14,101
2007,KNF,CHERRY,2007-08-29,2007-09-08,1,101
2007,BDF,SNOW,2007-08-20,2007-08-21,1,100
2007,MVU,78 #4,2007-07-09,2007-07-10,10,99
2007,SNF,MONO,2007-04-05,2007-05-25,1,98
2007,SLU,GRADE,2007-12-03,2007-12-03,2,97
2007,LAC,SKYLINE,2007-08-21,2007-08-23,14,95
2007,MVU,BANNER,2007-07-01,2007-07-03,14,95
2007,BDF,BUTLER,2007-09-01,2007-09-05,1,87
2007,BDU,DEVORE 2,2007-10-21,2007-10-22,14,86
2007,SNF,ROCK,2007-08-26,2007-09-01,1,85
2007,NEU,JASPER,2007-10-02,2007-10-02,2,85
2007,SRF,JEDIDIAH,2007-07-11,2007-07-14,1,85
2007,PNF,PAST,2007-08-19,2007-08-19,9,84
2007,RRU,POLK,2007-05-10,2007-05-10,14,84
2007,BBD,CANYON,2007-06-23,2007-06-24,9,84
2007,BDF,RAILROAD,2007-05-23,2007-05-23,6,84
2007,NEU,WEST BUTTE,2007-07-27,2007-07-27,14,83
2007,FKU,GATOS,2007-09-02,2007-09-05,1,83
2007,LAC,PEARBLOSSOM,2007-08-13,2007-08-14,14,81
2007,KNF,HUMMINGBIRD,2007-07-10,2007-12-06,1,80
2007,YNP,BALD WF,2007-09-05,2007-09-15,1,78
2007,NEU,EIGHTY,2007-08-22,2007-08-22,2,78
2007,LAC,PEARBLOSSOM,2007-04-12,2007-04-13,14,77
2007,PNF,CLIFTON,2007-05-10,2007-05-11,5,77
2007,MDF,BLACK,2007-07-10,2007-07-10,1,74
2007,FKU,PANOCHE,2007-03-22,2007-03-23,11,73
2007,LMU,WILLOW,2007-07-06,2007-07-17,1,73
2007,MDF,LOOKOUT,2007-06-07,2007-06-07,1,73
2007,NEU,PRAIRIE,2007-06-28,2007-06-28,7,72
2007,NEU,VALLEY,2007-07-06,2007-07-06,7,69
2007,MDF,BACKSCATTER,2007-07-10,2007-07-10,1,68
2007,TCU,GOLDEN,2007-08-16,2007-08-17,10,65
2007,MDF,DOME,2007-07-10,2007-07-15,1,65
2007,LMU,LOOKOUT,2007-10-02,2007-10-03,5,64
2007,NEU,FIDDYMENT,2007-06-01,2007-06-01,8,62
2007,NOD,SCHOTT,2007-01-24,2007-01-24,14,60
2007,STF,BUMMER,2007-07-24,2007-07-25,1,60
2007,LNU,GRADE 2,2007-07-11,2007-07-11,14,59
2007,SHU,YOLLA,2007-04-30,2007-04-30,14,56
2007,MNF,VANN,2007-07-13,2007-07-14,9,55
2007,SLU,POLY / A-4 7,2007-09-10,2007-09-12,14,55
2007,SMP,FOOTHILL,2007-01-22,2007-01-22,14,55
2007,HUU,CHAMBERS,2007-07-27,2007-07-29,7,54
2007,SKU,WEED ,2007-08-06,2007-08-06,4,53
2007,HUU,DRIFTWOOD,2007-10-25,2007-11-05,14,52
2007,INF,BERNASCONI,2007-04-12,2007-04-12,4,50
2007,BEU,PINEY,2007-07-01,2007-07-01,7,49
2007,NEU,MOONEY,2007-08-23,2007-08-23,14,49
2007,LNU,MOUNTAIN,2007-06-24,2007-06-27,14,49
2007,NOD,SPRING,2007-05-19,2007-05-19,14,49
2007,MEU,CLARK,2007-07-28,2007-07-28,10,46
2007,ANF,LAGO,2007-07-01,2007-07-01,2,46
2007,BDF,ROUSE,2007-06-18,2007-06-19,9,46
2007,LNU,PEAK,2007-07-11,2007-07-11,2,46
2007,SLU,ODONOVAN,2007-05-07,2007-05-07,2,45
2007,TNF,CALPINE,2007-06-23,2007-06-28,5,45
2007,FKU,POWER HOUSE,2007-08-18,2007-08-19,10,45
2007,SLU,CAL POLY,2007-06-30,2007-06-30,8,45
2007,ANF,RIDGE,2007-04-06,2007-04-06,1,44
2007,SLU,CUESTA,2007-05-10,2007-05-10,2,44
2007,LAC,SOLEDAD,2007-10-22,2007-10-23,14,44
2007,SHU,WHITMORE 3,2007-10-09,2007-10-09,2,43
2007,RRU,STRAW,2007-12-03,2007-12-03,14,42
2007,LPF,MINE,2007-08-29,2007-08-30,1,40
2007,LAC,MEADOW RIDGE,2007-10-23,2007-10-25,14,39
2007,NEU,WALDO 2,2007-09-07,2007-09-07,7,38
2007,KNF,CLEAR,2007-07-10,2007-08-04,1,37
2007,BEU,SOLEDAD,2007-03-29,2007-03-29,5,37
2007,SMP,MALIBU,2007-01-08,2007-01-08,3,37
2007,LNU,WEST,2007-07-22,2007-07-22,10,36
2007,MNF,BARTLETT 2,2007-09-11,2007-09-11,9,36
2007,LNU,HIGHWAY,2007-05-30,2007-05-30,2,34
2007,BEU,AVENIDA,2007-06-26,2007-06-26,2,33
2007,NEU,SPENCEVILLE,2007-08-15,2007-08-15,14,31
2007,CDD,WRIGHT,2007-10-06,2007-10-06,9,31
2007,KNF,TOM MARTIN,2007-07-10,2007-12-06,1,31
2007,NEU,SIXTY-FIVE 2,2007-09-14,2007-09-14,14,30
2007,SKU,OKLAHOMA,2007-07-12,2007-07-12,1,30
2007,NOD,TWIN,2007-08-31,2007-08-31,1,30
2007,LAC,SESNON,2007-10-21,2007-10-21,14,30
2007,PNF,DAVIS,2007-07-05,2007-07-06,1,30
2007,NEU,SIXTY-FIVE,2007-07-23,2007-07-23,14,29
2007,BDF,CEDAR,2007-08-12,2007-08-12,9,29
2007,KNF,BACK,2007-07-06,2007-07-14,1,28
2007,TNF,MARBLE,2007-10-18,2007-10-20,5,26
2007,SLU,BITTER,2007-05-22,2007-05-22,14,26
2007,LAC,OCTOBER,2007-10-21,2007-10-23,14,25
2007,CLR,CLEAR,2007-06-01,2007-06-02,1,25
2007,SRF,PIONEER,2007-07-11,2007-07-13,1,25
2007,ANF,VEHICLE,2007-08-03,2007-08-03,2,24
2007,BEU,COLORADO,2007-10-08,2007-10-08,15,24
2007,BDF,BLUECUT,2007-07-13,2007-07-13,2,24
2007,BEU,BRYSON,2007-05-12,2007-05-12,2,24
2007,LNU,ARMSTRONG,2007-06-27,2007-06-27,7,24
2007,TNF,LINDSEY,2007-09-09,2007-09-12,4,23
2007,YNP,JACK WFU,2007-10-29,2007-11-07,1,23
2007,MDF,HOWARDS GULCH,2007-04-16,2007-04-17,6,21
2007,KNF,SKY,2007-07-10,2007-07-15,1,21
2007,CDD,BARRETT,2007-09-24,2007-09-24,11,21
2007,NEU,AUBURN,2007-06-23,2007-06-23,7,20
2007,ANF,CAPRA,2007-07-15,2007-07-15,2,20
2007,NEU,CROSBY,2007-05-28,2007-05-28,1,20
2007,ENF,CLOVER 2,2007-08-28,2007-09-26,1,20
2007,SLU,POZO,2007-08-30,2007-08-30,1,19
2007,TMU,WASHOE,2007-08-18,2007-08-18,9,19
2007,KNP,BALDY RIDGE,2007-11-01,2007-12-01,1,19
2007,MDF,TIONESTA,2007-03-07,2007-03-13,4,19
2007,LPF,TORRI,2007-11-08,2007-11-10,9,19
2007,BEU,ROSA,2007-08-30,2007-08-30,1,19
2007,TGU,LYMAN,2007-11-07,2007-11-07,14,18
2007,HUU,BROWN,2007-07-08,2007-07-08,2,18
2007,BEU,OAK,2007-08-24,2007-08-24,2,18
2007,MDF,COYOTE,2007-08-30,2007-08-31,1,18
2007,STF,INGALLS,2007-10-21,2007-10-23,5,18
2007,BDF,ELLIOT,2007-09-01,2007-09-03,1,18
2007,LPF,SKINNER,2007-05-27,2007-05-30,9,18
2007,CNF,HAUSER,2007-06-05,2007-06-05,4,17
2007,VNC,RABBIT HILL,2007-10-21,2007-10-21,14,16
2007,SKU,REYNOLDS,2007-07-27,2007-07-27,2,16
2007,SLU,CUESTA 2,2007-08-19,2007-08-19,2,16
2007,NEU,NADER,2007-07-29,2007-07-29,14,16
2007,NEU,WALDO,2007-06-22,2007-06-22,2,16
2007,SLU,ADELADIA,2007-08-01,2007-08-01,2,16
2007,BBD,SAN BENITO,2007-08-18,2007-08-19,14,16
2007,MDF,HARVEY,2007-07-12,2007-07-15,1,15
2007,NEU,ATHENS,2007-08-02,2007-08-02,10,15
2007,SLU,RYAN,2007-01-15,2007-01-15,5,15
2007,BDF,SHOOTING,2007-06-03,2007-06-03,9,14
2007,NOD,PONDEROSA,2007-09-12,2007-09-19,11,14
2007,NEU,PETERSON,2007-07-06,2007-07-06,7,14
2007,MDF,RATTLESNAKE,2007-07-10,2007-07-15,1,14
2007,SKU,FALL,2007-06-13,2007-06-13,5,14
2007,ANF,LOWE,2007-08-26,2007-08-26,9,14
2007,BDF,DEVORE,2007-08-04,2007-08-04,2,14
2007,NEU,BASELINE,2007-09-24,2007-09-24,14,13
2007,SKU,GIRARD,2007-10-23,2007-10-23,5,13
2007,LNU,SONOMA,2007-08-31,2007-08-31,2,13
2007,NOD,POT HOLE,2007-07-11,2007-07-12,1,13
2007,NEU,WILSON,2007-04-09,2007-04-09,5,13
2007,BDF,RAILDOAD 2,2007-05-24,2007-05-24,6,13
2007,SQF,RICHBAR,2007-10-23,2007-10-23,9,13
2007,STF,JUPITER,2007-10-28,2007-11-02,5,13
2007,YNP,GRANT,2007-07-10,2007-09-20,1,13
2007,TNR,MILLAR,2007-07-06,2007-07-06,14,13
2007,SLU,JOHNSON,2007-08-01,2007-08-01,11,13
2007,KNF,DOGWOOD,2007-08-29,2007-09-04,1,12
2007,HUU,CAPPEL,2007-09-05,2007-09-11,14,12
2007,SLU,RANCH,2007-08-23,2007-08-23,14,12
2007,SLU,MORRO,2007-09-12,2007-09-12,11,12
2007,LNF,CABLE,2007-09-05,2007-09-07,1,12
2007,SNF,SOURCE,2007-08-26,2007-08-28,1,12
2007,RRU,LAGUNA,2007-09-12,2007-09-12,14,12
2007,SNF,DEVIL,2007-08-09,2007-08-10,4,12
2007,INF,SENTINEL,2007-07-05,2007-07-14,1,12
2007,MNF,SLIDES,2007-06-19,2007-06-19,9,11
2007,LPF,RIVER,2007-11-29,2007-11-29,9,11
2007,SHU,HATCHET,2007-08-13,2007-08-14,2,11
2007,NEU,WILSON,2007-04-09,2007-04-09,5,10
2007,NEU,LOMA RICA /  LA PORTE ,2007-08-07,2007-08-07,7,10
2007,CDD,BORDER 26,2007-07-07,2007-07-08,4,10
2007,TNF,GRANITE,2007-07-10,2007-07-21,1,10
2007,RWP,WILLIAMS,2007-09-07,2007-09-09,7,9
2007,SRF,BEAR,2007-07-11,2007-07-12,1,9
2007,SMP,FRANKLIN,2007-04-12,2007-04-12,2,9
2007,SRF,RODGE,2007-06-16,2007-06-17,7,9
2007,SHF,TURN,2007-07-25,2007-07-25,2,8
2007,NOD,CHICK,2007-08-29,2007-08-29,14,8
2007,SHF,CHIPMUNK,2007-08-30,2007-09-02,1,8
2007,ORC,ROSE,2007-04-12,2007-04-12,11,8
2007,SKU,BRAZIE,2007-01-25,2007-01-25,5,5
2007,LAC,GRIFFITH PARK,2007-08-14,2007-08-14,14,4
2007,LNU,LIBERTY,2007-06-15,2007-06-15,4,3
2007,ORC,LAGUNA CANYON,2007-03-08,2007-03-08,3,2
2007,LAC,AGOURA 2,2007-10-07,2007-10-07,7,2
2007,SMP,CREEK,2007-08-01,2007-08-01,9,1
2007,RWP,SCHOOL,2007-09-10,2007-09-11,7,1
2007,AEU,PLACERVILLE,2007-06-18,2007-06-18,14,0
2007,LAC,AGOURA,2007-06-21,2007-06-21,9,0
2007,LAC,KANAN,2007-07-03,2007-07-03,2,0
2007,VNC,ROADSIDE,2007-04-30,2007-04-30,9,0
2007,LAC,TRIUNFO,2007-05-09,2007-05-09,9,0
2007,SMP,ROCKY OAKS,2007-01-16,2007-01-16,9,0
2007,VNC,DEER RIDGE,2007-04-01,2007-04-01,9,0
2007,SMP,TUNNEL,2007-06-18,2007-06-18,9,0
2007,SMP,LAS VIRGENES,2007-06-28,2007-06-28,11,0
2007,LAC,LATIGO,2007-05-23,2007-05-23,2,0
2007,SMP,SANDSTONE,2007-07-22,2007-07-22,10,0
2007,VNC,SMALL HIGHWAY,2007-06-08,2007-06-08,10,0
2007,LAC,FLORES,2007-08-05,2007-08-05,10,0
2007,LAC,LATIGO CANYON,2007-04-26,2007-04-26,9,0
2007,SMP,DEER CREEK,2007-09-07,2007-09-07,10,0
2007,LAC,VIRGENES,2007-11-03,2007-11-03,9,0
2007,SMP,STERLING,2007-12-08,2007-12-08,1,0
2006,LPF,DAY,2006-09-04,2006-10-30,5,161815
2006,SHF,BAKE-OVEN,2006-07-23,2006-11-30,1,65050
2006,BDU,SAWTOOTH COMPLEX,2006-07-09,2006-07-19,1,61767
2006,RRU,ESPERANZA,2006-10-26,2006-10-30,7,40176
2006,SHF,PIGEON,2006-09-02,2006-10-10,9,35093
2006,SCU,CANYON,2006-07-09,2006-08-01,14,34217
2006,BDF,MILLARD,2006-07-09,2006-08-01,1,24218
2006,KNF,HANCOCK,2006-07-24,2006-11-13,1,21866
2006,CNF,HORSE,2006-07-23,2006-07-29,4,16677
2006,MNF,HUNTER,2006-07-24,2006-09-07,1,16234
2006,SRF,SOMES,2006-07-24,2006-10-18,1,15506
2006,LPF,PERKINS,2006-06-19,2006-07-20,1,14922
2006,BEU,RICO,2006-07-22,2006-07-27,1,14509
2006,LNU,ZAM ASSIST,2006-09-22,2006-09-22,14,13968
2006,VNC,SHEKELL,2006-12-03,2006-12-09,14,13618
2006,CNF,SIERRA,2006-02-06,2006-02-22,18,10591
2006,FKU,3 ROCKS,2006-07-22,2006-07-22,1,9434
2006,DVP,CALICO,2006-07-24,2006-08-04,1,9278
2006,TNF,RALSTON,2006-09-05,2006-09-17,9,8421
2006,INF,SAWMILL,2006-09-14,2006-09-23,5,7437
2006,KNF,TITUS,2006-07-23,2006-09-30,1,6075
2006,YNP,FROG,2006-07-21,2006-11-11,1,6029
2006,SCU,MIDWAY,2006-07-11,2006-07-12,11,5540
2006,KNF,RUSH,2006-07-24,2006-08-23,1,4872
2006,MDF,SAGE,2006-07-24,2006-07-28,1,4853
2006,LAC,QUAIL,2006-08-13,2006-08-17,14,4769
2006,SQF,TAMARACK WFU,2006-07-09,2006-12-11,1,4655
2006,NOD,OBSERVATION COMPLEX,2006-06-25,2006-06-30,1,4393
2006,LPF,BALD,2006-07-22,2006-07-30,1,4321
2006,KRN,WESTSIDE,2006-12-07,2006-12-09,10,4025
2006,KNF,UNCLE,2006-07-23,2006-11-13,1,3832
2006,BDU,GOODALE,2006-06-26,2006-06-30,1,3751
2006,SQF,BRODER/BECK WFU,2006-07-26,2006-09-29,1,3492
2006,SHU,JUNCTION,2006-07-29,2006-07-31,14,3129
2006,SHF,HOTLUM,2006-02-24,2006-03-04,5,3023
2006,PNF,BOULDER,2006-06-25,2006-07-12,1,2919
2006,SCU,DEL PUERTO,2006-06-30,2006-07-05,5,2592
2006,BDF,PINNACLES,2006-09-19,2006-09-25,7,2505
2006,LPF,RIDGE,2006-07-22,2006-07-31,1,2417
2006,KRN,COTTONWOOD,2006-08-07,2006-08-10,9,2344
2006,JTP,PUSHWALLA,2006-07-07,2006-07-13,1,2194
2006,BDF,EMERALD,2006-08-29,2006-09-04,9,2131
2006,SQF,MAGGIE,2006-07-09,2006-12-11,1,2097
2006,TNF,BASSETTS,2006-09-19,2006-10-06,9,2097
2006,DVP,BUTTE 2,2006-07-05,2006-07-06,1,2035
2006,TCU,PEDRO,2006-07-03,2006-07-05,9,1997
2006,FKU,ALMAZON,2006-05-03,2006-05-03,2,1926
2006,BBD,BECK,2006-07-11,2006-07-11,9,1668
2006,KNP,ROARING,2006-07-23,2006-12-29,1,1643
2006,LMU,CREEK INCIDENT,2006-07-18,2006-07-18,1,1611
2006,KRN,ANNETTE,2006-08-03,2006-08-03,10,1432
2006,TUU,COYOTE,2006-07-20,2006-07-21,1,1359
2006,SKU,HOY,2006-07-26,2006-08-01,14,1282
2006,MNF,YOLLA BOLLY COMPLEX,2006-06-26,2006-11-27,1,1246
2006,KRN,DEVIL,2006-06-04,2006-06-04,9,1090
2006,LAC,EMPIRE,2006-07-22,2006-07-25,14,1063
2006,MDF,HIGH,2006-06-26,2006-07-15,1,1053
2006,MEU,NOBLE,2006-09-24,2006-09-30,14,1017
2006,MMU,BILLY,2006-05-25,2006-05-25,9,996
2006,BDU,WHISPERING PINES,2006-07-22,2006-08-01,1,990
2006,MNP,TOUGHNUT,2006-07-20,2006-07-28,1,985
2006,BBD,MOCAL,2006-05-29,2006-05-30,9,932
2006,BBD,CUYAMA,2006-10-11,2006-10-11,9,925
2006,SCU,STUHR,2006-05-26,2006-05-26,10,905
2006,SRF,PANTHER,2006-07-24,2006-08-12,1,904
2006,KRN,ENERGY,2006-05-26,2006-05-27,2,779
2006,CDD,GOLF,2006-08-08,2006-08-11,7,774
2006,LPF,SCOTT,2006-07-23,2006-08-01,1,751
2006,LNU,YOLO,2006-09-21,2006-09-22,7,725
2006,JTP,GEO,2006-07-01,2006-07-02,1,704
2006,KRN,ARCO,2006-07-09,2006-07-12,9,698
2006,LAC,CROSS,2006-08-28,2006-08-31,14,664
2006,LMU,CHENEY INCIDENT,2006-06-28,2006-06-29,1,646
2006,KNP,BURNT,2006-07-21,2006-12-29,1,627
2006,CDD,MESQUITE,2006-07-09,2006-07-11,1,584
2006,CDD,MESQUITE 3,2006-09-06,2006-09-08,1,584
2006,MNF,KINGSLEY COMPLEX,2006-07-25,2006-08-09,1,557
2006,MDF,CLEAR LAKE,2006-08-07,2006-08-17,1,554
2006,LNF,LGT #17 (3-5),2006-06-26,2006-06-26,1,537
2006,MDF,BUMP,2006-07-22,2006-08-11,1,523
2006,BDU,EDGEMONT,2006-07-14,2006-07-15,11,520
2006,PNF,HUNGRY,2006-06-25,2006-07-12,1,512
2006,LMU,LGT #22 (3-9),2006-06-26,2006-07-02,1,504
2006,RRU,SUNRISE #2,2006-10-13,2006-10-14,9,500
2006,SHF,LAKIN,2006-07-24,2006-07-29,1,480
2006,DVP,GOLD VALLEY,2006-07-20,2006-07-21,1,480
2006,BDF,PLUNGE,2006-01-23,2006-01-26,4,477
2006,MMU,RAYMOND,2006-07-26,2006-07-26,3,475
2006,MDF,CRYSTAL,2006-06-26,2006-06-27,1,460
2006,YNP,BOUNDARY,2006-08-21,2006-08-30,4,459
2006,BTU,SKYWAY,2006-07-17,2006-07-17,10,453
2006,CDD,KINGSTON 2,2006-07-05,2006-07-10,1,447
2006,SRF,BUCK,2006-07-24,2006-08-16,1,422
2006,BDF,RAMP,2006-07-22,2006-07-23,2,413
2006,BDU,ABERDEEN,2006-06-07,2006-06-09,1,404
2006,KRN,46,2006-08-04,2006-08-04,2,396
2006,MMU,WHITEROCK,2006-10-07,2006-10-07,14,394
2006,NEU,MARYSVILLE,2006-08-16,2006-08-17,9,388
2006,LNU,NAPA,2006-09-22,2006-09-24,11,377
2006,LAC,POPPY,2006-08-25,2006-08-25,14,372
2006,FKU,RIFLE RANGE,2006-06-04,2006-06-04,9,369
2006,PNF,GREASE,2006-07-16,2006-07-31,7,365
2006,BDF,ARRASTRE,2006-06-09,2006-06-13,1,363
2006,TUU,W,2006-06-24,2006-06-24,7,362
2006,JTP,COVINGTON,2006-07-20,2006-07-23,1,352
2006,TUU,STOKES,2006-06-17,2006-06-17,7,348
2006,VNC,SEQUOIA,2006-12-08,2006-12-08,14,345
2006,YNP,MIDDLE T SUPPRESSION,2006-08-24,2006-08-28,1,344
2006,LNU,29,2006-07-17,2006-07-21,10,344
2006,MEU,GEYSERS,2006-07-17,2006-07-17,14,342
2006,MVU,BORDER 16,2006-07-20,2006-07-21,14,317
2006,MVU,OPEN,2006-11-30,2006-12-01,11,308
2006,BBD,MCKITTRICK,2006-12-08,2006-12-09,11,301
2006,BDF,OAK 2,2006-07-22,2006-07-25,1,283
2006,LNU,SPRING,2006-07-08,2006-07-09,10,274
2006,MVU,FELIPE,2006-07-15,2006-07-16,1,269
2006,YNP,KING,2006-07-19,2006-11-11,1,261
2006,BEU,METZ,2006-07-15,2006-07-15,7,249
2006,BEU,ESPINOSA,2006-07-29,2006-07-29,2,246
2006,KNF,CARIBOU COMPLEX WFU,2006-06-28,2006-11-27,1,241
2006,CCD,SAGE,2006-08-06,2006-08-07,1,239
2006,KNF,GOFF,2006-07-23,2006-07-31,1,235
2006,TCU,MILTON,2006-06-27,2006-06-27,10,233
2006,SNF,RUBE,2006-10-10,2006-12-11,1,233
2006,FKU,SMALLY,2006-07-23,2006-07-25,1,228
2006,TCU,MILTON,2006-09-20,2006-09-21,14,228
2006,LNU,SKY VALLEY,2006-06-30,2006-07-01,7,226
2006,SQF,SMITH,2006-06-27,2006-07-06,1,225
2006,RRU,LOOKOUT 2,2006-11-12,2006-11-13,9,220
2006,SHF,LITTLE,2006-07-23,2006-07-30,1,213
2006,ANF,NOWHERE,2006-11-18,2006-11-18,4,213
2006,MDF,LAVA,2006-06-28,2006-07-09,1,210
2006,LMU,HONEY INCIDENT,2006-08-24,2006-08-24,10,209
2006,ANF,WALKER,2006-09-23,2006-09-25,7,209
2006,BDU,CRAFTON,2006-07-21,2006-07-22,7,206
2006,TCU,ORANGE,2006-07-27,2006-07-27,2,199
2006,JTP,BERDOO,2006-07-06,2006-07-06,1,199
2006,LNU,HIGHLAND,2006-07-31,2006-08-01,14,198
2006,TCU,PONTE,2006-06-26,2006-06-26,2,193
2006,LAC,HWY 138 & 300 WEST,2006-07-23,2006-07-23,14,192
2006,LPF,RANCHO 2,2006-08-03,2006-08-03,2,183
2006,STF,SAND FLAT,2006-09-03,2006-09-07,8,177
2006,ANF,CHESEBORO,2006-06-25,2006-06-25,7,170
2006,BBD,49,2006-07-28,2006-07-28,5,168
2006,VNC,SHERWOOD,2006-07-06,2006-07-08,14,167
2006,CLR,WILDLIFE,2006-08-06,2006-08-09,1,158
2006,SBC,HIGHWAY,2006-09-09,2006-09-09,14,151
2006,TCU,JENSON,2006-07-19,2006-07-20,2,150
2006,TCU,TULLOCK,2006-07-04,2006-07-04,2,149
2006,TCU,MORRELL,2006-06-12,2006-06-12,9,148
2006,LAC,HIGHLAND,2006-07-22,2006-07-22,14,145
2006,SHU,SHASTA,2006-07-25,2006-07-30,14,145
2006,CCD,LAVER,2006-07-22,2006-07-23,1,145
2006,KNP,RIDGE,2006-08-07,2006-12-29,1,139
2006,MMU,HWY 49,2006-07-28,2006-07-28,14,132
2006,MDF,MILLER DIV Z,2006-06-26,2006-07-06,1,130
2006,YNP,MIDDLE T WFU,2006-07-21,2006-08-24,1,129
2006,VNC,ROUND MTN,2006-12-03,2006-12-03,14,128
2006,LMU,LGT #25 (2-7),2006-06-27,2006-07-04,1,126
2006,RRU,MOUNTAIN,2006-08-08,2006-08-08,2,125
2006,LNU,MURPHY,2006-07-26,2006-07-26,10,125
2006,LNU,HOMESTAKE 2,2006-06-29,2006-06-29,14,124
2006,CNF,PINE,2006-07-14,2006-07-17,2,122
2006,SKU,PARKS,2006-08-22,2006-08-22,10,122
2006,ANF,PINES,2006-09-19,2006-09-25,4,114
2006,BDF,BLUECUT,2006-09-05,2006-09-07,2,114
2006,LAC,JOHNSON ROAD,2006-07-18,2006-07-18,14,110
2006,SKU,RIDGE,2006-08-06,2006-08-06,1,109
2006,LNU,GRADE,2006-08-10,2006-08-10,14,105
2006,AEU,JACKSON,2006-07-20,2006-07-20,14,104
2006,MVU,CASTLE,2006-06-29,2006-06-30,7,94
2006,TCU,RITTS,2006-06-21,2006-06-21,11,90
2006,TCU,BIEDERMAN,2006-08-02,2006-08-02,2,86
2006,AEU,ORE,2006-07-16,2006-07-16,10,85
2006,INF,GHOST,2006-06-24,2006-06-28,1,82
2006,LNU,RUMSEY,2006-07-30,2006-07-30,7,80
2006,SHF,WHITE,2006-07-23,2006-07-30,1,80
2006,AEU,CAMANCHE,2006-07-10,2006-07-10,15,79
2006,AEU,MULE,2006-09-19,2006-09-19,14,78
2006,RWP,ELK,2006-10-21,2006-10-23,7,72
2006,LNU,ATLAS,2006-10-25,2006-10-26,2,71
2006,MMU,GREELEY,2006-07-20,2006-07-20,11,70
2006,MVU,CAMINO,2006-10-29,2006-10-30,9,68
2006,KNF,MATHEWS,2006-08-23,2006-08-30,1,67
2006,MNP,BLAIR,2006-07-01,2006-07-02,1,66
2006,LNU,WAKEFIELD,2006-06-28,2006-06-28,11,66
2006,SMP,ENCINO,2006-08-26,2006-08-27,14,63
2006,PNF,WOODLEAF,2006-09-10,2006-09-15,16,63
2006,MVU,BORDER 30,2006-12-05,2006-12-06,14,63
2006,KNF,POTTER,2006-07-24,2006-09-30,1,62
2006,DVP,SALINE,2006-07-11,2006-07-13,1,59
2006,LNU,SQUIRREL,2006-07-27,2006-07-27,11,59
2006,LNU,128,2006-07-07,2006-07-07,14,57
2006,LNU,FAIRFIELD,2006-07-04,2006-07-04,9,55
2006,MNP,CIMA,2006-07-24,2006-07-24,1,53
2006,LPF,MC PHERSON,2006-06-19,2006-07-20,1,53
2006,MDF,MILLER DIV W,2006-06-28,2006-07-06,1,53
2006,TCU,HORSESHOE,2006-08-29,2006-08-29,2,53
2006,MDF,SAGEBRUSH,2006-08-07,2006-08-09,1,52
2006,TCU,STINSON,2006-11-16,2006-11-17,5,51
2006,AEU,SKUNK,2006-10-24,2006-10-24,10,51
2006,MDF,PINNACLE,2006-07-22,2006-08-01,1,50
2006,ANF,RUNNING,2006-10-11,2006-10-11,7,49
2006,BBD,BODFISH,2006-08-13,2006-08-13,14,49
2006,BDU,SAND,2006-09-23,2006-09-23,2,48
2006,SQF,DEMOCRAT,2006-07-03,2006-07-04,10,48
2006,MNP,VALLEY VIEW,2006-07-05,2006-07-05,1,48
2006,BEU,WILLOW,2006-07-23,2006-07-23,1,47
2006,MDF,MILLER DIV Y,2006-06-30,2006-07-05,1,46
2006,AEU,51,2006-09-02,2006-09-03,2,43
2006,MVU,67,2006-08-11,2006-08-11,10,43
2006,NEU,ROLLINS,2006-08-19,2006-08-20,8,42
2006,CDD,CAMP 2,2006-09-23,2006-09-25,7,41
2006,LNF,MURKEN,2006-07-23,2006-07-23,7,41
2006,SRF,OLSON,2006-08-16,2006-08-16,2,40
2006,SKU,HUMBUG,2006-07-19,2006-07-21,10,40
2006,TCU,WARNERVILLE,2006-05-15,2006-05-15,2,40
2006,NEU,FORESTHILL,2006-08-20,2006-08-20,14,40
2006,SBC,FIGUEROA,2006-08-25,2006-08-25,14,39
2006,SQF,GIBONNEY,2006-07-19,2006-07-20,1,39
2006,MDF,RED,2006-07-22,2006-08-01,1,38
2006,PNF,FOOT,2006-07-06,2006-07-20,3,36
2006,MNP,GLOBE,2006-07-06,2006-07-07,1,36
2006,LAC,LATIGO,2006-02-08,2006-02-09,10,36
2006,CDD,BONNY,2006-06-01,2006-06-03,14,35
2006,MDF,MILLER DIV X,2006-06-26,2006-07-06,1,35
2006,ANF,DARK,2006-06-17,2006-06-19,9,34
2006,MDF,STEELE,2006-08-06,2006-08-23,1,34
2006,MDF,WILLOW,2006-10-14,2006-10-16,4,34
2006,NOD,KESWICK,2006-09-17,2006-09-26,9,33
2006,HUU,CASTERLIN,2006-08-18,2006-08-20,11,33
2006,SMP,WESTLAKE,2006-07-08,2007-07-09,2,33
2006,PNF,BOULDER COMPLEX,2006-06-25,2006-07-12,1,33
2006,TNF,BOCA RESERVOIR,2006-09-19,2006-09-23,9,33
2006,SRF,CRAWFORD,2006-07-24,2006-08-06,1,33
2006,BBD,FAY,2006-05-18,2006-05-18,9,32
2006,PNF,BUTTES,2006-06-27,2006-06-27,1,30
2006,MVU,ANGEL,2006-02-08,2006-02-12,7,30
2006,SHF,FRIEND,2006-08-18,2006-08-24,9,29
2006,LPF,CANYON,2006-06-25,2006-06-25,1,28
2006,PNF,FITCH,2006-08-13,2006-08-15,1,27
2006,BNP,CRACK WFU,2006-08-05,2006-08-25,1,27
2006,BDF,SPILLWAY,2006-07-07,2006-07-08,9,27
2006,YNP,FALLS,2006-06-28,2006-07-31,1,26
2006,BBD,MULE,2006-09-19,2006-09-20,6,26
2006,BEU,PANOCHE INN,2006-07-23,2006-07-23,1,26
2006,SHF,BASS,2006-08-07,2006-08-13,1,26
2006,CCD,DOYLE,2006-07-15,2006-07-16,1,25
2006,MDF,BLUE 2,2006-07-25,2006-08-04,1,25
2006,STF,STONE,2006-09-24,2006-09-25,7,25
2006,MVU,COTTONWOOD,2006-05-03,2006-05-04,5,24
2006,CDD,KINGSTON 4,2006-07-06,2006-07-08,1,24
2006,LNF,PHILBROOK,2006-08-29,2006-08-30,4,24
2006,KNF,BIG BUCK,2006-07-24,2006-07-26,1,23
2006,KNF,CLEAR,2006-08-07,2006-08-15,1,23
2006,STF,DONNELL,2006-08-30,2006-09-04,2,22
2006,TMU,CATHEDRAL,2006-09-04,2006-09-06,7,22
2006,SHU,HAYFORK,2006-09-22,2006-09-22,7,22
2006,SKU,HUMBUG#3,2006-07-19,2006-07-19,8,22
2006,CDD,JACK,2006-09-24,2006-09-24,9,22
2006,SNF,CLYDE,2006-08-09,2006-12-04,1,21
2006,LNF,SCHRODER,2006-06-24,2006-06-26,1,20
2006,CDD,VALLEY,2006-06-07,2006-06-07,1,20
2006,SKU,BUTTE,2006-08-27,2006-08-27,11,20
2006,ANF,VISTA,2006-06-15,2006-06-15,9,20
2006,MVU,BORDER 15,2006-07-15,2006-07-15,19,19
2006,SHF,FENDER,2006-08-21,2006-08-22,2,19
2006,SQF,BRIGHT,2006-07-23,2006-07-25,1,19
2006,INF,SHOOTING,2006-07-15,2006-07-17,9,18
2006,BDF,SPRINGS,2006-07-18,2006-07-18,7,18
2006,KNF,GRIDER,2006-07-23,2006-07-26,1,17
2006,BEU,LONG VALLEY,2006-07-05,2006-07-05,5,17
2006,PNF,SAGE,2006-06-25,2006-07-03,1,16
2006,PNF,INDIAN,2006-06-25,2006-06-30,1,16
2006,PNF,FLOURNOY,2006-06-27,2006-07-02,1,15
2006,MVU,LILAC,2006-06-19,2006-06-19,9,15
2006,SQF,BROKE,2006-08-17,2006-08-17,9,15
2006,BBD,HUNTER,2006-09-02,2006-09-02,9,14
2006,MDF,YOUNG 1,2006-08-05,2006-08-10,1,14
2006,MNF,SOLDIER,2006-07-24,2006-07-26,1,13
2006,BEU,CLEAR CREEK,2006-12-30,2006-12-30,5,13
2006,SKU,SHEEPY,2006-02-07,2006-02-07,1,12
2006,KNP,POND WFU,2006-10-13,2006-11-08,1,12
2006,KNP,GOLIATH,2006-05-16,2006-07-03,1,11
2006,BBD,FOREST,2006-08-20,2006-08-20,5,11
2006,SHF,DOG,2006-07-24,2006-07-30,1,11
2006,BDF,CRAB,2006-07-16,2006-07-16,1,11
2006,STF,LUMSDEN,2006-08-11,2006-08-12,3,11
2006,BEU,SAN JUAN,2006-08-01,2006-08-01,11,11
2006,MVU,CAMPO,2006-12-02,2006-12-02,14,11
2006,SHU,PIT,2006-05-14,2006-05-14,5,11
2006,BEU,SARGEANTS CYN,2006-07-23,2006-07-23,11,11
2006,MVU,DELUZ,2006-11-06,2006-11-07,14,11
2006,SHF,PARKS2,2006-07-25,2006-07-27,1,10
2006,SQF,CORTEZ,2006-07-21,2006-07-22,1,10
2006,SMP,CHESEBRO,2006-05-24,2006-05-24,2,10
2006,CNP,CRUZ,2006-11-10,2006-11-10,10,10
2006,LNU,NOCE,2006-10-26,2006-10-26,4,10
2006,MVU,PROCTOR,2006-08-06,2006-08-07,14,9
2006,MVU,PALA,2006-08-26,2006-08-26,14,8
2006,SMP,BENEDICT CYN,2006-07-27,2006-07-27,14,7
2006,NEU,PURDON,2006-09-07,2006-09-07,14,7
2006,MVU,GUNN 2,2006-03-05,2006-03-05,9,6
2006,BDF,OAK,2006-07-16,2006-07-16,2,6
2006,MNF,MINNIE,2006-07-25,2006-07-27,1,4
2006,SKU,CREEK,2006-06-26,2006-06-26,8,3
2006,SKU,WEED,2006-05-31,2006-05-31,5,2
2006,MVU,CAMINO,2006-02-09,2006-02-09,14,2
2006,LNU,SAGE,2006-07-27,2006-07-27,14,2
2006,KNP,EAGLE,2006-07-22,2006-07-24,1,1
2006,HUU,RIO,2006-07-17,2006-07-17,8,1
2006,TUU,BROWN,2006-09-06,2006-09-06,7,0
2005,MNP,WILDHORSE,2005-06-22,2005-07-07,1,63771
2005,LAC,TOPANGA,2005-09-28,2005-10-10,14,23396
2005,CDD,CHINA LAKE,2005-07-18,2005-07-24,16,10357
2005,KNP,COMB,2005-07-22,2005-12-01,1,9756
2005,MNP,HACKBERRY,2005-06-22,2005-07-07,1,7157
2005,RRU,WOODHOUSE,2005-10-05,2005-10-07,6,6532
2005,SCU,TESLA,2005-07-19,2005-07-20,7,6440
2005,BDF,BLAISDELL,2005-08-31,2005-08-31,4,5491
2005,MMU,COWPIE,2005-08-01,2005-08-01,9,4983
2005,VNC,SCHOOL INCIDENT,2005-11-18,2005-11-21,11,3892
2005,MVU,BORDER#50,2005-10-05,2005-10-05,9,3862
2005,MNP,KINGSTON,2005-07-22,2005-07-24,1,3334
2005,KNF,WOOLEY,2005-09-20,2005-09-21,1,3224
2005,BDU,PARADISE,2005-06-22,2005-06-25,14,3081
2005,TUU,MILLWOOD,2005-07-07,2005-07-07,14,2901
2005,TGU,36,2005-08-10,2005-08-11,4,2875
2005,LAC,GORMAN,2005-09-03,2005-09-06,14,2515
2005,FKU,FIVE,2005-06-04,2005-06-05,1,2371
2005,TNF,HARDING,2005-08-24,2005-08-27,9,2265
2005,RRU,SOBOBA,2005-06-22,2005-06-24,9,2076
2005,BDU,PIONEER,2005-06-19,2005-06-20,14,1877
2005,TGU,MANTON,2005-08-26,2005-08-29,5,1822
2005,KRN,PINE,2005-09-21,2005-09-21,1,1814
2005,MNF,DEER,2005-08-09,2005-08-18,2,1719
2005,LNP,HORSESHOE,2005-09-09,2005-11-29,1,1526
2005,BEU,JOHNSON,2005-09-04,2005-09-04,2,1383
2005,SQF,CRAG,2005-07-24,2005-10-15,1,1185
2005,LAC,MUNZ,2005-06-27,2005-06-28,7,1183
2005,SQF,NINE,2005-07-09,2005-07-10,9,1149
2005,ORC,YORBA LINDA,2005-07-05,2005-07-08,8,1078
2005,YNP,WAPAMA WFU,2005-09-26,2005-11-04,1,1057
2005,MMU,BAILEY,2005-07-02,2005-07-02,14,1024
2005,RRU,SAN TIMOTEO,2005-09-28,2005-09-28,2,1014
2005,DVP,TOWNES,2005-07-28,2005-07-29,1,1004
2005,LAC,TOVEY,2005-07-05,2005-07-08,14,983
2005,MNP,HALLORAN,2005-08-03,2005-08-03,1,981
2005,MMU,LOS BANOS,2005-09-20,2005-09-20,1,942
2005,KRN,HIGH,2005-07-09,2005-07-10,7,941
2005,BDF,THURMAN,2005-10-05,2005-10-06,10,938
2005,KRN,SPRING,2005-07-08,2005-07-10,10,828
2005,KRN,BLUE,2005-07-26,2005-07-26,14,774
2005,LNU,CLOVER,2005-09-16,2005-09-19,14,771
2005,TUU,RED,2005-07-27,2005-07-28,14,764
2005,KRN,LEHIGH,2005-06-02,2005-06-02,14,764
2005,MMU,LA PALOMA,2005-09-20,2005-09-20,1,751
2005,SKU,LICHENS,2005-09-17,2005-09-18,18,746
2005,MMU,DOS AMIGOS,2005-06-03,2005-06-03,10,746
2005,FKU,APRICOT,2005-05-17,2005-05-18,4,667
2005,DVP,BUTTE VALLEY,2005-07-29,2005-07-30,1,665
2005,KRN,RIDGE,2005-11-27,2005-11-28,7,659
2005,INF,HOGBACK,2005-07-22,2005-08-05,1,655
2005,KRN,CARO,2005-07-03,2005-07-03,3,639
2005,MVU,VOLCAN,2005-09-06,2005-09-09,7,617
2005,MNP,KINGSTON 3,2005-09-11,2005-09-14,1,609
2005,MNP,KINGSTON 2,2005-07-29,2005-08-01,1,590
2005,MMU,QUARTZ,2005-07-25,2005-07-27,14,547
2005,MMU,LAGUNA 2,2005-07-30,2005-07-30,10,545
2005,YNP,LAUEREL WFU,2005-09-26,2005-11-04,1,477
2005,KRN,HWY 65,2005-05-24,2005-05-24,14,450
2005,KRN,SODA,2005-06-04,2005-06-04,2,449
2005,SCU,BRUNS,2005-07-19,2005-07-19,14,445
2005,MMU,HORSESHOE,2005-09-06,2005-09-06,14,439
2005,SHF,BAGLEY,2005-11-07,2005-11-27,1,433
2005,TGU,RANCH,2005-07-25,2005-07-25,4,427
2005,MMU,URROTIA,2005-09-15,2005-09-15,14,420
2005,KRN,CRANE,2005-09-25,2005-09-26,11,412
2005,KRN,AQUEDUCT,2005-08-13,2005-08-13,9,410
2005,SCU,KOOPMAN,2005-07-26,2005-07-26,7,395
2005,LNU,RUMSEY 2,2005-10-12,2005-10-13,9,392
2005,TCU,WENTZEL,2005-08-01,2005-08-01,2,387
2005,LAC,SIERRA,2005-07-13,2005-04-14,8,364
2005,KNP,KERN,2005-10-27,2005-12-03,1,361
2005,KRN,ELK,2005-07-17,2005-07-17,9,358
2005,SCU,AIRPORT_VASCO,2005-06-04,2005-06-05,10,347
2005,MVU,BORDER#44,2005-09-02,2005-09-03,19,340
2005,MMU,SAN LUIS,2005-07-11,2005-07-11,10,332
2005,TGU,FOLEY,2005-08-25,2005-08-25,4,324
2005,SCU,BRAGDON,2005-07-01,2005-07-03,14,311
2005,RRU,ELM,2005-06-02,2005-06-04,14,271
2005,LNU,PLEASURE,2005-09-16,2005-09-17,4,261
2005,MMU,LAGUNA,2005-09-26,2005-09-26,14,260
2005,MVU,BORDER#48,2005-09-30,2005-10-01,19,257
2005,BDU,WARM SPRINGS,2005-04-07,2005-04-07,7,249
2005,CDD,SIERRA,2005-06-30,2005-06-30,1,249
2005,SCU,MEAT_TRUCK,2005-08-27,2005-08-27,10,248
2005,MMU,ENGINEERS,2005-08-29,2005-08-29,2,239
2005,LAC,RANGE,2005-07-19,2005-07-19,7,238
2005,CNF,SKYE,2005-10-06,2005-10-10,19,230
2005,KRN,SHERWOOD,2005-05-27,2005-05-27,14,230
2005,SLU,CRESTON,2005-07-23,2005-07-23,2,230
2005,LNU,HIGHWAY 128,2005-09-13,2005-09-13,14,227
2005,MEU,HIGHWAY,2005-09-15,2005-09-17,10,225
2005,MNP,CLARK,2005-07-20,2005-07-21,1,221
2005,CDD,POPPET,2005-06-16,2005-06-21,18,220
2005,KRN,STATION,2005-07-15,2005-07-15,10,208
2005,MDF,BUCK,2005-08-08,2005-08-10,2,204
2005,SCU,BYRON,2005-06-29,2005-06-29,14,202
2005,BDU,HATCHERY,2005-09-28,2005-09-28,2,200
2005,RRU,BELLA,2005-09-05,2005-09-07,2,198
2005,LNU,GORDON,2005-10-02,2005-10-02,9,193
2005,MMU,152,2005-06-14,2005-06-14,14,193
2005,CDD,SEGS,2005-07-19,2005-07-19,1,191
2005,RRU,INDIAN 2,2005-09-09,2005-09-09,4,188
2005,BEU,LEWIS CREEK,2005-07-24,2005-07-24,11,182
2005,CDD,GRASSHOPPER,2005-06-12,2005-06-12,2,180
2005,LAC,SAN CLEMENTE,2005-07-13,2005-07-13,14,179
2005,SRF,GEARY,2005-09-04,2005-09-08,7,175
2005,SCU,CON ASST 13_DIAMOND,2005-07-06,2005-07-06,7,162
2005,SHU,BROWN,2005-08-23,2005-08-24,14,162
2005,SLU,BLUE,2005-08-05,2005-08-05,2,157
2005,MMU,NOBLE,2005-07-21,2005-07-21,1,155
2005,INF,PINYON,2005-07-22,2005-08-24,1,154
2005,LNU,SPRUCE,2005-08-21,2005-08-21,2,153
2005,MMU,COTTONWOOD,2005-09-01,2005-09-01,10,152
2005,LAC,D,2005-06-27,2005-06-28,14,147
2005,TCU,PG&E #15,2005-11-08,2005-11-08,11,146
2005,SLU,GENESEO,2005-08-18,2005-08-18,14,141
2005,LAC,PALMDALE,2005-07-01,2005-07-01,7,140
2005,TCU,GRUNDER,2005-09-12,2005-09-12,10,136
2005,LAC,QUINN,2005-08-01,2005-08-01,2,135
2005,LAC,OAK,2005-06-25,2005-06-25,2,133
2005,YNP,ECHO WFU,2005-07-21,2005-09-27,1,133
2005,CDD,OPAL,2005-05-29,2005-05-29,14,131
2005,LAC,QUARTZ,2005-07-06,2005-07-06,14,127
2005,CNF,HAUSER,2005-07-14,2005-07-16,4,123
2005,BDU,OAK HILL,2005-05-21,2005-05-21,2,121
2005,YNP,BUENA VISTA WFU,2005-07-21,2005-09-27,1,120
2005,BBD,WELLS,2005-08-27,2005-08-28,1,120
2005,MVU,BORDER#31,2005-07-29,2005-07-31,19,115
2005,MDF,COUGAR,2005-08-05,2005-08-25,9,114
2005,MVU,PROCTOR,2005-07-23,2005-07-23,1,112
2005,NEU,GARDEN,2005-09-24,2005-09-24,10,110
2005,SCU,BNSF,2005-06-13,2005-06-14,6,109
2005,YNP,CRYSTAL WFU,2005-07-21,2005-09-27,1,104
2005,RRU,BOREL,2005-08-27,2005-08-27,2,104
2005,AEU,TWIN,2005-09-26,2005-09-26,10,103
2005,LPF,CHIMINEAS,2005-07-01,2005-07-03,9,100
2005,RRU,ROCK,2005-07-26,2005-07-27,1,99
2005,MEU,FISHER,2005-08-28,2005-08-30,14,98
2005,LNP,PROSPECT PEAK,2005-07-17,2005-09-30,18,97
2005,MMU,MYERS,2005-06-26,2005-06-26,10,91
2005,BDU,RIVER,2005-03-30,2005-03-31,14,86
2005,YNP,HARDEN WFU,2005-09-26,2005-11-04,1,83
2005,MVU,BORDER#33,2005-07-31,2005-07-31,19,81
2005,YNP,BACKDOOR,2005-08-25,2005-08-26,14,81
2005,CDD,BENT,2005-06-22,2005-06-22,1,78
2005,MMU,CONVERSE,2005-09-17,2005-09-17,14,78
2005,SCU,CON ASSIST 11_DOLAN,2005-07-05,2005-07-05,7,77
2005,BBD,MARSHES,2005-07-01,2005-07-01,11,76
2005,CDD,CLAY RIVER,2005-07-08,2005-07-08,1,75
2005,MMU,PRESTON,2005-09-25,2005-09-25,14,75
2005,BBD,GOLDEN,2005-08-05,2005-08-05,2,74
2005,SQF,BRECK,2005-07-29,2005-07-29,9,74
2005,BBD,SIXTH,2005-07-12,2005-07-12,14,73
2005,RRU,WARREN,2005-07-01,2005-07-01,2,72
2005,MNP,BARBER,2005-07-31,2005-07-31,1,71
2005,TCU,BRANDT,2005-06-01,2005-06-01,2,71
2005,SQF,KOA,2005-07-05,2005-07-05,9,70
2005,BDF,BARTON,2005-11-16,2005-07-07,1,69
2005,BBD,EAGLE,2005-08-23,2005-08-24,1,69
2005,BEU,RANCHO SAN CARLOS,2005-08-11,2005-08-11,2,66
2005,MVU,PAUMA,2005-07-05,2005-07-05,14,65
2005,CDD,CECIL 2,2005-06-28,2005-06-28,14,65
2005,SLU,COTTONWOOD,2005-08-02,2005-08-18,10,64
2005,INF,PORTAL,2005-07-21,2005-07-23,1,62
2005,TCU,HWY 4 #3,2005-06-21,2005-06-21,10,62
2005,LNU,RUMSEY,2005-07-03,2005-07-03,9,61
2005,BBD,PENN,2005-06-25,2005-06-25,11,60
2005,MVU,MAGEE,2005-09-28,2005-09-28,14,58
2005,TCU,PG&E #7,2005-06-25,2005-06-25,11,58
2005,CDD,CLIPPER2,2005-07-02,2005-07-02,14,57
2005,BEU,LOWES CYN,2005-06-16,2005-06-16,11,54
2005,SLU,ARROW IC,2005-06-21,2005-06-21,2,54
2005,CDD,HUSKY,2005-06-04,2005-06-05,9,53
2005,LNU,MARKLEY,2005-07-06,2005-07-06,4,52
2005,MMU,810,2005-07-01,2005-07-01,2,52
2005,MVU,CHURCH,2005-07-05,2005-07-05,14,50
2005,BBD,PENO BLANC,2005-08-07,2005-08-07,2,49
2005,MMU,600,2005-06-01,2005-06-01,14,48
2005,CDD,MOJAVE,2005-08-08,2005-08-11,1,48
2005,RRU,HIGHWAY,2005-05-22,2005-05-23,3,48
2005,MMU,DINOSAUR,2005-07-31,2005-07-31,14,45
2005,MVU,BORDER#26,2005-07-19,2005-07-19,8,45
2005,INF,BEACH,2005-07-20,2005-07-20,1,45
2005,RRU,IDYLLWILD,2005-09-04,2005-09-04,14,45
2005,MVU,RINCON#15,2005-09-29,2005-09-29,7,44
2005,MMU,800,2005-06-30,2005-06-30,14,44
2005,MVU,BEAUTY,2005-07-21,2005-07-21,1,43
2005,MMU,ALTMAN,2005-07-31,2005-07-31,2,43
2005,STF,HIGHLAND,2005-09-27,2005-06-11,1,43
2005,SQF,WALKER,2005-08-07,2005-08-07,1,41
2005,CDD,I-40,2005-06-30,2005-06-30,14,40
2005,MVU,RAILROAD,2005-06-11,2005-06-11,6,40
2005,CDD,INTERSTATE,2005-07-02,2005-07-02,1,39
2005,SQF,WISHON,2005-07-27,2005-07-27,9,39
2005,SHU,SHOSHONI,2005-08-24,2005-08-24,5,37
2005,SLU,GILARDI 1,2005-08-19,2005-08-19,2,37
2005,MVU,RIBBONWOOD,2005-06-26,2005-06-26,8,35
2005,CDD,EL MIRAGE,2005-08-27,2005-08-27,1,34
2005,MVU,BORDER#6,2005-05-15,2005-05-15,19,34
2005,INF,MCGEE,2005-07-03,2005-07-13,7,34
2005,SNF,BLACK ROCK,2005-08-09,2005-08-10,9,33
2005,NOD,KESWICK,2005-08-01,2005-08-01,10,32
2005,SLU,DONOVAN,2005-07-24,2005-07-24,10,32
2005,INF,MUDD,2005-09-23,2005-09-23,9,31
2005,PNF,BELL,2005-09-22,2005-09-22,6,30
2005,TNF,FORK,2005-09-22,2005-09-25,4,29
2005,MMU,WRIGHT,2005-06-08,2005-06-08,14,29
2005,MMU,MILLERTON,2005-11-26,2005-11-26,1,29
2005,BEU,MUSTANG,2005-08-09,2005-08-09,5,29
2005,SLU,COTTON C,2005-08-25,2005-08-25,10,28
2005,LPF,FAIRWAY,2005-08-06,2005-08-08,8,26
2005,BEU,VALLEY,2005-09-14,2005-09-14,7,26
2005,ENF,MOUNTAIN,2005-11-19,2005-11-21,5,25
2005,MVU,SPICE,2005-10-13,2005-10-13,14,25
2005,BEU,BRADLEY,2005-05-20,2005-05-20,11,24
2005,LNF,ROCKY,2005-09-16,2005-09-15,9,24
2005,AEU,SERENITY,2005-09-16,2005-09-16,7,23
2005,MMU,RATTLESNAKE,2005-09-26,2005-09-26,1,23
2005,BEU,CREEKSIDE,2005-08-12,2005-08-12,8,23
2005,MMU,BATES,2005-09-26,2005-09-26,1,23
2005,BBD,CREEKSIDE,2005-08-12,2005-08-12,8,23
2005,SNF,DUMP,2005-08-01,2005-08-01,9,22
2005,SQF,NORTH,2005-07-24,2005-09-25,1,21
2005,MVU,BORDER#49,2005-10-05,2005-10-05,19,21
2005,MMU,MYSTERY,2005-05-25,2005-05-25,14,21
2005,MMU,LIGHTNING,2005-09-26,2005-09-26,1,21
2005,AEU,JACKSON,2005-07-26,2005-07-26,10,21
2005,NEU,CROSS,2005-10-14,2005-10-14,2,21
2005,ANF,RINCON,2005-09-05,2005-09-05,10,20
2005,SLU,REST STOP,2005-10-06,2005-10-06,2,20
2005,MMU,BUCKEYE,2005-11-12,2005-11-12,18,20
2005,RRU,INDIAN,2005-05-04,2005-05-04,7,20
2005,BEU,CATTLEMAN,2005-05-27,2005-05-27,9,19
2005,MNP,ROCKLIN L,2005-07-20,2005-07-21,1,19
2005,MMU,BLANCO,2005-08-07,2005-08-07,2,19
2005,MVU,MILLER,2005-07-03,2005-07-03,11,19
2005,RRU,KNOLL,2005-04-20,2005-04-20,2,19
2005,SLU,LAKE,2005-05-14,2005-05-14,2,19
2005,KRN,FAYE,2005-06-23,2005-06-24,14,19
2005,MVU,MISSION,2005-08-01,2005-08-01,14,18
2005,MMU,HENSLEY,2005-06-20,2005-06-20,7,18
2005,INF,GLASS,2005-09-02,2005-09-05,7,18
2005,MVU,BORDER#20,2005-06-29,2005-06-29,19,18
2005,BBD,SANDRIDGE,2005-08-04,2005-08-04,14,18
2005,PNF,NUGGET,2005-03-15,2005-03-16,5,17
2005,SLU,SAN JUAN,2005-08-01,2005-08-01,2,17
2005,CNF,RIDGE,2005-07-31,2005-07-31,1,17
2005,BEU,OLI FIELDS,2005-06-16,2005-06-16,2,16
2005,RRU,FOX,2005-07-01,2005-07-01,8,16
2005,BEU,156,2005-11-19,2005-11-19,11,15
2005,ANF,ALAMOS,2005-09-04,2005-09-04,9,14
2005,BEU,PARKFIELD,2005-05-29,2005-05-29,5,14
2005,VNC,FREEWAY,2005-06-29,2005-06-29,10,14
2005,KNP,KERN,2005-10-27,2005-12-03,1,14
2005,KNP,CABIN,2005-10-24,2005-12-10,1,14
2005,RRU,REDLANDS,2005-05-21,2005-05-21,9,13
2005,AEU,BRADEN,2005-09-30,2005-09-30,1,13
2005,RRU,SLOPE,2005-04-09,2005-04-09,14,12
2005,SCU,UPRR_FIRE8_,2005-07-13,2005-07-13,6,12
2005,CDD,PAINTED HILLS,2005-09-27,2005-09-28,1,12
2005,SLU,GILARDI 2,2005-10-13,2005-10-13,11,12
2005,SHF,TOLLHOUSE,2005-09-08,2005-09-10,1,12
2005,CNF,BARRETT,2005-08-24,2005-08-26,4,12
2005,BBD,CARSON,2005-09-10,2005-09-10,2,12
2005,MEU,MINA,2005-08-26,2005-08-27,14,12
2005,MDF,BSFMU 2,2005-08-05,2005-08-11,1,11
2005,MVU,BORDER#40,2005-08-20,2005-08-20,4,11
2005,INF,ROCK,2005-08-05,2005-08-05,9,11
2005,SQF,RIVER,2005-07-20,2005-07-20,9,11
2005,SLU,HOMESTEAD,2005-08-25,2005-08-25,2,11
2005,MVU,HWY 94,2005-10-30,2005-10-30,10,11
2005,MMU,STUMPFIELD,2005-09-04,2005-09-04,4,11
2005,NOD,IRON,2005-08-27,2005-08-28,14,10
2005,SRF,PILE,2005-11-20,2005-11-21,7,10
2005,MVU,SAND,2005-07-23,2005-07-23,1,10
2005,SLU,LOPEZ,2005-09-06,2005-09-06,2,10
2005,SCU,UPRR_FIRE_,2005-07-13,2005-07-13,6,10
2005,BBD,AERA,2005-08-16,2005-08-16,11,10
2005,BBD,FLUME,2005-07-03,2005-07-03,8,10
2005,CDD,ROUND UP,2005-07-02,2005-07-02,1,9
2005,MMU,MERVEL,2005-07-09,2005-07-09,14,9
2005,CDD,RECHE,2005-06-29,2005-06-29,14,9
2005,SCU,UPRR_FIRE4_,2005-07-13,2005-07-13,6,9
2005,SLU,BISHOP A,2005-10-31,2005-10-31,2,8
2005,MVU,BORDER#7,2005-05-21,2005-05-21,19,8
2005,MVU,MAZZETTI,2005-07-15,2005-07-15,7,8
2005,SCU,UPRR_FIRE5_,2005-07-13,2005-07-13,6,7
2005,NEU,ZIEBRIGHT,2005-11-18,2005-11-19,5,7
2005,LPF,FREDS,2005-10-16,2005-10-18,9,7
2005,MVU,SUMMITT,2005-07-23,2005-07-23,14,6
2005,MVU,RINCON#11,2005-09-12,2005-09-12,7,5
2005,AEU,SAND RIDGE,2005-08-04,2005-08-04,7,5
2005,SCU,UPRR_FIRE3_,2005-07-13,2005-07-13,6,5
2005,SLU,ALMOND,2005-06-30,2005-06-30,2,5
2005,SCU,UPRR_FIRE2_,2005-07-13,2005-07-13,6,4
2005,SLU,BISHOP B,2005-10-31,2005-10-31,2,2
2005,KNP,EAST CREEK,2005-07-30,2005-10-22,1,2
2005,RRU,SANTA,2005-05-18,2005-05-18,9,2
2005,SCU,UPRR_FIRE6,2005-07-13,2005-07-13,6,0
2005,SCU,UPRR_FIRE7_,2005-07-13,2005-07-13,6,0
2005,MVU,BORDER#1,2005-05-04,2005-05-04,19,0
2004,LNU,RUMSEY,2004-10-10,2004-10-17,7,38763
2004,ENF,POWER,2004-10-06,2004-10-21,2,16983
2004,RRU,CERRITO,2004-05-03,2004-05-07,8,16447
2004,LAC,PINE,2004-07-12,2004-07-23,9,16271
2004,SHU,FRENCH,2004-08-14,2004-08-16,14,12675
2004,LNU,GEYSERS,2004-09-03,2004-09-15,2,12244
2004,ANF,CROWN,2004-07-21,2004-07-25,2,11754
2004,SHU,BEAR,2004-08-11,2004-09-05,2,10441
2004,RRU,EAGLE,2004-05-02,2004-05-07,14,8946
2004,MVU,MATAGUAY,2004-07-13,2004-07-15,7,8762
2004,ENF,FREDS,2004-10-13,2004-10-17,2,7557
2004,SBC,GAVIOTA,2004-06-05,2004-06-12,1,7197
2004,LAC,FOOTHILL,2004-07-17,2004-07-25,7,5969
2004,YNP,MEADOW WFU,2004-06-30,2004-07-30,1,5031
2004,SRF,SIMS,2004-07-27,2004-08-15,2,4035
2004,RRU,VERBENIA,2004-07-11,2004-07-16,14,3831
2004,RRU,MELTON,2004-07-17,2004-07-20,1,3693
2004,TCU,COOPER,2004-08-06,2004-08-09,10,3445
2004,LNP,BLUFF,2004-06-28,2004-10-20,1,3414
2004,LMU,STRAYLOR,2004-07-22,2004-07-29,7,3292
2004,BBD,DANA,2004-06-25,2004-07-01,1,3161
2004,SQF,DEEP,2004-08-12,2004-08-17,9,3143
2004,TCU,PATTISON,2004-09-03,2004-09-05,10,2483
2004,RRU,PLEASURE,2004-04-25,2004-04-26,14,2456
2004,SKU,IRONGATE,2004-07-24,2004-07-28,1,2241
2004,BTU,OREGON,2004-08-11,2004-08-15,12,1954
2004,YNP,HETCHY,2004-10-15,2004-10-18,7,1936
2004,RRU,COTTONWOOD,2004-05-12,2004-05-15,3,1819
2004,STF,EARLY,2004-08-09,2004-10-26,9,1724
2004,SJR,PELICAN,2004-07-19,2004-07-28,7,1459
2004,ANF,EAST,2004-08-07,2004-08-11,2,1336
2004,MMU,OLD HWY/MPUD 149,2004-09-12,2004-09-15,7,1334
2004,SCU,KINCAID,2004-08-08,2004-08-15,9,1224
2004,FKU,GATOS,2004-07-11,2004-07-13,11,1144
2004,SBC,CACHUMA,2004-05-03,2004-05-12,1,1115
2004,LNU,CEMENT,2004-09-04,2004-09-04,14,1006
2004,NOD,STONEY,2004-08-13,2004-08-15,1,954
2004,NEU,STEVENS,2004-08-08,2004-08-12,15,934
2004,TCU,MINERAL,2004-08-06,2004-08-14,7,879
2004,SCU,CORRAL_HOLLOW,2004-07-10,2004-07-10,11,875
2004,SQF,CRAG,2004-06-16,2004-07-02,1,870
2004,MVU,BORDER #16,2004-09-13,2004-09-13,9,828
2004,STF,TUOLUMNE,2004-09-12,2004-09-17,9,721
2004,BBD,CAMP,2004-07-22,2004-07-23,6,691
2004,RRU,CITRUS,2004-07-22,2004-07-29,14,682
2004,SCU,HIGHWAY,2004-06-25,2004-06-28,2,624
2004,AEU,SCOTT,2004-04-04,2004-04-04,14,609
2004,SKU,LIGHT #37,2004-07-24,2004-07-25,1,591
2004,MVU,WARNER,2004-07-01,2004-07-01,2,569
2004,PNF,COTTONWOOD,2004-05-04,2004-05-10,5,566
2004,KRN,WEST,2004-06-18,2004-06-19,7,566
2004,TCU,HUNT,2004-08-10,2004-08-12,2,490
2004,SCU,SILVER,2004-07-15,2004-07-18,7,479
2004,NOD,SNAKE,2004-08-13,2004-08-14,1,471
2004,KRN,ROCKY,2004-07-14,2004-07-15,10,466
2004,MMU,BEAR,2004-09-02,2004-09-04,14,456
2004,NOD,BELFAST,2004-08-13,2004-08-16,1,447
2004,NEU,BEALE,2004-06-03,2004-06-03,11,433
2004,MMU,BASALT,2004-05-21,2004-05-21,10,410
2004,RRU,GAFFORD,2004-05-02,2004-05-03,14,406
2004,SNF,SOURCE,2004-06-16,2004-06-22,9,384
2004,ANF,INTERSTATE,2004-06-25,2004-06-26,2,374
2004,NOD,SKEDADDLE,2004-06-22,2004-06-25,1,367
2004,MRN,DOLCINI,2004-09-07,2004-09-09,14,364
2004,RRU,LAKEVIEW,2004-07-13,2004-07-13,14,360
2004,RRU,SCHOOL,2004-05-03,2004-05-03,14,359
2004,ENF,MOKE,2004-06-17,2004-06-22,4,354
2004,NOD,CCD BORDER,2004-08-11,2004-08-15,1,350
2004,BEU,CHUALAR,2004-06-30,2004-06-30,11,343
2004,SBC,JALAMA,2004-07-19,2004-07-19,9,333
2004,KNP,HOTSPRINGS,2004-08-12,2004-10-18,1,331
2004,MEU,CREEK,2004-08-08,2004-08-11,7,323
2004,LNU,MIX,2004-08-18,2004-08-20,7,296
2004,SQF,CHINA,2004-09-11,2004-09-12,9,290
2004,SHF,HAMILTON,2004-04-07,2004-04-13,5,289
2004,HUU,PILOT,2004-10-06,2004-10-08,8,282
2004,LNU,LONG,2004-08-26,2004-08-28,7,271
2004,LAC,MUNZ,2004-09-05,2004-09-06,7,267
2004,SNF,NEHOUSE,2004-09-11,2004-09-15,9,254
2004,TCU,ROSASCO,2004-07-14,2004-07-14,2,244
2004,SCU,SAN_ANTONE,2004-08-12,2004-08-20,2,211
2004,SHF,FLAT,2004-08-06,2004-08-06,9,201
2004,TGU,HAZEN,2004-09-05,2004-09-05,4,196
2004,TCU,PG&E #11,2004-09-03,2004-09-04,11,192
2004,INF,CRATER MOUNTAIN,2004-05-25,2004-06-20,1,189
2004,RRU,MORALES,2004-09-02,2004-09-02,14,184
2004,SKU,DUMP,2004-07-27,2004-07-29,9,181
2004,LNU,GEYSERS,2004-10-12,2004-10-13,7,169
2004,SHF,MILL,2004-09-27,2004-09-29,9,164
2004,LNU,PINE,2004-10-10,2004-10-11,14,162
2004,MMU,GUADELUPE/MPUD 127,2004-08-14,2004-08-14,10,141
2004,BEU,LAGUNA,2004-08-09,2004-08-09,5,134
2004,TNF,MARTIN,2004-11-02,2004-11-02,5,130
2004,SLU,AIRCRAFT,2004-05-01,2004-05-01,2,126
2004,VNC,WENDY INCIDENT,2004-08-24,2004-08-24,10,120
2004,ANF,VISITOR,2004-09-16,2004-09-16,2,120
2004,SHU,ANTLER,2004-09-03,2004-09-03,14,120
2004,SKU,EDGEWOOD,2004-06-23,2004-06-23,5,120
2004,SHU,LAKE,2004-08-14,2004-08-14,7,119
2004,NEU,SCOTT,2004-08-26,2004-08-26,2,119
2004,NOD,LMU DIXIE,2004-07-07,2004-07-09,1,118
2004,SHU,RHONDA,2004-09-02,2004-09-02,14,116
2004,AEU,POWERHOUSE,2004-09-05,2004-09-19,11,113
2004,TCU,BRIGHT,2004-07-16,2004-07-16,10,109
2004,MVU,LOST,2004-08-19,2004-08-19,2,102
2004,MVU,CAMINO,2004-08-06,2004-08-07,2,101
2004,STF,LITTLE,2004-09-17,2004-09-18,2,95
2004,MMU,MASONIC,2004-08-06,2004-08-06,7,93
2004,PNF,STONY,2004-04-27,2004-04-29,5,91
2004,LAC,WAYSIDE,2004-05-03,2004-05-04,9,90
2004,MMU,RD 400,2004-06-19,2004-06-19,2,90
2004,MVU,BORDER #10,2004-07-18,2004-07-18,19,88
2004,SLU,MCMILLAN,2004-07-30,2004-07-30,2,87
2004,TCU,ARMSTRONG,2004-08-06,2004-08-07,7,86
2004,SLU,PILITAS,2004-05-20,2004-05-20,10,85
2004,MMU,WALKER,2004-07-17,2004-07-18,14,84
2004,SLU,NIPOMO,2004-05-05,2004-05-05,14,83
2004,SKU,JUNIPER,2004-06-24,2004-06-28,5,82
2004,TCU,RANKIN,2004-07-11,2004-07-11,2,80
2004,MMU,SPRING/MPUD 133,2004-08-18,2004-08-18,14,79
2004,MMU,JASPER,2004-06-12,2004-06-12,9,79
2004,TCU,HIGHWAY 108 #2,2004-06-16,2004-06-16,10,77
2004,TCU,MELONES #2,2004-08-14,2004-08-14,14,76
2004,LNF,CAL,2004-05-04,2004-05-05,5,73
2004,LNU,VACA,2004-08-18,2004-08-19,10,72
2004,TCU,CREEK,2004-05-07,2004-05-07,5,71
2004,MMU,CREEK,2004-06-13,2004-06-13,7,71
2004,ANF,SPRING,2004-08-09,2004-08-09,2,70
2004,TCU,DOUBLE,2004-05-29,2004-05-29,7,68
2004,MMU,MARIPOSA/MPUD 137,2004-08-20,2004-08-20,14,66
2004,CDD,NORTH MTN,2004-11-08,2004-11-09,2,65
2004,SBC,HWY166,2004-05-30,2004-05-30,10,65
2004,SKU,WINTERS,2004-03-18,2004-03-18,18,63
2004,RRU,FISH,2004-05-07,2004-05-07,14,63
2004,MMU,LOS CERRITOS,2004-05-30,2004-05-30,10,63
2004,SHF,PRICE,2004-06-29,2004-07-01,1,63
2004,TCU,HIGHWAY,2004-07-02,2004-07-02,5,62
2004,MMU,OLIVIA,2004-05-22,2004-05-22,2,60
2004,CDD,SNOW,2004-05-22,2004-05-23,2,60
2004,BBD,SIERRA,2004-05-20,2004-05-20,2,60
2004,MMU,210,2004-04-30,2004-04-30,10,56
2004,SHU,DITCH,2004-05-25,2004-05-25,2,54
2004,MMU,152,2004-05-01,2004-05-01,2,54
2004,MMU,I-5,2004-05-14,2004-05-15,10,54
2004,ORC,IRVINE,2004-06-06,2004-06-09,7,52
2004,KNP,MCCLURE,2004-08-27,2004-10-18,1,52
2004,SHF,MOUNTAIN,2004-11-21,2004-11-24,4,50
2004,TCU,CLARK,2004-05-29,2004-05-29,11,49
2004,BEU,PINECYN,2004-04-10,2004-04-10,11,49
2004,BDF,MINTO,2004-08-14,2004-08-14,1,47
2004,SRF,WILDER,2004-09-05,2004-09-10,9,47
2004,MMU,400,2004-05-11,2004-05-11,7,44
2004,MMU,ROCK/MPUD 98,2004-06-28,2004-06-28,7,43
2004,MMU,RIMS,2004-04-26,2004-04-27,14,43
2004,MMU,132,2004-07-23,2004-07-23,7,42
2004,VNC,KOENIGSTEIN INCIDENT,2004-04-26,2004-04-26,14,40
2004,BDF,MARTIN,2004-07-21,2004-07-23,9,39
2004,MMU,DAM,2004-04-29,2004-04-29,2,38
2004,LNU,SIEBER,2004-07-19,2004-07-20,7,38
2004,SHU,CREEK,2004-06-21,2004-06-21,9,38
2004,ANF,PARADISE,2004-08-28,2004-08-28,9,36
2004,SHU,GAS POINT #1,2004-06-11,2004-06-11,2,35
2004,NEU,FLORISTON,2004-07-09,2004-07-10,14,35
2004,ORC,BLACKSTAR,2004-08-09,2004-08-09,7,35
2004,BBD,GOLD,2004-07-11,2004-07-11,2,34
2004,BBD,UNION,2004-09-12,2004-09-12,2,34
2004,NEU,ANANDA,2004-08-28,2004-08-29,14,34
2004,MMU,BEN HUR,2004-06-26,2004-06-26,15,34
2004,ORC,ORTEGA,2004-06-20,2004-06-23,10,34
2004,MMU,DAMET,2004-04-30,2004-04-30,14,33
2004,NEU,BUTCHER,2004-07-28,2004-07-28,14,31
2004,SHU,PLACER,2004-06-13,2004-06-13,8,31
2004,MVU,LA POSTA,2004-05-06,2004-05-06,14,27
2004,INF,DECHAMBEAU,2004-06-23,2004-06-26,1,27
2004,SHU,COLEMAN,2004-07-18,2004-07-18,9,27
2004,MMU,BUTTS,2004-04-28,2004-04-28,2,27
2004,YNP,SMOKEY WFU,2004-06-27,2004-08-08,1,26
2004,SHU,CASSEL,2004-09-08,2004-09-08,3,26
2004,NOD,TGU BEND,2004-06-25,2004-06-25,9,26
2004,SHU,KESWICK,2004-06-14,2004-06-14,2,26
2004,MVU,SCISSORS,2004-08-13,2004-08-13,1,25
2004,SHF,HYAMPOM,2004-08-14,2004-08-16,7,24
2004,BDF,POD,2004-08-07,2004-08-08,9,24
2004,MVU,HI PASS,2004-09-10,2004-09-10,1,23
2004,MMU,DETENTION,2004-05-07,2004-05-07,14,23
2004,CCD,BORDER 14,2004-08-16,2004-08-16,2,22
2004,MMU,OLD,2004-08-14,2004-08-14,7,21
2004,MVU,BORDER #7,2004-06-16,2004-06-16,19,21
2004,SHU,OAK,2004-07-16,2004-07-16,9,21
2004,BDF,CRANSTON,2004-06-27,2004-06-27,9,20
2004,NEU,PEORIA,2004-07-05,2004-07-05,10,20
2004,SHU,LOCUST,2004-07-17,2004-07-17,7,20
2004,LNU,OCEGUERA,2004-09-11,2004-09-11,14,19
2004,MMU,LA PALOMA,2004-05-03,2004-05-03,9,18
2004,SHU,TIERRA,2004-08-31,2004-08-31,14,18
2004,BEU,RIVER RD,2004-07-03,2004-07-03,10,18
2004,TCU,MELONES #1,2004-08-01,2004-08-01,9,18
2004,ORC,CARBON CANYON,2004-09-25,2004-09-25,7,17
2004,TNF,LOWELL,2004-11-24,2004-11-21,5,16
2004,MMU,ROMERO,2004-07-28,2004-07-28,14,16
2004,MMU,JASPER 2,2004-07-08,2004-07-08,2,16
2004,CNF,SHEEPHEAD,2004-07-06,2004-07-06,9,16
2004,CNF,GREEN,2004-07-24,2004-07-24,2,16
2004,PNF,MISSION,2004-11-19,2004-11-19,5,15
2004,KNF,PERKINS,2004-08-02,2004-08-04,1,15
2004,BBD,COLORADO,2004-08-06,2004-08-13,2,15
2004,MDF,BEND,2004-05-23,2004-05-23,1,15
2004,MDF,HANGING,2004-06-27,2004-06-30,1,14
2004,MDF,BSFMU10,2004-07-25,2004-08-07,1,14
2004,CNF,MORENA,2004-06-05,2004-06-05,2,14
2004,TNF,BAKE,2004-05-23,2004-05-23,1,14
2004,MDF,BUTTE,2004-08-14,2004-08-15,1,14
2004,ANF,ELIZABETH,2004-08-10,2004-08-10,9,14
2004,SKU,LIGHT #82,2004-08-20,2004-08-23,1,13
2004,ANF,FISHER,2004-08-30,2004-08-30,9,13
2004,SHU,GROVER,2004-08-21,2004-08-21,7,12
2004,MMU,152,2004-05-01,2004-05-01,2,12
2004,ORC,SANTIAGO,2004-09-25,2004-09-25,10,12
2004,BBD,PIUTE,2004-07-27,2004-07-27,14,12
2004,SKU,HILT,2004-09-06,2004-09-06,3,12
2004,TCU,MODESTO IRG DISTRICT,2004-07-10,2004-07-10,11,12
2004,ANF,HASLEY,2004-06-16,2004-06-16,7,11
2004,GNP,TAM,2004-05-09,2004-05-18,14,11
2004,MVU,EMERALD,2004-02-13,2004-02-13,2,11
2004,SHU,WILD,2004-07-08,2004-07-08,3,11
2004,PNF,KETTLE,2004-07-28,2004-07-28,2,11
2004,BBD,HUNTER,2004-09-05,2004-09-05,2,11
2004,MMU,FRIANT/PG&E 9,2004-05-06,2004-05-06,2,11
2004,MNP,PIUTE,2004-09-04,2004-09-06,1,10
2004,PNF,RED ROCK,2004-08-12,2004-08-12,1,10
2004,BBD,SCHILLING,2004-07-08,2004-07-08,2,10
2004,MMU,PG&E 11,2004-05-15,2004-05-15,2,9
2004,NOD,SUNFLOWER FLAT,2004-06-28,2004-06-28,14,9
2004,MVU,LUCKY,2004-09-05,2004-09-05,14,9
2004,TCU,DIESTEL,2004-07-22,2004-07-22,2,8
2004,MVU,BANDY,2004-09-06,2004-09-06,8,8
2004,MVU,LAKE MORENA,2004-06-05,2004-06-05,14,8
2004,MVU,COLE GRADE,2004-03-28,2004-03-28,5,8
2004,TCU,KARDAS,2004-04-11,2004-04-11,5,7
2004,KNP,DOG,2004-08-12,2004-10-18,1,7
2004,MVU,ORNALES,2004-05-14,2004-05-14,2,6
2004,MMU,HWY 145,2004-05-15,2004-05-15,14,5
2004,TNF,MITCHELL,2004-11-20,2004-11-20,5,5
2004,KNP,DORST,2004-05-30,2004-06-01,1,5
2004,TCU,LA GRANGE #1,2004-07-16,2004-07-16,10,5
2004,BDF,CARY,2004-05-15,2004-05-15,9,4
2004,ORC,EL MORO,2004-02-11,2004-02-11,11,4
2004,MVU,BORDER #14,2004-08-16,2004-08-16,19,4
2004,SHU,LOCUST,2004-07-25,2004-07-25,7,3
2004,KNF,CANYON,2004-08-01,2004-08-05,1,3
2004,AFV,TOD,2004-08-18,2004-08-18,14,3
2004,ORC,ANTONIO,2004-08-04,2004-08-04,7,2
2004,KNP,FERGUSON,2004-07-07,2004-09-18,1,2
2004,SHU,GAS POINT #3,2004-06-11,2004-06-11,2,2
2004,SHU,VANTAGE,2004-05-29,2004-05-29,7,1
2004,AFV,FIREFIGHTER,2004-06-24,2004-06-24,2,1
2004,MVU,PAUMA,2004-05-25,2004-05-25,14,0
2004,KNP,HOSPITAL,2004-06-27,2004-06-27,10,0
2004,SHU,VALLEY,2004-09-08,2004-09-08,7,0
2004,SHU,LOCUST,2004-09-15,2004-09-15,7,0
2004,AFV,UMBRA,2004-08-17,2004-08-17,14,0
2004,SHU,GAS POINT #2,2004-06-11,2004-06-11,2,0
2004,SHU,GAS POINT #4,2004-06-11,2004-06-11,2,0
2003,CNF,CEDAR,2003-10-25,2003-11-05,2,270686
2003,BDF,OLD,2003-10-25,2003-11-15,7,91428
2003,LPF,PIRU,2003-10-23,2003-10-31,2,63726
2003,CNF,PARADISE,2003-10-26,2003-11-04,7,56545
2003,BDF,GRAND PRIX,2003-10-21,2003-11-14,7,50617
2003,CDD,MINE/OTAY,2003-10-26,2003-10-30,9,44734
2003,CNF,COYOTE,2003-07-16,2003-07-23,1,18704
2003,SCU,ANNIE,2003-08-27,2003-09-18,1,18210
2003,HUU,HONEYDEW,2003-09-04,2003-10-07,1,11794
2003,HUU,CANOE,2003-09-03,2003-10-06,1,11043
2003,ANF,PADUA,2003-10-25,2003-11-03,7,10457
2003,RRU,MOUNTAIN,2003-10-26,2003-11-08,14,10331
2003,MDF,ACKLEY,2003-07-26,2003-07-30,1,9599
2003,LAC,VERDALE,2003-10-24,2003-10-28,16,8474
2003,KNP,WEST KERN,2003-08-21,2003-12-15,1,7971
2003,SCU,BIRD_1,2003-06-01,2003-06-03,2,7876
2003,NOD,SMOKE,2003-07-21,2003-07-28,1,7784
2003,CDD,ROBLAR 2,2003-10-21,2003-10-28,2,6892
2003,MNF,SPANISH,2003-09-27,2003-09-28,4,6049
2003,SCU,DEL_PUERTO_2,2003-07-20,2003-07-25,1,5909
2003,TNF,CHILCOOT,2003-07-20,2003-07-21,1,5641
2003,YNP,KIBBIE CMPLX WFU,2003-07-29,2003-11-07,1,5570
2003,SCU,DEVIL,2003-08-27,2003-09-18,1,5444
2003,SCU,JUMP,2003-08-27,2003-09-18,1,4893
2003,MNF,DEAFY,2003-09-03,2003-09-12,1,4782
2003,INF,SUMMIT,2003-08-25,2003-12-31,1,4761
2003,STF,MUDD,2003-08-31,2003-10-27,1,4336
2003,RRU,CANYON,2003-07-25,2003-07-29,14,4302
2003,SHF,LOMA,2003-09-14,2003-09-22,9,3739
2003,KNP,WILLIAMS,2003-07-28,2003-12-31,1,3472
2003,STF,MOUNTAIN,2003-07-20,2003-12-31,1,2632
2003,INF,DEXTER,2003-09-02,2003-10-13,1,2459
2003,RRU,PASS,2003-10-21,2003-10-25,7,2455
2003,SQF,HOOKER,2003-09-03,2003-11-25,1,2375
2003,SQF,ALBANITA,2003-09-03,2003-11-25,1,2222
2003,LAC,HAUSER,2003-07-24,2003-07-27,11,2038
2003,BBD,COOPRSTOWN,2003-08-26,2003-08-27,14,2010
2003,SQF,COONEY,2003-07-31,2003-12-15,1,1928
2003,RRU,LOCUST,2003-08-18,2003-08-22,14,1898
2003,KRN,GRAPEVINE,2003-07-20,2003-07-20,10,1830
2003,YNP,TUOLUMNE WFU,2003-08-31,2003-11-07,1,1826
2003,YNP,TUOLUMNE WF,2003-08-31,2003-11-07,1,1762
2003,RRU,STAGE,2003-07-04,2003-07-06,2,1570
2003,STF,BOX,2003-07-19,2003-12-31,1,1569
2003,MMU,152,2003-06-16,2003-06-16,9,1507
2003,MNF,HAPPY CAMP,2003-09-03,2003-09-15,1,1482
2003,KNP,PARADISE 2,2003-09-27,2003-12-15,1,1297
2003,NOD,BARBER,2003-07-31,2003-08-04,1,1266
2003,KRN,CALIENTE,2003-06-17,2003-06-17,1,1223
2003,KRN,TEJON,2003-06-30,2003-06-30,2,1198
2003,SLU,PARKHILL,2003-07-20,2003-07-22,10,1196
2003,NOD,SECRET,2003-10-15,2003-10-19,2,1195
2003,BDF,BRIDGE,2003-09-05,2003-09-14,9,1157
2003,MMU,I5,2003-06-30,2003-06-30,18,1120
2003,SLU,CHIMNEY,2003-08-10,2003-08-12,10,1109
2003,LNU,40,2003-09-03,2003-09-03,7,1057
2003,LMU,A-3,2003-07-02,2003-07-04,2,1050
2003,YNP,WHISKEY,2003-07-31,2003-11-07,1,1041
2003,SHU,WHITMORE,2003-10-27,2003-10-28,5,1004
2003,STF,WHIT,2003-08-31,2003-10-27,1,1003
2003,SQF,BASIN,2003-07-23,2003-07-28,9,940
2003,SCU,KINCAID,2003-08-26,2003-09-18,1,917
2003,TNF,CODFISH,2003-08-31,2003-09-10,1,841
2003,BDF,LYTLE,2003-10-01,2003-10-01,14,840
2003,KRN,HILLSIDE,2003-07-15,2003-07-15,2,834
2003,SNF,SNAKE/CARGYLE2,2003-09-03,2003-11-20,1,825
2003,BEU,EUCALYPTUS,2003-07-17,2003-07-18,9,819
2003,LAC,PACIFIC,2003-01-06,2003-01-10,13,805
2003,YNP,KIBBIE CMPLX WF,2003-07-29,2003-11-07,1,790
2003,TCU,LIGHTNING #23,2003-08-26,2003-08-26,2,777
2003,KRN,PUMP,2003-07-07,2003-07-07,2,747
2003,BBD,LUNDY,2003-04-24,2003-04-26,14,739
2003,APF,DEL VENTURI,2003-08-11,2003-08-13,9,705
2003,BEU,NEW IDRIA,2003-05-18,2003-05-19,9,632
2003,SCU,HAMILTON,2003-08-26,2003-09-18,1,631
2003,SCU,DELL_PUERTO_1,2003-05-28,2003-06-02,5,629
2003,TGU,NATURE,2003-06-23,2003-06-23,1,617
2003,BTU,SEVENTY,2003-06-24,2003-06-24,10,608
2003,NOD,SHINN,2003-07-22,2003-07-25,1,594
2003,BBD,SCHALLOCK,2003-06-06,2003-06-06,7,563
2003,MDF,YELLOW,2003-09-05,2003-09-07,1,554
2003,BBD,SAWMILL,2003-06-26,2003-06-29,15,537
2003,MMU,RD_26,2003-06-23,2003-06-23,9,525
2003,MNF,FELKNER,2003-09-03,2003-09-07,1,516
2003,MNF,BOARDMAN,2003-09-03,2003-09-08,1,511
2003,SQF,CHINA,2003-07-30,2003-08-01,1,509
2003,YNP,WOODLOT,2003-07-08,2003-11-07,7,480
2003,MMU,HUNTER,2003-07-03,2003-07-04,2,476
2003,MMU,NORTHFORK,2003-07-08,2003-07-10,2,471
2003,MMU,WHITEROCK,2003-08-26,2003-08-26,1,465
2003,KRN,155,2003-07-11,2003-07-12,7,457
2003,KRN,BACKUS,2003-06-03,2003-06-03,1,443
2003,LNU,CAPAY,2003-06-29,2003-06-29,7,425
2003,TCU,GREIG,2003-07-13,2003-07-13,10,419
2003,TCU,COOPERSTOWN #2,2003-07-12,2003-07-12,2,407
2003,MNF,BEAR,2003-09-03,2003-09-09,1,403
2003,LNU,SITES,2003-09-03,2003-09-04,1,389
2003,SRF,FRIDAY,2003-06-29,2003-07-03,2,388
2003,BBD,MICHAELS,2003-09-15,2003-09-18,14,388
2003,MVU,SYCAMORE,2003-06-17,2003-06-18,2,375
2003,LAC,AQUEDUCT,2003-10-13,2003-10-13,2,356
2003,KRN,MERCURY,2003-07-20,2003-07-20,2,344
2003,TMU,ROYAL,2003-11-17,2003-11-29,5,338
2003,MDF,SAND,2003-11-28,2003-11-29,5,333
2003,ANF,MIDDLE,2003-08-07,2003-08-08,2,329
2003,MDF,TIMBER,2003-09-05,2003-09-09,1,313
2003,TGU,4-2,2003-09-03,2003-09-05,2,304
2003,LAC,LOS ALAMOS,2003-08-23,2003-08-23,16,302
2003,BTU,PALERMO,2003-09-13,2003-09-14,9,298
2003,SCU,PITTSBURG,2003-08-26,2003-08-26,1,298
2003,FKU,PANOCHE,2003-04-30,2003-04-30,5,290
2003,MNF,ANDERSON,2003-09-03,2003-09-03,1,290
2003,NOD,SKEDADDLE,2003-07-23,2003-07-28,1,285
2003,LPF,HAPPY,2003-10-24,2003-10-25,9,285
2003,RWP,TUK,2003-10-26,2003-11-01,18,278
2003,KNP,GIANT,2003-07-29,2003-12-13,1,275
2003,INF,OLANCHA,2003-09-04,2003-09-15,1,271
2003,RRU,BARRANCA,2003-06-30,2003-07-01,14,259
2003,KNF,97,2003-06-29,2003-07-01,5,251
2003,MEU,MOUSE TWO,2003-09-22,2003-09-23,1,246
2003,TUU,ELEPHANT,2003-08-06,2003-08-06,14,243
2003,MNF,TALIAFERRO,2003-09-03,2003-09-19,1,241
2003,SLU,CUESTA,2003-11-28,2003-11-29,10,237
2003,RRU,MATHEWS,2003-08-23,2003-08-24,9,234
2003,MNF,ESTELL CREEK,2003-09-03,2003-09-12,1,221
2003,LMU,DIANE,2003-09-07,2003-09-12,7,220
2003,SBC,ALAMO,2003-07-26,2003-07-26,14,220
2003,AEU,SALT,2003-07-18,2003-07-18,4,216
2003,MNF,BOWMAN,2003-09-03,2003-09-09,1,213
2003,HUU,"10""""",2003-09-03,2003-09-10,1,212
2003,TUU,DINELEY,2003-07-05,2003-07-06,11,205
2003,KNP,HMRS NOS2,2003-09-05,2003-11-17,1,205
2003,TCU,OBYRNES,2003-07-17,2003-07-17,9,204
2003,SHF,RAY,2003-09-04,2003-09-30,1,202
2003,MNF,LOGAN (LEE LOGAN),2003-09-03,2003-09-10,1,200
2003,LNU,BRUSHY,2003-09-03,2003-09-03,1,198
2003,LNU,SACKET,2003-06-30,2003-06-30,2,192
2003,BBD,ROYCE,2003-06-29,2003-07-07,2,187
2003,NOD,RAM,2003-07-20,2003-07-24,1,182
2003,BBD,POINT,2003-07-08,2003-07-08,9,177
2003,SCU,PINE,2003-08-27,2003-09-18,1,175
2003,LAC,GORMAN,2003-09-27,2003-09-27,16,175
2003,SCU,HOOVER,2003-08-04,2003-08-11,1,168
2003,LNU,FOURTY,2003-07-01,2003-07-01,7,167
2003,YNP,SNOW,2003-07-19,2003-11-07,1,166
2003,MEU,RATTLESNAKE,2003-07-29,2003-08-08,7,164
2003,BTU,OREGON,2003-09-10,2003-09-11,6,163
2003,ANF,TEMPLIN,2003-07-07,2003-07-07,2,156
2003,TUU,CASTLE,2003-07-12,2003-07-12,14,156
2003,LAC,DULCE,2003-07-05,2003-07-05,8,151
2003,LNU,MORGAN,2003-08-05,2003-08-05,1,144
2003,LAC,AIRPORT,2003-01-06,2003-01-06,13,142
2003,YNP,STARR LAKE,2003-09-03,2003-11-07,1,142
2003,TCU,HIGHWAY,2003-07-12,2003-07-12,10,142
2003,MNF,ICE,2003-09-03,2003-09-06,1,139
2003,NOD,TURTLE,2003-06-11,2003-06-12,14,137
2003,NOD,VALLEY,2003-07-22,2003-07-24,1,135
2003,FKU,GEORGE,2003-07-11,2003-07-11,9,131
2003,KNF,WHITES,2003-09-03,2003-09-08,1,131
2003,MNF,WEST CROCKETT,2003-09-03,2003-09-09,1,131
2003,AEU,MARSHAL,2003-09-04,2003-09-04,10,126
2003,TCU,ROCK,2003-07-05,2003-07-05,9,126
2003,MNF,HARDIN,2003-09-03,2003-09-09,1,123
2003,RRU,MINE,2003-07-05,2003-07-05,9,114
2003,MEU,LIGHTNING #64,2003-09-03,2003-09-04,1,112
2003,MVU,BORDER#2,2003-08-13,2003-08-13,4,112
2003,LAC,WEST,2003-06-06,2003-06-06,11,110
2003,FKU,LOS GATOS,2003-08-26,2003-08-26,1,107
2003,TCU,SHELLY,2003-06-13,2003-06-13,10,106
2003,RRU,HOLLAND,2003-09-30,2003-09-30,7,106
2003,SCU,BIRD_2,2003-07-30,2003-07-30,1,105
2003,MNF,HORSE (HULL),2003-09-03,2003-09-09,1,102
2003,MEU,BELL,2003-08-18,2003-08-19,7,102
2003,AEU,CUTTER,2003-07-25,2003-07-25,10,102
2003,TCU,HWY26 #2,2003-08-31,2003-09-01,2,101
2003,SCU,MCEWEN,2003-08-12,2003-08-13,2,100
2003,AEU,TONZI,2003-08-18,2003-08-18,10,99
2003,YNP,TAMARACK,2003-07-19,2003-11-07,1,96
2003,HUU,TECTAH,2003-09-04,2003-09-06,1,96
2003,BTU,CENTERVILLE,2003-10-26,2003-10-27,4,91
2003,SCU,STRIKE,2003-07-30,2003-07-30,1,88
2003,TCU,LIGHTNING #28,2003-08-26,2003-08-26,2,87
2003,LNU,CALPINE,2003-10-29,2003-10-30,11,85
2003,NEU,DONNER,2003-10-18,2003-10-23,7,85
2003,SRF,CAMP2,2003-06-28,2003-06-28,7,84
2003,FKU,PANOCHE,2003-08-02,2003-08-02,1,84
2003,TCU,CHUCKWAGON,2003-06-25,2003-06-26,2,82
2003,SHU,WEST,2003-10-24,2003-10-24,3,80
2003,KNP,COFFEEPOT2,2003-09-03,2003-09-20,1,79
2003,LNF,CINDER,2003-09-25,2003-10-03,9,79
2003,VNC,SYCAMORE INCIDENT,2003-03-28,2003-03-28,11,77
2003,MNF,WALKER CABIN,2003-09-03,2003-09-09,1,75
2003,TCU,LIGHTNING #26,2003-08-26,2003-08-26,2,73
2003,MMU,200FIRE,2003-08-26,2003-08-26,1,72
2003,LNU,SILVERADO,2003-10-29,2003-10-30,11,69
2003,ANF,ROWHER,2003-08-17,2003-08-17,2,68
2003,LAC,WILDWOOD,2003-10-21,2003-10-21,3,68
2003,BEU,INDIAN SPRINGS,2003-09-09,2003-09-09,2,67
2003,TCU,PITMAN,2003-08-15,2003-08-15,2,66
2003,NEU,GARDEN,2003-09-01,2003-09-01,1,60
2003,BBD,BACCHI,2003-06-25,2003-06-26,10,60
2003,FKU,JACALITOS,2003-07-29,2003-07-29,2,58
2003,SBC,CAT,2003-10-27,2003-10-27,11,58
2003,STF,MERCED,2003-07-28,2003-08-30,7,57
2003,BEU,ALVARADO,2003-06-11,2003-06-11,11,57
2003,SHU,OLINDA,2003-10-27,2003-10-27,10,56
2003,BBD,MIDWAY,2003-07-30,2003-07-30,1,54
2003,TCU,TURCHET,2003-06-29,2003-07-01,2,52
2003,MVU,DEHESA,2003-06-30,2003-06-30,14,52
2003,NEU,VALLEY,2003-06-25,2003-06-25,5,52
2003,SLU,COLONY,2003-07-16,2003-07-16,11,52
2003,TNF,CORRECO,2003-07-27,2003-07-27,1,51
2003,CDD,MAYWOOD,2003-05-28,2003-05-29,2,50
2003,INF,JUNE,2003-09-30,2003-10-06,9,50
2003,SQF,LITTLE,2003-07-30,2003-07-30,1,49
2003,SHU,RIDGE,2003-08-15,2003-08-16,14,48
2003,TNF,LOYALTON,2003-07-20,2003-07-20,1,46
2003,FKU,SPEARHEAD,2003-06-17,2003-06-17,5,45
2003,SHU,PLATINA,2003-10-26,2003-10-26,14,44
2003,MVU,DUNBAR,2003-08-29,2003-08-29,14,43
2003,TUU,SINGLETON,2003-07-05,2003-07-05,14,42
2003,LNU,LOFTY,2003-06-28,2003-06-28,8,42
2003,MNF,BROCK,2003-09-03,2003-09-08,1,42
2003,MVU,JEWELL,2003-10-28,2003-10-29,4,41
2003,NOD,BRUBECK,2003-07-23,2003-07-24,1,41
2003,KNF,VISTA,2003-07-07,2003-07-10,7,41
2003,SHF,POLLARD,2003-07-06,2003-07-10,9,40
2003,NOD,DODGE,2003-07-24,2003-07-24,1,40
2003,NEU,PINES,2003-09-24,2003-09-25,7,38
2003,MNF,MANZANITA SPRINGS,2003-09-03,2003-09-07,1,37
2003,TCU,SHELL,2003-08-09,2003-08-09,2,37
2003,MVU,BORDER#5,2003-08-17,2003-08-19,4,37
2003,ANF,POST,2003-07-08,2003-07-08,2,37
2003,BEU,OLD STAGE,2003-07-15,2003-07-15,8,36
2003,SHU,BUTTE,2003-08-29,2003-08-29,14,36
2003,YNP,KIBBIE,2003-07-20,2003-11-07,1,35
2003,BBD,SOUTH,2003-08-01,2003-08-02,1,35
2003,LPF,HOPPER,2003-07-05,2003-07-06,2,34
2003,SQF,HALFWAY,2003-07-30,2003-08-01,1,34
2003,SQF,RANCHERIA,2003-07-10,2003-07-11,2,33
2003,MNF,RED ROCK,2003-09-03,2003-09-06,1,33
2003,TCU,CREED,2003-07-31,2003-07-31,9,32
2003,KNP,SLIDE BLUF,2003-08-25,2003-12-31,1,32
2003,MNF,CROCKETT 2,2003-09-03,2003-09-06,1,32
2003,KNP,BUCKEYE,2003-09-04,2003-09-20,1,30
2003,TUU,BENNETT,2003-05-29,2003-05-29,14,30
2003,ANF,ROSCOE,2003-12-18,2003-12-18,9,29
2003,NOD,PETE,2003-07-25,2003-07-28,1,29
2003,SHF,THIMBLEBERRY,2003-09-05,2003-09-06,1,29
2003,MVU,RANGE,2003-07-01,2003-07-01,14,28
2003,LNF,DOW,2003-09-27,2003-09-27,2,28
2003,SQF,BAR,2003-08-08,2003-08-08,9,28
2003,BBD,MAIN,2003-07-08,2003-07-08,14,28
2003,ANF,DEL,2003-09-21,2003-09-21,2,27
2003,FKU,KILLION,2003-08-12,2003-08-12,9,27
2003,NEU,SIERRA,2003-07-09,2003-07-10,10,26
2003,ANF,BRAINARD,2003-10-23,2003-10-23,8,26
2003,SQF,CHICO,2003-06-29,2003-06-30,9,24
2003,KNP,EAST FORK,2003-09-03,2003-11-12,1,24
2003,NOD,SNOWSTORM,2003-09-04,2003-09-04,1,24
2003,FKU,POWERHOUSE,2003-07-24,2003-07-24,8,24
2003,FKU,HIGHOAK,2003-09-24,2003-09-24,14,23
2003,BBD,SPANISH,2003-07-23,2003-07-23,2,23
2003,NOD,HW 36 / ISHI,2003-08-15,2003-08-15,14,23
2003,LPF,CARISSO,2003-07-15,2003-07-16,2,22
2003,LNU,SCOTTS,2003-06-25,2003-06-25,7,22
2003,KNF,WOOLEY,2003-08-02,2003-08-07,1,22
2003,ANF,SHOOTING,2003-08-03,2003-08-03,9,22
2003,MEU,LIGHTNING #81,2003-09-03,2003-09-03,1,22
2003,LAC,SAGE,2003-09-02,2003-09-02,11,21
2003,TCU,MURPHY,2003-07-05,2003-07-05,10,21
2003,MNF,SMOKEHOUSE,2003-09-03,2003-09-06,1,21
2003,STF,BURGSON,2003-07-29,2003-08-26,1,19
2003,MDF,ROCK,2003-09-05,2003-09-07,1,19
2003,NOD,IRON CANYON,2003-09-03,2003-09-03,14,18
2003,LMU,LIGHTNING 55,2003-07-30,2003-07-31,1,18
2003,AFV,LF-02,2003-07-18,2003-07-18,14,18
2003,FKU,WATTS,2003-06-29,2003-06-29,2,17
2003,SRF,SUGAR,2003-09-24,2003-09-26,7,17
2003,BBD,TOOMEY,2003-06-20,2003-08-26,2,17
2003,BBD,HILL,2003-06-10,2003-06-10,2,17
2003,LNF,SIGNAL,2003-07-20,2003-07-20,9,16
2003,SHU,WONDER,2003-10-28,2003-10-28,10,15
2003,HUU,RAINBOW,2003-07-06,2003-07-10,14,15
2003,LPF,CANYON,2003-08-21,2003-08-21,1,15
2003,KNP,COFFEEPOT,2003-07-24,2003-07-27,1,14
2003,SQF,WALSER,2003-10-20,2003-10-20,2,14
2003,TCU,LIGHTNING #24,2003-08-26,2003-08-26,1,14
2003,SHF,CHINA #1,2003-09-05,2003-09-05,1,14
2003,NEU,PARKS,2003-07-07,2003-07-08,14,14
2003,NOD,MINE,2003-08-20,2003-08-21,14,14
2003,TNF,DARK,2003-08-31,2003-09-01,1,13
2003,SHF,GREEN,2003-09-05,2003-09-08,1,13
2003,MNF,BUCK RIDGE,2003-09-03,2003-09-07,1,13
2003,SHU,WILDCAT,2003-10-11,2003-10-11,2,13
2003,ANF,DEL LAGO,2003-09-01,2003-09-01,9,12
2003,TUU,REZZ,2003-07-09,2003-07-09,14,12
2003,TNF,MCCLOUD,2003-11-23,2003-11-26,7,11
2003,TCU,TURNER,2003-06-26,2003-06-26,2,11
2003,MVU,GRADE,2003-07-13,2003-07-13,2,11
2003,SHF,GIRARD,2003-07-23,2003-07-25,1,11
2003,FKU,WATTS,2003-06-16,2003-06-16,7,11
2003,MNF,SHEEP RIDGE,2003-09-03,2003-09-09,1,11
2003,MNF,MIDDLE,2003-09-03,2003-09-08,1,11
2003,KNF,HEAVEN,2003-06-06,2003-06-07,5,11
2003,ENF,NEVADA,2003-07-10,2003-07-10,2,11
2003,MEU,LIGHTNING #13,2003-09-03,2003-09-05,1,10
2003,AFV,GLOBE,2003-07-15,2003-07-15,11,10
2003,ANF,DUMP,2003-01-06,2003-01-06,9,9
2003,INF,MCGEE,2003-09-03,2003-09-03,1,8
2003,MNF,HAVALON,2003-09-03,2003-09-07,1,7
2003,MNF,DOE #2,2003-09-03,2003-09-08,1,6
2003,LNU,KELLY,2003-07-26,2003-07-26,2,5
2003,NOD,STEEP,2003-07-25,2003-07-28,1,5
2003,HUU,JOHNSON,2003-09-04,2003-09-05,10,5
2003,SCU,BUCKEYE,2003-07-30,2003-07-30,1,4
2003,KNP,DENNISON,2003-07-31,2003-09-23,1,4
2003,MNF,CONKLIN,2003-09-03,2003-09-03,1,4
2003,MNF,DOE #3,2003-09-03,2003-09-06,1,3
2003,AFV,UMBRA,2002-02-21,2002-02-21,11,2
2003,MNF,TRIPLETT 2,2003-09-03,2003-09-04,1,2
2003,MNF,MARE,2003-09-03,2003-09-05,1,2
2003,MNF,ERICSON,2003-09-03,2003-09-05,1,1
2003,MNF,TRIPLETT,2003-09-03,2003-09-03,1,1
2003,MNF,CEDAR 3,2003-09-03,2003-09-04,1,1
2003,MNF,STREETER,2003-09-03,2003-09-04,1,0
2003,MNF,GARRETT,2003-09-03,2003-09-04,1,0
2003,MNF,GRAVELLY,2003-09-03,2003-09-04,1,0
2003,TCU,MEDINA,2003-10-18,2003-10-18,14,0
2003,CNP,DEL NORTE,2003-05-25,2003-05-25,4,0
2003,MNF,YOUNG,2003-09-03,2003-09-04,1,0
2003,MNF,DOE #1,2003-09-03,2003-09-03,1,0
2003,MNF,BUCKHORN #2,2003-09-03,2003-09-04,1,0
2002,SIF,BISCUIT,2002-07-13,2002-11-08,1,501082
2002,SQF,MCNALLY,2002-07-21,2002-08-28,4,149475
2002,MVU,PINES,2002-07-29,2002-08-11,11,61691
2002,ANF,WILLIAMS,2002-09-22,2002-10-10,7,38118
2002,TOI,CANNON,2002-06-15,2002-07-16,4,26684
2002,VNC,WOLF,2002-06-01,2002-06-14,9,21641
2002,ANF,CURVE,2002-09-01,2002-09-14,9,20870
2002,LAC,COPPER,2002-06-05,2002-06-12,2,19101
2002,AFV,SUDDEN,2002-06-15,2002-06-15,11,7503
2002,BDF,BLUE CUT,2002-06-16,2002-06-26,7,6821
2002,MVU,GAVILAN,2002-02-10,2002-02-13,5,5663
2002,ANF,LEONA,2002-09-03,2002-09-04,7,4904
2002,NOD,RUSH,2002-07-13,2002-07-17,1,4846
2002,ANF,BOUQUET,2002-05-11,2002-05-13,9,4285
2002,SQF,BOREL,2002-06-15,2002-06-18,9,3417
2002,SKU,MUSSOLINI,2002-07-13,2002-07-20,2,3217
2002,KNF,STANZA,2002-07-22,2002-08-05,1,2820
2002,BDF,ARROWHEAD,2002-05-31,2002-06-07,9,2579
2002,INF,BIRCH,2002-07-01,2002-07-30,1,2549
2002,ORC,GREEN,2002-02-09,2002-02-12,11,2234
2002,BTU,SKYWAY,2002-06-08,2002-06-10,1,2141
2002,SLU,DAVIS,2002-06-09,2002-06-11,14,2117
2002,LNF,CONE,2002-09-26,2002-09-30,2,2007
2002,CNF,MATEO,2002-05-13,2002-05-14,9,1882
2002,YNP,WOLF,2002-07-11,2002-11-09,1,1875
2002,ENF,PLUM,2002-11-12,2002-12-20,5,1762
2002,CNF,TROY,2002-06-19,2002-06-21,4,1557
2002,LNU,SIXTEEN,2002-10-01,2002-10-02,7,1513
2002,NOD,BLACK,2002-07-12,2002-07-16,1,1511
2002,KNP,PALISADE,2002-08-26,2002-11-10,1,1497
2002,ORC,ANTONIO,2002-05-13,2002-05-14,9,1480
2002,LAC,COPCO,2002-06-18,2002-06-20,14,1404
2002,KNF,FORKS,2002-06-09,2002-06-10,5,1388
2002,SLU,HIGHWAY 58,2002-07-18,2002-07-22,14,1285
2002,TUU,STAGE,2002-06-22,2002-06-22,7,1159
2002,CNF,GARNET,2002-07-13,2002-07-17,9,1155
2002,LAC,OASIS,2002-09-14,2002-09-14,7,1151
2002,SCU,VIEUX,2002-06-18,2002-06-18,11,1028
2002,LAC,FREEWAY II,2002-09-01,2002-09-03,7,1028
2002,MEU,PINE,2002-11-25,2002-11-28,5,1024
2002,NEU,FIELD,2002-06-09,2002-06-13,11,936
2002,ORC,EVENING,2002-04-21,2002-04-22,8,892
2002,SRF,SHELLY,2002-07-28,2002-08-02,9,843
2002,AEU,HICKOK,2002-08-31,2002-08-31,7,775
2002,LNU,POPE,2002-08-09,2002-08-12,2,753
2002,LAC,MOUNTAIN,2002-09-09,2002-09-11,14,749
2002,CNF,BOBCAT,2002-08-24,2002-08-24,9,738
2002,TMU,GONDOLA,2002-07-03,2002-07-10,3,642
2002,TCU,"SPI #3 """"SOURGRASS""""",2002-11-25,2002-11-30,5,635
2002,NEU,SIERRA,2002-09-18,2002-09-20,10,594
2002,SHU,SQUIRREL,2002-09-03,2002-09-05,3,578
2002,ENF,HUNTER,2002-11-25,2002-11-25,5,545
2002,ORC,BLUE GUM,2002-11-20,2002-11-21,9,496
2002,MEU,BURNS,2002-09-19,2002-09-21,14,491
2002,SQF,ROCKY,2002-06-02,2002-06-04,9,446
2002,FKU,TIVY,2002-05-09,2002-05-10,11,439
2002,FKU,AERA,2002-06-09,2002-06-09,11,425
2002,SCU,COX,2002-05-18,2002-05-18,14,424
2002,SNF,ROCK CREEK 2,2002-11-25,2002-12-01,5,402
2002,INF,PIUTE,2002-09-24,2002-10-20,9,391
2002,NOD,36,2002-10-01,2002-10-03,9,379
2002,LAC,PLACERITA,2002-07-08,2002-07-08,7,358
2002,TNF,GRANITE II,2002-11-25,2002-11-26,5,355
2002,TUU,LOUIS,2002-07-21,2002-07-21,9,333
2002,AEU,TWIN,2002-06-08,2002-06-08,7,321
2002,ENF,ST. PAULI,2002-07-26,2002-07-30,9,321
2002,LAC,SHANNON,2002-05-23,2002-05-23,14,298
2002,NOD,ANNIE,2002-07-12,2002-07-13,1,292
2002,TMU,SHOWERS,2002-08-19,2002-08-25,9,288
2002,NEU,GARDEN,2002-06-09,2002-06-11,11,284
2002,MVU,BORDER#4,2002-04-13,2002-04-13,4,271
2002,MEU,SHAMROCK,2002-08-20,2002-08-21,2,271
2002,MVU,BORDER#2,2002-02-26,2002-02-26,4,270
2002,TCU,PG&E#1,2002-06-09,2002-06-09,2,266
2002,MMU,COTTONWOOD,2002-07-04,2002-07-05,10,264
2002,CNF,PEAK,2002-08-09,2002-08-11,2,245
2002,MVU,WOODLAND,2002-08-27,2002-08-27,7,244
2002,SBC,ZACA,2002-07-24,2002-07-24,10,220
2002,YNP,RANCH,2002-07-19,2002-11-09,1,219
2002,NEU,BLACK,2002-09-08,2002-09-10,7,215
2002,MVU,MANZANITA#2,2002-06-24,2002-06-24,14,214
2002,SCU,PG&E#4,2002-08-25,2002-08-25,11,200
2002,CNF,INDIAN,2002-03-31,2002-03-31,9,193
2002,LNU,128,2002-09-04,2002-09-05,14,187
2002,BTU,BEAN,2002-11-26,2002-12-01,5,187
2002,KNF,EAGLE,2002-07-25,2002-07-29,9,184
2002,NEU,DAGUERRA POINT,2002-09-20,2002-09-20,7,178
2002,HUU,KELLOGG,2002-04-28,2002-04-29,10,174
2002,AEU,WHITE #2,2002-10-10,2002-10-10,14,169
2002,TCU,WILLOW,2002-09-24,2002-09-24,2,165
2002,LAC,CHERRY,2002-08-25,2002-08-25,14,159
2002,SCU,DEL_PUERTO,2002-05-15,2002-05-15,14,154
2002,TUU,ELDERWOOD,2002-05-16,2002-05-16,6,152
2002,INF,PIPER,2002-07-12,2002-07-15,1,150
2002,SCU,PG&E,2002-06-08,2002-06-08,11,140
2002,AFV,CYPRESS,2002-07-08,2002-07-08,11,137
2002,ANF,ATMORE,2002-03-30,2002-03-31,9,134
2002,ORC,AVERY,2002-06-11,2002-06-11,9,129
2002,KNF,RAINBOW,2002-07-22,2002-07-23,1,126
2002,SHU,CHESTNUT,2002-06-08,2002-06-08,3,119
2002,LAC,RIDGE,2002-06-04,2002-06-04,7,118
2002,CDD,TECOPA,2002-03-05,2002-03-08,9,115
2002,ANF,WILDWOOD,2002-06-20,2002-06-28,2,112
2002,YNP,WILMER,2002-07-14,2002-11-09,1,112
2002,ENF,ELLIS 2,2002-11-15,2002-11-25,5,112
2002,LNU,BEAR,2002-05-18,2002-05-19,18,110
2002,LAC,CAMBRIDGE,2002-10-08,2002-10-08,14,108
2002,SCU,BETHANY,2002-06-01,2002-06-01,11,99
2002,MVU,PALM#1,2002-04-15,2002-04-15,14,94
2002,MEU,TEN MILE,2002-11-28,2002-11-30,5,92
2002,YNP,LIBERTY,2002-10-10,2002-10-25,14,91
2002,MVU,CANYON,2002-06-29,2002-06-29,14,91
2002,NOD,HORSE,2002-07-12,2002-07-15,1,91
2002,ORC,LAGUNA,2002-06-26,2002-06-26,2,83
2002,LAC,QUARRY,2002-09-04,2002-09-04,14,81
2002,AEU,WHITE,2002-07-01,2002-07-01,10,80
2002,TCU,HOWELL,2002-08-17,2002-08-17,10,80
2002,NEU,COLGATE,2002-06-09,2002-06-12,11,79
2002,TUU,GRANITE,2002-05-14,2002-05-14,6,74
2002,CNF,HOLY,2002-01-23,2002-01-27,4,74
2002,ANF,SUSANNA,2002-06-03,2002-06-10,4,73
2002,ENF,MUTTON,2002-11-25,2002-11-25,5,71
2002,TCU,WAVERLY,2002-06-12,2002-06-12,2,71
2002,YNP,DELTOID,2002-07-24,2002-08-05,4,71
2002,TUU,FRITZ,2002-08-13,2002-08-13,7,69
2002,LMU,LIGHTNING #1,2002-04-04,2002-04-04,1,69
2002,AEU,STONY,2002-07-03,2002-07-03,2,67
2002,LAC,BURLWOOD,2002-05-22,2002-05-22,7,66
2002,LAC,FREEWAY I,2002-07-09,2002-07-09,7,64
2002,TCU,MCPHEE,2002-08-09,2002-08-09,2,64
2002,BEU,MERRILL,2002-07-11,2002-07-11,2,63
2002,YNP,OTTOWAY,2002-07-11,2002-11-09,1,62
2002,TMU,KIVA,2002-11-16,2002-11-18,5,62
2002,KNP,SLIDE,2002-08-06,2002-11-10,1,61
2002,FKU,BRENNAN,2002-07-09,2002-07-09,2,60
2002,FKU,HAZLETON,2002-06-24,2002-06-24,2,60
2002,TUU,SUCCESS,2002-06-01,2002-06-01,10,59
2002,NEU,KIBBE,2002-10-29,2002-10-29,6,59
2002,BTU,UNION,2002-11-27,2002-11-30,5,57
2002,SHU,IRON,2002-09-01,2002-09-05,14,55
2002,YNP,LUKENS,2002-07-13,2002-11-09,1,53
2002,TCU,"SPI #4 """"MILL CREEK #1""""",2002-11-25,2002-11-30,5,52
2002,SHU,SILVER,2002-06-10,2002-06-10,4,50
2002,ENF,BEAR 2,2002-11-24,2002-11-25,5,48
2002,PNF,POPLAR,2002-07-30,2002-07-31,2,47
2002,NEU,PONDEROSA,2002-08-18,2002-08-21,7,46
2002,NOD,AMMEN,2002-08-11,2002-08-11,9,42
2002,FKU,VALLEY,2002-06-17,2002-06-17,7,42
2002,FKU,EDMONDSON,2002-08-14,2002-08-14,11,42
2002,TCU,"SPI #5 """"WINTON""""",2002-11-25,2002-11-25,5,38
2002,MDF,MULDOON,2002-07-12,2002-07-29,1,38
2002,YNP,VIRGINIA,2002-07-13,2002-11-09,1,38
2002,AEU,CARSON,2002-11-26,2002-11-26,18,38
2002,TCU,"SPI #12 """"MILL CREEK #2""""",2002-11-25,2002-11-30,5,36
2002,MDF,BSFMU7,2002-07-23,2002-09-30,1,36
2002,TCU,"SPI #6 """"SPUR 4""""",2002-11-27,2002-12-01,5,36
2002,SHU,WENGLER,2002-11-26,2002-11-26,18,36
2002,KNF,SEVEN-MILE,2002-09-07,2002-09-09,9,35
2002,NEU,DREDGE,2002-10-08,2002-10-09,14,34
2002,AEU,49ER,2002-09-09,2002-09-09,7,33
2002,BDF,HARRISON,2002-10-24,2002-10-25,3,32
2002,CDD,HELENDALE,2002-05-09,2002-05-09,9,32
2002,YNP,T-GROVE,2002-10-10,2002-10-10,14,30
2002,SHU,SWASEY,2002-09-22,2002-09-22,14,30
2002,FKU,CAMELBACK,2002-07-08,2002-07-08,14,29
2002,AEU,GREENWOOD,2002-08-06,2002-08-06,7,28
2002,ANF,SANTA ANITA,2002-08-12,2002-08-12,7,27
2002,SQF,POWERHOUSE,2002-07-04,2002-07-12,7,26
2002,ENF,TELLS 3,2002-11-25,2002-11-25,5,25
2002,MDF,DEEP CREEK,2002-07-12,2002-07-14,1,24
2002,SRF,LASSIC,2002-10-16,2002-10-17,9,23
2002,TMU,PIONEER 2,2002-11-07,2002-11-07,9,23
2002,CNF,NATE,2002-02-09,2002-02-09,9,23
2002,ENF,LOON 4,2002-11-25,2002-11-25,5,23
2002,YNP,MORRISON CREEK,2002-07-11,2002-11-09,1,22
2002,MVU,WILDCAT,2002-10-07,2002-10-07,14,22
2002,NOD,MENDIBOURE,2002-09-15,2002-09-15,14,22
2002,ANF,ARTESIAN,2002-06-26,2002-06-26,9,21
2002,ENF,LOON 5,2002-11-25,2002-11-25,5,21
2002,AEU,BUENA,2002-08-15,2002-08-15,14,20
2002,NEU,HALCON,2002-07-25,2002-07-26,2,20
2002,NOD,KNOX,2002-07-14,2002-07-20,14,20
2002,TCU,"SPI #13 """"SKULL""""",2002-11-25,2002-11-30,5,19
2002,SHU,B LINE,2002-11-27,2002-11-27,18,19
2002,ENF,ROBBS,2002-11-25,2002-11-25,5,18
2002,RWP,LOWER GANNS,2002-10-08,2002-11-18,14,18
2002,ENF,BALTIC,2002-11-25,2002-11-25,5,18
2002,FKU,RIFLE,2002-05-04,2002-05-04,9,18
2002,TCU,SPI #14,2002-11-30,2002-11-30,5,18
2002,ENF,TELLS 1,2002-11-25,2002-11-25,5,17
2002,TUU,AUCKLAND,2002-05-31,2002-05-31,2,17
2002,CDD,SANDY,2002-07-01,2002-07-02,9,17
2002,AEU,PUERTO,2002-09-16,2002-09-16,7,17
2002,SRF,GO,2002-09-10,2002-09-10,9,17
2002,AEU,D'AGOSTINI,2002-09-03,2002-09-03,11,16
2002,MDF,BSFMU5,2002-07-22,2002-07-28,1,16
2002,AEU,GREENSTONE,2002-08-11,2002-08-11,10,16
2002,ENF,TELLS 2,2002-11-25,2002-11-25,5,16
2002,FKU,MILL CREEK,2002-11-09,2002-11-09,11,15
2002,MDF,HILL,2002-07-13,2002-07-13,1,15
2002,TUU,BOSWELL,2002-07-11,2002-07-11,2,15
2002,TUU,CHIMNEY,2002-06-07,2002-06-07,6,15
2002,FKU,WARTHAN,2002-07-06,2002-07-06,2,14
2002,STF,RALPH,2002-09-12,2002-09-13,3,13
2002,ENF,COWBOY,2002-04-06,2002-04-08,7,13
2002,FKU,DUNLAP,2002-10-05,2002-10-05,2,13
2002,TNF,VINTON,2002-08-26,2002-08-26,9,12
2002,TUU,CURTIS,2002-07-18,2002-07-18,6,12
2002,ANF,PADUA,2002-04-21,2002-04-21,8,12
2002,TCU,VALLEY,2002-09-24,2002-09-24,14,11
2002,TUU,GLOBE,2002-06-22,2002-06-22,7,11
2002,BDF,COLD,2002-10-13,2002-10-20,9,11
2002,TCU,SPI #9,2002-11-27,2002-12-01,5,11
2002,FKU,TRIMMER,2002-09-21,2002-09-21,2,10
2002,TCU,MANUEL,2002-09-26,2002-09-27,10,9
2002,PNF,FERRIS,2002-06-26,2002-06-27,2,9
2002,FKU,HOKANSON,2002-06-26,2002-06-26,10,9
2002,KNP,CIRCLE,2002-06-01,2002-08-08,1,8
2002,FKU,HARRIS,2002-09-11,2002-09-11,11,8
2002,ANF,BEAR,2002-07-10,2002-07-10,2,7
2002,TCU,CHINOOK,2002-05-29,2002-05-29,2,2
2002,AFV,HAYBAIL,2002-06-07,2002-06-07,14,1
2002,KNP,RIVER,2002-06-30,2002-07-01,7,1
2002,AFV,TREATMENT,2002-02-21,2002-02-21,11,0
2002,AFV,HIGHWAY_246,2002-09-05,2002-09-05,14,0
2002,AFV,TRAILER_PARK,2002-06-26,2002-06-26,14,0
2002,AFV,POWER_PLANT,2002-08-28,2002-08-28,14,0
2002,AFV,NEVADA,2002-09-15,2002-09-15,14,0
2001,MDF,BLUE,2001-08-08,2001-08-21,1,34218
2001,MNF,TROUGH,2001-08-08,2001-08-20,9,24927
2001,ENF,STAR,2001-08-25,2001-09-22,9,16464
2001,TCU,DARBY,2001-09-05,2001-09-24,14,14280
2001,MMU,CREEK,2001-08-18,2001-08-24,7,11095
2001,CNF,VIEJAS,2001-01-03,2001-01-09,3,10438
2001,KNF,SWILLUP II,2001-09-15,2001-10-30,1,8099
2001,INF,CRATER,2001-08-11,2001-08-14,1,5589
2001,MDF,CLEAR,2001-07-26,2001-07-26,1,4318
2001,SQF,HIGHWAY,2001-07-03,2001-09-30,7,4151
2001,SNF,NORTH FORK,2001-08-20,2001-09-03,2,4130
2001,PNF,STREAM,2001-07-25,2001-08-03,1,3526
2001,MDF,BELL,2001-08-08,2001-08-19,1,2977
2001,INF,MCLAUGHLIN,2001-07-02,2001-07-05,1,2714
2001,TNF,GAP,2001-08-12,2001-08-20,4,2447
2001,KNP,BURNT,2001-07-30,2001-12-17,1,2213
2001,LUR,165,2001-06-13,2001-06-14,14,1796
2001,KNF,JONES,2001-05-09,2001-05-15,5,1546
2001,MDF,ROCK,2001-08-08,2001-08-17,1,1313
2001,SHF,HYAMPOM,2001-08-31,2001-09-03,7,1187
2001,BDF,HEMLOCK,2001-06-13,2001-07-16,9,1074
2001,MDF,BSFMU31,2001-08-10,2001-08-18,1,712
2001,SQF,CANYON,2001-06-18,2001-06-20,9,566
2001,SQF,DEMOCRAT,2001-06-23,2001-06-23,9,559
2001,BDF,SHELBY,2001-07-27,2001-07-29,6,531
2001,KNP,TAR,2001-09-04,2001-11-02,1,508
2001,MNF,M-9,2001-05-02,2001-05-03,9,437
2001,TNF,ROCK CREEK,2001-05-10,2001-05-14,5,400
2001,TNF,TREASURE,2001-09-10,2001-09-14,2,280
2001,BDF,CANYON,2001-06-17,2001-06-18,7,262
2001,BTU,LARKIN,2001-10-13,2001-10-14,7,256
2001,MDF,CANYON,2001-08-08,2001-08-09,1,225
2001,SNF,MUSIC,2001-08-17,2001-08-21,12,210
2001,MDF,KELLOGG,2001-08-08,2001-08-17,1,187
2001,STF,WHITE,2001-08-19,2001-08-23,2,184
2001,BDF,BAUTISTA,2001-10-13,2001-10-14,7,181
2001,LPF,SANTA PAULA,2001-09-15,2001-09-15,9,174
2001,MDF,SHIELDS SWWA,2001-08-08,2001-08-10,1,173
2001,BDF,BALDY,2001-06-19,2001-06-19,2,165
2001,MDF,BSFMU17,2001-07-18,2001-09-10,1,145
2001,KNF,CRAWFORD,2001-09-15,2001-09-29,1,143
2001,BDF,DEVILS CANYON,2001-09-23,2001-09-26,9,138
2001,MDF,DEER,2001-08-08,2001-08-16,1,136
2001,BDF,DUNCAN,2001-09-24,2001-09-26,7,126
2001,MDF,BSFMU25,2001-08-24,2001-08-24,1,125
2001,BDF,TRAM,2001-06-17,2001-06-18,7,123
2001,MDF,BSFMU34,2001-08-11,2001-08-26,1,120
2001,SRF,BOTTOM,2001-09-15,2001-09-24,1,101
2001,TNF,BEAR,2001-08-19,2001-08-26,1,90
2001,MDF,FOURMILE,2001-08-08,2001-08-16,1,82
2001,BDF,JACKSON,2001-07-22,2001-07-23,7,78
2001,STF,BEARDSLEY,2001-05-02,2001-05-03,5,78
2001,BDF,MIDWAY,2001-08-22,2001-08-23,9,76
2001,MDF,PARSNIP,2001-08-09,2001-08-16,1,72
2001,LPF,JUNKYARD,2001-10-25,2001-10-29,9,63
2001,SRF,DANCE,2001-09-10,2001-09-11,4,62
2001,STF,PRUITT,2001-07-19,2001-08-27,1,57
2001,TNR,JAMACHA,2001-07-20,2001-07-20,8,39
2001,KNF,REDHILL #2,2001-09-15,2001-09-30,1,36
2001,CNP,FORD POINT,2001-06-26,2001-07-03,4,36
2001,NOD,SHU DERSCH,2001-08-16,2001-08-16,14,36
2001,STF,LION,2001-07-09,2001-07-11,1,30
2001,MDF,BSFMU48,2001-08-10,2001-08-10,1,26
2001,MDF,DOUBLEHEAD,2001-07-10,2001-07-10,1,23
2001,BDF,DRY,2001-09-24,2001-09-24,9,21
2001,MDF,BSFMU27,2001-08-10,2001-08-10,1,17
2001,MDF,FERN,2001-07-14,2001-07-15,1,16
2001,BDF,HORSE,2001-06-17,2001-06-19,4,16
2001,AFV,SLC-4E,2001-10-05,2001-10-05,9,11
2001,STF,HIGHWAY,2001-08-18,2001-08-18,9,10
2001,STF,STAR,2001-01-07,2001-01-08,5,9
2001,NOD,SHU DUNCAN,2001-03-18,2001-03-20,18,9
2001,BDF,SOBOBA #2,2001-08-18,2001-08-18,9,9
2001,KNP,KENNEDY,2001-07-17,2001-12-17,1,9
2001,STF,CLARK,2001-08-07,2001-09-05,1,8
2001,AFV,LF-21,2001-08-31,2001-08-31,11,6
2001,AFV,475,2001-05-23,2001-05-23,11,1
2001,AFV,TRANQUILLION,2001-06-19,2001-06-19,3,0
2000,SQF,MANTER,2000-07-22,2000-09-06,9,79223
2000,PNF,STORRIE,2000-08-17,2000-09-27,6,56076
2000,AFV,HARRIS,2000-09-13,2000-09-15,9,9329
2000,LPF,PLASKETT 2,2000-07-22,2000-08-04,9,5811
2000,DVP,HAPPY,2000-07-22,2000-08-05,5,4907
2000,KNF,BARK,2000-07-21,2000-07-28,9,1719
2000,MNF,CABBAGE,2000-03-25,2000-04-05,4,1358
2000,MNF,TOWN,2000-03-31,2000-04-01,9,1110
2000,LAC,CALABASAS,2000-06-11,2000-06-12,14,1024
2000,SRF,JOURNEY,2000-10-07,2000-10-13,7,1010
2000,AFV,PEACEKEPPER,2000-09-13,2000-09-15,11,978
2000,INF,AZUSA,2000-05-29,2000-06-01,4,700
2000,CNF,LYONS,2000-09-13,2000-09-15,7,495
2000,BTU,LARKIN,2000-06-13,2000-06-14,6,487
2000,ANF,PARADISE,2000-09-14,2000-09-14,9,350
2000,INF,SAWMILL,2000-08-03,2000-08-13,1,321
2000,CNF,HAUSER,2000-07-27,2000-07-29,4,275
2000,CNF,BUCKMAN,2000-07-22,2000-07-23,7,240
2000,SQF,MILLWOOD,2000-09-20,2000-09-22,2,238
2000,STF,ARNOT,2000-06-28,2000-08-02,1,222
2000,ANF,MORGAN,2000-07-07,2000-07-08,8,198
2000,LPF,OAK,2000-06-29,2000-06-30,7,186
2000,MNF,FRANKLIN,2000-04-02,2000-04-04,5,140
2000,LPF,MC KINLEY,2000-06-28,2000-06-28,9,117
2000,ANF,CAMP,2000-07-27,2000-07-28,9,98
2000,TNF,DEADWOOD,2000-08-16,2000-08-17,2,95
2000,SNF,SAVAGES,2000-08-24,2000-08-28,9,81
2000,SQF,SARGENT,2000-07-03,2000-07-03,2,74
2000,SQF,HILLSIDE,2000-06-30,2000-07-01,8,73
2000,SRF,WINDY,2000-07-27,2000-08-01,9,70
2000,KNP,ROADS END,2000-07-29,2000-08-01,7,50
2000,SQF,EDISON,2000-07-30,2000-08-02,9,50
2000,STF,CAMP,2000-01-04,2000-01-11,5,41
2000,LPF,CACHUMA,2000-08-01,2000-08-01,1,40
2000,ANF,ROCK,2000-07-20,2000-07-21,7,39
2000,SNF,POISON,2000-07-28,2000-07-31,9,39
2000,SQF,SALMON,2000-07-03,2000-07-06,9,35
2000,AFV,SPRING,2000-09-17,2000-09-17,9,23
2000,MDF,POINT,2000-08-05,2000-08-06,9,22
2000,NOD,SHU BLANCH,2000-06-17,2000-06-17,11,19
2000,CNF,CORTE,2000-09-19,2000-09-21,2,18
2000,CNF,MAINSTREET,2000-08-20,2000-08-20,9,18
2000,TOI, ,2000-08-02,2000-08-02,1,16
2000,AFV,CAMELIA,2000-06-10,2000-06-10,5,14
2000,MDF,RUSH,2000-07-25,2000-07-25,8,13
2000,CNF,WHITING,2000-06-19,2000-06-19,7,11
2000,GNP,PT BONITA,2000-10-22,2000-11-01,8,11
2000,AFV,MIGUELETO,2000-01-05,2000-01-05,11,8
2000,SQF,LANDERS,2000-09-02,2000-09-03,9,8
2000,ANF,FOOTHILL,2000-07-05,2000-07-05,9,6
2000,KNP,CONIFER,2000-01-01,2000-01-20,18,4
2000,AFV,MINATAUR,2000-07-19,2000-07-19,9,0
2000,AFV,KORINA,2000-07-07,2000-07-07,8,0
2000,AFV,COAST_GUARD,2000-09-11,2000-09-11,11,0
